4.001635e+002,5.390019e-001
4.006456e+002,5.328670e-001
4.011277e+002,5.255886e-001
4.016098e+002,5.157118e-001
4.020919e+002,5.030249e-001
4.025741e+002,4.891808e-001
4.030562e+002,4.767613e-001
4.035383e+002,4.679187e-001
4.040204e+002,4.635395e-001
4.045026e+002,4.630333e-001
4.049847e+002,4.644537e-001
4.054668e+002,4.649472e-001
4.059489e+002,4.618483e-001
4.064311e+002,4.541380e-001
4.069132e+002,4.430649e-001
4.073953e+002,4.311951e-001
4.078774e+002,4.208697e-001
4.083596e+002,4.132653e-001
4.088417e+002,4.082526e-001
4.093238e+002,4.047391e-001
4.098059e+002,4.012933e-001
4.102881e+002,3.969401e-001
4.107702e+002,3.916761e-001
4.112523e+002,3.863400e-001
4.117344e+002,3.820475e-001
4.122166e+002,3.796582e-001
4.126987e+002,3.794926e-001
4.131808e+002,3.812534e-001
4.136629e+002,3.841303e-001
4.141451e+002,3.871417e-001
4.146272e+002,3.895910e-001
4.151093e+002,3.913350e-001
4.155914e+002,3.927054e-001
4.160735e+002,3.942415e-001
4.165557e+002,3.964500e-001
4.170378e+002,3.996561e-001
4.175199e+002,4.039017e-001
4.180021e+002,4.088776e-001
4.184842e+002,4.139785e-001
4.189663e+002,4.185765e-001
4.194484e+002,4.222494e-001
4.199305e+002,4.247229e-001
4.204127e+002,4.257274e-001
4.208948e+002,4.250750e-001
4.213769e+002,4.228836e-001
4.218591e+002,4.197185e-001
4.223412e+002,4.164727e-001
4.228233e+002,4.140199e-001
4.233054e+002,4.128384e-001
4.237876e+002,4.127588e-001
4.242697e+002,4.129847e-001
4.247518e+002,4.124524e-001
4.252339e+002,4.104270e-001
4.257161e+002,4.069797e-001
4.261982e+002,4.029787e-001
4.266803e+002,3.996155e-001
4.271624e+002,3.978683e-001
4.276446e+002,3.981736e-001
4.281267e+002,4.003413e-001
4.286088e+002,4.036540e-001
4.290909e+002,4.071368e-001
4.295731e+002,4.099611e-001
4.300552e+002,4.118101e-001
4.305373e+002,4.129562e-001
4.310194e+002,4.140107e-001
4.315016e+002,4.155235e-001
4.319837e+002,4.176894e-001
4.324658e+002,4.202358e-001
4.329479e+002,4.226919e-001
4.334301e+002,4.245633e-001
4.339122e+002,4.255851e-001
4.343943e+002,4.257524e-001
4.348764e+002,4.251878e-001
4.353586e+002,4.239731e-001
4.358407e+002,4.221042e-001
4.363228e+002,4.195939e-001
4.368049e+002,4.166330e-001
4.372870e+002,4.136454e-001
4.377692e+002,4.111629e-001
4.382513e+002,4.095913e-001
4.387334e+002,4.090336e-001
4.392155e+002,4.092394e-001
4.396977e+002,4.096716e-001
4.401798e+002,4.097044e-001
4.406619e+002,4.089154e-001
4.411440e+002,4.073747e-001
4.416262e+002,4.057023e-001
4.421083e+002,4.047731e-001
4.425904e+002,4.052077e-001
4.430725e+002,4.069643e-001
4.435547e+002,4.092678e-001
4.440368e+002,4.109059e-001
4.445189e+002,4.107713e-001
4.450010e+002,4.083820e-001
4.454832e+002,4.040866e-001
4.459653e+002,3.988483e-001
4.464474e+002,3.938044e-001
4.469295e+002,3.898742e-001
4.474117e+002,3.875459e-001
4.478938e+002,3.868739e-001
4.483759e+002,3.876322e-001
4.488580e+002,3.895512e-001
4.493401e+002,3.925030e-001
4.498223e+002,3.965293e-001
4.503044e+002,4.017155e-001
4.507865e+002,4.079771e-001
4.512686e+002,4.148716e-001
4.517508e+002,4.215398e-001
4.522329e+002,4.269214e-001
4.527150e+002,4.302323e-001
4.531971e+002,4.313875e-001
4.536793e+002,4.309770e-001
4.541614e+002,4.298292e-001
4.546435e+002,4.285224e-001
4.551256e+002,4.271471e-001
4.556078e+002,4.253555e-001
4.560899e+002,4.226294e-001
4.565720e+002,4.187039e-001
4.570541e+002,4.139449e-001
4.575363e+002,4.093673e-001
4.580184e+002,4.061659e-001
4.585005e+002,4.050623e-001
4.589826e+002,4.059632e-001
4.594648e+002,4.081166e-001
4.599469e+002,4.105404e-001
4.604290e+002,4.124457e-001
4.609111e+002,4.134605e-001
4.613933e+002,4.136156e-001
4.618754e+002,4.131762e-001
4.623575e+002,4.124402e-001
4.628396e+002,4.115995e-001
4.633218e+002,4.106965e-001
4.638039e+002,4.098107e-001
4.642860e+002,4.090628e-001
4.647681e+002,4.086788e-001
4.652503e+002,4.089104e-001
4.657324e+002,4.098868e-001
4.662145e+002,4.114745e-001
4.666967e+002,4.132206e-001
4.671788e+002,4.144504e-001
4.676609e+002,4.145342e-001
4.681430e+002,4.132205e-001
4.686251e+002,4.107949e-001
4.691073e+002,4.079485e-001
4.695894e+002,4.054806e-001
4.700715e+002,4.040438e-001
4.705536e+002,4.040334e-001
4.710358e+002,4.055965e-001
4.715179e+002,4.086907e-001
4.720000e+002,4.131604e-001
4.724821e+002,4.187897e-001
4.729643e+002,4.252984e-001
4.734464e+002,4.322726e-001
4.739285e+002,4.391036e-001
4.744106e+002,4.450010e-001
4.748928e+002,4.491319e-001
4.753749e+002,4.508620e-001
4.758570e+002,4.499990e-001
4.763391e+002,4.469192e-001
4.768213e+002,4.424712e-001
4.773034e+002,4.377013e-001
4.777855e+002,4.335233e-001
4.782676e+002,4.304858e-001
4.787498e+002,4.287194e-001
4.792319e+002,4.280719e-001
4.797140e+002,4.283459e-001
4.801961e+002,4.295067e-001
4.806783e+002,4.317445e-001
4.811604e+002,4.353696e-001
4.816425e+002,4.406046e-001
4.821246e+002,4.473687e-001
4.826068e+002,4.551596e-001
4.830889e+002,4.631272e-001
4.835710e+002,4.703661e-001
4.840531e+002,4.763094e-001
4.845352e+002,4.809667e-001
4.850174e+002,4.848772e-001
4.854995e+002,4.888220e-001
4.859816e+002,4.935121e-001
4.864637e+002,4.994004e-001
4.869459e+002,5.066567e-001
4.874280e+002,5.152650e-001
4.879101e+002,5.251539e-001
4.883922e+002,5.362583e-001
4.888744e+002,5.484905e-001
4.893565e+002,5.616315e-001
4.898386e+002,5.752521e-001
4.903207e+002,5.887402e-001
4.908029e+002,6.014947e-001
4.912850e+002,6.132008e-001
4.917671e+002,6.239904e-001
4.922492e+002,6.343126e-001
4.927314e+002,6.445681e-001
4.932135e+002,6.547359e-001
4.936956e+002,6.642588e-001
4.941777e+002,6.722754e-001
4.946599e+002,6.781586e-001
4.951420e+002,6.819405e-001
4.956241e+002,6.844077e-001
4.961062e+002,6.867173e-001
4.965883e+002,6.897976e-001
4.970705e+002,6.938499e-001
4.975526e+002,6.982043e-001
4.980347e+002,7.016105e-001
4.985168e+002,7.028598e-001
4.989990e+002,7.014292e-001
4.994811e+002,6.977467e-001
4.999632e+002,6.929205e-001
5.004454e+002,6.881742e-001
5.009275e+002,6.843174e-001
5.014096e+002,6.815187e-001
5.018917e+002,6.794804e-001
5.023738e+002,6.779332e-001
5.028560e+002,6.771501e-001
5.033381e+002,6.780749e-001
5.038202e+002,6.819939e-001
5.043024e+002,6.900430e-001
5.047845e+002,7.028298e-001
5.052666e+002,7.202387e-001
5.057487e+002,7.414097e-001
5.062308e+002,7.649711e-001
5.067130e+002,7.895995e-001
5.071951e+002,8.147556e-001
5.076772e+002,8.410814e-001
5.081594e+002,8.701140e-001
5.086415e+002,9.034473e-001
5.091236e+002,9.418394e-001
5.096057e+002,9.846572e-001
5.100878e+002,1.029905e+000
5.105700e+002,1.074933e+000
5.110521e+002,1.117640e+000
5.115342e+002,1.157396e+000
5.120164e+002,1.194912e+000
5.124985e+002,1.230932e+000
5.129806e+002,1.264672e+000
5.134627e+002,1.293057e+000
5.139448e+002,1.311607e+000
5.144269e+002,1.316844e+000
5.149091e+002,1.308572e+000
5.153912e+002,1.289817e+000
5.158734e+002,1.264527e+000
5.163555e+002,1.235175e+000
5.168376e+002,1.202075e+000
5.173197e+002,1.164500e+000
5.178018e+002,1.122489e+000
5.182839e+002,1.077839e+000
5.187661e+002,1.033481e+000
5.192482e+002,9.920238e-001
5.197303e+002,9.547257e-001
5.202125e+002,9.213542e-001
5.206946e+002,8.907319e-001
5.211767e+002,8.615437e-001
5.216588e+002,8.330281e-001
5.221410e+002,8.052468e-001
5.226231e+002,7.788678e-001
5.231052e+002,7.546625e-001
5.235873e+002,7.330644e-001
5.240695e+002,7.139624e-001
5.245516e+002,6.967616e-001
5.250337e+002,6.806522e-001
5.255158e+002,6.649948e-001
5.259979e+002,6.496089e-001
5.264801e+002,6.347793e-001
5.269622e+002,6.209549e-001
5.274443e+002,6.083751e-001
5.279265e+002,5.968815e-001
5.284086e+002,5.859764e-001
5.288907e+002,5.750438e-001
5.293728e+002,5.636048e-001
5.298550e+002,5.514988e-001
5.303371e+002,5.389088e-001
5.308192e+002,5.262302e-001
5.313013e+002,5.138724e-001
5.317834e+002,5.021080e-001
5.322656e+002,4.910358e-001
5.327477e+002,4.806479e-001
5.332299e+002,4.709238e-001
5.337119e+002,4.618919e-001
5.341941e+002,4.536186e-001
5.346762e+002,4.461460e-001
5.351583e+002,4.394351e-001
5.356404e+002,4.333543e-001
5.361226e+002,4.277333e-001
5.366047e+002,4.224541e-001
5.370868e+002,4.175302e-001
5.375690e+002,4.131228e-001
5.380511e+002,4.094831e-001
5.385332e+002,4.068460e-001
5.390153e+002,4.053363e-001
5.394974e+002,4.049285e-001
5.399796e+002,4.054690e-001
5.404617e+002,4.067413e-001
5.409438e+002,4.085431e-001
5.414260e+002,4.107369e-001
5.419081e+002,4.132453e-001
5.423902e+002,4.159973e-001
5.428723e+002,4.188545e-001
5.433544e+002,4.215673e-001
5.438365e+002,4.237977e-001
5.443187e+002,4.252140e-001
5.448008e+002,4.256355e-001
5.452830e+002,4.251515e-001
5.457651e+002,4.241378e-001
5.462472e+002,4.231423e-001
5.467293e+002,4.226958e-001
5.472114e+002,4.231426e-001
5.476935e+002,4.245597e-001
5.481757e+002,4.267807e-001
5.486578e+002,4.294901e-001
5.491400e+002,4.323508e-001
5.496221e+002,4.351068e-001
5.501042e+002,4.376310e-001
5.505863e+002,4.399047e-001
5.510684e+002,4.419680e-001
5.515505e+002,4.438741e-001
5.520327e+002,4.456733e-001
5.525148e+002,4.474188e-001
5.529969e+002,4.491682e-001
5.534791e+002,4.509590e-001
5.539612e+002,4.527529e-001
5.544433e+002,4.543884e-001
5.549254e+002,4.555740e-001
5.554075e+002,4.559536e-001
5.558896e+002,4.552399e-001
5.563718e+002,4.533574e-001
5.568539e+002,4.505256e-001
5.573361e+002,4.472192e-001
5.578182e+002,4.440209e-001
5.583003e+002,4.414410e-001
5.587824e+002,4.397786e-001
5.592645e+002,4.390694e-001
5.597467e+002,4.391237e-001
5.602288e+002,4.396253e-001
5.607109e+002,4.402510e-001
5.611931e+002,4.407554e-001
5.616752e+002,4.409924e-001
5.621573e+002,4.408847e-001
5.626394e+002,4.403818e-001
5.631216e+002,4.394453e-001
5.636036e+002,4.380787e-001
5.640858e+002,4.363731e-001
5.645679e+002,4.345322e-001
5.650500e+002,4.328380e-001
5.655322e+002,4.315699e-001
5.660143e+002,4.309071e-001
5.664964e+002,4.308626e-001
5.669785e+002,4.312769e-001
5.674607e+002,4.318791e-001
5.679428e+002,4.323970e-001
5.684249e+002,4.326704e-001
5.689070e+002,4.327117e-001
5.693892e+002,4.326783e-001
5.698713e+002,4.327800e-001
5.703534e+002,4.331774e-001
5.708356e+002,4.339209e-001
5.713176e+002,4.349570e-001
5.717998e+002,4.361880e-001
5.722819e+002,4.375539e-001
5.727640e+002,4.390911e-001
5.732462e+002,4.409392e-001
5.737283e+002,4.432995e-001
5.742104e+002,4.463683e-001
5.746925e+002,4.502732e-001
5.751747e+002,4.550390e-001
5.756568e+002,4.605916e-001
5.761389e+002,4.668114e-001
5.766210e+002,4.736091e-001
5.771031e+002,4.809835e-001
5.775853e+002,4.890396e-001
5.780674e+002,4.979627e-001
5.785496e+002,5.079730e-001
5.790317e+002,5.192881e-001
5.795138e+002,5.321008e-001
5.799959e+002,5.465745e-001
5.804780e+002,5.628446e-001
5.809601e+002,5.810156e-001
5.814423e+002,6.011490e-001
5.819244e+002,6.232441e-001
5.824065e+002,6.472319e-001
5.828887e+002,6.730022e-001
5.833708e+002,7.004762e-001
5.838529e+002,7.297008e-001
5.843350e+002,7.609146e-001
5.848171e+002,7.945056e-001
5.852993e+002,8.308495e-001
5.857814e+002,8.700488e-001
5.862635e+002,9.116919e-001
5.867457e+002,9.547722e-001
5.872278e+002,9.978666e-001
5.877099e+002,1.039559e+000
5.881920e+002,1.078898e+000
5.886741e+002,1.115518e+000
5.891563e+002,1.149249e+000
5.896384e+002,1.179327e+000
5.901205e+002,1.203713e+000
5.906027e+002,1.219142e+000
5.910848e+002,1.222355e+000
5.915669e+002,1.211983e+000
5.920490e+002,1.189613e+000
5.925311e+002,1.158926e+000
5.930132e+002,1.123779e+000
5.934954e+002,1.086785e+000
5.939775e+002,1.049105e+000
5.944597e+002,1.011057e+000
5.949418e+002,9.728625e-001
5.954239e+002,9.350849e-001
5.959060e+002,8.985971e-001
5.963881e+002,8.642547e-001
5.968702e+002,8.325589e-001
5.973524e+002,8.035159e-001
5.978345e+002,7.767337e-001
5.983167e+002,7.516726e-001
5.987988e+002,7.279100e-001
5.992809e+002,7.052846e-001
5.997630e+002,6.838650e-001
6.002451e+002,6.637723e-001
6.007273e+002,6.449885e-001
6.012094e+002,6.272696e-001
6.016915e+002,6.102126e-001
6.021736e+002,5.934313e-001
6.026558e+002,5.767323e-001
6.031379e+002,5.601923e-001
6.036200e+002,5.440938e-001
6.041021e+002,5.287598e-001
6.045842e+002,5.143850e-001
6.050664e+002,5.009436e-001
6.055485e+002,4.882145e-001
6.060306e+002,4.758942e-001
6.065128e+002,4.637412e-001
6.069949e+002,4.516748e-001
6.074770e+002,4.397887e-001
6.079591e+002,4.282782e-001
6.084413e+002,4.173369e-001
6.089233e+002,4.070784e-001
6.094055e+002,3.975184e-001
6.098876e+002,3.886139e-001
6.103698e+002,3.803254e-001
6.108519e+002,3.726615e-001
6.113340e+002,3.656830e-001
6.118162e+002,3.594661e-001
6.122982e+002,3.540515e-001
6.127804e+002,3.494112e-001
6.132625e+002,3.454497e-001
6.137446e+002,3.420371e-001
6.142267e+002,3.390559e-001
6.147089e+002,3.364363e-001
6.151910e+002,3.341597e-001
6.156731e+002,3.322292e-001
6.161553e+002,3.306251e-001
6.166374e+002,3.292674e-001
6.171195e+002,3.280089e-001
6.176016e+002,3.266625e-001
6.180837e+002,3.250607e-001
6.185659e+002,3.230906e-001
6.190480e+002,3.207137e-001
6.195302e+002,3.179495e-001
6.200122e+002,3.148455e-001
6.204944e+002,3.114537e-001
6.209765e+002,3.078274e-001
6.214586e+002,3.040355e-001
6.219407e+002,3.001791e-001
6.224229e+002,2.963977e-001
6.229050e+002,2.928545e-001
6.233871e+002,2.897056e-001
6.238693e+002,2.870654e-001
6.243514e+002,2.849804e-001
6.248335e+002,2.834171e-001
6.253156e+002,2.822720e-001
6.257977e+002,2.813986e-001
6.262798e+002,2.806465e-001
6.267620e+002,2.798983e-001
6.272441e+002,2.790911e-001
6.277262e+002,2.782199e-001
6.282084e+002,2.773247e-001
6.286905e+002,2.764698e-001
6.291726e+002,2.757225e-001
6.296547e+002,2.751308e-001
6.301368e+002,2.747065e-001
6.306190e+002,2.744188e-001
6.311011e+002,2.741974e-001
6.315833e+002,2.739506e-001
6.320654e+002,2.735915e-001
6.325475e+002,2.730638e-001
6.330296e+002,2.723624e-001
6.335117e+002,2.715340e-001
6.339938e+002,2.706613e-001
6.344760e+002,2.698333e-001
6.349581e+002,2.691143e-001
6.354402e+002,2.685294e-001
6.359224e+002,2.680676e-001
6.364045e+002,2.677020e-001
6.368866e+002,2.674139e-001
6.373687e+002,2.672062e-001
6.378508e+002,2.671010e-001
6.383330e+002,2.671217e-001
6.388151e+002,2.672715e-001
6.392972e+002,2.675198e-001
6.397794e+002,2.678077e-001
6.402615e+002,2.680671e-001
6.407436e+002,2.682494e-001
6.412257e+002,2.683440e-001
6.417078e+002,2.683816e-001
6.421899e+002,2.684148e-001
6.426721e+002,2.684895e-001
6.431542e+002,2.686231e-001
6.436364e+002,2.687991e-001
6.441185e+002,2.689826e-001
6.446006e+002,2.691447e-001
6.450827e+002,2.692848e-001
6.455648e+002,2.694335e-001
6.460470e+002,2.696356e-001
6.465291e+002,2.699211e-001
6.470112e+002,2.702826e-001
6.474933e+002,2.706730e-001
6.479755e+002,2.710273e-001
6.484576e+002,2.713004e-001
6.489397e+002,2.715076e-001
6.494219e+002,2.717286e-001
6.499039e+002,2.720847e-001
6.503861e+002,2.726886e-001
6.508682e+002,2.735933e-001
6.513503e+002,2.747616e-001
6.518325e+002,2.760682e-001
6.523146e+002,2.773346e-001
6.527967e+002,2.783815e-001
6.532788e+002,2.790787e-001
6.537610e+002,2.793712e-001
6.542431e+002,2.792746e-001
6.547252e+002,2.788503e-001
6.552073e+002,2.781793e-001
6.556895e+002,2.773461e-001
6.561716e+002,2.764390e-001
6.566537e+002,2.755520e-001
6.571359e+002,2.747817e-001
6.576179e+002,2.742115e-001
6.581001e+002,2.738873e-001
6.585822e+002,2.737977e-001
6.590643e+002,2.738701e-001
6.595464e+002,2.739898e-001
6.600286e+002,2.740401e-001
6.605107e+002,2.739471e-001
6.609928e+002,2.737066e-001
6.614750e+002,2.733817e-001
6.619570e+002,2.730711e-001
6.624392e+002,2.728683e-001
6.629213e+002,2.728266e-001
6.634034e+002,2.729497e-001
6.638856e+002,2.732090e-001
6.643677e+002,2.735769e-001
6.648499e+002,2.740579e-001
6.653319e+002,2.747062e-001
6.658141e+002,2.756218e-001
6.662962e+002,2.769295e-001
6.667783e+002,2.787171e-001
6.672604e+002,2.809163e-001
6.677426e+002,2.831516e-001
6.682247e+002,2.847810e-001
6.687068e+002,2.853297e-001
6.691890e+002,2.849147e-001
6.696711e+002,2.840804e-001
6.701532e+002,2.833548e-001
6.706353e+002,2.830511e-001
6.711174e+002,2.833024e-001
6.715996e+002,2.841423e-001
6.720817e+002,2.855496e-001
6.725638e+002,2.874657e-001
6.730459e+002,2.898010e-001
6.735281e+002,2.924440e-001
6.740102e+002,2.952750e-001
6.744923e+002,2.981786e-001
6.749744e+002,3.010504e-001
6.754565e+002,3.038006e-001
6.759387e+002,3.063622e-001
6.764208e+002,3.087057e-001
6.769030e+002,3.108513e-001
6.773851e+002,3.128677e-001
6.778672e+002,3.148504e-001
6.783493e+002,3.168882e-001
6.788314e+002,3.190359e-001
6.793136e+002,3.213004e-001
6.797957e+002,3.236504e-001
6.802778e+002,3.260380e-001
6.807599e+002,3.284215e-001
6.812421e+002,3.307744e-001
6.817242e+002,3.330801e-001
6.822063e+002,3.353168e-001
6.826885e+002,3.374517e-001
6.831705e+002,3.394534e-001
6.836527e+002,3.413198e-001
6.841348e+002,3.431068e-001
6.846169e+002,3.449345e-001
6.850991e+002,3.469572e-001
6.855812e+002,3.493100e-001
6.860633e+002,3.520513e-001
6.865454e+002,3.551313e-001
6.870276e+002,3.583990e-001
6.875096e+002,3.616474e-001
6.879918e+002,3.646861e-001
6.884739e+002,3.674044e-001
6.889561e+002,3.697961e-001
6.894382e+002,3.719366e-001
6.899203e+002,3.739252e-001
6.904025e+002,3.758357e-001
6.908845e+002,3.776979e-001
6.913667e+002,3.795195e-001
6.918488e+002,3.813227e-001
6.923309e+002,3.831740e-001
6.928130e+002,3.851797e-001
6.932952e+002,3.874494e-001
6.937773e+002,3.900504e-001
6.942594e+002,3.929764e-001
6.947416e+002,3.961524e-001
6.952236e+002,3.994768e-001
6.957058e+002,4.028796e-001
6.961879e+002,4.063651e-001
6.966700e+002,4.100132e-001
6.971522e+002,4.139355e-001
6.976343e+002,4.182085e-001
6.981165e+002,4.228248e-001
6.985985e+002,4.276832e-001
6.990807e+002,4.326308e-001
6.995627e+002,4.375329e-001
7.000449e+002,4.423375e-001
7.005270e+002,4.470917e-001
7.010092e+002,4.519022e-001
7.014913e+002,4.568640e-001
7.019734e+002,4.619986e-001
7.024556e+002,4.672395e-001
7.029376e+002,4.724722e-001
7.034198e+002,4.776131e-001
7.039019e+002,4.826790e-001
7.043840e+002,4.878015e-001
7.048661e+002,4.931752e-001
7.053483e+002,4.989603e-001
7.058304e+002,5.051958e-001
7.063125e+002,5.117707e-001
7.067947e+002,5.184702e-001
7.072768e+002,5.250796e-001
7.077589e+002,5.314943e-001
7.082410e+002,5.377738e-001
7.087231e+002,5.441129e-001
7.092053e+002,5.507468e-001
7.096874e+002,5.578425e-001
7.101696e+002,5.654303e-001
7.106516e+002,5.734050e-001
7.111338e+002,5.815898e-001
7.116159e+002,5.898269e-001
7.120980e+002,5.980384e-001
7.125801e+002,6.062310e-001
7.130623e+002,6.144481e-001
7.135444e+002,6.227131e-001
7.140265e+002,6.310071e-001
7.145087e+002,6.393034e-001
7.149908e+002,6.476383e-001
7.154729e+002,6.561695e-001
7.159550e+002,6.651769e-001
7.164371e+002,6.750021e-001
7.169193e+002,6.859544e-001
7.174014e+002,6.982404e-001
7.178835e+002,7.119475e-001
7.183657e+002,7.270809e-001
7.188478e+002,7.436231e-001
7.193299e+002,7.615559e-001
7.198120e+002,7.808014e-001
7.202942e+002,8.010839e-001
7.207762e+002,8.217797e-001
7.212584e+002,8.418742e-001
7.217405e+002,8.601215e-001
7.222227e+002,8.754214e-001
7.227048e+002,8.872588e-001
7.231869e+002,8.959657e-001
7.236690e+002,9.026185e-001
7.241511e+002,9.086245e-001
7.246333e+002,9.152091e-001
7.251154e+002,9.230616e-001
7.255975e+002,9.322463e-001
7.260797e+002,9.423926e-001
7.265618e+002,9.530471e-001
7.270439e+002,9.640085e-001
7.275260e+002,9.754628e-001
7.280082e+002,9.878671e-001
7.284902e+002,1.001670e+000
7.289724e+002,1.017057e+000
7.294545e+002,1.033873e+000
7.299366e+002,1.051761e+000
7.304188e+002,1.070442e+000
7.309009e+002,1.089951e+000
7.313830e+002,1.110636e+000
7.318651e+002,1.132901e+000
7.323473e+002,1.156791e+000
7.328293e+002,1.181698e+000
7.333115e+002,1.206382e+000
7.337936e+002,1.229421e+000
7.342758e+002,1.249914e+000
7.347579e+002,1.268024e+000
7.352400e+002,1.284911e+000
7.357222e+002,1.302057e+000
7.362042e+002,1.320369e+000
7.366864e+002,1.339597e+000
7.371685e+002,1.358394e+000
7.376506e+002,1.375052e+000
7.381328e+002,1.388580e+000
7.386149e+002,1.399400e+000
7.390970e+002,1.409085e+000
7.395791e+002,1.419249e+000
7.400613e+002,1.430273e+000
7.405433e+002,1.440632e+000
7.410255e+002,1.447304e+000
7.415076e+002,1.447347e+000
7.419897e+002,1.439836e+000
7.424719e+002,1.426775e+000
7.429540e+002,1.412174e+000
7.434362e+002,1.400119e+000
7.439182e+002,1.393132e+000
7.444004e+002,1.391507e+000
7.448825e+002,1.393507e+000
7.453646e+002,1.396227e+000
7.458467e+002,1.396836e+000
7.463289e+002,1.393655e+000
7.468110e+002,1.386408e+000
7.472931e+002,1.375596e+000
7.477753e+002,1.361537e+000
7.482573e+002,1.343875e+000
7.487395e+002,1.321891e+000
7.492216e+002,1.295292e+000
7.497037e+002,1.264842e+000
7.501859e+002,1.232257e+000
7.506680e+002,1.199459e+000
7.511501e+002,1.167730e+000
7.516322e+002,1.137281e+000
7.521144e+002,1.107403e+000
7.525965e+002,1.077072e+000
7.530786e+002,1.045670e+000
7.535607e+002,1.013440e+000
7.540428e+002,9.814204e-001
7.545250e+002,9.509434e-001
7.550071e+002,9.230512e-001
7.554893e+002,8.981308e-001
7.559714e+002,8.758861e-001
7.564535e+002,8.555865e-001
7.569356e+002,8.364531e-001
7.574177e+002,8.180019e-001
7.578999e+002,8.001930e-001
7.583820e+002,7.833278e-001
7.588641e+002,7.677945e-001
7.593462e+002,7.538108e-001
7.598284e+002,7.413020e-001
7.603105e+002,7.299454e-001
7.607926e+002,7.193335e-001
7.612747e+002,7.091610e-001
7.617568e+002,6.993326e-001
7.622390e+002,6.899378e-001
7.627211e+002,6.811259e-001
7.632032e+002,6.729615e-001
7.636854e+002,6.653485e-001
7.641675e+002,6.580593e-001
7.646496e+002,6.508409e-001
7.651317e+002,6.435392e-001
7.656139e+002,6.361613e-001
7.660959e+002,6.288412e-001
7.665781e+002,6.217457e-001
7.670602e+002,6.149747e-001
7.675424e+002,6.085260e-001
7.680245e+002,6.023341e-001
7.685066e+002,5.963556e-001
7.689887e+002,5.906383e-001
7.694708e+002,5.853264e-001
7.699530e+002,5.805820e-001
7.704351e+002,5.764731e-001
7.709172e+002,5.728852e-001
7.713994e+002,5.695166e-001
7.718815e+002,5.659646e-001
7.723636e+002,5.618918e-001
7.728457e+002,5.571653e-001
7.733279e+002,5.519240e-001
7.738099e+002,5.465218e-001
7.742921e+002,5.413773e-001
7.747742e+002,5.368122e-001
7.752563e+002,5.329493e-001
7.757385e+002,5.297022e-001
7.762206e+002,5.268499e-001
7.767028e+002,5.241501e-001
7.771848e+002,5.214344e-001
7.776670e+002,5.186452e-001
7.781490e+002,5.158102e-001
7.786312e+002,5.129814e-001
7.791133e+002,5.101896e-001
7.795955e+002,5.074351e-001
7.800776e+002,5.047161e-001
7.805597e+002,5.020672e-001
7.810419e+002,4.995739e-001
7.815239e+002,4.973462e-001
7.820061e+002,4.954680e-001
7.824882e+002,4.939469e-001
7.829703e+002,4.927006e-001
7.834525e+002,4.915886e-001
7.839346e+002,4.904762e-001
7.844167e+002,4.892966e-001
7.848988e+002,4.880749e-001
7.853810e+002,4.868949e-001
7.858630e+002,4.858293e-001
7.863452e+002,4.848705e-001
7.868273e+002,4.839045e-001
7.873094e+002,4.827422e-001
7.877916e+002,4.811962e-001
7.882737e+002,4.791675e-001
7.887559e+002,4.766913e-001
7.892379e+002,4.739204e-001
7.897201e+002,4.710565e-001
7.902022e+002,4.682692e-001
7.906843e+002,4.656468e-001
7.911664e+002,4.631924e-001
7.916486e+002,4.608609e-001
7.921307e+002,4.586069e-001
7.926128e+002,4.564128e-001
7.930950e+002,4.542797e-001
7.935771e+002,4.521962e-001
7.940592e+002,4.501050e-001
7.945413e+002,4.478991e-001
7.950234e+002,4.454545e-001
7.955056e+002,4.426833e-001
7.959877e+002,4.395785e-001
7.964698e+002,4.362187e-001
7.969519e+002,4.327267e-001
7.974341e+002,4.292041e-001
7.979162e+002,4.256793e-001
7.983983e+002,4.220985e-001
7.988804e+002,4.183650e-001
7.993625e+002,4.144067e-001
7.998447e+002,4.102361e-001
8.003268e+002,4.059710e-001
8.008090e+002,4.017999e-001
8.012911e+002,3.979187e-001
8.017732e+002,3.944653e-001
8.022553e+002,3.914864e-001
8.027374e+002,3.889408e-001
8.032196e+002,3.867446e-001
8.037017e+002,3.848103e-001
8.041838e+002,3.830805e-001
8.046659e+002,3.815314e-001
8.051481e+002,3.801534e-001
8.056302e+002,3.789262e-001
8.061123e+002,3.778074e-001
8.065945e+002,3.767432e-001
8.070765e+002,3.756949e-001
8.075587e+002,3.746645e-001
8.080408e+002,3.737018e-001
8.085229e+002,3.728864e-001
8.090051e+002,3.722953e-001
8.094872e+002,3.719731e-001
8.099693e+002,3.719236e-001
8.104514e+002,3.721255e-001
8.109336e+002,3.725627e-001
8.114156e+002,3.732532e-001
8.118978e+002,3.742552e-001
8.123799e+002,3.756478e-001
8.128621e+002,3.774928e-001
8.133442e+002,3.798001e-001
8.138263e+002,3.825153e-001
8.143085e+002,3.855355e-001
8.147905e+002,3.887505e-001
8.152727e+002,3.920866e-001
8.157548e+002,3.955314e-001
8.162369e+002,3.991219e-001
8.167191e+002,4.029039e-001
8.172012e+002,4.068834e-001
8.176833e+002,4.109993e-001
8.181654e+002,4.151375e-001
8.186476e+002,4.191812e-001
8.191296e+002,4.230771e-001
8.196118e+002,4.268766e-001
8.200939e+002,4.307286e-001
8.205760e+002,4.348211e-001
8.210582e+002,4.392991e-001
8.215403e+002,4.441999e-001
8.220225e+002,4.494292e-001
8.225045e+002,4.547925e-001
8.229867e+002,4.600633e-001
8.234688e+002,4.650573e-001
8.239509e+002,4.696744e-001
8.244330e+002,4.738996e-001
8.249152e+002,4.777662e-001
8.253973e+002,4.813199e-001
8.258794e+002,4.846047e-001
8.263616e+002,4.876727e-001
8.268436e+002,4.906056e-001
8.273258e+002,4.935163e-001
8.278079e+002,4.965190e-001
8.282900e+002,4.996819e-001
8.287722e+002,5.029857e-001
8.292543e+002,5.063202e-001
8.297365e+002,5.095283e-001
8.302185e+002,5.124815e-001
8.307007e+002,5.151439e-001
8.311828e+002,5.175911e-001
8.316649e+002,5.199556e-001
8.321470e+002,5.223388e-001
8.326292e+002,5.247260e-001
8.331113e+002,5.269629e-001
8.335934e+002,5.288083e-001
8.340756e+002,5.300464e-001
8.345576e+002,5.305910e-001
8.350398e+002,5.305301e-001
8.355219e+002,5.300730e-001
8.360040e+002,5.294297e-001
8.364861e+002,5.286921e-001
8.369683e+002,5.277762e-001
8.374504e+002,5.264606e-001
8.379325e+002,5.244962e-001
8.384147e+002,5.217350e-001
8.388968e+002,5.182055e-001
8.393789e+002,5.140967e-001
8.398610e+002,5.096710e-001
8.403431e+002,5.051575e-001
8.408253e+002,5.006888e-001
8.413074e+002,4.963038e-001
8.417896e+002,4.920002e-001
8.422717e+002,4.877989e-001
8.427538e+002,4.837756e-001
8.432359e+002,4.800407e-001
8.437180e+002,4.766835e-001
8.442002e+002,4.737148e-001
8.446823e+002,4.710444e-001
8.451644e+002,4.685047e-001
8.456465e+002,4.659120e-001
8.461287e+002,4.631316e-001
8.466108e+002,4.601180e-001
8.470929e+002,4.569059e-001
8.475750e+002,4.535717e-001
8.480571e+002,4.501888e-001
8.485393e+002,4.468109e-001
8.490214e+002,4.434849e-001
8.495035e+002,4.402815e-001
8.499857e+002,4.373136e-001
8.504678e+002,4.347208e-001
8.509499e+002,4.326209e-001
8.514320e+002,4.310526e-001
8.519142e+002,4.299395e-001
8.523962e+002,4.290976e-001
8.528784e+002,4.282916e-001
8.533605e+002,4.273145e-001
8.538427e+002,4.260598e-001
8.543248e+002,4.245478e-001
8.548069e+002,4.228939e-001
8.552890e+002,4.212396e-001
8.557711e+002,4.196817e-001
8.562533e+002,4.182375e-001
8.567354e+002,4.168565e-001
8.572175e+002,4.154665e-001
8.576996e+002,4.140256e-001
8.581818e+002,4.125481e-001
8.586639e+002,4.110903e-001
8.591460e+002,4.097085e-001
8.596282e+002,4.084138e-001
8.601102e+002,4.071541e-001
8.605924e+002,4.058321e-001
8.610745e+002,4.043504e-001
8.615566e+002,4.026586e-001
8.620388e+002,4.007760e-001
8.625209e+002,3.987792e-001
8.630031e+002,3.967638e-001
8.634851e+002,3.948074e-001
8.639673e+002,3.929521e-001
8.644493e+002,3.912140e-001
8.649315e+002,3.896076e-001
8.654136e+002,3.881627e-001
8.658958e+002,3.869210e-001
8.663779e+002,3.859075e-001
8.668600e+002,3.850989e-001
8.673422e+002,3.844058e-001
8.678242e+002,3.836908e-001
8.683064e+002,3.828175e-001
8.687885e+002,3.817119e-001
8.692706e+002,3.804059e-001
8.697527e+002,3.790352e-001
8.702349e+002,3.777889e-001
8.707170e+002,3.768347e-001
8.711991e+002,3.762520e-001
8.716813e+002,3.760076e-001
8.721633e+002,3.759784e-001
8.726455e+002,3.760137e-001
8.731276e+002,3.760071e-001
8.736097e+002,3.759444e-001
8.740919e+002,3.759047e-001
8.745740e+002,3.760239e-001
8.750562e+002,3.764369e-001
8.755382e+002,3.772348e-001
8.760204e+002,3.784482e-001
8.765025e+002,3.800625e-001
8.769846e+002,3.820465e-001
8.774667e+002,3.843768e-001
8.779489e+002,3.870387e-001
8.784310e+002,3.900062e-001
8.789131e+002,3.932134e-001
8.793953e+002,3.965378e-001
8.798774e+002,3.998144e-001
8.803595e+002,4.028760e-001
8.808416e+002,4.056073e-001
8.813237e+002,4.079815e-001
8.818059e+002,4.100578e-001
8.822880e+002,4.119441e-001
8.827701e+002,4.137417e-001
8.832522e+002,4.155048e-001
8.837344e+002,4.172320e-001
8.842165e+002,4.188913e-001
8.846986e+002,4.204608e-001
8.851807e+002,4.219577e-001
8.856628e+002,4.234377e-001
8.861450e+002,4.249637e-001
8.866271e+002,4.265632e-001
8.871093e+002,4.281993e-001
8.875914e+002,4.297719e-001
8.880735e+002,4.311462e-001
8.885556e+002,4.321979e-001
8.890377e+002,4.328454e-001
8.895199e+002,4.330539e-001
8.900020e+002,4.328122e-001
8.904841e+002,4.321012e-001
8.909662e+002,4.308786e-001
8.914484e+002,4.290880e-001
8.919305e+002,4.266914e-001
8.924126e+002,4.236976e-001
8.928947e+002,4.201697e-001
8.933768e+002,4.162020e-001
8.938590e+002,4.118825e-001
8.943411e+002,4.072643e-001
8.948232e+002,4.023651e-001
8.953054e+002,3.971931e-001
8.957875e+002,3.917829e-001
8.962696e+002,3.862154e-001
8.967517e+002,3.806086e-001
8.972339e+002,3.750803e-001
8.977159e+002,3.697084e-001
8.981981e+002,3.645078e-001
8.986802e+002,3.594411e-001
8.991624e+002,3.544545e-001
8.996445e+002,3.495207e-001
9.001266e+002,3.446659e-001
9.006088e+002,3.399652e-001
9.010908e+002,3.355115e-001
9.015730e+002,3.313759e-001
9.020551e+002,3.275804e-001
9.025372e+002,3.240975e-001
9.030193e+002,3.208729e-001
9.035015e+002,3.178564e-001
9.039836e+002,3.150260e-001
9.044657e+002,3.123907e-001
9.049479e+002,3.099723e-001
9.054299e+002,3.077811e-001
9.059121e+002,3.057980e-001
9.063942e+002,3.039749e-001
9.068763e+002,3.022544e-001
9.073585e+002,3.005953e-001
9.078406e+002,2.989907e-001
9.083228e+002,2.974666e-001
9.088048e+002,2.960620e-001
9.092870e+002,2.948002e-001
9.097690e+002,2.936691e-001
9.102512e+002,2.926203e-001
9.107333e+002,2.915882e-001
9.112155e+002,2.905211e-001
9.116976e+002,2.894055e-001
9.121797e+002,2.882731e-001
9.126619e+002,2.871821e-001
9.131440e+002,2.861868e-001
9.136261e+002,2.853073e-001
9.141082e+002,2.845177e-001
9.145903e+002,2.837562e-001
9.150724e+002,2.829518e-001
9.155546e+002,2.820565e-001
9.160367e+002,2.810647e-001
9.165189e+002,2.800137e-001
9.170010e+002,2.789653e-001
9.174831e+002,2.779797e-001
9.179652e+002,2.770948e-001
9.184473e+002,2.763200e-001
9.189294e+002,2.756414e-001
9.194116e+002,2.750364e-001
9.198937e+002,2.744851e-001
9.203759e+002,2.739769e-001
9.208580e+002,2.735069e-001
9.213401e+002,2.730731e-001
9.218222e+002,2.726753e-001
9.223043e+002,2.723216e-001
9.227864e+002,2.720389e-001
9.232686e+002,2.718798e-001
9.237507e+002,2.719194e-001
9.242328e+002,2.722388e-001
9.247150e+002,2.729009e-001
9.251971e+002,2.739264e-001
9.256792e+002,2.752799e-001
9.261613e+002,2.768720e-001
9.266434e+002,2.785783e-001
9.271255e+002,2.802670e-001
9.276077e+002,2.818270e-001
9.280898e+002,2.831843e-001
9.285720e+002,2.843029e-001
9.290541e+002,2.851737e-001
9.295362e+002,2.858005e-001
9.300183e+002,2.861949e-001
9.305004e+002,2.863771e-001
9.309825e+002,2.863833e-001
9.314647e+002,2.862675e-001
9.319468e+002,2.860947e-001
9.324290e+002,2.859248e-001
9.329111e+002,2.857985e-001
9.333932e+002,2.857287e-001
9.338753e+002,2.857074e-001
9.343574e+002,2.857230e-001
9.348395e+002,2.857805e-001
9.353217e+002,2.859125e-001
9.358038e+002,2.861745e-001
9.362859e+002,2.866257e-001
9.367681e+002,2.873014e-001
9.372502e+002,2.881926e-001
9.377323e+002,2.892415e-001
9.382144e+002,2.903559e-001
9.386965e+002,2.914367e-001
9.391787e+002,2.924098e-001
9.396608e+002,2.932433e-001
9.401429e+002,2.939463e-001
9.406251e+002,2.945514e-001
9.411072e+002,2.950902e-001
9.415893e+002,2.955761e-001
9.420714e+002,2.960011e-001
9.425535e+002,2.963463e-001
9.430357e+002,2.966001e-001
9.435178e+002,2.967700e-001
9.439999e+002,2.968861e-001
9.444821e+002,2.969886e-001
9.449642e+002,2.971128e-001
9.454463e+002,2.972741e-001
9.459284e+002,2.974631e-001
9.464105e+002,2.976510e-001
9.468927e+002,2.978034e-001
9.473748e+002,2.978921e-001
9.478569e+002,2.979048e-001
9.483391e+002,2.978435e-001
9.488212e+002,2.977192e-001
9.493033e+002,2.975455e-001
9.497854e+002,2.973348e-001
9.502676e+002,2.970975e-001
9.507497e+002,2.968456e-001
9.512318e+002,2.965936e-001
9.517139e+002,2.963589e-001
9.521960e+002,2.961594e-001
9.526782e+002,2.960101e-001
9.531603e+002,2.959205e-001
9.536424e+002,2.958946e-001
9.541246e+002,2.959307e-001
9.546067e+002,2.960241e-001
9.550888e+002,2.961655e-001
9.555709e+002,2.963402e-001
9.560530e+002,2.965274e-001
9.565352e+002,2.967001e-001
9.570173e+002,2.968287e-001
9.574994e+002,2.968895e-001
9.579816e+002,2.968687e-001
9.584637e+002,2.967657e-001
9.589458e+002,2.965897e-001
9.594279e+002,2.963512e-001
9.599100e+002,2.960527e-001
9.603922e+002,2.956833e-001
9.608743e+002,2.952198e-001
9.613564e+002,2.946340e-001
9.618386e+002,2.939045e-001
9.623207e+002,2.930255e-001
9.628028e+002,2.920105e-001
9.632849e+002,2.908896e-001
9.637670e+002,2.897013e-001
9.642491e+002,2.884855e-001
9.647313e+002,2.872773e-001
9.652134e+002,2.861051e-001
9.656956e+002,2.849913e-001
9.661777e+002,2.839547e-001
9.666598e+002,2.830105e-001
9.671419e+002,2.821705e-001
9.676240e+002,2.814409e-001
9.681061e+002,2.808197e-001
9.685883e+002,2.802956e-001
9.690704e+002,2.798473e-001
9.695526e+002,2.794472e-001
9.700347e+002,2.790665e-001
9.705168e+002,2.786832e-001
9.709989e+002,2.782884e-001
9.714810e+002,2.778921e-001
9.719631e+002,2.775226e-001
9.724453e+002,2.772225e-001
9.729274e+002,2.770385e-001
9.734095e+002,2.770097e-001
9.738917e+002,2.771574e-001
9.743738e+002,2.774796e-001
9.748559e+002,2.779547e-001
9.753380e+002,2.785507e-001
9.758201e+002,2.792385e-001
9.763022e+002,2.800021e-001
9.767844e+002,2.808438e-001
9.772665e+002,2.817803e-001
9.777487e+002,2.828344e-001
9.782308e+002,2.840216e-001
9.787129e+002,2.853432e-001
9.791950e+002,2.867841e-001
9.796771e+002,2.883200e-001
9.801592e+002,2.899291e-001
9.806414e+002,2.916033e-001
9.811235e+002,2.933549e-001
9.816057e+002,2.952132e-001
9.820878e+002,2.972142e-001
9.825699e+002,2.993870e-001
9.830520e+002,3.017439e-001
9.835341e+002,3.042783e-001
9.840163e+002,3.069726e-001
9.844984e+002,3.098106e-001
9.849805e+002,3.127890e-001
9.854626e+002,3.159212e-001
9.859448e+002,3.192295e-001
9.864269e+002,3.227305e-001
9.869090e+002,3.264197e-001
9.873911e+002,3.302637e-001
9.878733e+002,3.342056e-001
9.883554e+002,3.381830e-001
9.888375e+002,3.421491e-001
9.893196e+002,3.460872e-001
9.898018e+002,3.500112e-001
9.902839e+002,3.539498e-001
9.907660e+002,3.579235e-001
9.912481e+002,3.619255e-001
9.917303e+002,3.659177e-001
9.922124e+002,3.698411e-001
9.926945e+002,3.736379e-001
9.931766e+002,3.772714e-001
9.936588e+002,3.807334e-001
9.941409e+002,3.840397e-001
9.946230e+002,3.872162e-001
9.951051e+002,3.902887e-001
9.955873e+002,3.932830e-001
9.960694e+002,3.962342e-001
9.965515e+002,3.991961e-001
9.970336e+002,4.022412e-001
9.975157e+002,4.054477e-001
9.979979e+002,4.088746e-001
9.984800e+002,4.125417e-001
9.989621e+002,4.164239e-001
9.994443e+002,4.204655e-001
9.999264e+002,4.246098e-001
1.000409e+003,4.288270e-001
1.000891e+003,4.331256e-001
1.001373e+003,4.375349e-001
1.001855e+003,4.420694e-001
1.002337e+003,4.466918e-001
1.002819e+003,4.512983e-001
1.003301e+003,4.557392e-001
1.003783e+003,4.598688e-001
1.004266e+003,4.636021e-001
1.004748e+003,4.669471e-001
1.005230e+003,4.699911e-001
1.005712e+003,4.728514e-001
1.006194e+003,4.756114e-001
1.006676e+003,4.782808e-001
1.007158e+003,4.808000e-001
1.007640e+003,4.830838e-001
1.008122e+003,4.850819e-001
1.008605e+003,4.868211e-001
1.009087e+003,4.884008e-001
1.009569e+003,4.899494e-001
1.010051e+003,4.915627e-001
1.010533e+003,4.932625e-001
1.011015e+003,4.949993e-001
1.011497e+003,4.966948e-001
1.011979e+003,4.983045e-001
1.012462e+003,4.998594e-001
1.012944e+003,5.014630e-001
1.013426e+003,5.032449e-001
1.013908e+003,5.052927e-001
1.014390e+003,5.076035e-001
1.014872e+003,5.100815e-001
1.015354e+003,5.125838e-001
1.015836e+003,5.149941e-001
1.016319e+003,5.172848e-001
1.016801e+003,5.195320e-001
1.017283e+003,5.218773e-001
1.017765e+003,5.244536e-001
1.018247e+003,5.273184e-001
1.018729e+003,5.304247e-001
1.019211e+003,5.336452e-001
1.019693e+003,5.368341e-001
1.020176e+003,5.398920e-001
1.020658e+003,5.428005e-001
1.021140e+003,5.456097e-001
1.021622e+003,5.483913e-001
1.022104e+003,5.511916e-001
1.022586e+003,5.540110e-001
1.023068e+003,5.568224e-001
1.023550e+003,5.596119e-001
1.024033e+003,5.624152e-001
1.024515e+003,5.653200e-001
1.024997e+003,5.684313e-001
1.025479e+003,5.718195e-001
1.025961e+003,5.754807e-001
1.026443e+003,5.793360e-001
1.026925e+003,5.832735e-001
1.027407e+003,5.872101e-001
1.027890e+003,5.911382e-001
1.028372e+003,5.951249e-001
1.028854e+003,5.992633e-001
1.029336e+003,6.035972e-001
1.029818e+003,6.080686e-001
1.030300e+003,6.125143e-001
1.030782e+003,6.167222e-001
1.031264e+003,6.205189e-001
1.031747e+003,6.238394e-001
1.032229e+003,6.267385e-001
1.032711e+003,6.293340e-001
1.033193e+003,6.317182e-001
1.033675e+003,6.338890e-001
1.034157e+003,6.357417e-001
1.034639e+003,6.371287e-001
1.035121e+003,6.379564e-001
1.035604e+003,6.382615e-001
1.036086e+003,6.382218e-001
1.036568e+003,6.380933e-001
1.037050e+003,6.381080e-001
1.037532e+003,6.383888e-001
1.038014e+003,6.389183e-001
1.038496e+003,6.395782e-001
1.038979e+003,6.402304e-001
1.039461e+003,6.407998e-001
1.039943e+003,6.413134e-001
1.040425e+003,6.418835e-001
1.040907e+003,6.426505e-001
1.041389e+003,6.437243e-001
1.041871e+003,6.451558e-001
1.042353e+003,6.469475e-001
1.042835e+003,6.490893e-001
1.043318e+003,6.515896e-001
1.043800e+003,6.544791e-001
1.044282e+003,6.577875e-001
1.044764e+003,6.615080e-001
1.045246e+003,6.655868e-001
1.045728e+003,6.699472e-001
1.046210e+003,6.745476e-001
1.046692e+003,6.794372e-001
1.047175e+003,6.847734e-001
1.047657e+003,6.907722e-001
1.048139e+003,6.976122e-001
1.048621e+003,7.053298e-001
1.049103e+003,7.137635e-001
1.049585e+003,7.225775e-001
1.050067e+003,7.313673e-001
1.050549e+003,7.398028e-001
1.051031e+003,7.477364e-001
1.051514e+003,7.552110e-001
1.051996e+003,7.623690e-001
1.052478e+003,7.693084e-001
1.052960e+003,7.759802e-001
1.053442e+003,7.821841e-001
1.053924e+003,7.876716e-001
1.054406e+003,7.923006e-001
1.054889e+003,7.961438e-001
1.055371e+003,7.994807e-001
1.055853e+003,8.026736e-001
1.056335e+003,8.059997e-001
1.056817e+003,8.095393e-001
1.057299e+003,8.131828e-001
1.057781e+003,8.167507e-001
1.058263e+003,8.201623e-001
1.058746e+003,8.235481e-001
1.059228e+003,8.272330e-001
1.059710e+003,8.315968e-001
1.060192e+003,8.368810e-001
1.060674e+003,8.430506e-001
1.061156e+003,8.497811e-001
1.061638e+003,8.565859e-001
1.062120e+003,8.630248e-001
1.062603e+003,8.688900e-001
1.063085e+003,8.742589e-001
1.063567e+003,8.793964e-001
1.064049e+003,8.845651e-001
1.064531e+003,8.898665e-001
1.065013e+003,8.952029e-001
1.065495e+003,9.003761e-001
1.065977e+003,9.052598e-001
1.066459e+003,9.099317e-001
1.066942e+003,9.146696e-001
1.067424e+003,9.198098e-001
1.067906e+003,9.255447e-001
1.068388e+003,9.317864e-001
1.068870e+003,9.381788e-001
1.069352e+003,9.442697e-001
1.069834e+003,9.497554e-001
1.070317e+003,9.546632e-001
1.070799e+003,9.593430e-001
1.071281e+003,9.642767e-001
1.071763e+003,9.698007e-001
1.072245e+003,9.759075e-001
1.072727e+003,9.822313e-001
1.073209e+003,9.882309e-001
1.073691e+003,9.934839e-001
1.074174e+003,9.979287e-001
1.074656e+003,1.001902e+000
1.075138e+003,1.005957e+000
1.075620e+003,1.010567e+000
1.076102e+003,1.015888e+000
1.076584e+003,1.021703e+000
1.077066e+003,1.027575e+000
1.077548e+003,1.033111e+000
1.078031e+003,1.038184e+000
1.078513e+003,1.042979e+000
1.078995e+003,1.047826e+000
1.079477e+003,1.052944e+000
1.079959e+003,1.058249e+000
1.080441e+003,1.063363e+000
1.080923e+003,1.067819e+000
1.081405e+003,1.071364e+000
1.081888e+003,1.074159e+000
1.082370e+003,1.076744e+000
1.082852e+003,1.079790e+000
1.083334e+003,1.083782e+000
1.083816e+003,1.088819e+000
1.084298e+003,1.094647e+000
1.084780e+003,1.100891e+000
1.085262e+003,1.107360e+000
1.085745e+003,1.114240e+000
1.086227e+003,1.122034e+000
1.086709e+003,1.131282e+000
1.087191e+003,1.142198e+000
1.087673e+003,1.154453e+000
1.088155e+003,1.167222e+000
1.088637e+003,1.179517e+000
1.089119e+003,1.190675e+000
1.089602e+003,1.200712e+000
1.090084e+003,1.210299e+000
1.090566e+003,1.220366e+000
1.091048e+003,1.231548e+000
1.091530e+003,1.243802e+000
1.092012e+003,1.256411e+000
1.092494e+003,1.268389e+000
1.092976e+003,1.279101e+000
1.093458e+003,1.288753e+000
1.093941e+003,1.298378e+000
1.094423e+003,1.309343e+000
1.094905e+003,1.322623e+000
1.095387e+003,1.338273e+000
1.095869e+003,1.355311e+000
1.096351e+003,1.372139e+000
1.096833e+003,1.387332e+000
1.097316e+003,1.400422e+000
1.097798e+003,1.412157e+000
1.098280e+003,1.424067e+000
1.098762e+003,1.437621e+000
1.099244e+003,1.453516e+000
1.099726e+003,1.471449e+000
1.100208e+003,1.490451e+000
1.100690e+003,1.509621e+000
1.101173e+003,1.528832e+000
1.101655e+003,1.548930e+000
1.102137e+003,1.571299e+000
1.102619e+003,1.597018e+000
1.103101e+003,1.626165e+000
1.103583e+003,1.657650e+000
1.104065e+003,1.689819e+000
1.104547e+003,1.721641e+000
1.105030e+003,1.753817e+000
1.105512e+003,1.788966e+000
1.105994e+003,1.830664e+000
1.106476e+003,1.881774e+000
1.106958e+003,1.942853e+000
1.107440e+003,2.011142e+000
1.107922e+003,2.080895e+000
1.108404e+003,2.146211e+000
1.108886e+003,2.205942e+000
1.109369e+003,2.267148e+000
1.109851e+003,2.344213e+000
1.110333e+003,2.456134e+000
1.110815e+003,2.628046e+000
1.111297e+003,2.907079e+000
1.111779e+003,3.485387e+000
1.112261e+003,6.000000e+000
1.112744e+003,6.000000e+000
1.113226e+003,6.000000e+000
1.113708e+003,6.000000e+000
1.114190e+003,6.000000e+000
1.114672e+003,6.000000e+000
1.115154e+003,6.000000e+000
1.115636e+003,6.000000e+000
1.116118e+003,6.000000e+000
1.116601e+003,3.530369e+000
1.117083e+003,3.101867e+000
1.117565e+003,2.952460e+000
1.118047e+003,2.941363e+000
1.118529e+003,3.060338e+000
1.119011e+003,3.393738e+000
1.119493e+003,6.000000e+000
1.119975e+003,6.000000e+000
1.120458e+003,6.000000e+000
1.120940e+003,6.000000e+000
1.121422e+003,6.000000e+000
1.121904e+003,6.000000e+000
1.122386e+003,6.000000e+000
1.122868e+003,6.000000e+000
1.123350e+003,6.000000e+000
1.123832e+003,6.000000e+000
1.124314e+003,3.794151e+000
1.124797e+003,3.393058e+000
1.125279e+003,3.336127e+000
1.125761e+003,3.569165e+000
1.126243e+003,6.000000e+000
1.126725e+003,6.000000e+000
1.127207e+003,6.000000e+000
1.127689e+003,6.000000e+000
1.128172e+003,6.000000e+000
1.128654e+003,6.000000e+000
1.129136e+003,6.000000e+000
1.129618e+003,6.000000e+000
1.130100e+003,6.000000e+000
1.130582e+003,6.000000e+000
1.131064e+003,6.000000e+000
1.131546e+003,6.000000e+000
1.132029e+003,3.712671e+000
1.132511e+003,3.123125e+000
1.132993e+003,2.929757e+000
1.133475e+003,2.868498e+000
1.133957e+003,2.892808e+000
1.134439e+003,2.982772e+000
1.134921e+003,3.119376e+000
1.135403e+003,3.277174e+000
1.135885e+003,3.446926e+000
1.136368e+003,3.729672e+000
1.136850e+003,6.000000e+000
1.137332e+003,6.000000e+000
1.137814e+003,6.000000e+000
1.138296e+003,6.000000e+000
1.138778e+003,6.000000e+000
1.139260e+003,6.000000e+000
1.139742e+003,6.000000e+000
1.140225e+003,6.000000e+000
1.140707e+003,3.730313e+000
1.141189e+003,3.287410e+000
1.141671e+003,3.134419e+000
1.142153e+003,3.016838e+000
1.142635e+003,2.863586e+000
1.143117e+003,2.678808e+000
1.143599e+003,2.494615e+000
1.144082e+003,2.329991e+000
1.144564e+003,2.187911e+000
1.145046e+003,2.063482e+000
1.145528e+003,1.950052e+000
1.146010e+003,1.842629e+000
1.146492e+003,1.739360e+000
1.146974e+003,1.641098e+000
1.147457e+003,1.549846e+000
1.147939e+003,1.467232e+000
1.148421e+003,1.393753e+000
1.148903e+003,1.328748e+000
1.149385e+003,1.270833e+000
1.149867e+003,1.218493e+000
1.150349e+003,1.170578e+000
1.150831e+003,1.126545e+000
1.151313e+003,1.086371e+000
1.151796e+003,1.050231e+000
1.152278e+003,1.018150e+000
1.152760e+003,9.897822e-001
1.153242e+003,9.644110e-001
1.153724e+003,9.411243e-001
1.154206e+003,9.190868e-001
1.154688e+003,8.977742e-001
1.155170e+003,8.770594e-001
1.155653e+003,8.571175e-001
1.156135e+003,8.382224e-001
1.156617e+003,8.205479e-001
1.157099e+003,8.040705e-001
1.157581e+003,7.885941e-001
1.158063e+003,7.738587e-001
1.158545e+003,7.596605e-001
1.159027e+003,7.459167e-001
1.159510e+003,7.326469e-001
1.159992e+003,7.198992e-001
1.160474e+003,7.076716e-001
1.160956e+003,6.958826e-001
1.161438e+003,6.844013e-001
1.161920e+003,6.731160e-001
1.162402e+003,6.619923e-001
1.162885e+003,6.510864e-001
1.163367e+003,6.405001e-001
1.163849e+003,6.303120e-001
1.164331e+003,6.205236e-001
1.164813e+003,6.110541e-001
1.165295e+003,6.017891e-001
1.165777e+003,5.926541e-001
1.166259e+003,5.836717e-001
1.166741e+003,5.749698e-001
1.167224e+003,5.667340e-001
1.167706e+003,5.591351e-001
1.168188e+003,5.522646e-001
1.168670e+003,5.461144e-001
1.169152e+003,5.406018e-001
1.169634e+003,5.356249e-001
1.170116e+003,5.311159e-001
1.170598e+003,5.270682e-001
1.171081e+003,5.235221e-001
1.171563e+003,5.205246e-001
1.172045e+003,5.180879e-001
1.172527e+003,5.161704e-001
1.173009e+003,5.146908e-001
1.173491e+003,5.135657e-001
1.173973e+003,5.127488e-001
1.174455e+003,5.122474e-001
1.174938e+003,5.121031e-001
1.175420e+003,5.123498e-001
1.175902e+003,5.129671e-001
1.176384e+003,5.138620e-001
1.176866e+003,5.148852e-001
1.177348e+003,5.158793e-001
1.177830e+003,5.167345e-001
1.178313e+003,5.174235e-001
1.178795e+003,5.179962e-001
1.179277e+003,5.185406e-001
1.179759e+003,5.191305e-001
1.180241e+003,5.197906e-001
1.180723e+003,5.205001e-001
1.181205e+003,5.212256e-001
1.181687e+003,5.219664e-001
1.182169e+003,5.227768e-001
1.182652e+003,5.237508e-001
1.183134e+003,5.249753e-001
1.183616e+003,5.264752e-001
1.184098e+003,5.281823e-001
1.184580e+003,5.299447e-001
1.185062e+003,5.315726e-001
1.185544e+003,5.329009e-001
1.186026e+003,5.338401e-001
1.186509e+003,5.343857e-001
1.186991e+003,5.345915e-001
1.187473e+003,5.345217e-001
1.187955e+003,5.342153e-001
1.188437e+003,5.336810e-001
1.188919e+003,5.329219e-001
1.189401e+003,5.319676e-001
1.189883e+003,5.308898e-001
1.190365e+003,5.297852e-001
1.190848e+003,5.287344e-001
1.191330e+003,5.277596e-001
1.191812e+003,5.268078e-001
1.192294e+003,5.257708e-001
1.192776e+003,5.245371e-001
1.193258e+003,5.230474e-001
1.193740e+003,5.213273e-001
1.194223e+003,5.194769e-001
1.194705e+003,5.176272e-001
1.195187e+003,5.158852e-001
1.195669e+003,5.143011e-001
1.196151e+003,5.128683e-001
1.196633e+003,5.115566e-001
1.197115e+003,5.103528e-001
1.197597e+003,5.092894e-001
1.198080e+003,5.084417e-001
1.198562e+003,5.079020e-001
1.199044e+003,5.077446e-001
1.199526e+003,5.080071e-001
1.200008e+003,5.086983e-001
1.200490e+003,5.098277e-001
1.200972e+003,5.114375e-001
1.201454e+003,5.136185e-001
1.201937e+003,5.164946e-001
1.202419e+003,5.201855e-001
1.202901e+003,5.247637e-001
1.203383e+003,5.302312e-001
1.203865e+003,5.365300e-001
1.204347e+003,5.435841e-001
1.204829e+003,5.513561e-001
1.205311e+003,5.598874e-001
1.205794e+003,5.693012e-001
1.206276e+003,5.797606e-001
1.206758e+003,5.914036e-001
1.207240e+003,6.042885e-001
1.207722e+003,6.183769e-001
1.208204e+003,6.335697e-001
1.208686e+003,6.497788e-001
1.209168e+003,6.669985e-001
1.209651e+003,6.853290e-001
1.210133e+003,7.049319e-001
1.210615e+003,7.259252e-001
1.211097e+003,7.482615e-001
1.211579e+003,7.716479e-001
1.212061e+003,7.955476e-001
1.212543e+003,8.192675e-001
1.213025e+003,8.420869e-001
1.213508e+003,8.633482e-001
1.213990e+003,8.824518e-001
1.214472e+003,8.987712e-001
1.214954e+003,9.115826e-001
1.215436e+003,9.201130e-001
1.215918e+003,9.237468e-001
1.216400e+003,9.222949e-001
1.216882e+003,9.161552e-001
1.217365e+003,9.062338e-001
1.217847e+003,8.936705e-001
1.218329e+003,8.795263e-001
1.218811e+003,8.646024e-001
1.219293e+003,8.494377e-001
1.219775e+003,8.344294e-001
1.220257e+003,8.199714e-001
1.220740e+003,8.065149e-001
1.221222e+003,7.945254e-001
1.221704e+003,7.843750e-001
1.222186e+003,7.762387e-001
1.222668e+003,7.700573e-001
1.223150e+003,7.655849e-001
1.223632e+003,7.625043e-001
1.224114e+003,7.605619e-001
1.224596e+003,7.596598e-001
1.225079e+003,7.598664e-001
1.225561e+003,7.613476e-001
1.226043e+003,7.642600e-001
1.226525e+003,7.686716e-001
1.227007e+003,7.745472e-001
1.227489e+003,7.818087e-001
1.227971e+003,7.904323e-001
1.228453e+003,8.005308e-001
1.228936e+003,8.123696e-001
1.229418e+003,8.263088e-001
1.229900e+003,8.426973e-001
1.230382e+003,8.617824e-001
1.230864e+003,8.836812e-001
1.231346e+003,9.084383e-001
1.231828e+003,9.361467e-001
1.232310e+003,9.670725e-001
1.232792e+003,1.001701e+000
1.233275e+003,1.040660e+000
1.233757e+003,1.084528e+000
1.234239e+003,1.133597e+000
1.234721e+003,1.187689e+000
1.235203e+003,1.246142e+000
1.235685e+003,1.308026e+000
1.236167e+003,1.372544e+000
1.236650e+003,1.439413e+000
1.237132e+003,1.508920e+000
1.237614e+003,1.581446e+000
1.238096e+003,1.656539e+000
1.238578e+003,1.731927e+000
1.239060e+003,1.803191e+000
1.239542e+003,1.864940e+000
1.240024e+003,1.913572e+000
1.240507e+003,1.949678e+000
1.240989e+003,1.977631e+000
1.241471e+003,2.002384e+000
1.241953e+003,2.026107e+000
1.242435e+003,2.046737e+000
1.242917e+003,2.059171e+000
1.243399e+003,2.058774e+000
1.243881e+003,2.045029e+000
1.244364e+003,2.021981e+000
1.244846e+003,1.995224e+000
1.245328e+003,1.968375e+000
1.245810e+003,1.941687e+000
1.246292e+003,1.912886e+000
1.246774e+003,1.879424e+000
1.247256e+003,1.840643e+000
1.247738e+003,1.798481e+000
1.248220e+003,1.756315e+000
1.248703e+003,1.717163e+000
1.249185e+003,1.682433e+000
1.249667e+003,1.651742e+000
1.250149e+003,1.623565e+000
1.250631e+003,1.596297e+000
1.251113e+003,1.569213e+000
1.251595e+003,1.542819e+000
1.252078e+003,1.518440e+000
1.252560e+003,1.497414e+000
1.253042e+003,1.480368e+000
1.253524e+003,1.466967e+000
1.254006e+003,1.456139e+000
1.254488e+003,1.446680e+000
1.254970e+003,1.437908e+000
1.255452e+003,1.430007e+000
1.255935e+003,1.423858e+000
1.256417e+003,1.420462e+000
1.256899e+003,1.420293e+000
1.257381e+003,1.422919e+000
1.257863e+003,1.427059e+000
1.258345e+003,1.431072e+000
1.258827e+003,1.433699e+000
1.259309e+003,1.434650e+000
1.259792e+003,1.434666e+000
1.260274e+003,1.434985e+000
1.260756e+003,1.436578e+000
1.261238e+003,1.439601e+000
1.261720e+003,1.443369e+000
1.262202e+003,1.446814e+000
1.262684e+003,1.449166e+000
1.263166e+003,1.450436e+000
1.263648e+003,1.451369e+000
1.264131e+003,1.452937e+000
1.264613e+003,1.455669e+000
1.265095e+003,1.459269e+000
1.265577e+003,1.462720e+000
1.266059e+003,1.464880e+000
1.266541e+003,1.465249e+000
1.267023e+003,1.464419e+000
1.267505e+003,1.463872e+000
1.267988e+003,1.465257e+000
1.268470e+003,1.469571e+000
1.268952e+003,1.476668e+000
1.269434e+003,1.485316e+000
1.269916e+003,1.493804e+000
1.270398e+003,1.500867e+000
1.270880e+003,1.506453e+000
1.271363e+003,1.511796e+000
1.271845e+003,1.518761e+000
1.272327e+003,1.528855e+000
1.272809e+003,1.542516e+000
1.273291e+003,1.558967e+000
1.273773e+003,1.576693e+000
1.274255e+003,1.594314e+000
1.274737e+003,1.611391e+000
1.275219e+003,1.628662e+000
1.275702e+003,1.647522e+000
1.276184e+003,1.669079e+000
1.276666e+003,1.693349e+000
1.277148e+003,1.719078e+000
1.277630e+003,1.744399e+000
1.278112e+003,1.768109e+000
1.278594e+003,1.790838e+000
1.279076e+003,1.815176e+000
1.279559e+003,1.844590e+000
1.280041e+003,1.881685e+000
1.280523e+003,1.926622e+000
1.281005e+003,1.976190e+000
1.281487e+003,2.024232e+000
1.281969e+003,2.064188e+000
1.282451e+003,2.093149e+000
1.282933e+003,2.114284e+000
1.283416e+003,2.135075e+000
1.283898e+003,2.163099e+000
1.284380e+003,2.202718e+000
1.284862e+003,2.253762e+000
1.285344e+003,2.312043e+000
1.285826e+003,2.371859e+000
1.286308e+003,2.430450e+000
1.286791e+003,2.491781e+000
1.287273e+003,2.566526e+000
1.287755e+003,2.668210e+000
1.288237e+003,2.808582e+000
1.288719e+003,2.990603e+000
1.289201e+003,3.190240e+000
1.289683e+003,3.331900e+000
1.290165e+003,3.356972e+000
1.290647e+003,3.340735e+000
1.291130e+003,3.401746e+000
1.291612e+003,3.704049e+000
1.292094e+003,6.000000e+000
1.292576e+003,6.000000e+000
1.293058e+003,6.000000e+000
1.293540e+003,6.000000e+000
1.294022e+003,6.000000e+000
1.294504e+003,6.000000e+000
1.294987e+003,6.000000e+000
1.295469e+003,6.000000e+000
1.295951e+003,6.000000e+000
1.296433e+003,6.000000e+000
1.296915e+003,6.000000e+000
1.297397e+003,6.000000e+000
1.297879e+003,6.000000e+000
1.298361e+003,6.000000e+000
1.298844e+003,6.000000e+000
1.299326e+003,6.000000e+000
1.299808e+003,6.000000e+000
1.300290e+003,6.000000e+000
1.300772e+003,6.000000e+000
1.301254e+003,6.000000e+000
1.301736e+003,6.000000e+000
1.302219e+003,6.000000e+000
1.302701e+003,6.000000e+000
1.303183e+003,6.000000e+000
1.303665e+003,6.000000e+000
1.304147e+003,6.000000e+000
1.304629e+003,6.000000e+000
1.305111e+003,6.000000e+000
1.305593e+003,6.000000e+000
1.306075e+003,6.000000e+000
1.306558e+003,6.000000e+000
1.307040e+003,6.000000e+000
1.307522e+003,6.000000e+000
1.308004e+003,6.000000e+000
1.308486e+003,6.000000e+000
1.308968e+003,3.430268e+000
1.309450e+003,2.915161e+000
1.309932e+003,2.621862e+000
1.310415e+003,2.419509e+000
1.310897e+003,2.265995e+000
1.311379e+003,2.139402e+000
1.311861e+003,2.027343e+000
1.312343e+003,1.924446e+000
1.312825e+003,1.830405e+000
1.313307e+003,1.747249e+000
1.313789e+003,1.676808e+000
1.314271e+003,1.619304e+000
1.314754e+003,1.573087e+000
1.315236e+003,1.535129e+000
1.315718e+003,1.501940e+000
1.316200e+003,1.470615e+000
1.316682e+003,1.439659e+000
1.317164e+003,1.409161e+000
1.317646e+003,1.380234e+000
1.318129e+003,1.354068e+000
1.318611e+003,1.331128e+000
1.319093e+003,1.310889e+000
1.319575e+003,1.292145e+000
1.320057e+003,1.273691e+000
1.320539e+003,1.254955e+000
1.321021e+003,1.236183e+000
1.321503e+003,1.218110e+000
1.321986e+003,1.201391e+000
1.322468e+003,1.186140e+000
1.322950e+003,1.171807e+000
1.323432e+003,1.157396e+000
1.323914e+003,1.141930e+000
1.324396e+003,1.124892e+000
1.324878e+003,1.106417e+000
1.325360e+003,1.087084e+000
1.325843e+003,1.067498e+000
1.326325e+003,1.047927e+000
1.326807e+003,1.028188e+000
1.327289e+003,1.007834e+000
1.327771e+003,9.864826e-001
1.328253e+003,9.641051e-001
1.328735e+003,9.410888e-001
1.329217e+003,9.180565e-001
1.329700e+003,8.955806e-001
1.330182e+003,8.739662e-001
1.330664e+003,8.532144e-001
1.331146e+003,8.331504e-001
1.331628e+003,8.136273e-001
1.332110e+003,7.946789e-001
1.332592e+003,7.765480e-001
1.333074e+003,7.595818e-001
1.333557e+003,7.440827e-001
1.334039e+003,7.301909e-001
1.334521e+003,7.178617e-001
1.335003e+003,7.069255e-001
1.335485e+003,6.971960e-001
1.335967e+003,6.885708e-001
1.336449e+003,6.810772e-001
1.336931e+003,6.748430e-001
1.337414e+003,6.700101e-001
1.337896e+003,6.666301e-001
1.338378e+003,6.645892e-001
1.338860e+003,6.636006e-001
1.339342e+003,6.632898e-001
1.339824e+003,6.633399e-001
1.340306e+003,6.636141e-001
1.340788e+003,6.641576e-001
1.341271e+003,6.650895e-001
1.341753e+003,6.664658e-001
1.342235e+003,6.682084e-001
1.342717e+003,6.701119e-001
1.343199e+003,6.719114e-001
1.343681e+003,6.733706e-001
1.344163e+003,6.743520e-001
1.344646e+003,6.748308e-001
1.345128e+003,6.748468e-001
1.345610e+003,6.744171e-001
1.346092e+003,6.734684e-001
1.346574e+003,6.718313e-001
1.347056e+003,6.693031e-001
1.347538e+003,6.657445e-001
1.348020e+003,6.611521e-001
1.348502e+003,6.556597e-001
1.348985e+003,6.494749e-001
1.349467e+003,6.427836e-001
1.349949e+003,6.356928e-001
1.350431e+003,6.282357e-001
1.350913e+003,6.204323e-001
1.351395e+003,6.123548e-001
1.351877e+003,6.041521e-001
1.352359e+003,5.960172e-001
1.352842e+003,5.881170e-001
1.353324e+003,5.805278e-001
1.353806e+003,5.732093e-001
1.354288e+003,5.660343e-001
1.354770e+003,5.588571e-001
1.355252e+003,5.515873e-001
1.355734e+003,5.442228e-001
1.356216e+003,5.368297e-001
1.356698e+003,5.294861e-001
1.357181e+003,5.222324e-001
1.357663e+003,5.150560e-001
1.358145e+003,5.079130e-001
1.358627e+003,5.007679e-001
1.359109e+003,4.936158e-001
1.359591e+003,4.864745e-001
1.360073e+003,4.793485e-001
1.360556e+003,4.721850e-001
1.361038e+003,4.648578e-001
1.361520e+003,4.572091e-001
1.362002e+003,4.491577e-001
1.362484e+003,4.408249e-001
1.362966e+003,4.325713e-001
1.363448e+003,4.248788e-001
1.363930e+003,4.181466e-001
1.364413e+003,4.125585e-001
1.364895e+003,4.080876e-001
1.365377e+003,4.045869e-001
1.365859e+003,4.018844e-001
1.366341e+003,3.998499e-001
1.366823e+003,3.984244e-001
1.367305e+003,3.976225e-001
1.367787e+003,3.975093e-001
1.368270e+003,3.981605e-001
1.368752e+003,3.996202e-001
1.369234e+003,4.018806e-001
1.369716e+003,4.048950e-001
1.370198e+003,4.086218e-001
1.370680e+003,4.130796e-001
1.371162e+003,4.183970e-001
1.371644e+003,4.248403e-001
1.372126e+003,4.328121e-001
1.372609e+003,4.427942e-001
1.373091e+003,4.552067e-001
1.373573e+003,4.701749e-001
1.374055e+003,4.872978e-001
1.374537e+003,5.056267e-001
1.375019e+003,5.239871e-001
1.375501e+003,5.414579e-001
1.375984e+003,5.576254e-001
1.376466e+003,5.724580e-001
1.376948e+003,5.859840e-001
1.377430e+003,5.980171e-001
1.377912e+003,6.080728e-001
1.378394e+003,6.155021e-001
1.378876e+003,6.197764e-001
1.379358e+003,6.207479e-001
1.379841e+003,6.187071e-001
1.380323e+003,6.142021e-001
1.380805e+003,6.077800e-001
1.381287e+003,5.998361e-001
1.381769e+003,5.906393e-001
1.382251e+003,5.804610e-001
1.382733e+003,5.696722e-001
1.383215e+003,5.587184e-001
1.383698e+003,5.479855e-001
1.384180e+003,5.376459e-001
1.384662e+003,5.275801e-001
1.385144e+003,5.174105e-001
1.385626e+003,5.066521e-001
1.386108e+003,4.949561e-001
1.386590e+003,4.823723e-001
1.387072e+003,4.694588e-001
1.387554e+003,4.570898e-001
1.388037e+003,4.460506e-001
1.388519e+003,4.367258e-001
1.389001e+003,4.290802e-001
1.389483e+003,4.228559e-001
1.389965e+003,4.177800e-001
1.390447e+003,4.136823e-001
1.390929e+003,4.105137e-001
1.391411e+003,4.083114e-001
1.391894e+003,4.071552e-001
1.392376e+003,4.071440e-001
1.392858e+003,4.083935e-001
1.393340e+003,4.110350e-001
1.393822e+003,4.151822e-001
1.394304e+003,4.208473e-001
1.394786e+003,4.278516e-001
1.395269e+003,4.358261e-001
1.395751e+003,4.443580e-001
1.396233e+003,4.531882e-001
1.396715e+003,4.623208e-001
1.397197e+003,4.719920e-001
1.397679e+003,4.825390e-001
1.398161e+003,4.942075e-001
1.398643e+003,5.069396e-001
1.399125e+003,5.202504e-001
1.399608e+003,5.333332e-001
1.400090e+003,5.453910e-001
1.400572e+003,5.559640e-001
1.401054e+003,5.650274e-001
1.401536e+003,5.728651e-001
1.402018e+003,5.798825e-001
1.402500e+003,5.864654e-001
1.402982e+003,5.929034e-001
1.403465e+003,5.993508e-001
1.403947e+003,6.058139e-001
1.404429e+003,6.121749e-001
1.404911e+003,6.182717e-001
1.405393e+003,6.240067e-001
1.405875e+003,6.294233e-001
1.406357e+003,6.347007e-001
1.406839e+003,6.400849e-001
1.407322e+003,6.458123e-001
1.407804e+003,6.520671e-001
1.408286e+003,6.589718e-001
1.408768e+003,6.665984e-001
1.409250e+003,6.749792e-001
1.409732e+003,6.841066e-001
1.410214e+003,6.939124e-001
1.410697e+003,7.042363e-001
1.411179e+003,7.148005e-001
1.411661e+003,7.252157e-001
1.412143e+003,7.350248e-001
1.412625e+003,7.437769e-001
1.413107e+003,7.510992e-001
1.413589e+003,7.567498e-001
1.414071e+003,7.606310e-001
1.414553e+003,7.627684e-001
1.415036e+003,7.632578e-001
1.415518e+003,7.621940e-001
1.416000e+003,7.595840e-001
1.416482e+003,7.552567e-001
1.416964e+003,7.487929e-001
1.417446e+003,7.395464e-001
1.417928e+003,7.268853e-001
1.418410e+003,7.107393e-001
1.418893e+003,6.921396e-001
1.419375e+003,6.730579e-001
1.419857e+003,6.553934e-001
1.420339e+003,6.400632e-001
1.420821e+003,6.269388e-001
1.421303e+003,6.153171e-001
1.421785e+003,6.043534e-001
1.422267e+003,5.932960e-001
1.422750e+003,5.816144e-001
1.423232e+003,5.691248e-001
1.423714e+003,5.560922e-001
1.424196e+003,5.431813e-001
1.424678e+003,5.311776e-001
1.425160e+003,5.206283e-001
1.425642e+003,5.116677e-001
1.426125e+003,5.041054e-001
1.426607e+003,4.976274e-001
1.427089e+003,4.919587e-001
1.427571e+003,4.869362e-001
1.428053e+003,4.825138e-001
1.428535e+003,4.787239e-001
1.429017e+003,4.756216e-001
1.429499e+003,4.732378e-001
1.429981e+003,4.715680e-001
1.430464e+003,4.705914e-001
1.430946e+003,4.702963e-001
1.431428e+003,4.706742e-001
1.431910e+003,4.716945e-001
1.432392e+003,4.732803e-001
1.432874e+003,4.753197e-001
1.433356e+003,4.777043e-001
1.433839e+003,4.803853e-001
1.434321e+003,4.834200e-001
1.434803e+003,4.869897e-001
1.435285e+003,4.913574e-001
1.435767e+003,4.967195e-001
1.436249e+003,5.029634e-001
1.436731e+003,5.095369e-001
1.437213e+003,5.156934e-001
1.437695e+003,5.209746e-001
1.438178e+003,5.254306e-001
1.438660e+003,5.294521e-001
1.439142e+003,5.335066e-001
1.439624e+003,5.379848e-001
1.440106e+003,5.431544e-001
1.440588e+003,5.491689e-001
1.441070e+003,5.560949e-001
1.441552e+003,5.639517e-001
1.442035e+003,5.727432e-001
1.442517e+003,5.824724e-001
1.442999e+003,5.931295e-001
1.443481e+003,6.046706e-001
1.443963e+003,6.170220e-001
1.444445e+003,6.301314e-001
1.444927e+003,6.440607e-001
1.445409e+003,6.590832e-001
1.445892e+003,6.757237e-001
1.446374e+003,6.946771e-001
1.446856e+003,7.165595e-001
1.447338e+003,7.415186e-001
1.447820e+003,7.689103e-001
1.448302e+003,7.973782e-001
1.448784e+003,8.254545e-001
1.449266e+003,8.523033e-001
1.449749e+003,8.780373e-001
1.450231e+003,9.034597e-001
1.450713e+003,9.295135e-001
1.451195e+003,9.567623e-001
1.451677e+003,9.850805e-001
1.452159e+003,1.013655e+000
1.452641e+003,1.041342e+000
1.453123e+003,1.067239e+000
1.453606e+003,1.091137e+000
1.454088e+003,1.113594e+000
1.454570e+003,1.135624e+000
1.455052e+003,1.158200e+000
1.455534e+003,1.181677e+000
1.456016e+003,1.205177e+000
1.456498e+003,1.226239e+000
1.456980e+003,1.241815e+000
1.457463e+003,1.250745e+000
1.457945e+003,1.254609e+000
1.458427e+003,1.255402e+000
1.458909e+003,1.253797e+000
1.459391e+003,1.249755e+000
1.459873e+003,1.243583e+000
1.460355e+003,1.236252e+000
1.460837e+003,1.229085e+000
1.461320e+003,1.223264e+000
1.461802e+003,1.219463e+000
1.462284e+003,1.217681e+000
1.462766e+003,1.217274e+000
1.463248e+003,1.217192e+000
1.463730e+003,1.216481e+000
1.464212e+003,1.214915e+000
1.464694e+003,1.213220e+000
1.465177e+003,1.212360e+000
1.465659e+003,1.212278e+000
1.466141e+003,1.211294e+000
1.466623e+003,1.206739e+000
1.467105e+003,1.196260e+000
1.467587e+003,1.178898e+000
1.468069e+003,1.155327e+000
1.468551e+003,1.127233e+000
1.469034e+003,1.096241e+000
1.469516e+003,1.062900e+000
1.469998e+003,1.026067e+000
1.470480e+003,9.828886e-001
1.470962e+003,9.298137e-001
1.471444e+003,8.650465e-001
1.471926e+003,7.915735e-001
1.472408e+003,7.176340e-001
1.472891e+003,6.525168e-001
1.473373e+003,6.011409e-001
1.473855e+003,5.626467e-001
1.474337e+003,5.329800e-001
1.474819e+003,5.079387e-001
1.475301e+003,4.847578e-001
1.475783e+003,4.623934e-001
1.476265e+003,4.410820e-001
1.476748e+003,4.215829e-001
1.477230e+003,4.044648e-001
1.477712e+003,3.897421e-001
1.478194e+003,3.769287e-001
1.478676e+003,3.653171e-001
1.479158e+003,3.542612e-001
1.479640e+003,3.433511e-001
1.480122e+003,3.324682e-001
1.480604e+003,3.217458e-001
1.481087e+003,3.114547e-001
1.481569e+003,3.018561e-001
1.482051e+003,2.930897e-001
1.482533e+003,2.851597e-001
1.483015e+003,2.779983e-001
1.483497e+003,2.715429e-001
1.483979e+003,2.657652e-001
1.484462e+003,2.606498e-001
1.484944e+003,2.561491e-001
1.485426e+003,2.521494e-001
1.485908e+003,2.484721e-001
1.486390e+003,2.449249e-001
1.486872e+003,2.413782e-001
1.487354e+003,2.378214e-001
1.487836e+003,2.343470e-001
1.488318e+003,2.310529e-001
1.488801e+003,2.279117e-001
1.489283e+003,2.247156e-001
1.489765e+003,2.211937e-001
1.490247e+003,2.172609e-001
1.490729e+003,2.131516e-001
1.491211e+003,2.092831e-001
1.491693e+003,2.060034e-001
1.492176e+003,2.034563e-001
1.492658e+003,2.015934e-001
1.493140e+003,2.002471e-001
1.493622e+003,1.992005e-001
1.494104e+003,1.982400e-001
1.494586e+003,1.971966e-001
1.495068e+003,1.959819e-001
1.495550e+003,1.946086e-001
1.496032e+003,1.931724e-001
1.496515e+003,1.917794e-001
1.496997e+003,1.904556e-001
1.497479e+003,1.891227e-001
1.497961e+003,1.876742e-001
1.498443e+003,1.860784e-001
1.498925e+003,1.844148e-001
1.499407e+003,1.828277e-001
1.499890e+003,1.814442e-001
1.500372e+003,1.803134e-001
1.500854e+003,1.793969e-001
1.501336e+003,1.786056e-001
1.501818e+003,1.778567e-001
1.502300e+003,1.771189e-001
1.502782e+003,1.764298e-001
1.503264e+003,1.758863e-001
1.503746e+003,1.756223e-001
1.504229e+003,1.757795e-001
1.504711e+003,1.764783e-001
1.505193e+003,1.777717e-001
1.505675e+003,1.795438e-001
1.506157e+003,1.813307e-001
1.506639e+003,1.822778e-001
1.507121e+003,1.817428e-001
1.507604e+003,1.800778e-001
1.508086e+003,1.781484e-001
1.508568e+003,1.764254e-001
1.509050e+003,1.749314e-001
1.509532e+003,1.735500e-001
1.510014e+003,1.722009e-001
1.510496e+003,1.708803e-001
1.510978e+003,1.696421e-001
1.511461e+003,1.685582e-001
1.511943e+003,1.676795e-001
1.512425e+003,1.670155e-001
1.512907e+003,1.665422e-001
1.513389e+003,1.662306e-001
1.513871e+003,1.660732e-001
1.514353e+003,1.660930e-001
1.514835e+003,1.663244e-001
1.515318e+003,1.667678e-001
1.515800e+003,1.673281e-001
1.516282e+003,1.677853e-001
1.516764e+003,1.678695e-001
1.517246e+003,1.674395e-001
1.517728e+003,1.666031e-001
1.518210e+003,1.656470e-001
1.518692e+003,1.648742e-001
1.519175e+003,1.644979e-001
1.519657e+003,1.646053e-001
1.520139e+003,1.651337e-001
1.520621e+003,1.658291e-001
1.521103e+003,1.662686e-001
1.521585e+003,1.660883e-001
1.522067e+003,1.652972e-001
1.522549e+003,1.642615e-001
1.523031e+003,1.633561e-001
1.523514e+003,1.627385e-001
1.523996e+003,1.623666e-001
1.524478e+003,1.620962e-001
1.524960e+003,1.617648e-001
1.525442e+003,1.612546e-001
1.525924e+003,1.605364e-001
1.526406e+003,1.596746e-001
1.526889e+003,1.587775e-001
1.527371e+003,1.579288e-001
1.527853e+003,1.571539e-001
1.528335e+003,1.564394e-001
1.528817e+003,1.557758e-001
1.529299e+003,1.551875e-001
1.529781e+003,1.547329e-001
1.530263e+003,1.544813e-001
1.530745e+003,1.544841e-001
1.531228e+003,1.547472e-001
1.531710e+003,1.552051e-001
1.532192e+003,1.556993e-001
1.532674e+003,1.559849e-001
1.533156e+003,1.558258e-001
1.533638e+003,1.551715e-001
1.534120e+003,1.542351e-001
1.534603e+003,1.533324e-001
1.535085e+003,1.526689e-001
1.535567e+003,1.522913e-001
1.536049e+003,1.521584e-001
1.536531e+003,1.522169e-001
1.537013e+003,1.524431e-001
1.537495e+003,1.528656e-001
1.537977e+003,1.535687e-001
1.538459e+003,1.546694e-001
1.538942e+003,1.562211e-001
1.539424e+003,1.580167e-001
1.539906e+003,1.594320e-001
1.540388e+003,1.597430e-001
1.540870e+003,1.588506e-001
1.541352e+003,1.573699e-001
1.541834e+003,1.559735e-001
1.542317e+003,1.549663e-001
1.542799e+003,1.543110e-001
1.543281e+003,1.537872e-001
1.543763e+003,1.531320e-001
1.544245e+003,1.521678e-001
1.544727e+003,1.508920e-001
1.545209e+003,1.494741e-001
1.545691e+003,1.481495e-001
1.546173e+003,1.470985e-001
1.546656e+003,1.463940e-001
1.547138e+003,1.460170e-001
1.547620e+003,1.458955e-001
1.548102e+003,1.459337e-001
1.548584e+003,1.460290e-001
1.549066e+003,1.460867e-001
1.549548e+003,1.460393e-001
1.550031e+003,1.458664e-001
1.550513e+003,1.455972e-001
1.550995e+003,1.452878e-001
1.551477e+003,1.449957e-001
1.551959e+003,1.447686e-001
1.552441e+003,1.446482e-001
1.552923e+003,1.446722e-001
1.553405e+003,1.448661e-001
1.553887e+003,1.452238e-001
1.554370e+003,1.456911e-001
1.554852e+003,1.461791e-001
1.555334e+003,1.466048e-001
1.555816e+003,1.469345e-001
1.556298e+003,1.472020e-001
1.556780e+003,1.475021e-001
1.557262e+003,1.479663e-001
1.557745e+003,1.486927e-001
1.558227e+003,1.495426e-001
1.558709e+003,1.498775e-001
1.559191e+003,1.490084e-001
1.559673e+003,1.472660e-001
1.560155e+003,1.455321e-001
1.560637e+003,1.442394e-001
1.561119e+003,1.434061e-001
1.561601e+003,1.429247e-001
1.562084e+003,1.426792e-001
1.562566e+003,1.425678e-001
1.563048e+003,1.425030e-001
1.563530e+003,1.424147e-001
1.564012e+003,1.422613e-001
1.564494e+003,1.420424e-001
1.564976e+003,1.417983e-001
1.565458e+003,1.415906e-001
1.565941e+003,1.414713e-001
1.566423e+003,1.414663e-001
1.566905e+003,1.415759e-001
1.567387e+003,1.417852e-001
1.567869e+003,1.420687e-001
1.568351e+003,1.423811e-001
1.568833e+003,1.426449e-001
1.569315e+003,1.427528e-001
1.569798e+003,1.426194e-001
1.570280e+003,1.422452e-001
1.570762e+003,1.417238e-001
1.571244e+003,1.411825e-001
1.571726e+003,1.407292e-001
1.572208e+003,1.404363e-001
1.572690e+003,1.403476e-001
1.573172e+003,1.404860e-001
1.573655e+003,1.408546e-001
1.574137e+003,1.414297e-001
1.574619e+003,1.421442e-001
1.575101e+003,1.428657e-001
1.575583e+003,1.433952e-001
1.576065e+003,1.435310e-001
1.576547e+003,1.431952e-001
1.577029e+003,1.424917e-001
1.577512e+003,1.416129e-001
1.577994e+003,1.407137e-001
1.578476e+003,1.398762e-001
1.578958e+003,1.391381e-001
1.579440e+003,1.385266e-001
1.579922e+003,1.380696e-001
1.580404e+003,1.377905e-001
1.580886e+003,1.376925e-001
1.581369e+003,1.377457e-001
1.581851e+003,1.378891e-001
1.582333e+003,1.380496e-001
1.582815e+003,1.381700e-001
1.583297e+003,1.382286e-001
1.583779e+003,1.382401e-001
1.584261e+003,1.382387e-001
1.584743e+003,1.382568e-001
1.585226e+003,1.383064e-001
1.585708e+003,1.383779e-001
1.586190e+003,1.384516e-001
1.586672e+003,1.385161e-001
1.587154e+003,1.385800e-001
1.587636e+003,1.386701e-001
1.588118e+003,1.388171e-001
1.588600e+003,1.390359e-001
1.589083e+003,1.393147e-001
1.589565e+003,1.396167e-001
1.590047e+003,1.398994e-001
1.590529e+003,1.401380e-001
1.591011e+003,1.403395e-001
1.591493e+003,1.405394e-001
1.591975e+003,1.407817e-001
1.592457e+003,1.410950e-001
1.592940e+003,1.414748e-001
1.593422e+003,1.418831e-001
1.593904e+003,1.422651e-001
1.594386e+003,1.425751e-001
1.594868e+003,1.427993e-001
1.595350e+003,1.429589e-001
1.595832e+003,1.430967e-001
1.596314e+003,1.432532e-001
1.596797e+003,1.434467e-001
1.597279e+003,1.436717e-001
1.597761e+003,1.439104e-001
1.598243e+003,1.441514e-001
1.598725e+003,1.444000e-001
1.599207e+003,1.446786e-001
1.599689e+003,1.450139e-001
1.600171e+003,1.454203e-001
1.600654e+003,1.458872e-001
1.601136e+003,1.463806e-001
1.601618e+003,1.468584e-001
1.602100e+003,1.472907e-001
1.602582e+003,1.476766e-001
1.603064e+003,1.480432e-001
1.603546e+003,1.484290e-001
1.604028e+003,1.488630e-001
1.604510e+003,1.493496e-001
1.604993e+003,1.498700e-001
1.605475e+003,1.503961e-001
1.605957e+003,1.509067e-001
1.606439e+003,1.513982e-001
1.606921e+003,1.518835e-001
1.607403e+003,1.523778e-001
1.607885e+003,1.528828e-001
1.608368e+003,1.533757e-001
1.608850e+003,1.538158e-001
1.609332e+003,1.541668e-001
1.609814e+003,1.544180e-001
1.610296e+003,1.545963e-001
1.610778e+003,1.547563e-001
1.611260e+003,1.549581e-001
1.611742e+003,1.552439e-001
1.612224e+003,1.556268e-001
1.612707e+003,1.560933e-001
1.613189e+003,1.566202e-001
1.613671e+003,1.571916e-001
1.614153e+003,1.578112e-001
1.614635e+003,1.585014e-001
1.615117e+003,1.592881e-001
1.615599e+003,1.601656e-001
1.616082e+003,1.610570e-001
1.616564e+003,1.618128e-001
1.617046e+003,1.622971e-001
1.617528e+003,1.624942e-001
1.618010e+003,1.625142e-001
1.618492e+003,1.625028e-001
1.618974e+003,1.625676e-001
1.619456e+003,1.627601e-001
1.619938e+003,1.630889e-001
1.620421e+003,1.635369e-001
1.620903e+003,1.640737e-001
1.621385e+003,1.646612e-001
1.621867e+003,1.652536e-001
1.622349e+003,1.657954e-001
1.622831e+003,1.662257e-001
1.623313e+003,1.664975e-001
1.623796e+003,1.666024e-001
1.624278e+003,1.665783e-001
1.624760e+003,1.664914e-001
1.625242e+003,1.664104e-001
1.625724e+003,1.663899e-001
1.626206e+003,1.664600e-001
1.626688e+003,1.666181e-001
1.627170e+003,1.668206e-001
1.627652e+003,1.669890e-001
1.628135e+003,1.670387e-001
1.628617e+003,1.669254e-001
1.629099e+003,1.666726e-001
1.629581e+003,1.663586e-001
1.630063e+003,1.660765e-001
1.630545e+003,1.658975e-001
1.631027e+003,1.658556e-001
1.631510e+003,1.659482e-001
1.631992e+003,1.661508e-001
1.632474e+003,1.664365e-001
1.632956e+003,1.667961e-001
1.633438e+003,1.672520e-001
1.633920e+003,1.678570e-001
1.634402e+003,1.686625e-001
1.634884e+003,1.696377e-001
1.635367e+003,1.705646e-001
1.635849e+003,1.710558e-001
1.636331e+003,1.708272e-001
1.636813e+003,1.699515e-001
1.637295e+003,1.687432e-001
1.637777e+003,1.674917e-001
1.638259e+003,1.663511e-001
1.638741e+003,1.653636e-001
1.639224e+003,1.645109e-001
1.639706e+003,1.637522e-001
1.640188e+003,1.630501e-001
1.640670e+003,1.623875e-001
1.641152e+003,1.617744e-001
1.641634e+003,1.612411e-001
1.642116e+003,1.608250e-001
1.642598e+003,1.605554e-001
1.643081e+003,1.604460e-001
1.643563e+003,1.604950e-001
1.644045e+003,1.606924e-001
1.644527e+003,1.610264e-001
1.645009e+003,1.614830e-001
1.645491e+003,1.620259e-001
1.645973e+003,1.625527e-001
1.646455e+003,1.628612e-001
1.646938e+003,1.627166e-001
1.647420e+003,1.620396e-001
1.647902e+003,1.609970e-001
1.648384e+003,1.598590e-001
1.648866e+003,1.588307e-001
1.649348e+003,1.580139e-001
1.649830e+003,1.574447e-001
1.650312e+003,1.571329e-001
1.650795e+003,1.570794e-001
1.651277e+003,1.572746e-001
1.651759e+003,1.576650e-001
1.652241e+003,1.580717e-001
1.652723e+003,1.581054e-001
1.653205e+003,1.573560e-001
1.653687e+003,1.559259e-001
1.654169e+003,1.543702e-001
1.654651e+003,1.530427e-001
1.655134e+003,1.519618e-001
1.655616e+003,1.510312e-001
1.656098e+003,1.501718e-001
1.656580e+003,1.493488e-001
1.657062e+003,1.485645e-001
1.657544e+003,1.478462e-001
1.658026e+003,1.472287e-001
1.658509e+003,1.467429e-001
1.658991e+003,1.464051e-001
1.659473e+003,1.462150e-001
1.659955e+003,1.461572e-001
1.660437e+003,1.462058e-001
1.660919e+003,1.463230e-001
1.661401e+003,1.464510e-001
1.661883e+003,1.465050e-001
1.662365e+003,1.463851e-001
1.662848e+003,1.460207e-001
1.663330e+003,1.454215e-001
1.663812e+003,1.446836e-001
1.664294e+003,1.439389e-001
1.664776e+003,1.433004e-001
1.665258e+003,1.428406e-001
1.665740e+003,1.425964e-001
1.666223e+003,1.425803e-001
1.666705e+003,1.427861e-001
1.667187e+003,1.431877e-001
1.667669e+003,1.437299e-001
1.668151e+003,1.443208e-001
1.668633e+003,1.448295e-001
1.669115e+003,1.451093e-001
1.669597e+003,1.450524e-001
1.670079e+003,1.446471e-001
1.670562e+003,1.439881e-001
1.671044e+003,1.432203e-001
1.671526e+003,1.424733e-001
1.672008e+003,1.418319e-001
1.672490e+003,1.413397e-001
1.672972e+003,1.410122e-001
1.673454e+003,1.408436e-001
1.673937e+003,1.408010e-001
1.674419e+003,1.408179e-001
1.674901e+003,1.408026e-001
1.675383e+003,1.406815e-001
1.675865e+003,1.404500e-001
1.676347e+003,1.401743e-001
1.676829e+003,1.399416e-001
1.677311e+003,1.398143e-001
1.677793e+003,1.398157e-001
1.678276e+003,1.399350e-001
1.678758e+003,1.401367e-001
1.679240e+003,1.403719e-001
1.679722e+003,1.405957e-001
1.680204e+003,1.407890e-001
1.680686e+003,1.409717e-001
1.681168e+003,1.411997e-001
1.681651e+003,1.415454e-001
1.682133e+003,1.420726e-001
1.682615e+003,1.427981e-001
1.683097e+003,1.436253e-001
1.683579e+003,1.442683e-001
1.684061e+003,1.443341e-001
1.684543e+003,1.436903e-001
1.685025e+003,1.426589e-001
1.685507e+003,1.416662e-001
1.685990e+003,1.409231e-001
1.686472e+003,1.404444e-001
1.686954e+003,1.401654e-001
1.687436e+003,1.400041e-001
1.687918e+003,1.398824e-001
1.688400e+003,1.397300e-001
1.688882e+003,1.394919e-001
1.689365e+003,1.391396e-001
1.689847e+003,1.386811e-001
1.690329e+003,1.381590e-001
1.690811e+003,1.376374e-001
1.691293e+003,1.371809e-001
1.691775e+003,1.368419e-001
1.692257e+003,1.366576e-001
1.692739e+003,1.366539e-001
1.693221e+003,1.368533e-001
1.693704e+003,1.372789e-001
1.694186e+003,1.379510e-001
1.694668e+003,1.388660e-001
1.695150e+003,1.399578e-001
1.695632e+003,1.410692e-001
1.696114e+003,1.419977e-001
1.696596e+003,1.426181e-001
1.697078e+003,1.429497e-001
1.697561e+003,1.430998e-001
1.698043e+003,1.431686e-001
1.698525e+003,1.432004e-001
1.699007e+003,1.431728e-001
1.699489e+003,1.430120e-001
1.699971e+003,1.426474e-001
1.700453e+003,1.421033e-001
1.700935e+003,1.415167e-001
1.701418e+003,1.410336e-001
1.701900e+003,1.407212e-001
1.702382e+003,1.405805e-001
1.702864e+003,1.405907e-001
1.703346e+003,1.407316e-001
1.703828e+003,1.409824e-001
1.704310e+003,1.413077e-001
1.704792e+003,1.416426e-001
1.705275e+003,1.418950e-001
1.705757e+003,1.419823e-001
1.706239e+003,1.418785e-001
1.706721e+003,1.416288e-001
1.707203e+003,1.413163e-001
1.707685e+003,1.410194e-001
1.708167e+003,1.407920e-001
1.708649e+003,1.406605e-001
1.709132e+003,1.406299e-001
1.709614e+003,1.406922e-001
1.710096e+003,1.408350e-001
1.710578e+003,1.410526e-001
1.711060e+003,1.413520e-001
1.711542e+003,1.417546e-001
1.712024e+003,1.422916e-001
1.712506e+003,1.429944e-001
1.712989e+003,1.438827e-001
1.713471e+003,1.449525e-001
1.713953e+003,1.461698e-001
1.714435e+003,1.474729e-001
1.714917e+003,1.487869e-001
1.715399e+003,1.500394e-001
1.715881e+003,1.511614e-001
1.716363e+003,1.520677e-001
1.716846e+003,1.526380e-001
1.717328e+003,1.527489e-001
1.717810e+003,1.523706e-001
1.718292e+003,1.516353e-001
1.718774e+003,1.507710e-001
1.719256e+003,1.499746e-001
1.719738e+003,1.493524e-001
1.720220e+003,1.489350e-001
1.720703e+003,1.487131e-001
1.721185e+003,1.486604e-001
1.721667e+003,1.487421e-001
1.722149e+003,1.489168e-001
1.722631e+003,1.491354e-001
1.723113e+003,1.493467e-001
1.723595e+003,1.495057e-001
1.724077e+003,1.495869e-001
1.724560e+003,1.495897e-001
1.725042e+003,1.495365e-001
1.725524e+003,1.494624e-001
1.726006e+003,1.494042e-001
1.726488e+003,1.493925e-001
1.726970e+003,1.494463e-001
1.727452e+003,1.495710e-001
1.727934e+003,1.497562e-001
1.728417e+003,1.499781e-001
1.728899e+003,1.502043e-001
1.729381e+003,1.504063e-001
1.729863e+003,1.505724e-001
1.730345e+003,1.507151e-001
1.730827e+003,1.508685e-001
1.731309e+003,1.510705e-001
1.731791e+003,1.513384e-001
1.732274e+003,1.516374e-001
1.732756e+003,1.518403e-001
1.733238e+003,1.517073e-001
1.733720e+003,1.509701e-001
1.734202e+003,1.495672e-001
1.734684e+003,1.477915e-001
1.735166e+003,1.460732e-001
1.735648e+003,1.446730e-001
1.736130e+003,1.436349e-001
1.736613e+003,1.428933e-001
1.737095e+003,1.423610e-001
1.737577e+003,1.419587e-001
1.738059e+003,1.416184e-001
1.738541e+003,1.412786e-001
1.739023e+003,1.408902e-001
1.739505e+003,1.404296e-001
1.739988e+003,1.399111e-001
1.740470e+003,1.393786e-001
1.740952e+003,1.388819e-001
1.741434e+003,1.384544e-001
1.741916e+003,1.381059e-001
1.742398e+003,1.378238e-001
1.742880e+003,1.375814e-001
1.743362e+003,1.373468e-001
1.743844e+003,1.370991e-001
1.744327e+003,1.368390e-001
1.744809e+003,1.365922e-001
1.745291e+003,1.363985e-001
1.745773e+003,1.362962e-001
1.746255e+003,1.363050e-001
1.746737e+003,1.364125e-001
1.747219e+003,1.365682e-001
1.747702e+003,1.366898e-001
1.748184e+003,1.366866e-001
1.748666e+003,1.364922e-001
1.749148e+003,1.360837e-001
1.749630e+003,1.354780e-001
1.750112e+003,1.347107e-001
1.750594e+003,1.338191e-001
1.751076e+003,1.328413e-001
1.751558e+003,1.318253e-001
1.752041e+003,1.308316e-001
1.752523e+003,1.299235e-001
1.753005e+003,1.291537e-001
1.753487e+003,1.285583e-001
1.753969e+003,1.281546e-001
1.754451e+003,1.279417e-001
1.754933e+003,1.278977e-001
1.755416e+003,1.279733e-001
1.755898e+003,1.280921e-001
1.756380e+003,1.281656e-001
1.756862e+003,1.281284e-001
1.757344e+003,1.279693e-001
1.757826e+003,1.277329e-001
1.758308e+003,1.274898e-001
1.758790e+003,1.273012e-001
1.759273e+003,1.272009e-001
1.759755e+003,1.271910e-001
1.760237e+003,1.272440e-001
1.760719e+003,1.273065e-001
1.761201e+003,1.273102e-001
1.761683e+003,1.271922e-001
1.762165e+003,1.269245e-001
1.762647e+003,1.265289e-001
1.763130e+003,1.260664e-001
1.763612e+003,1.256076e-001
1.764094e+003,1.252118e-001
1.764576e+003,1.249197e-001
1.765058e+003,1.247552e-001
1.765540e+003,1.247275e-001
1.766022e+003,1.248292e-001
1.766504e+003,1.250330e-001
1.766987e+003,1.252929e-001
1.767469e+003,1.255552e-001
1.767951e+003,1.257821e-001
1.768433e+003,1.259714e-001
1.768915e+003,1.261598e-001
1.769397e+003,1.264035e-001
1.769879e+003,1.267517e-001
1.770361e+003,1.272197e-001
1.770844e+003,1.277635e-001
1.771326e+003,1.282648e-001
1.771808e+003,1.285556e-001
1.772290e+003,1.285049e-001
1.772772e+003,1.281126e-001
1.773254e+003,1.275048e-001
1.773736e+003,1.268352e-001
1.774218e+003,1.262042e-001
1.774701e+003,1.256471e-001
1.775183e+003,1.251611e-001
1.775665e+003,1.247363e-001
1.776147e+003,1.243734e-001
1.776629e+003,1.240870e-001
1.777111e+003,1.238968e-001
1.777593e+003,1.238157e-001
1.778075e+003,1.238380e-001
1.778557e+003,1.239360e-001
1.779040e+003,1.240632e-001
1.779522e+003,1.241664e-001
1.780004e+003,1.242051e-001
1.780486e+003,1.241694e-001
1.780968e+003,1.240852e-001
1.781450e+003,1.239978e-001
1.781932e+003,1.239459e-001
1.782415e+003,1.239437e-001
1.782897e+003,1.239770e-001
1.783379e+003,1.240111e-001
1.783861e+003,1.240042e-001
1.784343e+003,1.239228e-001
1.784825e+003,1.237545e-001
1.785307e+003,1.235143e-001
1.785789e+003,1.232397e-001
1.786271e+003,1.229759e-001
1.786754e+003,1.227648e-001
1.787236e+003,1.226384e-001
1.787718e+003,1.226204e-001
1.788200e+003,1.227286e-001
1.788682e+003,1.229746e-001
1.789164e+003,1.233600e-001
1.789646e+003,1.238685e-001
1.790129e+003,1.244574e-001
1.790611e+003,1.250496e-001
1.791093e+003,1.255396e-001
1.791575e+003,1.258205e-001
1.792057e+003,1.258357e-001
1.792539e+003,1.256165e-001
1.793021e+003,1.252657e-001
1.793503e+003,1.248951e-001
1.793985e+003,1.245730e-001
1.794468e+003,1.243151e-001
1.794950e+003,1.241045e-001
1.795432e+003,1.239164e-001
1.795914e+003,1.237356e-001
1.796396e+003,1.235653e-001
1.796878e+003,1.234246e-001
1.797360e+003,1.233400e-001
1.797843e+003,1.233336e-001
1.798325e+003,1.234119e-001
1.798807e+003,1.235611e-001
1.799289e+003,1.237464e-001
1.799771e+003,1.239165e-001
1.800253e+003,1.240149e-001
1.800735e+003,1.239952e-001
1.801217e+003,1.238362e-001
1.801699e+003,1.235483e-001
1.802182e+003,1.231671e-001
1.802664e+003,1.227408e-001
1.803146e+003,1.223186e-001
1.803628e+003,1.219435e-001
1.804110e+003,1.216479e-001
1.804592e+003,1.214499e-001
1.805074e+003,1.213514e-001
1.805557e+003,1.213385e-001
1.806039e+003,1.213869e-001
1.806521e+003,1.214705e-001
1.807003e+003,1.215693e-001
1.807485e+003,1.216750e-001
1.807967e+003,1.217904e-001
1.808449e+003,1.219226e-001
1.808931e+003,1.220742e-001
1.809413e+003,1.222342e-001
1.809896e+003,1.223756e-001
1.810378e+003,1.224608e-001
1.810860e+003,1.224552e-001
1.811342e+003,1.223425e-001
1.811824e+003,1.221351e-001
1.812306e+003,1.218703e-001
1.812788e+003,1.215972e-001
1.813271e+003,1.213610e-001
1.813753e+003,1.211914e-001
1.814235e+003,1.211003e-001
1.814717e+003,1.210831e-001
1.815199e+003,1.211230e-001
1.815681e+003,1.211944e-001
1.816163e+003,1.212686e-001
1.816645e+003,1.213193e-001
1.817127e+003,1.213300e-001
1.817610e+003,1.212976e-001
1.818092e+003,1.212326e-001
1.818574e+003,1.211540e-001
1.819056e+003,1.210837e-001
1.819538e+003,1.210400e-001
1.820020e+003,1.210343e-001
1.820502e+003,1.210701e-001
1.820984e+003,1.211461e-001
1.821467e+003,1.212586e-001
1.821949e+003,1.214048e-001
1.822431e+003,1.215815e-001
1.822913e+003,1.217808e-001
1.823395e+003,1.219834e-001
1.823877e+003,1.221552e-001
1.824359e+003,1.222537e-001
1.824841e+003,1.222472e-001
1.825324e+003,1.221379e-001
1.825806e+003,1.219698e-001
1.826288e+003,1.218149e-001
1.826770e+003,1.217474e-001
1.827252e+003,1.218239e-001
1.827734e+003,1.220679e-001
1.828216e+003,1.224583e-001
1.828698e+003,1.229183e-001
1.829181e+003,1.233169e-001
1.829663e+003,1.235088e-001
1.830145e+003,1.234055e-001
1.830627e+003,1.230275e-001
1.831109e+003,1.224845e-001
1.831591e+003,1.219071e-001
1.832073e+003,1.213921e-001
1.832555e+003,1.209890e-001
1.833038e+003,1.207088e-001
1.833520e+003,1.205414e-001
1.834002e+003,1.204678e-001
1.834484e+003,1.204667e-001
1.834966e+003,1.205173e-001
1.835448e+003,1.205979e-001
1.835930e+003,1.206847e-001
1.836412e+003,1.207525e-001
1.836895e+003,1.207796e-001
1.837377e+003,1.207550e-001
1.837859e+003,1.206859e-001
1.838341e+003,1.205990e-001
1.838823e+003,1.205339e-001
1.839305e+003,1.205319e-001
1.839787e+003,1.206232e-001
1.840269e+003,1.208215e-001
1.840752e+003,1.211230e-001
1.841234e+003,1.215112e-001
1.841716e+003,1.219602e-001
1.842198e+003,1.224351e-001
1.842680e+003,1.228903e-001
1.843162e+003,1.232696e-001
1.843644e+003,1.235151e-001
1.844126e+003,1.235895e-001
1.844609e+003,1.234956e-001
1.845091e+003,1.232765e-001
1.845573e+003,1.229924e-001
1.846055e+003,1.226936e-001
1.846537e+003,1.224084e-001
1.847019e+003,1.221433e-001
1.847501e+003,1.218892e-001
1.847983e+003,1.216308e-001
1.848466e+003,1.213555e-001
1.848948e+003,1.210613e-001
1.849430e+003,1.207607e-001
1.849912e+003,1.204776e-001
1.850394e+003,1.202403e-001
1.850876e+003,1.200715e-001
1.851358e+003,1.199819e-001
1.851840e+003,1.199660e-001
1.852323e+003,1.200038e-001
1.852805e+003,1.200671e-001
1.853287e+003,1.201282e-001
1.853769e+003,1.201685e-001
1.854251e+003,1.201831e-001
1.854733e+003,1.201791e-001
1.855215e+003,1.201700e-001
1.855697e+003,1.201685e-001
1.856180e+003,1.201817e-001
1.856662e+003,1.202098e-001
1.857144e+003,1.202473e-001
1.857626e+003,1.202868e-001
1.858108e+003,1.203219e-001
1.858590e+003,1.203490e-001
1.859072e+003,1.203663e-001
1.859554e+003,1.203740e-001
1.860036e+003,1.203725e-001
1.860519e+003,1.203649e-001
1.861001e+003,1.203567e-001
1.861483e+003,1.203568e-001
1.861965e+003,1.203780e-001
1.862447e+003,1.204334e-001
1.862929e+003,1.205351e-001
1.863411e+003,1.206931e-001
1.863894e+003,1.209150e-001
1.864376e+003,1.212075e-001
1.864858e+003,1.215771e-001
1.865340e+003,1.220297e-001
1.865822e+003,1.225665e-001
1.866304e+003,1.231775e-001
1.866786e+003,1.238303e-001
1.867268e+003,1.244610e-001
1.867750e+003,1.249741e-001
1.868233e+003,1.252635e-001
1.868715e+003,1.252564e-001
1.869197e+003,1.249537e-001
1.869679e+003,1.244335e-001
1.870161e+003,1.238107e-001
1.870643e+003,1.231885e-001
1.871125e+003,1.226338e-001
1.871608e+003,1.221776e-001
1.872090e+003,1.218262e-001
1.872572e+003,1.215735e-001
1.873054e+003,1.214096e-001
1.873536e+003,1.213231e-001
1.874018e+003,1.213021e-001
1.874500e+003,1.213337e-001
1.874982e+003,1.214040e-001
1.875464e+003,1.214987e-001
1.875947e+003,1.216060e-001
1.876429e+003,1.217174e-001
1.876911e+003,1.218294e-001
1.877393e+003,1.219410e-001
1.877875e+003,1.220522e-001
1.878357e+003,1.221604e-001
1.878839e+003,1.222596e-001
1.879322e+003,1.223409e-001
1.879804e+003,1.223963e-001
1.880286e+003,1.224220e-001
1.880768e+003,1.224222e-001
1.881250e+003,1.224092e-001
1.881732e+003,1.224000e-001
1.882214e+003,1.224119e-001
1.882696e+003,1.224569e-001
1.883179e+003,1.225372e-001
1.883661e+003,1.226449e-001
1.884143e+003,1.227647e-001
1.884625e+003,1.228789e-001
1.885107e+003,1.229752e-001
1.885589e+003,1.230511e-001
1.886071e+003,1.231142e-001
1.886553e+003,1.231795e-001
1.887036e+003,1.232620e-001
1.887518e+003,1.233694e-001
1.888000e+003,1.234950e-001
1.888482e+003,1.236138e-001
1.888964e+003,1.236862e-001
1.889446e+003,1.236719e-001
1.889928e+003,1.235507e-001
1.890410e+003,1.233354e-001
1.890893e+003,1.230698e-001
1.891375e+003,1.228132e-001
1.891857e+003,1.226210e-001
1.892339e+003,1.225323e-001
1.892821e+003,1.225616e-001
1.893303e+003,1.226965e-001
1.893785e+003,1.228985e-001
1.894267e+003,1.231104e-001
1.894750e+003,1.232732e-001
1.895232e+003,1.233451e-001
1.895714e+003,1.233152e-001
1.896196e+003,1.232047e-001
1.896678e+003,1.230535e-001
1.897160e+003,1.229046e-001
1.897642e+003,1.227902e-001
1.898124e+003,1.227264e-001
1.898607e+003,1.227149e-001
1.899089e+003,1.227477e-001
1.899571e+003,1.228125e-001
1.900053e+003,1.228972e-001
1.900535e+003,1.229911e-001
1.901017e+003,1.230835e-001
1.901499e+003,1.231645e-001
1.901981e+003,1.232251e-001
1.902464e+003,1.232597e-001
1.902946e+003,1.232691e-001
1.903428e+003,1.232608e-001
1.903910e+003,1.232492e-001
1.904392e+003,1.232504e-001
1.904874e+003,1.232797e-001
1.905356e+003,1.233477e-001
1.905838e+003,1.234595e-001
1.906321e+003,1.236160e-001
1.906803e+003,1.238143e-001
1.907285e+003,1.240473e-001
1.907767e+003,1.243015e-001
1.908249e+003,1.245534e-001
1.908731e+003,1.247699e-001
1.909213e+003,1.249131e-001
1.909695e+003,1.249517e-001
1.910177e+003,1.248731e-001
1.910660e+003,1.246894e-001
1.911142e+003,1.244350e-001
1.911624e+003,1.241562e-001
1.912106e+003,1.238993e-001
1.912588e+003,1.237019e-001
1.913070e+003,1.235880e-001
1.913552e+003,1.235688e-001
1.914035e+003,1.236465e-001
1.914517e+003,1.238184e-001
1.914999e+003,1.240787e-001
1.915481e+003,1.244149e-001
1.915963e+003,1.248019e-001
1.916445e+003,1.251936e-001
1.916927e+003,1.255229e-001
1.917409e+003,1.257159e-001
1.917891e+003,1.257225e-001
1.918374e+003,1.255459e-001
1.918856e+003,1.252485e-001
1.919338e+003,1.249262e-001
1.919820e+003,1.246684e-001
1.920302e+003,1.245313e-001
1.920784e+003,1.245258e-001
1.921266e+003,1.246207e-001
1.921749e+003,1.247524e-001
1.922231e+003,1.248443e-001
1.922713e+003,1.248349e-001
1.923195e+003,1.247020e-001
1.923677e+003,1.244706e-001
1.924159e+003,1.241951e-001
1.924641e+003,1.239301e-001
1.925123e+003,1.237110e-001
1.925605e+003,1.235477e-001
1.926088e+003,1.234316e-001
1.926570e+003,1.233479e-001
1.927052e+003,1.232852e-001
1.927534e+003,1.232414e-001
1.928016e+003,1.232230e-001
1.928498e+003,1.232388e-001
1.928980e+003,1.232943e-001
1.929463e+003,1.233871e-001
1.929945e+003,1.235068e-001
1.930427e+003,1.236384e-001
1.930909e+003,1.237665e-001
1.931391e+003,1.238778e-001
1.931873e+003,1.239628e-001
1.932355e+003,1.240147e-001
1.932837e+003,1.240303e-001
1.933319e+003,1.240100e-001
1.933802e+003,1.239606e-001
1.934284e+003,1.238951e-001
1.934766e+003,1.238312e-001
1.935248e+003,1.237852e-001
1.935730e+003,1.237656e-001
1.936212e+003,1.237699e-001
1.936694e+003,1.237852e-001
1.937177e+003,1.237955e-001
1.937659e+003,1.237914e-001
1.938141e+003,1.237787e-001
1.938623e+003,1.237796e-001
1.939105e+003,1.238272e-001
1.939587e+003,1.239527e-001
1.940069e+003,1.241734e-001
1.940551e+003,1.244820e-001
1.941033e+003,1.248421e-001
1.941516e+003,1.251935e-001
1.941998e+003,1.254685e-001
1.942480e+003,1.256175e-001
1.942962e+003,1.256282e-001
1.943444e+003,1.255291e-001
1.943926e+003,1.253709e-001
1.944408e+003,1.252034e-001
1.944891e+003,1.250591e-001
1.945373e+003,1.249503e-001
1.945855e+003,1.248740e-001
1.946337e+003,1.248210e-001
1.946819e+003,1.247833e-001
1.947301e+003,1.247572e-001
1.947783e+003,1.247435e-001
1.948265e+003,1.247435e-001
1.948747e+003,1.247574e-001
1.949230e+003,1.247836e-001
1.949712e+003,1.248205e-001
1.950194e+003,1.248685e-001
1.950676e+003,1.249307e-001
1.951158e+003,1.250115e-001
1.951640e+003,1.251125e-001
1.952122e+003,1.252297e-001
1.952604e+003,1.253525e-001
1.953087e+003,1.254657e-001
1.953569e+003,1.255546e-001
1.954051e+003,1.256108e-001
1.954533e+003,1.256343e-001
1.955015e+003,1.256350e-001
1.955497e+003,1.256271e-001
1.955979e+003,1.256249e-001
1.956461e+003,1.256381e-001
1.956944e+003,1.256708e-001
1.957426e+003,1.257241e-001
1.957908e+003,1.257983e-001
1.958390e+003,1.258948e-001
1.958872e+003,1.260146e-001
1.959354e+003,1.261555e-001
1.959836e+003,1.263085e-001
1.960318e+003,1.264567e-001
1.960801e+003,1.265783e-001
1.961283e+003,1.266530e-001
1.961765e+003,1.266693e-001
1.962247e+003,1.266311e-001
1.962729e+003,1.265574e-001
1.963211e+003,1.264784e-001
1.963693e+003,1.264267e-001
1.964175e+003,1.264284e-001
1.964658e+003,1.264967e-001
1.965140e+003,1.266280e-001
1.965622e+003,1.268032e-001
1.966104e+003,1.269910e-001
1.966586e+003,1.271556e-001
1.967068e+003,1.272668e-001
1.967550e+003,1.273083e-001
1.968032e+003,1.272817e-001
1.968515e+003,1.272052e-001
1.968997e+003,1.271053e-001
1.969479e+003,1.270108e-001
1.969961e+003,1.269455e-001
1.970443e+003,1.269251e-001
1.970925e+003,1.269548e-001
1.971407e+003,1.270311e-001
1.971889e+003,1.271435e-001
1.972372e+003,1.272793e-001
1.972854e+003,1.274264e-001
1.973336e+003,1.275765e-001
1.973818e+003,1.277247e-001
1.974300e+003,1.278693e-001
1.974782e+003,1.280085e-001
1.975264e+003,1.281409e-001
1.975746e+003,1.282652e-001
1.976229e+003,1.283817e-001
1.976711e+003,1.284941e-001
1.977193e+003,1.286089e-001
1.977675e+003,1.287337e-001
1.978157e+003,1.288740e-001
1.978639e+003,1.290303e-001
1.979121e+003,1.291974e-001
1.979603e+003,1.293654e-001
1.980086e+003,1.295235e-001
1.980568e+003,1.296633e-001
1.981050e+003,1.297814e-001
1.981532e+003,1.298786e-001
1.982014e+003,1.299588e-001
1.982496e+003,1.300266e-001
1.982978e+003,1.300868e-001
1.983460e+003,1.301450e-001
1.983943e+003,1.302097e-001
1.984425e+003,1.302928e-001
1.984907e+003,1.304092e-001
1.985389e+003,1.305718e-001
1.985871e+003,1.307877e-001
1.986353e+003,1.310524e-001
1.986835e+003,1.313511e-001
1.987317e+003,1.316608e-001
1.987800e+003,1.319608e-001
1.988282e+003,1.322387e-001
1.988764e+003,1.324965e-001
1.989246e+003,1.327463e-001
1.989728e+003,1.330033e-001
1.990210e+003,1.332732e-001
1.990692e+003,1.335452e-001
1.991174e+003,1.337903e-001
1.991656e+003,1.339697e-001
1.992139e+003,1.340504e-001
1.992621e+003,1.340212e-001
1.993103e+003,1.339001e-001
1.993585e+003,1.337268e-001
1.994067e+003,1.335484e-001
1.994549e+003,1.334032e-001
1.995031e+003,1.333125e-001
1.995514e+003,1.332799e-001
1.995996e+003,1.332969e-001
1.996478e+003,1.333496e-001
1.996960e+003,1.334253e-001
1.997442e+003,1.335163e-001
1.997924e+003,1.336184e-001
1.998406e+003,1.337287e-001
1.998888e+003,1.338412e-001
1.999370e+003,1.339466e-001
1.999853e+003,1.340355e-001
2.000335e+003,1.341017e-001
2.000817e+003,1.341465e-001
2.001299e+003,1.341793e-001
2.001781e+003,1.342130e-001
2.002263e+003,1.342589e-001
2.002745e+003,1.343211e-001
2.003228e+003,1.343946e-001
2.003710e+003,1.344676e-001
2.004192e+003,1.345268e-001
2.004674e+003,1.345634e-001
2.005156e+003,1.345769e-001
2.005638e+003,1.345745e-001
2.006120e+003,1.345680e-001
2.006602e+003,1.345686e-001
2.007085e+003,1.345832e-001
2.007567e+003,1.346134e-001
2.008049e+003,1.346574e-001
2.008531e+003,1.347134e-001
2.009013e+003,1.347815e-001
2.009495e+003,1.348640e-001
2.009977e+003,1.349627e-001
2.010459e+003,1.350766e-001
2.010942e+003,1.351995e-001
2.011424e+003,1.353203e-001
2.011906e+003,1.354267e-001
2.012388e+003,1.355098e-001
2.012870e+003,1.355686e-001
2.013352e+003,1.356110e-001
2.013834e+003,1.356521e-001
2.014316e+003,1.357097e-001
2.014799e+003,1.357983e-001
2.015281e+003,1.359241e-001
2.015763e+003,1.360818e-001
2.016245e+003,1.362546e-001
2.016727e+003,1.364177e-001
2.017209e+003,1.365453e-001
2.017691e+003,1.366173e-001
2.018173e+003,1.366249e-001
2.018656e+003,1.365724e-001
2.019138e+003,1.364751e-001
2.019620e+003,1.363544e-001
2.020102e+003,1.362326e-001
2.020584e+003,1.361273e-001
2.021066e+003,1.360481e-001
2.021548e+003,1.359951e-001
2.022030e+003,1.359593e-001
2.022513e+003,1.359278e-001
2.022995e+003,1.358875e-001
2.023477e+003,1.358300e-001
2.023959e+003,1.357541e-001
2.024441e+003,1.356650e-001
2.024923e+003,1.355705e-001
2.025405e+003,1.354770e-001
2.025887e+003,1.353860e-001
2.026370e+003,1.352922e-001
2.026852e+003,1.351861e-001
2.027334e+003,1.350578e-001
2.027816e+003,1.349025e-001
2.028298e+003,1.347242e-001
2.028780e+003,1.345362e-001
2.029262e+003,1.343595e-001
2.029744e+003,1.342162e-001
2.030227e+003,1.341241e-001
2.030709e+003,1.340906e-001
2.031191e+003,1.341091e-001
2.031673e+003,1.341600e-001
2.032155e+003,1.342147e-001
2.032637e+003,1.342411e-001
2.033119e+003,1.342141e-001
2.033601e+003,1.341204e-001
2.034083e+003,1.339621e-001
2.034566e+003,1.337561e-001
2.035048e+003,1.335293e-001
2.035530e+003,1.333106e-001
2.036012e+003,1.331243e-001
2.036494e+003,1.329840e-001
2.036976e+003,1.328920e-001
2.037458e+003,1.328415e-001
2.037941e+003,1.328211e-001
2.038423e+003,1.328195e-001
2.038905e+003,1.328284e-001
2.039387e+003,1.328426e-001
2.039869e+003,1.328583e-001
2.040351e+003,1.328701e-001
2.040833e+003,1.328707e-001
2.041315e+003,1.328515e-001
2.041797e+003,1.328048e-001
2.042280e+003,1.327270e-001
2.042762e+003,1.326202e-001
2.043244e+003,1.324902e-001
2.043726e+003,1.323454e-001
2.044208e+003,1.321921e-001
2.044690e+003,1.320341e-001
2.045172e+003,1.318725e-001
2.045655e+003,1.317087e-001
2.046137e+003,1.315469e-001
2.046619e+003,1.313953e-001
2.047101e+003,1.312655e-001
2.047583e+003,1.311686e-001
2.048065e+003,1.311102e-001
2.048547e+003,1.310875e-001
2.049029e+003,1.310885e-001
2.049511e+003,1.310952e-001
2.049994e+003,1.310894e-001
2.050476e+003,1.310588e-001
2.050958e+003,1.310004e-001
2.051440e+003,1.309227e-001
2.051922e+003,1.308410e-001
2.052404e+003,1.307732e-001
2.052886e+003,1.307329e-001
2.053369e+003,1.307261e-001
2.053851e+003,1.307493e-001
2.054333e+003,1.307915e-001
2.054815e+003,1.308380e-001
2.055297e+003,1.308748e-001
2.055779e+003,1.308929e-001
2.056261e+003,1.308897e-001
2.056743e+003,1.308691e-001
2.057226e+003,1.308397e-001
2.057708e+003,1.308107e-001
2.058190e+003,1.307894e-001
2.058672e+003,1.307784e-001
2.059154e+003,1.307754e-001
2.059636e+003,1.307750e-001
2.060118e+003,1.307720e-001
2.060600e+003,1.307638e-001
2.061083e+003,1.307535e-001
2.061564e+003,1.307483e-001
2.062047e+003,1.307573e-001
2.062529e+003,1.307870e-001
2.063011e+003,1.308376e-001
2.063493e+003,1.309015e-001
2.063975e+003,1.309642e-001
2.064458e+003,1.310095e-001
2.064939e+003,1.310249e-001
2.065422e+003,1.310062e-001
2.065904e+003,1.309591e-001
2.066386e+003,1.308963e-001
2.066868e+003,1.308318e-001
2.067350e+003,1.307764e-001
2.067832e+003,1.307333e-001
2.068314e+003,1.306992e-001
2.068796e+003,1.306670e-001
2.069279e+003,1.306300e-001
2.069761e+003,1.305851e-001
2.070243e+003,1.305341e-001
2.070725e+003,1.304833e-001
2.071207e+003,1.304397e-001
2.071689e+003,1.304092e-001
2.072171e+003,1.303946e-001
2.072653e+003,1.303958e-001
2.073136e+003,1.304114e-001
2.073618e+003,1.304385e-001
2.074100e+003,1.304746e-001
2.074582e+003,1.305164e-001
2.075064e+003,1.305598e-001
2.075546e+003,1.305989e-001
2.076028e+003,1.306282e-001
2.076510e+003,1.306436e-001
2.076993e+003,1.306439e-001
2.077475e+003,1.306319e-001
2.077957e+003,1.306133e-001
2.078439e+003,1.305942e-001
2.078921e+003,1.305796e-001
2.079403e+003,1.305711e-001
2.079885e+003,1.305675e-001
2.080367e+003,1.305659e-001
2.080850e+003,1.305648e-001
2.081332e+003,1.305639e-001
2.081814e+003,1.305653e-001
2.082296e+003,1.305713e-001
2.082778e+003,1.305827e-001
2.083260e+003,1.305985e-001
2.083742e+003,1.306160e-001
2.084225e+003,1.306334e-001
2.084707e+003,1.306516e-001
2.085189e+003,1.306754e-001
2.085671e+003,1.307122e-001
2.086153e+003,1.307694e-001
2.086635e+003,1.308512e-001
2.087117e+003,1.309549e-001
2.087599e+003,1.310710e-001
2.088082e+003,1.311851e-001
2.088563e+003,1.312810e-001
2.089046e+003,1.313449e-001
2.089528e+003,1.313694e-001
2.090010e+003,1.313537e-001
2.090492e+003,1.313037e-001
2.090974e+003,1.312299e-001
2.091456e+003,1.311445e-001
2.091938e+003,1.310592e-001
2.092420e+003,1.309836e-001
2.092903e+003,1.309240e-001
2.093385e+003,1.308827e-001
2.093867e+003,1.308579e-001
2.094349e+003,1.308451e-001
2.094831e+003,1.308389e-001
2.095313e+003,1.308352e-001
2.095795e+003,1.308352e-001
2.096278e+003,1.308446e-001
2.096760e+003,1.308736e-001
2.097242e+003,1.309326e-001
2.097724e+003,1.310279e-001
2.098206e+003,1.311582e-001
2.098688e+003,1.313127e-001
2.099170e+003,1.314740e-001
2.099652e+003,1.316222e-001
2.100135e+003,1.317410e-001
2.100617e+003,1.318216e-001
2.101099e+003,1.318634e-001
2.101581e+003,1.318739e-001
2.102063e+003,1.318638e-001
2.102545e+003,1.318440e-001
2.103027e+003,1.318226e-001
2.103509e+003,1.318050e-001
2.103992e+003,1.317951e-001
2.104474e+003,1.317962e-001
2.104956e+003,1.318121e-001
2.105438e+003,1.318451e-001
2.105920e+003,1.318957e-001
2.106402e+003,1.319611e-001
2.106884e+003,1.320345e-001
2.107366e+003,1.321071e-001
2.107849e+003,1.321713e-001
2.108331e+003,1.322217e-001
2.108813e+003,1.322572e-001
2.109295e+003,1.322804e-001
2.109777e+003,1.322954e-001
2.110259e+003,1.323077e-001
2.110741e+003,1.323223e-001
2.111223e+003,1.323446e-001
2.111706e+003,1.323806e-001
2.112188e+003,1.324376e-001
2.112670e+003,1.325208e-001
2.113152e+003,1.326323e-001
2.113634e+003,1.327667e-001
2.114116e+003,1.329115e-001
2.114598e+003,1.330481e-001
2.115081e+003,1.331574e-001
2.115563e+003,1.332259e-001
2.116045e+003,1.332504e-001
2.116527e+003,1.332410e-001
2.117009e+003,1.332172e-001
2.117491e+003,1.332020e-001
2.117973e+003,1.332145e-001
2.118455e+003,1.332628e-001
2.118938e+003,1.333429e-001
2.119419e+003,1.334403e-001
2.119902e+003,1.335362e-001
2.120384e+003,1.336145e-001
2.120866e+003,1.336674e-001
2.121348e+003,1.336975e-001
2.121830e+003,1.337166e-001
2.122312e+003,1.337403e-001
2.122794e+003,1.337834e-001
2.123276e+003,1.338550e-001
2.123759e+003,1.339559e-001
2.124241e+003,1.340795e-001
2.124723e+003,1.342132e-001
2.125205e+003,1.343417e-001
2.125687e+003,1.344509e-001
2.126169e+003,1.345306e-001
2.126651e+003,1.345758e-001
2.127134e+003,1.345883e-001
2.127616e+003,1.345760e-001
2.128098e+003,1.345517e-001
2.128580e+003,1.345303e-001
2.129062e+003,1.345260e-001
2.129544e+003,1.345493e-001
2.130026e+003,1.346052e-001
2.130508e+003,1.346929e-001
2.130991e+003,1.348065e-001
2.131473e+003,1.349380e-001
2.131955e+003,1.350795e-001
2.132437e+003,1.352261e-001
2.132919e+003,1.353758e-001
2.133401e+003,1.355291e-001
2.133883e+003,1.356872e-001
2.134365e+003,1.358490e-001
2.134848e+003,1.360105e-001
2.135330e+003,1.361643e-001
2.135812e+003,1.363014e-001
2.136294e+003,1.364154e-001
2.136776e+003,1.365046e-001
2.137258e+003,1.365734e-001
2.137740e+003,1.366319e-001
2.138222e+003,1.366928e-001
2.138705e+003,1.367664e-001
2.139187e+003,1.368573e-001
2.139669e+003,1.369626e-001
2.140151e+003,1.370729e-001
2.140633e+003,1.371756e-001
2.141115e+003,1.372607e-001
2.141597e+003,1.373240e-001
2.142079e+003,1.373702e-001
2.142562e+003,1.374102e-001
2.143044e+003,1.374581e-001
2.143526e+003,1.375261e-001
2.144008e+003,1.376201e-001
2.144490e+003,1.377377e-001
2.144972e+003,1.378711e-001
2.145454e+003,1.380087e-001
2.145937e+003,1.381402e-001
2.146418e+003,1.382584e-001
2.146901e+003,1.383610e-001
2.147383e+003,1.384487e-001
2.147865e+003,1.385237e-001
2.148347e+003,1.385877e-001
2.148829e+003,1.386421e-001
2.149311e+003,1.386876e-001
2.149793e+003,1.387254e-001
2.150275e+003,1.387570e-001
2.150758e+003,1.387835e-001
2.151240e+003,1.388046e-001
2.151722e+003,1.388178e-001
2.152204e+003,1.388185e-001
2.152686e+003,1.388027e-001
2.153168e+003,1.387694e-001
2.153650e+003,1.387230e-001
2.154133e+003,1.386734e-001
2.154615e+003,1.386340e-001
2.155097e+003,1.386170e-001
2.155579e+003,1.386295e-001
2.156061e+003,1.386692e-001
2.156543e+003,1.387248e-001
2.157025e+003,1.387777e-001
2.157507e+003,1.388073e-001
2.157990e+003,1.387949e-001
2.158472e+003,1.387279e-001
2.158954e+003,1.386020e-001
2.159436e+003,1.384209e-001
2.159918e+003,1.381953e-001
2.160400e+003,1.379419e-001
2.160882e+003,1.376804e-001
2.161364e+003,1.374314e-001
2.161847e+003,1.372129e-001
2.162329e+003,1.370361e-001
2.162811e+003,1.369027e-001
2.163293e+003,1.368038e-001
2.163775e+003,1.367231e-001
2.164257e+003,1.366422e-001
2.164739e+003,1.365478e-001
2.165221e+003,1.364378e-001
2.165704e+003,1.363221e-001
2.166186e+003,1.362192e-001
2.166668e+003,1.361487e-001
2.167150e+003,1.361222e-001
2.167632e+003,1.361377e-001
2.168114e+003,1.361790e-001
2.168596e+003,1.362210e-001
2.169078e+003,1.362381e-001
2.169561e+003,1.362128e-001
2.170042e+003,1.361403e-001
2.170525e+003,1.360283e-001
2.171007e+003,1.358918e-001
2.171489e+003,1.357474e-001
2.171971e+003,1.356075e-001
2.172453e+003,1.354798e-001
2.172936e+003,1.353685e-001
2.173417e+003,1.352777e-001
2.173900e+003,1.352133e-001
2.174382e+003,1.351823e-001
2.174864e+003,1.351893e-001
2.175346e+003,1.352324e-001
2.175828e+003,1.353008e-001
2.176310e+003,1.353760e-001
2.176792e+003,1.354367e-001
2.177274e+003,1.354649e-001
2.177757e+003,1.354518e-001
2.178239e+003,1.354002e-001
2.178721e+003,1.353230e-001
2.179203e+003,1.352388e-001
2.179685e+003,1.351660e-001
2.180167e+003,1.351192e-001
2.180649e+003,1.351058e-001
2.181131e+003,1.351260e-001
2.181614e+003,1.351740e-001
2.182096e+003,1.352389e-001
2.182578e+003,1.353073e-001
2.183060e+003,1.353639e-001
2.183542e+003,1.353958e-001
2.184024e+003,1.353948e-001
2.184506e+003,1.353602e-001
2.184989e+003,1.353004e-001
2.185471e+003,1.352300e-001
2.185953e+003,1.351656e-001
2.186435e+003,1.351195e-001
2.186917e+003,1.350946e-001
2.187399e+003,1.350845e-001
2.187881e+003,1.350760e-001
2.188363e+003,1.350560e-001
2.188845e+003,1.350185e-001
2.189328e+003,1.349681e-001
2.189810e+003,1.349186e-001
2.190292e+003,1.348881e-001
2.190774e+003,1.348908e-001
2.191256e+003,1.349310e-001
2.191738e+003,1.350022e-001
2.192220e+003,1.350897e-001
2.192703e+003,1.351785e-001
2.193185e+003,1.352582e-001
2.193667e+003,1.353277e-001
2.194149e+003,1.353929e-001
2.194631e+003,1.354624e-001
2.195113e+003,1.355405e-001
2.195595e+003,1.356243e-001
2.196077e+003,1.357039e-001
2.196560e+003,1.357654e-001
2.197042e+003,1.357971e-001
2.197524e+003,1.357941e-001
2.198006e+003,1.357598e-001
2.198488e+003,1.357040e-001
2.198970e+003,1.356398e-001
2.199452e+003,1.355792e-001
2.199934e+003,1.355317e-001
2.200417e+003,1.355041e-001
2.200898e+003,1.355018e-001
2.201381e+003,1.355295e-001
2.201863e+003,1.355912e-001
2.202345e+003,1.356868e-001
2.202827e+003,1.358114e-001
2.203309e+003,1.359532e-001
2.203792e+003,1.360958e-001
2.204273e+003,1.362217e-001
2.204756e+003,1.363179e-001
2.205238e+003,1.363798e-001
2.205720e+003,1.364129e-001
2.206202e+003,1.364316e-001
2.206684e+003,1.364548e-001
2.207166e+003,1.365013e-001
2.207648e+003,1.365850e-001
2.208130e+003,1.367135e-001
2.208613e+003,1.368864e-001
2.209095e+003,1.370978e-001
2.209577e+003,1.373370e-001
2.210059e+003,1.375912e-001
2.210541e+003,1.378473e-001
2.211023e+003,1.380944e-001
2.211505e+003,1.383252e-001
2.211987e+003,1.385379e-001
2.212470e+003,1.387367e-001
2.212952e+003,1.389299e-001
2.213434e+003,1.391277e-001
2.213916e+003,1.393390e-001
2.214398e+003,1.395679e-001
2.214880e+003,1.398132e-001
2.215362e+003,1.400689e-001
2.215844e+003,1.403276e-001
2.216327e+003,1.405837e-001
2.216809e+003,1.408346e-001
2.217291e+003,1.410818e-001
2.217773e+003,1.413293e-001
2.218255e+003,1.415812e-001
2.218737e+003,1.418398e-001
2.219219e+003,1.421050e-001
2.219701e+003,1.423747e-001
2.220184e+003,1.426462e-001
2.220666e+003,1.429174e-001
2.221148e+003,1.431859e-001
2.221630e+003,1.434490e-001
2.222112e+003,1.437017e-001
2.222594e+003,1.439372e-001
2.223076e+003,1.441473e-001
2.223559e+003,1.443267e-001
2.224041e+003,1.444741e-001
2.224523e+003,1.445947e-001
2.225005e+003,1.446991e-001
2.225487e+003,1.448013e-001
2.225969e+003,1.449137e-001
2.226451e+003,1.450442e-001
2.226933e+003,1.451937e-001
2.227416e+003,1.453571e-001
2.227897e+003,1.455254e-001
2.228380e+003,1.456880e-001
2.228862e+003,1.458364e-001
2.229344e+003,1.459645e-001
2.229826e+003,1.460701e-001
2.230308e+003,1.461536e-001
2.230790e+003,1.462180e-001
2.231272e+003,1.462693e-001
2.231754e+003,1.463155e-001
2.232237e+003,1.463655e-001
2.232719e+003,1.464273e-001
2.233201e+003,1.465062e-001
2.233683e+003,1.466017e-001
2.234165e+003,1.467082e-001
2.234647e+003,1.468160e-001
2.235129e+003,1.469148e-001
2.235612e+003,1.469969e-001
2.236094e+003,1.470603e-001
2.236576e+003,1.471086e-001
2.237058e+003,1.471496e-001
2.237540e+003,1.471921e-001
2.238022e+003,1.472425e-001
2.238504e+003,1.473044e-001
2.238986e+003,1.473777e-001
2.239469e+003,1.474618e-001
2.239951e+003,1.475574e-001
2.240433e+003,1.476668e-001
2.240915e+003,1.477934e-001
2.241397e+003,1.479390e-001
2.241879e+003,1.481010e-001
2.242361e+003,1.482711e-001
2.242843e+003,1.484356e-001
2.243326e+003,1.485795e-001
2.243808e+003,1.486903e-001
2.244290e+003,1.487622e-001
2.244772e+003,1.487990e-001
2.245254e+003,1.488132e-001
2.245736e+003,1.488225e-001
2.246218e+003,1.488463e-001
2.246700e+003,1.488998e-001
2.247183e+003,1.489906e-001
2.247665e+003,1.491173e-001
2.248147e+003,1.492694e-001
2.248629e+003,1.494299e-001
2.249111e+003,1.495789e-001
2.249593e+003,1.496976e-001
2.250075e+003,1.497714e-001
2.250557e+003,1.497931e-001
2.251040e+003,1.497637e-001
2.251522e+003,1.496913e-001
2.252004e+003,1.495891e-001
2.252486e+003,1.494718e-001
2.252968e+003,1.493525e-001
2.253450e+003,1.492409e-001
2.253932e+003,1.491413e-001
2.254415e+003,1.490536e-001
2.254896e+003,1.489744e-001
2.255379e+003,1.488988e-001
2.255861e+003,1.488221e-001
2.256343e+003,1.487411e-001
2.256825e+003,1.486541e-001
2.257307e+003,1.485622e-001
2.257789e+003,1.484674e-001
2.258271e+003,1.483728e-001
2.258753e+003,1.482807e-001
2.259236e+003,1.481923e-001
2.259718e+003,1.481052e-001
2.260200e+003,1.480147e-001
2.260682e+003,1.479135e-001
2.261164e+003,1.477950e-001
2.261646e+003,1.476544e-001
2.262128e+003,1.474920e-001
2.262611e+003,1.473124e-001
2.263093e+003,1.471240e-001
2.263575e+003,1.469363e-001
2.264057e+003,1.467561e-001
2.264539e+003,1.465861e-001
2.265021e+003,1.464238e-001
2.265503e+003,1.462638e-001
2.265985e+003,1.461000e-001
2.266468e+003,1.459278e-001
2.266950e+003,1.457467e-001
2.267432e+003,1.455586e-001
2.267914e+003,1.453667e-001
2.268396e+003,1.451729e-001
2.268878e+003,1.449766e-001
2.269360e+003,1.447748e-001
2.269842e+003,1.445630e-001
2.270325e+003,1.443383e-001
2.270807e+003,1.441004e-001
2.271289e+003,1.438535e-001
2.271771e+003,1.436053e-001
2.272253e+003,1.433657e-001
2.272735e+003,1.431453e-001
2.273217e+003,1.429526e-001
2.273699e+003,1.427927e-001
2.274182e+003,1.426656e-001
2.274664e+003,1.425654e-001
2.275146e+003,1.424811e-001
2.275628e+003,1.423971e-001
2.276110e+003,1.422971e-001
2.276592e+003,1.421681e-001
2.277074e+003,1.420037e-001
2.277556e+003,1.418063e-001
2.278039e+003,1.415874e-001
2.278521e+003,1.413629e-001
2.279003e+003,1.411492e-001
2.279485e+003,1.409564e-001
2.279967e+003,1.407862e-001
2.280449e+003,1.406311e-001
2.280931e+003,1.404787e-001
2.281414e+003,1.403169e-001
2.281896e+003,1.401398e-001
2.282378e+003,1.399506e-001
2.282860e+003,1.397608e-001
2.283342e+003,1.395873e-001
2.283824e+003,1.394466e-001
2.284306e+003,1.393504e-001
2.284788e+003,1.393029e-001
2.285271e+003,1.392998e-001
2.285752e+003,1.393310e-001
2.286235e+003,1.393833e-001
2.286717e+003,1.394436e-001
2.287199e+003,1.395009e-001
2.287681e+003,1.395482e-001
2.288163e+003,1.395816e-001
2.288645e+003,1.396012e-001
2.289127e+003,1.396093e-001
2.289609e+003,1.396098e-001
2.290092e+003,1.396068e-001
2.290574e+003,1.396034e-001
2.291056e+003,1.396001e-001
2.291538e+003,1.395955e-001
2.292020e+003,1.395877e-001
2.292502e+003,1.395759e-001
2.292984e+003,1.395627e-001
2.293467e+003,1.395546e-001
2.293949e+003,1.395609e-001
2.294431e+003,1.395902e-001
2.294913e+003,1.396475e-001
2.295395e+003,1.397312e-001
2.295877e+003,1.398338e-001
2.296359e+003,1.399448e-001
2.296841e+003,1.400549e-001
2.297323e+003,1.401606e-001
2.297806e+003,1.402659e-001
2.298288e+003,1.403802e-001
2.298770e+003,1.405142e-001
2.299252e+003,1.406737e-001
2.299734e+003,1.408562e-001
2.300216e+003,1.410502e-001
2.300698e+003,1.412389e-001
2.301181e+003,1.414053e-001
2.301663e+003,1.415396e-001
2.302145e+003,1.416415e-001
2.302627e+003,1.417204e-001
2.303109e+003,1.417917e-001
2.303591e+003,1.418709e-001
2.304073e+003,1.419690e-001
2.304555e+003,1.420908e-001
2.305038e+003,1.422348e-001
2.305520e+003,1.423970e-001
2.306002e+003,1.425734e-001
2.306484e+003,1.427619e-001
2.306966e+003,1.429624e-001
2.307448e+003,1.431744e-001
2.307930e+003,1.433957e-001
2.308412e+003,1.436203e-001
2.308895e+003,1.438394e-001
2.309376e+003,1.440441e-001
2.309859e+003,1.442277e-001
2.310341e+003,1.443883e-001
2.310823e+003,1.445287e-001
2.311305e+003,1.446555e-001
2.311787e+003,1.447761e-001
2.312270e+003,1.448967e-001
2.312751e+003,1.450214e-001
2.313234e+003,1.451518e-001
2.313716e+003,1.452892e-001
2.314198e+003,1.454348e-001
2.314680e+003,1.455910e-001
2.315162e+003,1.457603e-001
2.315644e+003,1.459445e-001
2.316126e+003,1.461431e-001
2.316608e+003,1.463525e-001
2.317091e+003,1.465668e-001
2.317573e+003,1.467788e-001
2.318055e+003,1.469822e-001
2.318537e+003,1.471732e-001
2.319019e+003,1.473518e-001
2.319501e+003,1.475215e-001
2.319983e+003,1.476886e-001
2.320465e+003,1.478593e-001
2.320948e+003,1.480397e-001
2.321430e+003,1.482325e-001
2.321912e+003,1.484378e-001
2.322394e+003,1.486531e-001
2.322876e+003,1.488746e-001
2.323358e+003,1.490987e-001
2.323840e+003,1.493230e-001
2.324323e+003,1.495457e-001
2.324805e+003,1.497667e-001
2.325287e+003,1.499859e-001
2.325769e+003,1.502030e-001
2.326251e+003,1.504188e-001
2.326733e+003,1.506346e-001
2.327215e+003,1.508546e-001
2.327697e+003,1.510849e-001
2.328179e+003,1.513328e-001
2.328662e+003,1.516043e-001
2.329144e+003,1.518999e-001
2.329626e+003,1.522120e-001
2.330108e+003,1.525247e-001
2.330590e+003,1.528155e-001
2.331072e+003,1.530611e-001
2.331554e+003,1.532435e-001
2.332037e+003,1.533538e-001
2.332519e+003,1.533941e-001
2.333001e+003,1.533744e-001
2.333483e+003,1.533078e-001
2.333965e+003,1.532063e-001
2.334447e+003,1.530795e-001
2.334929e+003,1.529354e-001
2.335411e+003,1.527834e-001
2.335894e+003,1.526381e-001
2.336375e+003,1.525204e-001
2.336858e+003,1.524550e-001
2.337340e+003,1.524653e-001
2.337822e+003,1.525661e-001
2.338304e+003,1.527582e-001
2.338786e+003,1.530269e-001
2.339268e+003,1.533430e-001
2.339750e+003,1.536686e-001
2.340232e+003,1.539648e-001
2.340715e+003,1.541989e-001
2.341197e+003,1.543490e-001
2.341679e+003,1.544066e-001
2.342161e+003,1.543716e-001
2.342643e+003,1.542467e-001
2.343125e+003,1.540294e-001
2.343607e+003,1.537101e-001
2.344090e+003,1.532753e-001
2.344572e+003,1.527194e-001
2.345054e+003,1.520586e-001
2.345536e+003,1.513395e-001
2.346018e+003,1.506333e-001
2.346500e+003,1.500188e-001
2.346982e+003,1.495624e-001
2.347464e+003,1.493067e-001
2.347947e+003,1.492683e-001
2.348429e+003,1.494435e-001
2.348911e+003,1.498130e-001
2.349393e+003,1.503475e-001
2.349875e+003,1.510087e-001
2.350357e+003,1.517522e-001
2.350839e+003,1.525292e-001
2.351321e+003,1.532941e-001
2.351804e+003,1.540150e-001
2.352286e+003,1.546827e-001
2.352768e+003,1.553135e-001
2.353250e+003,1.559431e-001
2.353732e+003,1.566096e-001
2.354214e+003,1.573395e-001
2.354696e+003,1.581374e-001
2.355178e+003,1.589839e-001
2.355661e+003,1.598421e-001
2.356143e+003,1.606662e-001
2.356625e+003,1.614109e-001
2.357107e+003,1.620381e-001
2.357589e+003,1.625205e-001
2.358071e+003,1.628437e-001
2.358553e+003,1.630128e-001
2.359035e+003,1.630540e-001
2.359518e+003,1.630140e-001
2.360000e+003,1.629485e-001
2.360482e+003,1.629039e-001
2.360964e+003,1.629002e-001
2.361446e+003,1.629226e-001
2.361928e+003,1.629292e-001
2.362410e+003,1.628686e-001
2.362893e+003,1.627052e-001
2.363375e+003,1.624362e-001
2.363857e+003,1.620958e-001
2.364339e+003,1.617427e-001
2.364821e+003,1.614358e-001
2.365303e+003,1.612131e-001
2.365785e+003,1.610801e-001
2.366267e+003,1.610105e-001
2.366750e+003,1.609601e-001
2.367231e+003,1.608824e-001
2.367714e+003,1.607439e-001
2.368196e+003,1.605304e-001
2.368678e+003,1.602447e-001
2.369160e+003,1.598989e-001
2.369642e+003,1.595076e-001
2.370124e+003,1.590823e-001
2.370606e+003,1.586311e-001
2.371088e+003,1.581606e-001
2.371571e+003,1.576785e-001
2.372053e+003,1.571952e-001
2.372535e+003,1.567226e-001
2.373017e+003,1.562730e-001
2.373499e+003,1.558556e-001
2.373981e+003,1.554759e-001
2.374463e+003,1.551334e-001
2.374946e+003,1.548232e-001
2.375428e+003,1.545377e-001
2.375910e+003,1.542687e-001
2.376392e+003,1.540095e-001
2.376874e+003,1.537568e-001
2.377356e+003,1.535100e-001
2.377838e+003,1.532697e-001
2.378320e+003,1.530349e-001
2.378803e+003,1.528019e-001
2.379285e+003,1.525629e-001
2.379767e+003,1.523090e-001
2.380249e+003,1.520331e-001
2.380731e+003,1.517334e-001
2.381213e+003,1.514161e-001
2.381695e+003,1.510949e-001
2.382177e+003,1.507874e-001
2.382660e+003,1.505107e-001
2.383142e+003,1.502746e-001
2.383624e+003,1.500800e-001
2.384106e+003,1.499182e-001
2.384588e+003,1.497758e-001
2.385070e+003,1.496405e-001
2.385552e+003,1.495073e-001
2.386034e+003,1.493817e-001
2.386517e+003,1.492782e-001
2.386999e+003,1.492156e-001
2.387481e+003,1.492101e-001
2.387963e+003,1.492680e-001
2.388445e+003,1.493833e-001
2.388927e+003,1.495377e-001
2.389409e+003,1.497062e-001
2.389891e+003,1.498629e-001
2.390374e+003,1.499882e-001
2.390856e+003,1.500724e-001
2.391338e+003,1.501160e-001
2.391820e+003,1.501285e-001
2.392302e+003,1.501231e-001
2.392784e+003,1.501131e-001
2.393266e+003,1.501092e-001
2.393749e+003,1.501170e-001
2.394230e+003,1.501381e-001
2.394713e+003,1.501693e-001
2.395195e+003,1.502058e-001
2.395677e+003,1.502414e-001
2.396159e+003,1.502709e-001
2.396641e+003,1.502914e-001
2.397123e+003,1.503036e-001
2.397605e+003,1.503113e-001
2.398087e+003,1.503214e-001
2.398570e+003,1.503416e-001
2.399052e+003,1.503782e-001
2.399534e+003,1.504356e-001
2.400016e+003,1.505140e-001
2.400498e+003,1.506108e-001
2.400980e+003,1.507210e-001
2.401462e+003,1.508381e-001
2.401945e+003,1.509553e-001
2.402427e+003,1.510658e-001
2.402909e+003,1.511633e-001
2.403391e+003,1.512427e-001
2.403873e+003,1.513009e-001
2.404355e+003,1.513384e-001
2.404837e+003,1.513594e-001
2.405319e+003,1.513719e-001
2.405802e+003,1.513856e-001
2.406284e+003,1.514094e-001
2.406766e+003,1.514491e-001
2.407248e+003,1.515054e-001
2.407730e+003,1.515744e-001
2.408212e+003,1.516493e-001
2.408694e+003,1.517228e-001
2.409176e+003,1.517891e-001
2.409659e+003,1.518451e-001
2.410141e+003,1.518897e-001
2.410623e+003,1.519225e-001
2.411105e+003,1.519430e-001
2.411587e+003,1.519511e-001
2.412069e+003,1.519473e-001
2.412551e+003,1.519354e-001
2.413033e+003,1.519221e-001
2.413516e+003,1.519161e-001
2.413998e+003,1.519251e-001
2.414480e+003,1.519535e-001
2.414962e+003,1.519981e-001
2.415444e+003,1.520503e-001
2.415926e+003,1.520971e-001
2.416408e+003,1.521267e-001
2.416890e+003,1.521324e-001
2.417373e+003,1.521151e-001
2.417854e+003,1.520830e-001
2.418337e+003,1.520473e-001
2.418819e+003,1.520174e-001
2.419301e+003,1.519971e-001
2.419783e+003,1.519829e-001
2.420265e+003,1.519657e-001
2.420748e+003,1.519347e-001
2.421229e+003,1.518817e-001
2.421712e+003,1.518045e-001
2.422194e+003,1.517076e-001
2.422676e+003,1.515998e-001
2.423158e+003,1.514916e-001
2.423640e+003,1.513913e-001
2.424122e+003,1.513037e-001
2.424604e+003,1.512288e-001
2.425086e+003,1.511645e-001
2.425569e+003,1.511066e-001
2.426051e+003,1.510519e-001
2.426533e+003,1.509985e-001
2.427015e+003,1.509463e-001
2.427497e+003,1.508962e-001
2.427979e+003,1.508495e-001
2.428461e+003,1.508070e-001
2.428943e+003,1.507682e-001
2.429426e+003,1.507305e-001
2.429908e+003,1.506900e-001
2.430390e+003,1.506418e-001
2.430872e+003,1.505818e-001
2.431354e+003,1.505081e-001
2.431836e+003,1.504223e-001
2.432318e+003,1.503292e-001
2.432801e+003,1.502360e-001
2.433283e+003,1.501487e-001
2.433765e+003,1.500697e-001
2.434247e+003,1.499956e-001
2.434729e+003,1.499176e-001
2.435211e+003,1.498232e-001
2.435693e+003,1.496999e-001
2.436175e+003,1.495397e-001
2.436657e+003,1.493414e-001
2.437140e+003,1.491112e-001
2.437622e+003,1.488604e-001
2.438104e+003,1.486012e-001
2.438586e+003,1.483441e-001
2.439068e+003,1.480939e-001
2.439550e+003,1.478502e-001
2.440032e+003,1.476086e-001
2.440515e+003,1.473639e-001
2.440997e+003,1.471132e-001
2.441479e+003,1.468573e-001
2.441961e+003,1.466024e-001
2.442443e+003,1.463566e-001
2.442925e+003,1.461306e-001
2.443407e+003,1.459321e-001
2.443889e+003,1.457648e-001
2.444372e+003,1.456270e-001
2.444854e+003,1.455109e-001
2.445336e+003,1.454048e-001
2.445818e+003,1.452954e-001
2.446300e+003,1.451710e-001
2.446782e+003,1.450243e-001
2.447264e+003,1.448539e-001
2.447746e+003,1.446643e-001
2.448229e+003,1.444651e-001
2.448710e+003,1.442687e-001
2.449193e+003,1.440877e-001
2.449675e+003,1.439339e-001
2.450157e+003,1.438158e-001
2.450639e+003,1.437388e-001
2.451121e+003,1.437037e-001
2.451604e+003,1.437057e-001
2.452085e+003,1.437342e-001
2.452567e+003,1.437729e-001
2.453050e+003,1.438014e-001
2.453532e+003,1.437993e-001
2.454014e+003,1.437513e-001
2.454496e+003,1.436509e-001
2.454978e+003,1.435033e-001
2.455460e+003,1.433253e-001
2.455942e+003,1.431400e-001
2.456425e+003,1.429710e-001
2.456907e+003,1.428354e-001
2.457389e+003,1.427393e-001
2.457871e+003,1.426778e-001
2.458353e+003,1.426366e-001
2.458835e+003,1.425988e-001
2.459317e+003,1.425493e-001
2.459799e+003,1.424792e-001
2.460282e+003,1.423866e-001
2.460764e+003,1.422750e-001
2.461246e+003,1.421511e-001
2.461728e+003,1.420213e-001
2.462210e+003,1.418907e-001
2.462692e+003,1.417629e-001
2.463174e+003,1.416402e-001
2.463656e+003,1.415246e-001
2.464139e+003,1.414179e-001
2.464621e+003,1.413213e-001
2.465103e+003,1.412347e-001
2.465585e+003,1.411566e-001
2.466067e+003,1.410846e-001
2.466549e+003,1.410166e-001
2.467031e+003,1.409506e-001
2.467514e+003,1.408860e-001
2.467996e+003,1.408227e-001
2.468478e+003,1.407607e-001
2.468960e+003,1.406998e-001
2.469442e+003,1.406403e-001
2.469924e+003,1.405823e-001
2.470406e+003,1.405270e-001
2.470888e+003,1.404762e-001
2.471371e+003,1.404308e-001
2.471853e+003,1.403895e-001
2.472334e+003,1.403483e-001
2.472817e+003,1.402997e-001
2.473299e+003,1.402363e-001
2.473781e+003,1.401529e-001
2.474263e+003,1.400494e-001
2.474745e+003,1.399325e-001
2.475228e+003,1.398142e-001
2.475709e+003,1.397087e-001
2.476192e+003,1.396285e-001
2.476674e+003,1.395805e-001
2.477156e+003,1.395654e-001
2.477638e+003,1.395792e-001
2.478120e+003,1.396153e-001
2.478603e+003,1.396685e-001
2.479084e+003,1.397351e-001
2.479566e+003,1.398137e-001
2.480049e+003,1.399024e-001
2.480531e+003,1.399972e-001
2.481013e+003,1.400916e-001
2.481495e+003,1.401766e-001
2.481977e+003,1.402441e-001
2.482459e+003,1.402892e-001
2.482941e+003,1.403119e-001
2.483423e+003,1.403169e-001
2.483906e+003,1.403119e-001
2.484388e+003,1.403041e-001
2.484870e+003,1.402985e-001
2.485352e+003,1.402970e-001
2.485834e+003,1.402980e-001
2.486316e+003,1.402994e-001
2.486798e+003,1.402987e-001
2.487281e+003,1.402949e-001
2.487763e+003,1.402887e-001
2.488245e+003,1.402816e-001
2.488727e+003,1.402765e-001
2.489209e+003,1.402770e-001
2.489691e+003,1.402883e-001
2.490173e+003,1.403159e-001
2.490655e+003,1.403649e-001
2.491138e+003,1.404380e-001
2.491620e+003,1.405332e-001
2.492102e+003,1.406438e-001
2.492584e+003,1.407579e-001
2.493066e+003,1.408622e-001
2.493548e+003,1.409445e-001
2.494030e+003,1.409969e-001
2.494512e+003,1.410180e-001
2.494995e+003,1.410113e-001
2.495477e+003,1.409836e-001
2.495959e+003,1.409426e-001
2.496441e+003,1.408949e-001
2.496923e+003,1.408452e-001
2.497405e+003,1.407975e-001
2.497887e+003,1.407560e-001
2.498370e+003,1.407256e-001
2.498852e+003,1.407117e-001
2.499333e+003,1.407185e-001
2.499816e+003,1.407479e-001
2.500298e+003,1.407981e-001
2.500780e+003,1.408643e-001
2.501262e+003,1.409399e-001
2.501744e+003,1.410174e-001
2.502227e+003,1.410904e-001
2.502708e+003,1.411531e-001
2.503191e+003,1.412011e-001
2.503673e+003,1.412311e-001
2.504155e+003,1.412426e-001
2.504637e+003,1.412382e-001
2.505119e+003,1.412254e-001
2.505601e+003,1.412151e-001
2.506083e+003,1.412195e-001
2.506565e+003,1.412483e-001
2.507048e+003,1.413046e-001
2.507530e+003,1.413829e-001
2.508012e+003,1.414710e-001
2.508494e+003,1.415543e-001
2.508976e+003,1.416218e-001
2.509458e+003,1.416702e-001
2.509940e+003,1.417057e-001
2.510422e+003,1.417402e-001
2.510905e+003,1.417859e-001
2.511387e+003,1.418483e-001
2.511869e+003,1.419231e-001
2.512351e+003,1.419970e-001
2.512833e+003,1.420527e-001
2.513315e+003,1.420766e-001
2.513797e+003,1.420655e-001
2.514280e+003,1.420280e-001
2.514762e+003,1.419832e-001
2.515244e+003,1.419551e-001
2.515726e+003,1.419650e-001
2.516208e+003,1.420260e-001
2.516690e+003,1.421415e-001
2.517172e+003,1.423056e-001
2.517654e+003,1.425068e-001
2.518137e+003,1.427305e-001
2.518619e+003,1.429619e-001
2.519101e+003,1.431871e-001
2.519583e+003,1.433925e-001
2.520065e+003,1.435655e-001
2.520547e+003,1.436959e-001
2.521029e+003,1.437781e-001
2.521511e+003,1.438121e-001
2.521994e+003,1.438051e-001
2.522476e+003,1.437690e-001
2.522958e+003,1.437187e-001
2.523440e+003,1.436679e-001
2.523922e+003,1.436272e-001
2.524404e+003,1.436029e-001
2.524886e+003,1.435975e-001
2.525369e+003,1.436114e-001
2.525851e+003,1.436443e-001
2.526333e+003,1.436951e-001
2.526815e+003,1.437622e-001
2.527297e+003,1.438434e-001
2.527779e+003,1.439353e-001
2.528261e+003,1.440339e-001
2.528743e+003,1.441359e-001
2.529226e+003,1.442382e-001
2.529708e+003,1.443380e-001
2.530189e+003,1.444306e-001
2.530672e+003,1.445099e-001
2.531154e+003,1.445671e-001
2.531636e+003,1.445941e-001
2.532118e+003,1.445856e-001
2.532600e+003,1.445431e-001
2.533083e+003,1.444769e-001
2.533564e+003,1.444039e-001
2.534047e+003,1.443441e-001
2.534529e+003,1.443147e-001
2.535011e+003,1.443250e-001
2.535493e+003,1.443740e-001
2.535975e+003,1.444518e-001
2.536458e+003,1.445440e-001
2.536939e+003,1.446366e-001
2.537421e+003,1.447211e-001
2.537904e+003,1.447951e-001
2.538386e+003,1.448617e-001
2.538868e+003,1.449258e-001
2.539350e+003,1.449908e-001
2.539832e+003,1.450571e-001
2.540314e+003,1.451223e-001
2.540796e+003,1.451826e-001
2.541278e+003,1.452348e-001
2.541761e+003,1.452782e-001
2.542243e+003,1.453135e-001
2.542725e+003,1.453427e-001
2.543207e+003,1.453678e-001
2.543689e+003,1.453908e-001
2.544171e+003,1.454135e-001
2.544653e+003,1.454391e-001
2.545136e+003,1.454724e-001
2.545618e+003,1.455185e-001
2.546100e+003,1.455817e-001
2.546582e+003,1.456634e-001
2.547064e+003,1.457603e-001
2.547546e+003,1.458654e-001
2.548028e+003,1.459687e-001
2.548510e+003,1.460611e-001
2.548993e+003,1.461357e-001
2.549475e+003,1.461898e-001
2.549957e+003,1.462256e-001
2.550439e+003,1.462489e-001
2.550921e+003,1.462687e-001
2.551403e+003,1.462956e-001
2.551885e+003,1.463413e-001
2.552367e+003,1.464173e-001
2.552850e+003,1.465335e-001
2.553332e+003,1.466956e-001
2.553814e+003,1.469033e-001
2.554296e+003,1.471501e-001
2.554778e+003,1.474236e-001
2.555260e+003,1.477086e-001
2.555742e+003,1.479915e-001
2.556225e+003,1.482632e-001
2.556707e+003,1.485211e-001
2.557188e+003,1.487671e-001
2.557671e+003,1.490056e-001
2.558153e+003,1.492396e-001
2.558635e+003,1.494676e-001
2.559117e+003,1.496846e-001
2.559599e+003,1.498845e-001
2.560082e+003,1.500627e-001
2.560563e+003,1.502204e-001
2.561045e+003,1.503638e-001
2.561528e+003,1.505028e-001
2.562010e+003,1.506476e-001
2.562492e+003,1.508043e-001
2.562974e+003,1.509734e-001
2.563456e+003,1.511492e-001
2.563938e+003,1.513230e-001
2.564420e+003,1.514845e-001
2.564903e+003,1.516251e-001
2.565385e+003,1.517386e-001
2.565867e+003,1.518216e-001
2.566349e+003,1.518730e-001
2.566831e+003,1.518939e-001
2.567313e+003,1.518894e-001
2.567795e+003,1.518683e-001
2.568277e+003,1.518442e-001
2.568760e+003,1.518328e-001
2.569242e+003,1.518497e-001
2.569724e+003,1.519044e-001
2.570206e+003,1.519986e-001
2.570688e+003,1.521235e-001
2.571170e+003,1.522618e-001
2.571652e+003,1.523917e-001
2.572134e+003,1.524922e-001
2.572617e+003,1.525477e-001
2.573099e+003,1.525511e-001
2.573581e+003,1.525043e-001
2.574063e+003,1.524169e-001
2.574545e+003,1.523036e-001
2.575027e+003,1.521806e-001
2.575509e+003,1.520637e-001
2.575992e+003,1.519648e-001
2.576474e+003,1.518912e-001
2.576956e+003,1.518445e-001
2.577438e+003,1.518216e-001
2.577920e+003,1.518162e-001
2.578402e+003,1.518220e-001
2.578884e+003,1.518355e-001
2.579366e+003,1.518568e-001
2.579849e+003,1.518898e-001
2.580331e+003,1.519386e-001
2.580813e+003,1.520044e-001
2.581295e+003,1.520823e-001
2.581777e+003,1.521611e-001
2.582259e+003,1.522256e-001
2.582741e+003,1.522626e-001
2.583223e+003,1.522663e-001
2.583706e+003,1.522417e-001
2.584188e+003,1.522043e-001
2.584670e+003,1.521752e-001
2.585152e+003,1.521739e-001
2.585634e+003,1.522122e-001
2.586116e+003,1.522898e-001
2.586598e+003,1.523961e-001
2.587081e+003,1.525143e-001
2.587563e+003,1.526283e-001
2.588044e+003,1.527273e-001
2.588527e+003,1.528092e-001
2.589009e+003,1.528778e-001
2.589491e+003,1.529401e-001
2.589973e+003,1.530023e-001
2.590455e+003,1.530669e-001
2.590938e+003,1.531340e-001
2.591419e+003,1.532022e-001
2.591901e+003,1.532711e-001
2.592384e+003,1.533428e-001
2.592866e+003,1.534193e-001
2.593348e+003,1.535023e-001
2.593830e+003,1.535891e-001
2.594312e+003,1.536734e-001
2.594794e+003,1.537465e-001
2.595276e+003,1.538003e-001
2.595759e+003,1.538309e-001
2.596241e+003,1.538408e-001
2.596723e+003,1.538388e-001
2.597205e+003,1.538382e-001
2.597687e+003,1.538531e-001
2.598169e+003,1.538953e-001
2.598651e+003,1.539723e-001
2.599133e+003,1.540855e-001
2.599616e+003,1.542311e-001
2.600098e+003,1.544006e-001
2.600580e+003,1.545807e-001
2.601062e+003,1.547556e-001
2.601544e+003,1.549089e-001
2.602026e+003,1.550260e-001
2.602508e+003,1.550981e-001
2.602990e+003,1.551241e-001
2.603473e+003,1.551119e-001
2.603955e+003,1.550764e-001
2.604437e+003,1.550353e-001
2.604919e+003,1.550049e-001
2.605401e+003,1.549949e-001
2.605883e+003,1.550074e-001
2.606365e+003,1.550373e-001
2.606848e+003,1.550764e-001
2.607330e+003,1.551169e-001
2.607812e+003,1.551546e-001
2.608294e+003,1.551889e-001
2.608776e+003,1.552221e-001
2.609258e+003,1.552559e-001
2.609740e+003,1.552894e-001
2.610222e+003,1.553192e-001
2.610705e+003,1.553399e-001
2.611187e+003,1.553488e-001
2.611669e+003,1.553469e-001
2.612151e+003,1.553412e-001
2.612633e+003,1.553430e-001
2.613115e+003,1.553651e-001
2.613597e+003,1.554189e-001
2.614079e+003,1.555106e-001
2.614562e+003,1.556408e-001
2.615043e+003,1.558047e-001
2.615526e+003,1.559944e-001
2.616008e+003,1.562010e-001
2.616490e+003,1.564157e-001
2.616972e+003,1.566314e-001
2.617454e+003,1.568431e-001
2.617937e+003,1.570469e-001
2.618418e+003,1.572422e-001
2.618900e+003,1.574309e-001
2.619383e+003,1.576178e-001
2.619865e+003,1.578102e-001
2.620347e+003,1.580159e-001
2.620829e+003,1.582409e-001
2.621311e+003,1.584878e-001
2.621793e+003,1.587535e-001
2.622275e+003,1.590306e-001
2.622758e+003,1.593089e-001
2.623240e+003,1.595784e-001
2.623722e+003,1.598320e-001
2.624204e+003,1.600674e-001
2.624686e+003,1.602872e-001
2.625168e+003,1.604975e-001
2.625650e+003,1.607055e-001
2.626132e+003,1.609176e-001
2.626615e+003,1.611367e-001
2.627097e+003,1.613628e-001
2.627579e+003,1.615922e-001
2.628061e+003,1.618197e-001
2.628543e+003,1.620406e-001
2.629025e+003,1.622514e-001
2.629507e+003,1.624520e-001
2.629989e+003,1.626451e-001
2.630472e+003,1.628359e-001
2.630954e+003,1.630300e-001
2.631436e+003,1.632331e-001
2.631918e+003,1.634475e-001
2.632400e+003,1.636733e-001
2.632882e+003,1.639068e-001
2.633364e+003,1.641419e-001
2.633846e+003,1.643711e-001
2.634329e+003,1.645872e-001
2.634811e+003,1.647840e-001
2.635293e+003,1.649576e-001
2.635775e+003,1.651066e-001
2.636257e+003,1.652314e-001
2.636739e+003,1.653351e-001
2.637221e+003,1.654221e-001
2.637704e+003,1.654978e-001
2.638186e+003,1.655689e-001
2.638667e+003,1.656408e-001
2.639150e+003,1.657192e-001
2.639632e+003,1.658074e-001
2.640114e+003,1.659074e-001
2.640596e+003,1.660195e-001
2.641078e+003,1.661426e-001
2.641561e+003,1.662744e-001
2.642042e+003,1.664121e-001
2.642525e+003,1.665526e-001
2.643007e+003,1.666922e-001
2.643489e+003,1.668275e-001
2.643971e+003,1.669557e-001
2.644453e+003,1.670753e-001
2.644935e+003,1.671869e-001
2.645417e+003,1.672939e-001
2.645899e+003,1.674012e-001
2.646382e+003,1.675146e-001
2.646864e+003,1.676388e-001
2.647346e+003,1.677760e-001
2.647828e+003,1.679246e-001
2.648310e+003,1.680798e-001
2.648792e+003,1.682347e-001
2.649274e+003,1.683827e-001
2.649756e+003,1.685194e-001
2.650239e+003,1.686449e-001
2.650721e+003,1.687630e-001
2.651203e+003,1.688807e-001
2.651685e+003,1.690062e-001
2.652167e+003,1.691469e-001
2.652649e+003,1.693072e-001
2.653131e+003,1.694884e-001
2.653614e+003,1.696876e-001
2.654096e+003,1.699002e-001
2.654578e+003,1.701204e-001
2.655060e+003,1.703426e-001
2.655542e+003,1.705628e-001
2.656024e+003,1.707789e-001
2.656506e+003,1.709904e-001
2.656988e+003,1.711983e-001
2.657471e+003,1.714046e-001
2.657953e+003,1.716110e-001
2.658435e+003,1.718198e-001
2.658917e+003,1.720327e-001
2.659399e+003,1.722507e-001
2.659881e+003,1.724748e-001
2.660363e+003,1.727047e-001
2.660845e+003,1.729396e-001
2.661328e+003,1.731777e-001
2.661810e+003,1.734170e-001
2.662292e+003,1.736561e-001
2.662774e+003,1.738948e-001
2.663256e+003,1.741351e-001
2.663738e+003,1.743807e-001
2.664220e+003,1.746362e-001
2.664703e+003,1.749050e-001
2.665185e+003,1.751873e-001
2.665667e+003,1.754781e-001
2.666149e+003,1.757682e-001
2.666631e+003,1.760457e-001
2.667113e+003,1.762985e-001
2.667595e+003,1.765186e-001
2.668077e+003,1.767041e-001
2.668560e+003,1.768593e-001
2.669042e+003,1.769933e-001
2.669523e+003,1.771166e-001
2.670006e+003,1.772365e-001
2.670488e+003,1.773561e-001
2.670970e+003,1.774734e-001
2.671452e+003,1.775831e-001
2.671934e+003,1.776801e-001
2.672417e+003,1.777614e-001
2.672898e+003,1.778281e-001
2.673381e+003,1.778840e-001
2.673863e+003,1.779334e-001
2.674345e+003,1.779795e-001
2.674827e+003,1.780228e-001
2.675309e+003,1.780610e-001
2.675792e+003,1.780920e-001
2.676273e+003,1.781151e-001
2.676755e+003,1.781338e-001
2.677238e+003,1.781552e-001
2.677720e+003,1.781885e-001
2.678202e+003,1.782431e-001
2.678684e+003,1.783243e-001
2.679166e+003,1.784322e-001
2.679648e+003,1.785609e-001
2.680130e+003,1.786989e-001
2.680612e+003,1.788319e-001
2.681095e+003,1.789451e-001
2.681577e+003,1.790269e-001
2.682059e+003,1.790707e-001
2.682541e+003,1.790766e-001
2.683023e+003,1.790524e-001
2.683505e+003,1.790115e-001
2.683987e+003,1.789702e-001
2.684470e+003,1.789432e-001
2.684952e+003,1.789397e-001
2.685434e+003,1.789599e-001
2.685916e+003,1.789939e-001
2.686398e+003,1.790253e-001
2.686880e+003,1.790353e-001
2.687362e+003,1.790089e-001
2.687844e+003,1.789393e-001
2.688327e+003,1.788306e-001
2.688809e+003,1.786948e-001
2.689291e+003,1.785481e-001
2.689773e+003,1.784037e-001
2.690255e+003,1.782684e-001
2.690737e+003,1.781405e-001
2.691219e+003,1.780117e-001
2.691701e+003,1.778717e-001
2.692184e+003,1.777138e-001
2.692666e+003,1.775371e-001
2.693148e+003,1.773485e-001
2.693630e+003,1.771596e-001
2.694112e+003,1.769827e-001
2.694594e+003,1.768275e-001
2.695076e+003,1.766986e-001
2.695559e+003,1.765950e-001
2.696041e+003,1.765132e-001
2.696522e+003,1.764486e-001
2.697005e+003,1.763975e-001
2.697487e+003,1.763588e-001
2.697969e+003,1.763313e-001
2.698451e+003,1.763140e-001
2.698933e+003,1.763038e-001
2.699416e+003,1.762968e-001
2.699897e+003,1.762889e-001
2.700379e+003,1.762780e-001
2.700862e+003,1.762644e-001
2.701344e+003,1.762512e-001
2.701826e+003,1.762418e-001
2.702308e+003,1.762376e-001
2.702790e+003,1.762366e-001
2.703272e+003,1.762328e-001
2.703754e+003,1.762186e-001
2.704237e+003,1.761882e-001
2.704719e+003,1.761397e-001
2.705201e+003,1.760782e-001
2.705683e+003,1.760125e-001
2.706165e+003,1.759535e-001
2.706647e+003,1.759088e-001
2.707129e+003,1.758802e-001
2.707611e+003,1.758632e-001
2.708094e+003,1.758498e-001
2.708576e+003,1.758339e-001
2.709058e+003,1.758158e-001
2.709540e+003,1.758053e-001
2.710022e+003,1.758210e-001
2.710504e+003,1.758843e-001
2.710986e+003,1.760128e-001
2.711468e+003,1.762142e-001
2.711951e+003,1.764819e-001
2.712433e+003,1.767968e-001
2.712915e+003,1.771321e-001
2.713397e+003,1.774604e-001
2.713879e+003,1.777608e-001
2.714361e+003,1.780229e-001
2.714843e+003,1.782470e-001
2.715326e+003,1.784418e-001
2.715808e+003,1.786198e-001
2.716290e+003,1.787931e-001
2.716772e+003,1.789714e-001
2.717254e+003,1.791615e-001
2.717736e+003,1.793667e-001
2.718218e+003,1.795896e-001
2.718700e+003,1.798309e-001
2.719183e+003,1.800904e-001
2.719665e+003,1.803668e-001
2.720146e+003,1.806580e-001
2.720629e+003,1.809641e-001
2.721111e+003,1.812883e-001
2.721593e+003,1.816386e-001
2.722075e+003,1.820271e-001
2.722557e+003,1.824679e-001
2.723040e+003,1.829722e-001
2.723521e+003,1.835451e-001
2.724004e+003,1.841831e-001
2.724486e+003,1.848754e-001
2.724968e+003,1.856067e-001
2.725450e+003,1.863621e-001
2.725932e+003,1.871294e-001
2.726415e+003,1.879008e-001
2.726896e+003,1.886700e-001
2.727378e+003,1.894287e-001
2.727861e+003,1.901633e-001
2.728343e+003,1.908540e-001
2.728825e+003,1.914776e-001
2.729307e+003,1.920127e-001
2.729789e+003,1.924463e-001
2.730271e+003,1.927779e-001
2.730753e+003,1.930189e-001
2.731235e+003,1.931899e-001
2.731718e+003,1.933133e-001
2.732200e+003,1.934073e-001
2.732682e+003,1.934814e-001
2.733164e+003,1.935357e-001
2.733646e+003,1.935645e-001
2.734128e+003,1.935601e-001
2.734610e+003,1.935178e-001
2.735093e+003,1.934391e-001
2.735575e+003,1.933310e-001
2.736057e+003,1.932053e-001
2.736539e+003,1.930754e-001
2.737021e+003,1.929531e-001
2.737503e+003,1.928471e-001
2.737985e+003,1.927615e-001
2.738467e+003,1.926953e-001
2.738950e+003,1.926443e-001
2.739432e+003,1.926021e-001
2.739914e+003,1.925636e-001
2.740396e+003,1.925271e-001
2.740878e+003,1.924955e-001
2.741360e+003,1.924770e-001
2.741842e+003,1.924812e-001
2.742324e+003,1.925162e-001
2.742807e+003,1.925828e-001
2.743289e+003,1.926725e-001
2.743771e+003,1.927669e-001
2.744253e+003,1.928424e-001
2.744735e+003,1.928764e-001
2.745217e+003,1.928540e-001
2.745699e+003,1.927734e-001
2.746182e+003,1.926456e-001
2.746664e+003,1.924909e-001
2.747146e+003,1.923331e-001
2.747628e+003,1.921920e-001
2.748110e+003,1.920796e-001
2.748592e+003,1.919991e-001
2.749074e+003,1.919485e-001
2.749556e+003,1.919241e-001
2.750039e+003,1.919254e-001
2.750521e+003,1.919558e-001
2.751003e+003,1.920221e-001
2.751485e+003,1.921304e-001
2.751967e+003,1.922829e-001
2.752449e+003,1.924753e-001
2.752931e+003,1.926973e-001
2.753413e+003,1.929346e-001
2.753896e+003,1.931728e-001
2.754377e+003,1.934004e-001
2.754860e+003,1.936111e-001
2.755342e+003,1.938043e-001
2.755824e+003,1.939837e-001
2.756306e+003,1.941556e-001
2.756788e+003,1.943276e-001
2.757271e+003,1.945072e-001
2.757752e+003,1.947014e-001
2.758234e+003,1.949162e-001
2.758717e+003,1.951559e-001
2.759199e+003,1.954226e-001
2.759681e+003,1.957153e-001
2.760163e+003,1.960300e-001
2.760645e+003,1.963604e-001
2.761127e+003,1.966994e-001
2.761609e+003,1.970406e-001
2.762092e+003,1.973817e-001
2.762574e+003,1.977240e-001
2.763056e+003,1.980747e-001
2.763538e+003,1.984434e-001
2.764020e+003,1.988416e-001
2.764502e+003,1.992790e-001
2.764984e+003,1.997598e-001
2.765466e+003,2.002825e-001
2.765949e+003,2.008387e-001
2.766431e+003,2.014159e-001
2.766913e+003,2.020005e-001
2.767395e+003,2.025819e-001
2.767877e+003,2.031552e-001
2.768359e+003,2.037223e-001
2.768841e+003,2.042908e-001
2.769323e+003,2.048702e-001
2.769806e+003,2.054694e-001
2.770288e+003,2.060922e-001
2.770770e+003,2.067378e-001
2.771252e+003,2.074004e-001
2.771734e+003,2.080725e-001
2.772216e+003,2.087474e-001
2.772698e+003,2.094212e-001
2.773181e+003,2.100937e-001
2.773663e+003,2.107685e-001
2.774145e+003,2.114513e-001
2.774627e+003,2.121494e-001
2.775109e+003,2.128710e-001
2.775591e+003,2.136248e-001
2.776073e+003,2.144185e-001
2.776555e+003,2.152572e-001
2.777038e+003,2.161407e-001
2.777520e+003,2.170609e-001
2.778001e+003,2.180021e-001
2.778484e+003,2.189430e-001
2.778966e+003,2.198610e-001
2.779448e+003,2.207387e-001
2.779930e+003,2.215690e-001
2.780412e+003,2.223573e-001
2.780895e+003,2.231199e-001
2.781376e+003,2.238790e-001
2.781859e+003,2.246565e-001
2.782341e+003,2.254683e-001
2.782823e+003,2.263211e-001
2.783305e+003,2.272127e-001
2.783787e+003,2.281345e-001
2.784270e+003,2.290744e-001
2.784751e+003,2.300200e-001
2.785233e+003,2.309591e-001
2.785716e+003,2.318806e-001
2.786198e+003,2.327752e-001
2.786680e+003,2.336361e-001
2.787162e+003,2.344609e-001
2.787644e+003,2.352535e-001
2.788126e+003,2.360226e-001
2.788608e+003,2.367808e-001
2.789090e+003,2.375403e-001
2.789573e+003,2.383098e-001
2.790055e+003,2.390934e-001
2.790537e+003,2.398916e-001
2.791019e+003,2.407050e-001
2.791501e+003,2.415383e-001
2.791983e+003,2.424014e-001
2.792465e+003,2.433075e-001
2.792948e+003,2.442681e-001
2.793430e+003,2.452874e-001
2.793912e+003,2.463581e-001
2.794394e+003,2.474632e-001
2.794876e+003,2.485807e-001
2.795358e+003,2.496926e-001
2.795840e+003,2.507914e-001
2.796322e+003,2.518836e-001
2.796805e+003,2.529867e-001
2.797287e+003,2.541220e-001
2.797769e+003,2.553060e-001
2.798251e+003,2.565450e-001
2.798733e+003,2.578335e-001
2.799215e+003,2.591593e-001
2.799697e+003,2.605095e-001
2.800179e+003,2.618783e-001
2.800662e+003,2.632687e-001
2.801144e+003,2.646919e-001
2.801626e+003,2.661614e-001
2.802108e+003,2.676874e-001
2.802590e+003,2.692724e-001
2.803072e+003,2.709100e-001
2.803554e+003,2.725874e-001
2.804037e+003,2.742894e-001
2.804519e+003,2.760024e-001
2.805000e+003,2.777168e-001
2.805483e+003,2.794276e-001
2.805965e+003,2.811339e-001
2.806447e+003,2.828382e-001
2.806929e+003,2.845459e-001
2.807411e+003,2.862640e-001
2.807894e+003,2.880005e-001
2.808375e+003,2.897629e-001
2.808857e+003,2.915573e-001
2.809340e+003,2.933871e-001
2.809822e+003,2.952541e-001
2.810304e+003,2.971596e-001
2.810786e+003,2.991078e-001
2.811268e+003,3.011049e-001
2.811750e+003,3.031596e-001
2.812232e+003,3.052783e-001
2.812715e+003,3.074622e-001
2.813197e+003,3.097042e-001
2.813679e+003,3.119898e-001
2.814161e+003,3.143006e-001
2.814643e+003,3.166210e-001
2.815125e+003,3.189434e-001
2.815607e+003,3.212714e-001
2.816089e+003,3.236176e-001
2.816572e+003,3.260000e-001
2.817054e+003,3.284366e-001
2.817536e+003,3.309416e-001
2.818018e+003,3.335242e-001
2.818500e+003,3.361922e-001
2.818982e+003,3.389530e-001
2.819464e+003,3.418162e-001
2.819946e+003,3.447930e-001
2.820429e+003,3.478918e-001
2.820911e+003,3.511167e-001
2.821393e+003,3.544651e-001
2.821875e+003,3.579303e-001
2.822357e+003,3.615055e-001
2.822839e+003,3.651875e-001
2.823321e+003,3.689792e-001
2.823804e+003,3.728887e-001
2.824286e+003,3.769253e-001
2.824768e+003,3.810950e-001
2.825250e+003,3.854004e-001
2.825732e+003,3.898416e-001
2.826214e+003,3.944209e-001
2.826696e+003,3.991465e-001
2.827178e+003,4.040349e-001
2.827661e+003,4.091072e-001
2.828143e+003,4.143846e-001
2.828625e+003,4.198833e-001
2.829107e+003,4.256129e-001
2.829589e+003,4.315792e-001
2.830071e+003,4.377923e-001
2.830553e+003,4.442718e-001
2.831035e+003,4.510510e-001
2.831518e+003,4.581733e-001
2.832000e+003,4.656858e-001
2.832482e+003,4.736321e-001
2.832964e+003,4.820491e-001
2.833446e+003,4.909711e-001
2.833928e+003,5.004389e-001
2.834410e+003,5.105107e-001
2.834893e+003,5.212681e-001
2.835375e+003,5.328151e-001
2.835856e+003,5.452695e-001
2.836339e+003,5.587506e-001
2.836821e+003,5.733709e-001
2.837303e+003,5.892336e-001
2.837785e+003,6.064406e-001
2.838267e+003,6.251028e-001
2.838750e+003,6.453519e-001
2.839231e+003,6.673450e-001
2.839713e+003,6.912634e-001
2.840196e+003,7.173052e-001
2.840678e+003,7.456819e-001
2.841160e+003,7.766178e-001
2.841642e+003,8.103590e-001
2.842124e+003,8.471782e-001
2.842606e+003,8.873734e-001
2.843088e+003,9.312447e-001
2.843571e+003,9.790521e-001
2.844053e+003,1.030959e+000
2.844535e+003,1.086980e+000
2.845017e+003,1.146957e+000
2.845499e+003,1.210586e+000
2.845981e+003,1.277478e+000
2.846463e+003,1.347269e+000
2.846945e+003,1.419675e+000
2.847428e+003,1.494484e+000
2.847910e+003,1.571395e+000
2.848392e+003,1.649772e+000
2.848874e+003,1.728358e+000
2.849356e+003,1.805152e+000
2.849838e+003,1.877558e+000
2.850320e+003,1.942946e+000
2.850802e+003,1.999366e+000
2.851285e+003,2.046038e+000
2.851767e+003,2.083266e+000
2.852249e+003,2.111904e+000
2.852731e+003,2.132777e+000
2.853213e+003,2.146552e+000
2.853695e+003,2.153891e+000
2.854177e+003,2.155689e+000
2.854660e+003,2.153002e+000
2.855142e+003,2.146740e+000
2.855624e+003,2.137326e+000
2.856106e+003,2.124660e+000
2.856588e+003,2.108392e+000
2.857070e+003,2.088445e+000
2.857552e+003,2.065267e+000
2.858034e+003,2.039824e+000
2.858517e+003,2.013150e+000
2.858999e+003,1.985914e+000
2.859481e+003,1.958154e+000
2.859963e+003,1.929401e+000
2.860445e+003,1.899039e+000
2.860927e+003,1.866776e+000
2.861409e+003,1.832882e+000
2.861891e+003,1.798159e+000
2.862374e+003,1.763624e+000
2.862855e+003,1.730170e+000
2.863338e+003,1.698340e+000
2.863820e+003,1.668329e+000
2.864302e+003,1.640121e+000
2.864784e+003,1.613711e+000
2.865266e+003,1.589244e+000
2.865749e+003,1.567062e+000
2.866230e+003,1.547617e+000
2.866712e+003,1.531339e+000
2.867195e+003,1.518504e+000
2.867677e+003,1.509175e+000
2.868159e+003,1.503205e+000
2.868641e+003,1.500290e+000
2.869123e+003,1.500011e+000
2.869605e+003,1.501863e+000
2.870087e+003,1.505215e+000
2.870570e+003,1.509282e+000
2.871052e+003,1.513095e+000
2.871534e+003,1.515579e+000
2.872016e+003,1.515696e+000
2.872498e+003,1.512662e+000
2.872980e+003,1.506086e+000
2.873462e+003,1.496009e+000
2.873944e+003,1.482778e+000
2.874427e+003,1.466874e+000
2.874909e+003,1.448766e+000
2.875391e+003,1.428877e+000
2.875873e+003,1.407634e+000
2.876355e+003,1.385550e+000
2.876837e+003,1.363255e+000
2.877319e+003,1.341441e+000
2.877801e+003,1.320756e+000
2.878284e+003,1.301689e+000
2.878766e+003,1.284503e+000
2.879248e+003,1.269243e+000
2.879730e+003,1.255804e+000
2.880212e+003,1.244035e+000
2.880694e+003,1.233819e+000
2.881176e+003,1.225114e+000
2.881658e+003,1.217929e+000
2.882141e+003,1.212281e+000
2.882623e+003,1.208138e+000
2.883105e+003,1.205399e+000
2.883587e+003,1.203916e+000
2.884069e+003,1.203547e+000
2.884551e+003,1.204209e+000
2.885033e+003,1.205901e+000
2.885516e+003,1.208685e+000
2.885998e+003,1.212633e+000
2.886479e+003,1.217763e+000
2.886962e+003,1.224007e+000
2.887444e+003,1.231214e+000
2.887926e+003,1.239205e+000
2.888408e+003,1.247819e+000
2.888890e+003,1.256972e+000
2.889373e+003,1.266653e+000
2.889854e+003,1.276898e+000
2.890337e+003,1.287740e+000
2.890819e+003,1.299185e+000
2.891301e+003,1.311207e+000
2.891783e+003,1.323788e+000
2.892265e+003,1.336951e+000
2.892747e+003,1.350777e+000
2.893229e+003,1.365379e+000
2.893711e+003,1.380838e+000
2.894194e+003,1.397146e+000
2.894676e+003,1.414183e+000
2.895158e+003,1.431739e+000
2.895640e+003,1.449606e+000
2.896122e+003,1.467654e+000
2.896604e+003,1.485899e+000
2.897086e+003,1.504485e+000
2.897568e+003,1.523625e+000
2.898051e+003,1.543516e+000
2.898533e+003,1.564300e+000
2.899015e+003,1.586065e+000
2.899497e+003,1.608919e+000
2.899979e+003,1.633013e+000
2.900461e+003,1.658549e+000
2.900943e+003,1.685664e+000
2.901426e+003,1.714303e+000
2.901908e+003,1.744101e+000
2.902390e+003,1.774417e+000
2.902872e+003,1.804521e+000
2.903354e+003,1.833954e+000
2.903836e+003,1.862818e+000
2.904318e+003,1.891900e+000
2.904800e+003,1.922426e+000
2.905283e+003,1.955593e+000
2.905765e+003,1.992029e+000
2.906247e+003,2.031433e+000
2.906729e+003,2.072525e+000
2.907211e+003,2.113459e+000
2.907693e+003,2.152556e+000
2.908175e+003,2.189161e+000
2.908657e+003,2.224044e+000
2.909140e+003,2.259203e+000
2.909622e+003,2.297126e+000
2.910104e+003,2.340083e+000
2.910586e+003,2.389701e+000
2.911068e+003,2.447078e+000
2.911550e+003,2.513058e+000
2.912032e+003,2.588681e+000
2.912515e+003,2.675246e+000
2.912997e+003,2.773896e+000
2.913479e+003,2.884488e+000
2.913961e+003,3.004138e+000
2.914443e+003,3.126053e+000
2.914925e+003,3.242127e+000
2.915407e+003,3.350651e+000
2.915889e+003,3.467323e+000
2.916372e+003,3.635194e+000
2.916854e+003,3.978996e+000
2.917335e+003,6.000000e+000
2.917818e+003,6.000000e+000
2.918300e+003,6.000000e+000
2.918782e+003,6.000000e+000
2.919264e+003,6.000000e+000
2.919746e+003,6.000000e+000
2.920229e+003,6.000000e+000
2.920710e+003,6.000000e+000
2.921193e+003,6.000000e+000
2.921675e+003,6.000000e+000
2.922157e+003,6.000000e+000
2.922639e+003,6.000000e+000
2.923121e+003,6.000000e+000
2.923604e+003,6.000000e+000
2.924085e+003,6.000000e+000
2.924567e+003,6.000000e+000
2.925050e+003,6.000000e+000
2.925532e+003,6.000000e+000
2.926014e+003,6.000000e+000
2.926496e+003,6.000000e+000
2.926978e+003,6.000000e+000
2.927460e+003,6.000000e+000
2.927942e+003,6.000000e+000
2.928424e+003,6.000000e+000
2.928907e+003,6.000000e+000
2.929389e+003,6.000000e+000
2.929871e+003,6.000000e+000
2.930353e+003,6.000000e+000
2.930835e+003,6.000000e+000
2.931317e+003,3.849340e+000
2.931799e+003,3.492006e+000
2.932282e+003,3.329276e+000
2.932764e+003,3.242850e+000
2.933246e+003,3.193253e+000
2.933728e+003,3.155532e+000
2.934210e+003,3.112473e+000
2.934692e+003,3.056278e+000
2.935174e+003,2.988918e+000
2.935656e+003,2.916737e+000
2.936139e+003,2.845238e+000
2.936621e+003,2.776878e+000
2.937103e+003,2.712159e+000
2.937585e+003,2.651062e+000
2.938067e+003,2.594325e+000
2.938549e+003,2.543165e+000
2.939031e+003,2.498692e+000
2.939513e+003,2.460917e+000
2.939996e+003,2.428324e+000
2.940478e+003,2.397997e+000
2.940960e+003,2.366571e+000
2.941442e+003,2.331561e+000
2.941924e+003,2.292551e+000
2.942406e+003,2.251220e+000
2.942888e+003,2.210415e+000
2.943371e+003,2.172824e+000
2.943853e+003,2.140092e+000
2.944334e+003,2.112588e+000
2.944817e+003,2.089744e+000
2.945299e+003,2.070608e+000
2.945781e+003,2.054497e+000
2.946263e+003,2.041293e+000
2.946745e+003,2.031433e+000
2.947228e+003,2.025521e+000
2.947709e+003,2.023874e+000
2.948191e+003,2.026190e+000
2.948674e+003,2.031564e+000
2.949156e+003,2.038829e+000
2.949638e+003,2.047148e+000
2.950120e+003,2.056472e+000
2.950602e+003,2.067705e+000
2.951084e+003,2.082303e+000
2.951566e+003,2.101600e+000
2.952049e+003,2.126079e+000
2.952531e+003,2.154889e+000
2.953013e+003,2.185730e+000
2.953495e+003,2.215362e+000
2.953977e+003,2.240491e+000
2.954459e+003,2.258912e+000
2.954941e+003,2.270025e+000
2.955423e+003,2.274518e+000
2.955906e+003,2.273411e+000
2.956388e+003,2.267342e+000
2.956870e+003,2.256469e+000
2.957352e+003,2.240956e+000
2.957834e+003,2.221400e+000
2.958316e+003,2.198967e+000
2.958798e+003,2.174936e+000
2.959280e+003,2.150160e+000
2.959763e+003,2.124720e+000
2.960245e+003,2.098038e+000
2.960727e+003,2.069291e+000
2.961209e+003,2.037960e+000
2.961691e+003,2.004076e+000
2.962173e+003,1.968141e+000
2.962655e+003,1.930743e+000
2.963138e+003,1.892222e+000
2.963620e+003,1.852531e+000
2.964102e+003,1.811413e+000
2.964584e+003,1.768687e+000
2.965066e+003,1.724521e+000
2.965548e+003,1.679446e+000
2.966030e+003,1.634210e+000
2.966512e+003,1.589502e+000
2.966995e+003,1.545771e+000
2.967477e+003,1.503170e+000
2.967958e+003,1.461666e+000
2.968441e+003,1.421188e+000
2.968923e+003,1.381776e+000
2.969405e+003,1.343616e+000
2.969887e+003,1.306996e+000
2.970369e+003,1.272194e+000
2.970852e+003,1.239387e+000
2.971333e+003,1.208607e+000
2.971816e+003,1.179763e+000
2.972298e+003,1.152701e+000
2.972780e+003,1.127274e+000
2.973262e+003,1.103378e+000
2.973744e+003,1.080956e+000
2.974227e+003,1.059957e+000
2.974708e+003,1.040297e+000
2.975190e+003,1.021842e+000
2.975673e+003,1.004416e+000
2.976155e+003,9.878414e-001
2.976637e+003,9.719820e-001
2.977119e+003,9.567654e-001
2.977601e+003,9.421796e-001
2.978083e+003,9.282401e-001
2.978565e+003,9.149496e-001
2.979047e+003,9.022691e-001
2.979530e+003,8.901145e-001
2.980012e+003,8.783762e-001
2.980494e+003,8.669525e-001
2.980976e+003,8.557706e-001
2.981458e+003,8.447946e-001
2.981940e+003,8.340117e-001
2.982422e+003,8.234132e-001
2.982905e+003,8.129799e-001
2.983387e+003,8.026841e-001
2.983869e+003,7.925020e-001
2.984351e+003,7.824305e-001
2.984833e+003,7.724902e-001
2.985315e+003,7.627156e-001
2.985797e+003,7.531297e-001
2.986279e+003,7.437215e-001
2.986762e+003,7.344364e-001
2.987244e+003,7.251902e-001
2.987726e+003,7.158988e-001
2.988208e+003,7.065142e-001
2.988690e+003,6.970450e-001
2.989172e+003,6.875550e-001
2.989654e+003,6.781371e-001
2.990136e+003,6.688761e-001
2.990619e+003,6.598167e-001
2.991101e+003,6.509493e-001
2.991583e+003,6.422152e-001
2.992065e+003,6.335305e-001
2.992547e+003,6.248103e-001
2.993029e+003,6.159902e-001
2.993511e+003,6.070336e-001
2.993994e+003,5.979307e-001
2.994476e+003,5.886895e-001
2.994958e+003,5.793307e-001
2.995440e+003,5.698828e-001
2.995922e+003,5.603819e-001
2.996404e+003,5.508674e-001
2.996886e+003,5.413771e-001
2.997368e+003,5.319379e-001
2.997851e+003,5.225600e-001
2.998333e+003,5.132388e-001
2.998815e+003,5.039619e-001
2.999297e+003,4.947233e-001
2.999779e+003,4.855356e-001
3.000261e+003,4.764332e-001
3.000743e+003,4.674666e-001
3.001225e+003,4.586869e-001
3.001708e+003,4.501315e-001
3.002189e+003,4.418119e-001
3.002672e+003,4.337160e-001
3.003154e+003,4.258167e-001
3.003636e+003,4.180878e-001
3.004118e+003,4.105161e-001
3.004600e+003,4.031088e-001
3.005083e+003,3.958894e-001
3.005564e+003,3.888887e-001
3.006046e+003,3.821345e-001
3.006529e+003,3.756448e-001
3.007011e+003,3.694258e-001
3.007493e+003,3.634752e-001
3.007975e+003,3.577848e-001
3.008457e+003,3.523428e-001
3.008939e+003,3.471322e-001
3.009421e+003,3.421297e-001
3.009904e+003,3.373043e-001
3.010386e+003,3.326224e-001
3.010868e+003,3.280541e-001
3.011350e+003,3.235824e-001
3.011832e+003,3.192093e-001
3.012314e+003,3.149551e-001
3.012796e+003,3.108512e-001
3.013278e+003,3.069286e-001
3.013761e+003,3.032064e-001
3.014243e+003,2.996847e-001
3.014725e+003,2.963456e-001
3.015207e+003,2.931599e-001
3.015689e+003,2.900966e-001
3.016171e+003,2.871324e-001
3.016653e+003,2.842560e-001
3.017135e+003,2.814674e-001
3.017618e+003,2.787727e-001
3.018100e+003,2.761783e-001
3.018582e+003,2.736866e-001
3.019064e+003,2.712952e-001
3.019546e+003,2.689991e-001
3.020028e+003,2.667941e-001
3.020510e+003,2.646785e-001
3.020993e+003,2.626538e-001
3.021475e+003,2.607217e-001
3.021957e+003,2.588804e-001
3.022439e+003,2.571224e-001
3.022921e+003,2.554347e-001
3.023403e+003,2.537998e-001
3.023885e+003,2.522013e-001
3.024367e+003,2.506272e-001
3.024850e+003,2.490733e-001
3.025332e+003,2.475441e-001
3.025813e+003,2.460510e-001
3.026296e+003,2.446087e-001
3.026778e+003,2.432318e-001
3.027260e+003,2.419302e-001
3.027742e+003,2.407065e-001
3.028224e+003,2.395552e-001
3.028707e+003,2.384629e-001
3.029188e+003,2.374102e-001
3.029671e+003,2.363757e-001
3.030153e+003,2.353392e-001
3.030635e+003,2.342870e-001
3.031117e+003,2.332141e-001
3.031599e+003,2.321256e-001
3.032082e+003,2.310341e-001
3.032563e+003,2.299566e-001
3.033045e+003,2.289088e-001
3.033528e+003,2.279017e-001
3.034010e+003,2.269397e-001
3.034492e+003,2.260208e-001
3.034974e+003,2.251382e-001
3.035456e+003,2.242828e-001
3.035938e+003,2.234458e-001
3.036420e+003,2.226201e-001
3.036902e+003,2.218015e-001
3.037385e+003,2.209894e-001
3.037867e+003,2.201863e-001
3.038349e+003,2.193979e-001
3.038831e+003,2.186317e-001
3.039313e+003,2.178950e-001
3.039795e+003,2.171929e-001
3.040277e+003,2.165257e-001
3.040760e+003,2.158882e-001
3.041242e+003,2.152704e-001
3.041724e+003,2.146602e-001
3.042206e+003,2.140479e-001
3.042688e+003,2.134292e-001
3.043170e+003,2.128065e-001
3.043652e+003,2.121885e-001
3.044134e+003,2.115852e-001
3.044617e+003,2.110039e-001
3.045099e+003,2.104446e-001
3.045581e+003,2.098988e-001
3.046063e+003,2.093529e-001
3.046545e+003,2.087935e-001
3.047027e+003,2.082128e-001
3.047509e+003,2.076138e-001
3.047991e+003,2.070097e-001
3.048474e+003,2.064206e-001
3.048956e+003,2.058660e-001
3.049438e+003,2.053581e-001
3.049920e+003,2.048976e-001
3.050402e+003,2.044732e-001
3.050884e+003,2.040665e-001
3.051366e+003,2.036586e-001
3.051849e+003,2.032350e-001
3.052331e+003,2.027905e-001
3.052813e+003,2.023277e-001
3.053295e+003,2.018544e-001
3.053777e+003,2.013796e-001
3.054259e+003,2.009088e-001
3.054741e+003,2.004436e-001
3.055223e+003,1.999817e-001
3.055706e+003,1.995216e-001
3.056188e+003,1.990632e-001
3.056669e+003,1.986104e-001
3.057152e+003,1.981697e-001
3.057634e+003,1.977483e-001
3.058116e+003,1.973500e-001
3.058598e+003,1.969747e-001
3.059080e+003,1.966171e-001
3.059563e+003,1.962695e-001
3.060044e+003,1.959242e-001
3.060527e+003,1.955763e-001
3.061009e+003,1.952247e-001
3.061491e+003,1.948724e-001
3.061973e+003,1.945238e-001
3.062455e+003,1.941831e-001
3.062938e+003,1.938506e-001
3.063419e+003,1.935225e-001
3.063901e+003,1.931908e-001
3.064384e+003,1.928449e-001
3.064866e+003,1.924734e-001
3.065348e+003,1.920690e-001
3.065830e+003,1.916287e-001
3.066312e+003,1.911573e-001
3.066794e+003,1.906651e-001
3.067276e+003,1.901676e-001
3.067758e+003,1.896815e-001
3.068241e+003,1.892219e-001
3.068723e+003,1.887991e-001
3.069205e+003,1.884171e-001
3.069687e+003,1.880736e-001
3.070169e+003,1.877619e-001
3.070651e+003,1.874730e-001
3.071133e+003,1.871985e-001
3.071616e+003,1.869317e-001
3.072098e+003,1.866680e-001
3.072580e+003,1.864040e-001
3.073062e+003,1.861362e-001
3.073544e+003,1.858610e-001
3.074026e+003,1.855740e-001
3.074508e+003,1.852726e-001
3.074990e+003,1.849563e-001
3.075473e+003,1.846282e-001
3.075955e+003,1.842945e-001
3.076437e+003,1.839616e-001
3.076919e+003,1.836346e-001
3.077401e+003,1.833151e-001
3.077883e+003,1.830006e-001
3.078365e+003,1.826860e-001
3.078847e+003,1.823669e-001
3.079330e+003,1.820411e-001
3.079812e+003,1.817104e-001
3.080294e+003,1.813789e-001
3.080776e+003,1.810514e-001
3.081258e+003,1.807299e-001
3.081740e+003,1.804126e-001
3.082222e+003,1.800952e-001
3.082705e+003,1.797736e-001
3.083187e+003,1.794468e-001
3.083668e+003,1.791190e-001
3.084151e+003,1.787998e-001
3.084633e+003,1.785007e-001
3.085115e+003,1.782310e-001
3.085597e+003,1.779938e-001
3.086079e+003,1.777836e-001
3.086562e+003,1.775888e-001
3.087043e+003,1.773937e-001
3.087525e+003,1.771852e-001
3.088008e+003,1.769549e-001
3.088490e+003,1.767026e-001
3.088972e+003,1.764341e-001
3.089454e+003,1.761594e-001
3.089936e+003,1.758892e-001
3.090418e+003,1.756320e-001
3.090900e+003,1.753928e-001
3.091383e+003,1.751741e-001
3.091865e+003,1.749755e-001
3.092347e+003,1.747958e-001
3.092829e+003,1.746321e-001
3.093311e+003,1.744804e-001
3.093793e+003,1.743352e-001
3.094275e+003,1.741897e-001
3.094757e+003,1.740362e-001
3.095240e+003,1.738681e-001
3.095722e+003,1.736807e-001
3.096204e+003,1.734720e-001
3.096686e+003,1.732432e-001
3.097168e+003,1.729978e-001
3.097650e+003,1.727408e-001
3.098132e+003,1.724777e-001
3.098614e+003,1.722145e-001
3.099097e+003,1.719568e-001
3.099579e+003,1.717089e-001
3.100061e+003,1.714734e-001
3.100543e+003,1.712515e-001
3.101025e+003,1.710413e-001
3.101507e+003,1.708407e-001
3.101989e+003,1.706470e-001
3.102472e+003,1.704585e-001
3.102954e+003,1.702742e-001
3.103436e+003,1.700928e-001
3.103918e+003,1.699124e-001
3.104400e+003,1.697285e-001
3.104882e+003,1.695364e-001
3.105364e+003,1.693330e-001
3.105846e+003,1.691201e-001
3.106329e+003,1.689074e-001
3.106811e+003,1.687107e-001
3.107293e+003,1.685493e-001
3.107775e+003,1.684383e-001
3.108257e+003,1.683820e-001
3.108739e+003,1.683696e-001
3.109221e+003,1.683760e-001
3.109703e+003,1.683683e-001
3.110186e+003,1.683156e-001
3.110667e+003,1.681992e-001
3.111150e+003,1.680178e-001
3.111632e+003,1.677883e-001
3.112114e+003,1.675382e-001
3.112596e+003,1.672967e-001
3.113078e+003,1.670846e-001
3.113561e+003,1.669098e-001
3.114042e+003,1.667667e-001
3.114524e+003,1.666420e-001
3.115007e+003,1.665213e-001
3.115489e+003,1.663948e-001
3.115971e+003,1.662588e-001
3.116453e+003,1.661148e-001
3.116935e+003,1.659649e-001
3.117417e+003,1.658092e-001
3.117899e+003,1.656457e-001
3.118382e+003,1.654722e-001
3.118864e+003,1.652907e-001
3.119346e+003,1.651092e-001
3.119828e+003,1.649412e-001
3.120310e+003,1.648021e-001
3.120792e+003,1.647020e-001
3.121274e+003,1.646421e-001
3.121756e+003,1.646115e-001
3.122239e+003,1.645912e-001
3.122721e+003,1.645591e-001
3.123203e+003,1.644984e-001
3.123685e+003,1.644026e-001
3.124167e+003,1.642768e-001
3.124649e+003,1.641340e-001
3.125131e+003,1.639898e-001
3.125613e+003,1.638567e-001
3.126096e+003,1.637403e-001
3.126578e+003,1.636394e-001
3.127060e+003,1.635480e-001
3.127542e+003,1.634584e-001
3.128024e+003,1.633640e-001
3.128506e+003,1.632613e-001
3.128988e+003,1.631486e-001
3.129470e+003,1.630260e-001
3.129953e+003,1.628940e-001
3.130435e+003,1.627537e-001
3.130917e+003,1.626069e-001
3.131399e+003,1.624561e-001
3.131881e+003,1.623044e-001
3.132363e+003,1.621543e-001
3.132845e+003,1.620063e-001
3.133328e+003,1.618598e-001
3.133810e+003,1.617133e-001
3.134292e+003,1.615672e-001
3.134774e+003,1.614254e-001
3.135256e+003,1.612953e-001
3.135738e+003,1.611869e-001
3.136220e+003,1.611089e-001
3.136702e+003,1.610653e-001
3.137185e+003,1.610533e-001
3.137667e+003,1.610629e-001
3.138149e+003,1.610795e-001
3.138631e+003,1.610889e-001
3.139113e+003,1.610814e-001
3.139595e+003,1.610536e-001
3.140077e+003,1.610085e-001
3.140559e+003,1.609517e-001
3.141042e+003,1.608880e-001
3.141523e+003,1.608181e-001
3.142006e+003,1.607388e-001
3.142488e+003,1.606445e-001
3.142970e+003,1.605323e-001
3.143452e+003,1.604033e-001
3.143934e+003,1.602649e-001
3.144417e+003,1.601290e-001
3.144898e+003,1.600071e-001
3.145380e+003,1.599066e-001
3.145863e+003,1.598271e-001
3.146345e+003,1.597608e-001
3.146827e+003,1.596934e-001
3.147309e+003,1.596098e-001
3.147791e+003,1.594978e-001
3.148273e+003,1.593524e-001
3.148755e+003,1.591763e-001
3.149238e+003,1.589795e-001
3.149720e+003,1.587758e-001
3.150202e+003,1.585802e-001
3.150684e+003,1.584051e-001
3.151166e+003,1.582593e-001
3.151648e+003,1.581470e-001
3.152130e+003,1.580685e-001
3.152612e+003,1.580216e-001
3.153095e+003,1.580023e-001
3.153577e+003,1.580058e-001
3.154059e+003,1.580265e-001
3.154541e+003,1.580580e-001
3.155023e+003,1.580922e-001
3.155505e+003,1.581209e-001
3.155987e+003,1.581345e-001
3.156469e+003,1.581250e-001
3.156952e+003,1.580865e-001
3.157434e+003,1.580176e-001
3.157916e+003,1.579220e-001
3.158398e+003,1.578088e-001
3.158880e+003,1.576909e-001
3.159362e+003,1.575823e-001
3.159844e+003,1.574951e-001
3.160327e+003,1.574375e-001
3.160809e+003,1.574117e-001
3.161291e+003,1.574152e-001
3.161773e+003,1.574420e-001
3.162255e+003,1.574841e-001
3.162737e+003,1.575344e-001
3.163219e+003,1.575868e-001
3.163701e+003,1.576369e-001
3.164184e+003,1.576805e-001
3.164666e+003,1.577132e-001
3.165147e+003,1.577308e-001
3.165630e+003,1.577296e-001
3.166112e+003,1.577091e-001
3.166594e+003,1.576734e-001
3.167076e+003,1.576320e-001
3.167558e+003,1.575979e-001
3.168041e+003,1.575858e-001
3.168522e+003,1.576075e-001
3.169005e+003,1.576684e-001
3.169487e+003,1.577656e-001
3.169969e+003,1.578879e-001
3.170451e+003,1.580178e-001
3.170933e+003,1.581364e-001
3.171416e+003,1.582270e-001
3.171897e+003,1.582784e-001
3.172379e+003,1.582868e-001
3.172862e+003,1.582544e-001
3.173344e+003,1.581882e-001
3.173826e+003,1.580975e-001
3.174308e+003,1.579915e-001
3.174790e+003,1.578797e-001
3.175272e+003,1.577703e-001
3.175754e+003,1.576726e-001
3.176236e+003,1.575964e-001
3.176719e+003,1.575511e-001
3.177201e+003,1.575444e-001
3.177683e+003,1.575791e-001
3.178165e+003,1.576510e-001
3.178647e+003,1.577484e-001
3.179129e+003,1.578547e-001
3.179611e+003,1.579510e-001
3.180094e+003,1.580222e-001
3.180576e+003,1.580597e-001
3.181058e+003,1.580636e-001
3.181540e+003,1.580415e-001
3.182022e+003,1.580056e-001
3.182504e+003,1.579690e-001
3.182986e+003,1.579411e-001
3.183468e+003,1.579262e-001
3.183951e+003,1.579232e-001
3.184433e+003,1.579267e-001
3.184915e+003,1.579318e-001
3.185397e+003,1.579352e-001
3.185879e+003,1.579381e-001
3.186361e+003,1.579452e-001
3.186843e+003,1.579625e-001
3.187325e+003,1.579956e-001
3.187808e+003,1.580460e-001
3.188290e+003,1.581106e-001
3.188772e+003,1.581811e-001
3.189254e+003,1.582454e-001
3.189736e+003,1.582899e-001
3.190218e+003,1.583027e-001
3.190700e+003,1.582759e-001
3.191183e+003,1.582088e-001
3.191665e+003,1.581083e-001
3.192146e+003,1.579894e-001
3.192629e+003,1.578716e-001
3.193111e+003,1.577754e-001
3.193593e+003,1.577169e-001
3.194075e+003,1.577035e-001
3.194557e+003,1.577312e-001
3.195040e+003,1.577852e-001
3.195521e+003,1.578436e-001
3.196003e+003,1.578843e-001
3.196486e+003,1.578908e-001
3.196968e+003,1.578577e-001
3.197450e+003,1.577921e-001
3.197932e+003,1.577105e-001
3.198414e+003,1.576322e-001
3.198896e+003,1.575720e-001
3.199378e+003,1.575347e-001
3.199861e+003,1.575131e-001
3.200343e+003,1.574908e-001
3.200825e+003,1.574471e-001
3.201307e+003,1.573646e-001
3.201789e+003,1.572350e-001
3.202271e+003,1.570615e-001
3.202753e+003,1.568588e-001
3.203235e+003,1.566497e-001
3.203718e+003,1.564590e-001
3.204200e+003,1.563079e-001
3.204682e+003,1.562089e-001
3.205164e+003,1.561649e-001
3.205646e+003,1.561684e-001
3.206128e+003,1.562049e-001
3.206610e+003,1.562568e-001
3.207092e+003,1.563075e-001
3.207575e+003,1.563447e-001
3.208057e+003,1.563616e-001
3.208539e+003,1.563562e-001
3.209021e+003,1.563305e-001
3.209503e+003,1.562873e-001
3.209985e+003,1.562289e-001
3.210467e+003,1.561562e-001
3.210950e+003,1.560692e-001
3.211432e+003,1.559697e-001
3.211914e+003,1.558620e-001
3.212396e+003,1.557536e-001
3.212878e+003,1.556544e-001
3.213360e+003,1.555733e-001
3.213842e+003,1.555148e-001
3.214324e+003,1.554766e-001
3.214807e+003,1.554496e-001
3.215289e+003,1.554211e-001
3.215771e+003,1.553793e-001
3.216253e+003,1.553177e-001
3.216735e+003,1.552383e-001
3.217217e+003,1.551502e-001
3.217699e+003,1.550670e-001
3.218181e+003,1.550010e-001
3.218664e+003,1.549591e-001
3.219146e+003,1.549408e-001
3.219628e+003,1.549379e-001
3.220110e+003,1.549393e-001
3.220592e+003,1.549355e-001
3.221074e+003,1.549220e-001
3.221556e+003,1.549010e-001
3.222039e+003,1.548792e-001
3.222521e+003,1.548651e-001
3.223002e+003,1.548645e-001
3.223485e+003,1.548794e-001
3.223967e+003,1.549070e-001
3.224449e+003,1.549409e-001
3.224931e+003,1.549739e-001
3.225413e+003,1.549990e-001
3.225896e+003,1.550111e-001
3.226377e+003,1.550053e-001
3.226859e+003,1.549780e-001
3.227342e+003,1.549261e-001
3.227824e+003,1.548483e-001
3.228306e+003,1.547462e-001
3.228788e+003,1.546254e-001
3.229270e+003,1.544950e-001
3.229752e+003,1.543662e-001
3.230234e+003,1.542489e-001
3.230717e+003,1.541486e-001
3.231199e+003,1.540655e-001
3.231681e+003,1.539942e-001
3.232163e+003,1.539264e-001
3.232645e+003,1.538545e-001
3.233127e+003,1.537749e-001
3.233609e+003,1.536898e-001
3.234091e+003,1.536067e-001
3.234574e+003,1.535358e-001
3.235056e+003,1.534871e-001
3.235538e+003,1.534670e-001
3.236020e+003,1.534765e-001
3.236502e+003,1.535114e-001
3.236984e+003,1.535632e-001
3.237466e+003,1.536217e-001
3.237948e+003,1.536773e-001
3.238431e+003,1.537221e-001
3.238913e+003,1.537512e-001
3.239395e+003,1.537625e-001
3.239877e+003,1.537564e-001
3.240359e+003,1.537355e-001
3.240841e+003,1.537032e-001
3.241323e+003,1.536633e-001
3.241806e+003,1.536188e-001
3.242288e+003,1.535713e-001
3.242770e+003,1.535210e-001
3.243252e+003,1.534672e-001
3.243734e+003,1.534101e-001
3.244216e+003,1.533521e-001
3.244698e+003,1.532981e-001
3.245180e+003,1.532560e-001
3.245663e+003,1.532342e-001
3.246145e+003,1.532389e-001
3.246627e+003,1.532721e-001
3.247109e+003,1.533293e-001
3.247591e+003,1.534002e-001
3.248073e+003,1.534703e-001
3.248555e+003,1.535240e-001
3.249037e+003,1.535479e-001
3.249520e+003,1.535344e-001
3.250001e+003,1.534832e-001
3.250484e+003,1.534018e-001
3.250966e+003,1.533035e-001
3.251448e+003,1.532045e-001
3.251930e+003,1.531212e-001
3.252412e+003,1.530663e-001
3.252895e+003,1.530471e-001
3.253376e+003,1.530628e-001
3.253858e+003,1.531058e-001
3.254341e+003,1.531619e-001
3.254823e+003,1.532147e-001
3.255305e+003,1.532485e-001
3.255787e+003,1.532530e-001
3.256269e+003,1.532248e-001
3.256751e+003,1.531692e-001
3.257233e+003,1.530976e-001
3.257716e+003,1.530255e-001
3.258198e+003,1.529681e-001
3.258680e+003,1.529366e-001
3.259162e+003,1.529364e-001
3.259644e+003,1.529657e-001
3.260126e+003,1.530172e-001
3.260608e+003,1.530800e-001
3.261090e+003,1.531416e-001
3.261573e+003,1.531906e-001
3.262055e+003,1.532181e-001
3.262537e+003,1.532190e-001
3.263019e+003,1.531933e-001
3.263501e+003,1.531453e-001
3.263983e+003,1.530845e-001
3.264465e+003,1.530226e-001
3.264947e+003,1.529716e-001
3.265430e+003,1.529397e-001
3.265912e+003,1.529287e-001
3.266394e+003,1.529326e-001
3.266876e+003,1.529391e-001
3.267358e+003,1.529345e-001
3.267840e+003,1.529086e-001
3.268322e+003,1.528600e-001
3.268805e+003,1.527983e-001
3.269287e+003,1.527408e-001
3.269769e+003,1.527074e-001
3.270251e+003,1.527131e-001
3.270733e+003,1.527609e-001
3.271215e+003,1.528407e-001
3.271697e+003,1.529315e-001
3.272179e+003,1.530083e-001
3.272662e+003,1.530512e-001
3.273144e+003,1.530518e-001
3.273625e+003,1.530151e-001
3.274108e+003,1.529564e-001
3.274590e+003,1.528937e-001
3.275072e+003,1.528399e-001
3.275554e+003,1.527978e-001
3.276036e+003,1.527604e-001
3.276519e+003,1.527155e-001
3.277000e+003,1.526528e-001
3.277483e+003,1.525700e-001
3.277965e+003,1.524743e-001
3.278447e+003,1.523798e-001
3.278929e+003,1.523016e-001
3.279411e+003,1.522495e-001
3.279894e+003,1.522245e-001
3.280375e+003,1.522184e-001
3.280857e+003,1.522186e-001
3.281340e+003,1.522141e-001
3.281822e+003,1.521999e-001
3.282304e+003,1.521791e-001
3.282786e+003,1.521613e-001
3.283268e+003,1.521575e-001
3.283750e+003,1.521750e-001
3.284232e+003,1.522149e-001
3.284714e+003,1.522711e-001
3.285197e+003,1.523342e-001
3.285679e+003,1.523949e-001
3.286161e+003,1.524470e-001
3.286643e+003,1.524898e-001
3.287125e+003,1.525252e-001
3.287607e+003,1.525565e-001
3.288089e+003,1.525850e-001
3.288572e+003,1.526089e-001
3.289054e+003,1.526247e-001
3.289536e+003,1.526275e-001
3.290018e+003,1.526144e-001
3.290500e+003,1.525854e-001
3.290982e+003,1.525425e-001
3.291464e+003,1.524901e-001
3.291946e+003,1.524326e-001
3.292429e+003,1.523743e-001
3.292911e+003,1.523193e-001
3.293393e+003,1.522712e-001
3.293875e+003,1.522340e-001
3.294357e+003,1.522110e-001
3.294839e+003,1.522039e-001
3.295321e+003,1.522117e-001
3.295803e+003,1.522298e-001
3.296286e+003,1.522509e-001
3.296768e+003,1.522668e-001
3.297250e+003,1.522710e-001
3.297732e+003,1.522617e-001
3.298214e+003,1.522425e-001
3.298696e+003,1.522217e-001
3.299178e+003,1.522098e-001
3.299661e+003,1.522161e-001
3.300143e+003,1.522455e-001
3.300625e+003,1.522972e-001
3.301107e+003,1.523647e-001
3.301589e+003,1.524380e-001
3.302071e+003,1.525058e-001
3.302553e+003,1.525591e-001
3.303035e+003,1.525929e-001
3.303518e+003,1.526070e-001
3.304000e+003,1.526057e-001
3.304481e+003,1.525968e-001
3.304964e+003,1.525890e-001
3.305446e+003,1.525903e-001
3.305928e+003,1.526058e-001
3.306410e+003,1.526367e-001
3.306892e+003,1.526802e-001
3.307375e+003,1.527302e-001
3.307856e+003,1.527784e-001
3.308339e+003,1.528165e-001
3.308821e+003,1.528379e-001
3.309303e+003,1.528392e-001
3.309785e+003,1.528199e-001
3.310267e+003,1.527824e-001
3.310750e+003,1.527310e-001
3.311231e+003,1.526705e-001
3.311713e+003,1.526059e-001
3.312196e+003,1.525420e-001
3.312678e+003,1.524825e-001
3.313160e+003,1.524310e-001
3.313642e+003,1.523897e-001
3.314124e+003,1.523609e-001
3.314606e+003,1.523459e-001
3.315088e+003,1.523464e-001
3.315570e+003,1.523639e-001
3.316053e+003,1.524001e-001
3.316535e+003,1.524547e-001
3.317017e+003,1.525246e-001
3.317499e+003,1.526031e-001
3.317981e+003,1.526798e-001
3.318463e+003,1.527431e-001
3.318945e+003,1.527830e-001
3.319428e+003,1.527955e-001
3.319910e+003,1.527848e-001
3.320392e+003,1.527633e-001
3.320874e+003,1.527483e-001
3.321356e+003,1.527568e-001
3.321838e+003,1.527991e-001
3.322320e+003,1.528758e-001
3.322802e+003,1.529765e-001
3.323285e+003,1.530837e-001
3.323767e+003,1.531801e-001
3.324249e+003,1.532535e-001
3.324731e+003,1.533024e-001
3.325213e+003,1.533342e-001
3.325695e+003,1.533622e-001
3.326177e+003,1.533968e-001
3.326659e+003,1.534412e-001
3.327142e+003,1.534874e-001
3.327624e+003,1.535194e-001
3.328106e+003,1.535185e-001
3.328588e+003,1.534716e-001
3.329070e+003,1.533779e-001
3.329552e+003,1.532510e-001
3.330034e+003,1.531168e-001
3.330517e+003,1.530076e-001
3.330999e+003,1.529536e-001
3.331480e+003,1.529758e-001
3.331963e+003,1.530818e-001
3.332445e+003,1.532641e-001
3.332927e+003,1.535031e-001
3.333409e+003,1.537717e-001
3.333891e+003,1.540412e-001
3.334374e+003,1.542857e-001
3.334855e+003,1.544861e-001
3.335337e+003,1.546317e-001
3.335820e+003,1.547205e-001
3.336302e+003,1.547580e-001
3.336784e+003,1.547551e-001
3.337266e+003,1.547250e-001
3.337748e+003,1.546806e-001
3.338230e+003,1.546326e-001
3.338712e+003,1.545879e-001
3.339195e+003,1.545496e-001
3.339677e+003,1.545172e-001
3.340159e+003,1.544869e-001
3.340641e+003,1.544542e-001
3.341123e+003,1.544138e-001
3.341605e+003,1.543630e-001
3.342087e+003,1.543017e-001
3.342569e+003,1.542342e-001
3.343052e+003,1.541684e-001
3.343534e+003,1.541138e-001
3.344016e+003,1.540797e-001
3.344498e+003,1.540727e-001
3.344980e+003,1.540943e-001
3.345462e+003,1.541422e-001
3.345944e+003,1.542112e-001
3.346426e+003,1.542960e-001
3.346909e+003,1.543939e-001
3.347391e+003,1.545045e-001
3.347873e+003,1.546297e-001
3.348355e+003,1.547690e-001
3.348837e+003,1.549176e-001
3.349319e+003,1.550641e-001
3.349801e+003,1.551926e-001
3.350284e+003,1.552865e-001
3.350766e+003,1.553341e-001
3.351248e+003,1.553336e-001
3.351730e+003,1.552933e-001
3.352212e+003,1.552299e-001
3.352694e+003,1.551630e-001
3.353176e+003,1.551095e-001
3.353658e+003,1.550800e-001
3.354141e+003,1.550780e-001
3.354623e+003,1.551033e-001
3.355105e+003,1.551547e-001
3.355587e+003,1.552342e-001
3.356069e+003,1.553451e-001
3.356551e+003,1.554896e-001
3.357033e+003,1.556642e-001
3.357515e+003,1.558570e-001
3.357998e+003,1.560482e-001
3.358479e+003,1.562153e-001
3.358962e+003,1.563401e-001
3.359444e+003,1.564152e-001
3.359926e+003,1.564469e-001
3.360408e+003,1.564533e-001
3.360890e+003,1.564581e-001
3.361373e+003,1.564813e-001
3.361854e+003,1.565333e-001
3.362336e+003,1.566110e-001
3.362819e+003,1.567006e-001
3.363301e+003,1.567832e-001
3.363783e+003,1.568404e-001
3.364265e+003,1.568604e-001
3.364747e+003,1.568397e-001
3.365229e+003,1.567826e-001
3.365711e+003,1.566989e-001
3.366194e+003,1.566032e-001
3.366676e+003,1.565122e-001
3.367158e+003,1.564445e-001
3.367640e+003,1.564179e-001
3.368122e+003,1.564471e-001
3.368604e+003,1.565394e-001
3.369086e+003,1.566906e-001
3.369568e+003,1.568842e-001
3.370051e+003,1.570935e-001
3.370533e+003,1.572875e-001
3.371015e+003,1.574394e-001
3.371497e+003,1.575331e-001
3.371979e+003,1.575677e-001
3.372461e+003,1.575563e-001
3.372943e+003,1.575207e-001
3.373425e+003,1.574842e-001
3.373908e+003,1.574658e-001
3.374390e+003,1.574750e-001
3.374872e+003,1.575135e-001
3.375354e+003,1.575765e-001
3.375836e+003,1.576576e-001
3.376318e+003,1.577512e-001
3.376800e+003,1.578530e-001
3.377282e+003,1.579594e-001
3.377765e+003,1.580672e-001
3.378247e+003,1.581725e-001
3.378729e+003,1.582727e-001
3.379211e+003,1.583683e-001
3.379693e+003,1.584644e-001
3.380175e+003,1.585700e-001
3.380657e+003,1.586953e-001
3.381140e+003,1.588476e-001
3.381622e+003,1.590269e-001
3.382104e+003,1.592234e-001
3.382586e+003,1.594192e-001
3.383068e+003,1.595919e-001
3.383550e+003,1.597209e-001
3.384032e+003,1.597933e-001
3.384514e+003,1.598078e-001
3.384997e+003,1.597745e-001
3.385479e+003,1.597113e-001
3.385961e+003,1.596386e-001
3.386443e+003,1.595728e-001
3.386925e+003,1.595251e-001
3.387407e+003,1.595004e-001
3.387889e+003,1.595010e-001
3.388371e+003,1.595290e-001
3.388854e+003,1.595892e-001
3.389335e+003,1.596889e-001
3.389818e+003,1.598355e-001
3.390300e+003,1.600320e-001
3.390782e+003,1.602738e-001
3.391264e+003,1.605458e-001
3.391746e+003,1.608232e-001
3.392229e+003,1.610772e-001
3.392710e+003,1.612824e-001
3.393192e+003,1.614249e-001
3.393675e+003,1.615067e-001
3.394157e+003,1.615454e-001
3.394639e+003,1.615675e-001
3.395121e+003,1.616023e-001
3.395603e+003,1.616723e-001
3.396085e+003,1.617887e-001
3.396567e+003,1.619485e-001
3.397050e+003,1.621368e-001
3.397532e+003,1.623306e-001
3.398014e+003,1.625073e-001
3.398496e+003,1.626496e-001
3.398978e+003,1.627495e-001
3.399460e+003,1.628083e-001
3.399942e+003,1.628347e-001
3.400424e+003,1.628422e-001
3.400907e+003,1.628452e-001
3.401389e+003,1.628570e-001
3.401871e+003,1.628871e-001
3.402353e+003,1.629402e-001
3.402835e+003,1.630149e-001
3.403317e+003,1.631048e-001
3.403799e+003,1.631997e-001
3.404281e+003,1.632883e-001
3.404764e+003,1.633608e-001
3.405246e+003,1.634122e-001
3.405728e+003,1.634430e-001
3.406210e+003,1.634594e-001
3.406692e+003,1.634712e-001
3.407174e+003,1.634898e-001
3.407656e+003,1.635247e-001
3.408139e+003,1.635824e-001
3.408621e+003,1.636655e-001
3.409103e+003,1.637726e-001
3.409585e+003,1.638995e-001
3.410067e+003,1.640410e-001
3.410549e+003,1.641901e-001
3.411031e+003,1.643403e-001
3.411513e+003,1.644851e-001
3.411996e+003,1.646189e-001
3.412478e+003,1.647381e-001
3.412959e+003,1.648418e-001
3.413442e+003,1.649321e-001
3.413924e+003,1.650131e-001
3.414406e+003,1.650903e-001
3.414888e+003,1.651689e-001
3.415370e+003,1.652533e-001
3.415853e+003,1.653472e-001
3.416334e+003,1.654547e-001
3.416817e+003,1.655809e-001
3.417299e+003,1.657319e-001
3.417781e+003,1.659134e-001
3.418263e+003,1.661281e-001
3.418745e+003,1.663728e-001
3.419228e+003,1.666365e-001
3.419709e+003,1.669001e-001
3.420191e+003,1.671398e-001
3.420674e+003,1.673327e-001
3.421156e+003,1.674635e-001
3.421638e+003,1.675278e-001
3.422120e+003,1.675330e-001
3.422602e+003,1.674955e-001
3.423084e+003,1.674355e-001
3.423566e+003,1.673723e-001
3.424048e+003,1.673214e-001
3.424531e+003,1.672923e-001
3.425013e+003,1.672890e-001
3.425495e+003,1.673118e-001
3.425977e+003,1.673589e-001
3.426459e+003,1.674284e-001
3.426941e+003,1.675193e-001
3.427423e+003,1.676313e-001
3.427906e+003,1.677642e-001
3.428388e+003,1.679165e-001
3.428870e+003,1.680831e-001
3.429352e+003,1.682539e-001
3.429834e+003,1.684148e-001
3.430316e+003,1.685497e-001
3.430798e+003,1.686446e-001
3.431280e+003,1.686916e-001
3.431763e+003,1.686941e-001
3.432245e+003,1.686663e-001
3.432727e+003,1.686322e-001
3.433209e+003,1.686184e-001
3.433691e+003,1.686479e-001
3.434173e+003,1.687343e-001
3.434655e+003,1.688773e-001
3.435137e+003,1.690644e-001
3.435620e+003,1.692742e-001
3.436102e+003,1.694826e-001
3.436584e+003,1.696697e-001
3.437066e+003,1.698244e-001
3.437548e+003,1.699457e-001
3.438030e+003,1.700427e-001
3.438512e+003,1.701306e-001
3.438995e+003,1.702266e-001
3.439477e+003,1.703464e-001
3.439958e+003,1.705003e-001
3.440441e+003,1.706907e-001
3.440923e+003,1.709114e-001
3.441405e+003,1.711476e-001
3.441887e+003,1.713790e-001
3.442369e+003,1.715847e-001
3.442852e+003,1.717495e-001
3.443333e+003,1.718684e-001
3.443815e+003,1.719480e-001
3.444298e+003,1.720036e-001
3.444780e+003,1.720531e-001
3.445262e+003,1.721107e-001
3.445744e+003,1.721819e-001
3.446226e+003,1.722614e-001
3.446708e+003,1.723348e-001
3.447190e+003,1.723864e-001
3.447673e+003,1.724063e-001
3.448155e+003,1.723954e-001
3.448637e+003,1.723641e-001
3.449119e+003,1.723273e-001
3.449601e+003,1.722970e-001
3.450083e+003,1.722781e-001
3.450565e+003,1.722678e-001
3.451047e+003,1.722577e-001
3.451530e+003,1.722392e-001
3.452012e+003,1.722096e-001
3.452494e+003,1.721751e-001
3.452976e+003,1.721512e-001
3.453458e+003,1.721584e-001
3.453940e+003,1.722159e-001
3.454422e+003,1.723345e-001
3.454904e+003,1.725126e-001
3.455387e+003,1.727348e-001
3.455869e+003,1.729764e-001
3.456351e+003,1.732091e-001
3.456833e+003,1.734091e-001
3.457315e+003,1.735632e-001
3.457797e+003,1.736722e-001
3.458279e+003,1.737504e-001
3.458762e+003,1.738208e-001
3.459244e+003,1.739085e-001
3.459726e+003,1.740328e-001
3.460208e+003,1.742011e-001
3.460690e+003,1.744048e-001
3.461172e+003,1.746220e-001
3.461654e+003,1.748230e-001
3.462136e+003,1.749800e-001
3.462619e+003,1.750777e-001
3.463101e+003,1.751176e-001
3.463583e+003,1.751181e-001
3.464065e+003,1.751074e-001
3.464547e+003,1.751136e-001
3.465029e+003,1.751569e-001
3.465511e+003,1.752439e-001
3.465993e+003,1.753696e-001
3.466476e+003,1.755213e-001
3.466958e+003,1.756852e-001
3.467440e+003,1.758531e-001
3.467922e+003,1.760238e-001
3.468404e+003,1.762009e-001
3.468886e+003,1.763875e-001
3.469368e+003,1.765816e-001
3.469851e+003,1.767749e-001
3.470333e+003,1.769550e-001
3.470814e+003,1.771114e-001
3.471297e+003,1.772413e-001
3.471779e+003,1.773522e-001
3.472261e+003,1.774612e-001
3.472743e+003,1.775893e-001
3.473225e+003,1.777541e-001
3.473708e+003,1.779637e-001
3.474189e+003,1.782143e-001
3.474671e+003,1.784922e-001
3.475154e+003,1.787789e-001
3.475636e+003,1.790590e-001
3.476118e+003,1.793242e-001
3.476600e+003,1.795748e-001
3.477082e+003,1.798175e-001
3.477564e+003,1.800607e-001
3.478046e+003,1.803111e-001
3.478529e+003,1.805706e-001
3.479011e+003,1.808360e-001
3.479493e+003,1.811005e-001
3.479975e+003,1.813551e-001
3.480457e+003,1.815920e-001
3.480939e+003,1.818057e-001
3.481421e+003,1.819962e-001
3.481903e+003,1.821689e-001
3.482386e+003,1.823336e-001
3.482868e+003,1.825020e-001
3.483350e+003,1.826840e-001
3.483832e+003,1.828849e-001
3.484314e+003,1.831042e-001
3.484796e+003,1.833365e-001
3.485278e+003,1.835727e-001
3.485760e+003,1.838051e-001
3.486243e+003,1.840287e-001
3.486725e+003,1.842440e-001
3.487207e+003,1.844565e-001
3.487689e+003,1.846741e-001
3.488171e+003,1.849025e-001
3.488653e+003,1.851428e-001
3.489135e+003,1.853898e-001
3.489618e+003,1.856354e-001
3.490100e+003,1.858713e-001
3.490582e+003,1.860943e-001
3.491064e+003,1.863079e-001
3.491546e+003,1.865225e-001
3.492028e+003,1.867529e-001
3.492510e+003,1.870144e-001
3.492992e+003,1.873173e-001
3.493475e+003,1.876643e-001
3.493957e+003,1.880480e-001
3.494439e+003,1.884513e-001
3.494921e+003,1.888503e-001
3.495403e+003,1.892197e-001
3.495885e+003,1.895407e-001
3.496367e+003,1.898060e-001
3.496849e+003,1.900254e-001
3.497332e+003,1.902237e-001
3.497813e+003,1.904360e-001
3.498296e+003,1.906983e-001
3.498778e+003,1.910391e-001
3.499260e+003,1.914725e-001
3.499742e+003,1.919967e-001
3.500224e+003,1.925934e-001
3.500707e+003,1.932324e-001
3.501188e+003,1.938764e-001
3.501670e+003,1.944863e-001
3.502153e+003,1.950261e-001
3.502635e+003,1.954685e-001
3.503117e+003,1.957985e-001
3.503599e+003,1.960164e-001
3.504081e+003,1.961392e-001
3.504563e+003,1.961998e-001
3.505045e+003,1.962426e-001
3.505528e+003,1.963161e-001
3.506010e+003,1.964657e-001
3.506492e+003,1.967258e-001
3.506974e+003,1.971118e-001
3.507456e+003,1.976161e-001
3.507938e+003,1.982047e-001
3.508420e+003,1.988231e-001
3.508902e+003,1.994089e-001
3.509385e+003,1.999108e-001
3.509867e+003,2.003041e-001
3.510349e+003,2.005945e-001
3.510831e+003,2.008102e-001
3.511313e+003,2.009860e-001
3.511795e+003,2.011501e-001
3.512277e+003,2.013193e-001
3.512759e+003,2.015007e-001
3.513242e+003,2.016981e-001
3.513724e+003,2.019166e-001
3.514206e+003,2.021662e-001
3.514688e+003,2.024579e-001
3.515170e+003,2.027988e-001
3.515652e+003,2.031873e-001
3.516134e+003,2.036103e-001
3.516617e+003,2.040454e-001
3.517099e+003,2.044663e-001
3.517581e+003,2.048512e-001
3.518063e+003,2.051887e-001
3.518545e+003,2.054825e-001
3.519027e+003,2.057497e-001
3.519509e+003,2.060157e-001
3.519991e+003,2.063076e-001
3.520474e+003,2.066474e-001
3.520956e+003,2.070446e-001
3.521438e+003,2.074916e-001
3.521920e+003,2.079621e-001
3.522402e+003,2.084123e-001
3.522884e+003,2.087925e-001
3.523366e+003,2.090627e-001
3.523848e+003,2.092069e-001
3.524331e+003,2.092411e-001
3.524813e+003,2.092043e-001
3.525295e+003,2.091443e-001
3.525777e+003,2.090999e-001
3.526259e+003,2.090895e-001
3.526741e+003,2.091078e-001
3.527223e+003,2.091309e-001
3.527706e+003,2.091292e-001
3.528188e+003,2.090811e-001
3.528669e+003,2.089828e-001
3.529152e+003,2.088464e-001
3.529634e+003,2.086904e-001
3.530116e+003,2.085291e-001
3.530598e+003,2.083682e-001
3.531080e+003,2.082074e-001
3.531563e+003,2.080479e-001
3.532044e+003,2.078998e-001
3.532526e+003,2.077838e-001
3.533009e+003,2.077243e-001
3.533491e+003,2.077396e-001
3.533973e+003,2.078281e-001
3.534455e+003,2.079625e-001
3.534937e+003,2.080902e-001
3.535419e+003,2.081483e-001
3.535901e+003,2.080855e-001
3.536384e+003,2.078860e-001
3.536866e+003,2.075770e-001
3.537348e+003,2.072181e-001
3.537830e+003,2.068783e-001
3.538312e+003,2.066120e-001
3.538794e+003,2.064464e-001
3.539276e+003,2.063816e-001
3.539758e+003,2.063998e-001
3.540241e+003,2.064769e-001
3.540723e+003,2.065950e-001
3.541205e+003,2.067452e-001
3.541687e+003,2.069269e-001
3.542169e+003,2.071412e-001
3.542651e+003,2.073835e-001
3.543133e+003,2.076398e-001
3.543615e+003,2.078869e-001
3.544098e+003,2.080969e-001
3.544580e+003,2.082427e-001
3.545062e+003,2.083017e-001
3.545544e+003,2.082577e-001
3.546026e+003,2.081017e-001
3.546508e+003,2.078354e-001
3.546990e+003,2.074755e-001
3.547473e+003,2.070572e-001
3.547955e+003,2.066301e-001
3.548437e+003,2.062487e-001
3.548919e+003,2.059609e-001
3.549401e+003,2.057985e-001
3.549883e+003,2.057696e-001
3.550365e+003,2.058556e-001
3.550847e+003,2.060115e-001
3.551330e+003,2.061733e-001
3.551812e+003,2.062735e-001
3.552293e+003,2.062628e-001
3.552776e+003,2.061250e-001
3.553258e+003,2.058788e-001
3.553740e+003,2.055637e-001
3.554222e+003,2.052231e-001
3.554704e+003,2.048934e-001
3.555187e+003,2.046014e-001
3.555668e+003,2.043663e-001
3.556151e+003,2.042023e-001
3.556633e+003,2.041196e-001
3.557115e+003,2.041219e-001
3.557597e+003,2.042060e-001
3.558079e+003,2.043600e-001
3.558562e+003,2.045669e-001
3.559043e+003,2.048078e-001
3.559525e+003,2.050678e-001
3.560008e+003,2.053380e-001
3.560490e+003,2.056172e-001
3.560972e+003,2.059079e-001
3.561454e+003,2.062159e-001
3.561936e+003,2.065490e-001
3.562418e+003,2.069203e-001
3.562900e+003,2.073510e-001
3.563382e+003,2.078703e-001
3.563865e+003,2.085106e-001
3.564347e+003,2.092940e-001
3.564829e+003,2.102102e-001
3.565311e+003,2.111882e-001
3.565793e+003,2.120754e-001
3.566275e+003,2.126575e-001
3.566757e+003,2.127438e-001
3.567240e+003,2.122872e-001
3.567722e+003,2.114293e-001
3.568204e+003,2.104170e-001
3.568686e+003,2.094723e-001
3.569168e+003,2.087209e-001
3.569650e+003,2.081958e-001
3.570132e+003,2.078732e-001
3.570614e+003,2.077077e-001
3.571097e+003,2.076552e-001
3.571579e+003,2.076857e-001
3.572061e+003,2.077842e-001
3.572543e+003,2.079470e-001
3.573025e+003,2.081726e-001
3.573507e+003,2.084541e-001
3.573989e+003,2.087751e-001
3.574471e+003,2.091133e-001
3.574954e+003,2.094469e-001
3.575436e+003,2.097626e-001
3.575918e+003,2.100575e-001
3.576400e+003,2.103355e-001
3.576882e+003,2.106019e-001
3.577364e+003,2.108570e-001
3.577846e+003,2.110961e-001
3.578329e+003,2.113145e-001
3.578811e+003,2.115126e-001
3.579292e+003,2.117001e-001
3.579775e+003,2.118938e-001
3.580257e+003,2.121104e-001
3.580739e+003,2.123580e-001
3.581221e+003,2.126332e-001
3.581703e+003,2.129245e-001
3.582186e+003,2.132227e-001
3.582667e+003,2.135320e-001
3.583149e+003,2.138756e-001
3.583632e+003,2.142954e-001
3.584114e+003,2.148418e-001
3.584596e+003,2.155590e-001
3.585078e+003,2.164659e-001
3.585560e+003,2.175338e-001
3.586042e+003,2.186636e-001
3.586524e+003,2.196805e-001
3.587007e+003,2.203748e-001
3.587489e+003,2.205969e-001
3.587971e+003,2.203479e-001
3.588453e+003,2.197747e-001
3.588935e+003,2.190768e-001
3.589417e+003,2.184187e-001
3.589899e+003,2.178995e-001
3.590381e+003,2.175664e-001
3.590864e+003,2.174375e-001
3.591346e+003,2.175129e-001
3.591828e+003,2.177768e-001
3.592310e+003,2.181910e-001
3.592792e+003,2.186899e-001
3.593274e+003,2.191843e-001
3.593756e+003,2.195807e-001
3.594238e+003,2.198123e-001
3.594721e+003,2.198647e-001
3.595203e+003,2.197805e-001
3.595685e+003,2.196378e-001
3.596167e+003,2.195163e-001
3.596649e+003,2.194720e-001
3.597131e+003,2.195275e-001
3.597613e+003,2.196790e-001
3.598096e+003,2.199060e-001
3.598578e+003,2.201806e-001
3.599060e+003,2.204694e-001
3.599542e+003,2.207302e-001
3.600024e+003,2.209099e-001
3.600506e+003,2.209506e-001
3.600988e+003,2.208057e-001
3.601470e+003,2.204607e-001
3.601953e+003,2.199447e-001
3.602435e+003,2.193261e-001
3.602917e+003,2.186952e-001
3.603399e+003,2.181429e-001
3.603881e+003,2.177436e-001
3.604363e+003,2.175449e-001
3.604845e+003,2.175645e-001
3.605327e+003,2.177897e-001
3.605810e+003,2.181782e-001
3.606292e+003,2.186577e-001
3.606774e+003,2.191278e-001
3.607256e+003,2.194712e-001
3.607738e+003,2.195819e-001
3.608220e+003,2.194052e-001
3.608702e+003,2.189647e-001
3.609185e+003,2.183547e-001
3.609667e+003,2.176996e-001
3.610148e+003,2.171118e-001
3.610631e+003,2.166657e-001
3.611113e+003,2.163887e-001
3.611595e+003,2.162596e-001
3.612077e+003,2.162113e-001
3.612559e+003,2.161448e-001
3.613042e+003,2.159654e-001
3.613523e+003,2.156281e-001
3.614006e+003,2.151625e-001
3.614488e+003,2.146550e-001
3.614970e+003,2.142028e-001
3.615452e+003,2.138746e-001
3.615934e+003,2.136954e-001
3.616416e+003,2.136452e-001
3.616898e+003,2.136658e-001
3.617380e+003,2.136661e-001
3.617863e+003,2.135337e-001
3.618345e+003,2.131599e-001
3.618827e+003,2.124781e-001
3.619309e+003,2.114945e-001
3.619791e+003,2.102894e-001
3.620273e+003,2.089801e-001
3.620755e+003,2.076773e-001
3.621237e+003,2.064610e-001
3.621720e+003,2.053790e-001
3.622202e+003,2.044556e-001
3.622684e+003,2.036982e-001
3.623166e+003,2.031037e-001
3.623648e+003,2.026599e-001
3.624130e+003,2.023508e-001
3.624612e+003,2.021619e-001
3.625094e+003,2.020856e-001
3.625577e+003,2.021262e-001
3.626059e+003,2.022961e-001
3.626541e+003,2.026027e-001
3.627023e+003,2.030184e-001
3.627505e+003,2.034327e-001
3.627987e+003,2.036132e-001
3.628469e+003,2.032646e-001
3.628952e+003,2.022474e-001
3.629434e+003,2.007534e-001
3.629916e+003,1.991574e-001
3.630398e+003,1.977375e-001
3.630880e+003,1.965832e-001
3.631362e+003,1.956591e-001
3.631844e+003,1.948802e-001
3.632326e+003,1.941532e-001
3.632809e+003,1.933984e-001
3.633291e+003,1.925656e-001
3.633773e+003,1.916455e-001
3.634255e+003,1.906679e-001
3.634737e+003,1.896837e-001
3.635219e+003,1.887402e-001
3.635701e+003,1.878665e-001
3.636183e+003,1.870730e-001
3.636666e+003,1.863587e-001
3.637147e+003,1.857188e-001
3.637630e+003,1.851471e-001
3.638112e+003,1.846349e-001
3.638594e+003,1.841674e-001
3.639076e+003,1.837228e-001
3.639558e+003,1.832749e-001
3.640041e+003,1.827990e-001
3.640522e+003,1.822786e-001
3.641004e+003,1.817112e-001
3.641487e+003,1.811123e-001
3.641969e+003,1.805144e-001
3.642451e+003,1.799607e-001
3.642933e+003,1.794951e-001
3.643415e+003,1.791541e-001
3.643897e+003,1.789644e-001
3.644379e+003,1.789432e-001
3.644862e+003,1.791014e-001
3.645344e+003,1.794395e-001
3.645826e+003,1.799392e-001
3.646308e+003,1.805497e-001
3.646790e+003,1.811752e-001
3.647272e+003,1.816777e-001
3.647754e+003,1.819041e-001
3.648236e+003,1.817252e-001
3.648719e+003,1.810651e-001
3.649201e+003,1.799108e-001
3.649683e+003,1.783266e-001
3.650165e+003,1.764663e-001
3.650647e+003,1.745430e-001
3.651129e+003,1.727536e-001
3.651611e+003,1.712208e-001
3.652093e+003,1.699888e-001
3.652576e+003,1.690519e-001
3.653058e+003,1.683794e-001
3.653540e+003,1.679294e-001
3.654022e+003,1.676483e-001
3.654504e+003,1.674641e-001
3.654986e+003,1.672819e-001
3.655468e+003,1.669975e-001
3.655951e+003,1.665352e-001
3.656433e+003,1.658902e-001
3.656915e+003,1.651303e-001
3.657397e+003,1.643489e-001
3.657879e+003,1.636135e-001
3.658361e+003,1.629472e-001
3.658843e+003,1.623398e-001
3.659325e+003,1.617673e-001
3.659808e+003,1.612073e-001
3.660290e+003,1.606501e-001
3.660771e+003,1.600992e-001
3.661254e+003,1.595685e-001
3.661736e+003,1.590735e-001
3.662218e+003,1.586248e-001
3.662700e+003,1.582251e-001
3.663182e+003,1.578726e-001
3.663665e+003,1.575653e-001
3.664146e+003,1.573066e-001
3.664629e+003,1.571068e-001
3.665111e+003,1.569826e-001
3.665593e+003,1.569530e-001
3.666075e+003,1.570360e-001
3.666557e+003,1.572464e-001
3.667040e+003,1.575923e-001
3.667521e+003,1.580689e-001
3.668003e+003,1.586442e-001
3.668486e+003,1.592359e-001
3.668968e+003,1.596953e-001
3.669450e+003,1.598369e-001
3.669932e+003,1.595477e-001
3.670414e+003,1.588918e-001
3.670896e+003,1.580781e-001
3.671378e+003,1.573234e-001
3.671860e+003,1.567659e-001
3.672343e+003,1.564707e-001
3.672825e+003,1.564676e-001
3.673307e+003,1.567740e-001
3.673789e+003,1.573861e-001
3.674271e+003,1.582265e-001
3.674753e+003,1.590642e-001
3.675235e+003,1.595269e-001
3.675718e+003,1.593475e-001
3.676200e+003,1.586087e-001
3.676682e+003,1.576114e-001
3.677164e+003,1.565988e-001
3.677646e+003,1.556662e-001
3.678128e+003,1.548135e-001
3.678610e+003,1.540083e-001
3.679092e+003,1.532242e-001
3.679575e+003,1.524593e-001
3.680057e+003,1.517356e-001
3.680539e+003,1.510870e-001
3.681021e+003,1.505436e-001
3.681503e+003,1.501228e-001
3.681985e+003,1.498278e-001
3.682467e+003,1.496514e-001
3.682949e+003,1.495777e-001
3.683432e+003,1.495852e-001
3.683914e+003,1.496505e-001
3.684396e+003,1.497525e-001
3.684878e+003,1.498798e-001
3.685360e+003,1.500352e-001
3.685842e+003,1.502389e-001
3.686324e+003,1.505269e-001
3.686807e+003,1.509444e-001
3.687289e+003,1.515290e-001
3.687771e+003,1.522790e-001
3.688253e+003,1.531175e-001
3.688735e+003,1.538827e-001
3.689217e+003,1.543779e-001
3.689699e+003,1.544646e-001
3.690181e+003,1.541220e-001
3.690664e+003,1.534366e-001
3.691146e+003,1.525482e-001
3.691627e+003,1.515960e-001
3.692110e+003,1.506850e-001
3.692592e+003,1.498757e-001
3.693074e+003,1.491880e-001
3.693556e+003,1.486157e-001
3.694038e+003,1.481401e-001
3.694521e+003,1.477415e-001
3.695002e+003,1.474047e-001
3.695485e+003,1.471224e-001
3.695967e+003,1.468937e-001
3.696449e+003,1.467213e-001
3.696931e+003,1.466086e-001
3.697413e+003,1.465583e-001
3.697896e+003,1.465734e-001
3.698377e+003,1.466576e-001
3.698859e+003,1.468154e-001
3.699342e+003,1.470472e-001
3.699824e+003,1.473431e-001
3.700306e+003,1.476728e-001
3.700788e+003,1.479834e-001
3.701270e+003,1.482078e-001
3.701752e+003,1.482922e-001
3.702234e+003,1.482217e-001
3.702716e+003,1.480292e-001
3.703199e+003,1.477755e-001
3.703681e+003,1.475243e-001
3.704163e+003,1.473236e-001
3.704645e+003,1.472030e-001
3.705127e+003,1.471762e-001
3.705609e+003,1.472488e-001
3.706091e+003,1.474235e-001
3.706574e+003,1.477038e-001
3.707056e+003,1.480954e-001
3.707538e+003,1.486023e-001
3.708020e+003,1.492221e-001
3.708502e+003,1.499346e-001
3.708984e+003,1.506907e-001
3.709466e+003,1.514030e-001
3.709948e+003,1.519451e-001
3.710431e+003,1.521787e-001
3.710913e+003,1.520101e-001
3.711395e+003,1.514490e-001
3.711877e+003,1.506160e-001
3.712359e+003,1.496808e-001
3.712841e+003,1.487850e-001
3.713323e+003,1.480074e-001
3.713805e+003,1.473749e-001
3.714288e+003,1.468884e-001
3.714770e+003,1.465437e-001
3.715252e+003,1.463389e-001
3.715734e+003,1.462753e-001
3.716216e+003,1.463510e-001
3.716698e+003,1.465544e-001
3.717180e+003,1.468593e-001
3.717663e+003,1.472256e-001
3.718145e+003,1.476078e-001
3.718626e+003,1.479710e-001
3.719109e+003,1.483022e-001
3.719591e+003,1.486128e-001
3.720073e+003,1.489284e-001
3.720555e+003,1.492727e-001
3.721037e+003,1.496517e-001
3.721520e+003,1.500469e-001
3.722001e+003,1.504207e-001
3.722483e+003,1.507349e-001
3.722966e+003,1.509705e-001
3.723448e+003,1.511340e-001
3.723930e+003,1.512457e-001
3.724412e+003,1.513196e-001
3.724894e+003,1.513462e-001
3.725376e+003,1.512907e-001
3.725858e+003,1.511104e-001
3.726341e+003,1.507871e-001
3.726823e+003,1.503521e-001
3.727305e+003,1.498835e-001
3.727787e+003,1.494761e-001
3.728269e+003,1.492105e-001
3.728751e+003,1.491370e-001
3.729233e+003,1.492772e-001
3.729715e+003,1.496292e-001
3.730198e+003,1.501726e-001
3.730680e+003,1.508701e-001
3.731162e+003,1.516717e-001
3.731644e+003,1.525273e-001
3.732126e+003,1.534063e-001
3.732608e+003,1.543115e-001
3.733090e+003,1.552709e-001
3.733572e+003,1.563006e-001
3.734055e+003,1.573521e-001
3.734537e+003,1.582709e-001
3.735019e+003,1.588126e-001
3.735501e+003,1.587573e-001
3.735983e+003,1.580675e-001
3.736465e+003,1.569317e-001
3.736947e+003,1.556358e-001
3.737430e+003,1.544149e-001
3.737912e+003,1.533983e-001
3.738394e+003,1.526314e-001
3.738876e+003,1.521132e-001
3.739358e+003,1.518219e-001
3.739840e+003,1.517260e-001
3.740322e+003,1.517897e-001
3.740804e+003,1.519765e-001
3.741287e+003,1.522562e-001
3.741769e+003,1.526079e-001
3.742251e+003,1.530215e-001
3.742733e+003,1.534911e-001
3.743215e+003,1.539994e-001
3.743697e+003,1.544999e-001
3.744179e+003,1.549135e-001
3.744661e+003,1.551755e-001
3.745144e+003,1.552939e-001
3.745625e+003,1.553435e-001
3.746108e+003,1.554099e-001
3.746590e+003,1.555546e-001
3.747072e+003,1.558142e-001
3.747554e+003,1.562099e-001
3.748036e+003,1.567481e-001
3.748519e+003,1.574085e-001
3.749000e+003,1.581250e-001
3.749482e+003,1.587694e-001
3.749965e+003,1.591630e-001
3.750447e+003,1.591362e-001
3.750929e+003,1.586120e-001
3.751411e+003,1.576543e-001
3.751893e+003,1.564396e-001
3.752375e+003,1.551728e-001
3.752857e+003,1.540149e-001
3.753340e+003,1.530537e-001
3.753822e+003,1.523173e-001
3.754304e+003,1.518003e-001
3.754786e+003,1.514848e-001
3.755268e+003,1.513513e-001
3.755750e+003,1.513802e-001
3.756232e+003,1.515464e-001
3.756714e+003,1.518144e-001
3.757197e+003,1.521339e-001
3.757679e+003,1.524416e-001
3.758161e+003,1.526697e-001
3.758643e+003,1.527567e-001
3.759125e+003,1.526632e-001
3.759607e+003,1.523869e-001
3.760089e+003,1.519682e-001
3.760571e+003,1.514802e-001
3.761054e+003,1.510049e-001
3.761536e+003,1.506107e-001
3.762018e+003,1.503430e-001
3.762500e+003,1.502269e-001
3.762982e+003,1.502715e-001
3.763464e+003,1.504704e-001
3.763946e+003,1.507926e-001
3.764429e+003,1.511780e-001
3.764911e+003,1.515442e-001
3.765393e+003,1.518164e-001
3.765875e+003,1.519643e-001
3.766357e+003,1.520144e-001
3.766839e+003,1.520284e-001
3.767321e+003,1.520716e-001
3.767803e+003,1.521841e-001
3.768286e+003,1.523661e-001
3.768768e+003,1.525716e-001
3.769250e+003,1.527167e-001
3.769732e+003,1.527164e-001
3.770214e+003,1.525310e-001
3.770696e+003,1.521894e-001
3.771178e+003,1.517660e-001
3.771660e+003,1.513375e-001
3.772143e+003,1.509547e-001
3.772625e+003,1.506373e-001
3.773107e+003,1.503824e-001
3.773589e+003,1.501794e-001
3.774071e+003,1.500207e-001
3.774553e+003,1.499097e-001
3.775035e+003,1.498608e-001
3.775518e+003,1.498938e-001
3.776000e+003,1.500251e-001
3.776481e+003,1.502587e-001
3.776964e+003,1.505799e-001
3.777446e+003,1.509530e-001
3.777928e+003,1.513204e-001
3.778410e+003,1.516119e-001
3.778892e+003,1.517651e-001
3.779375e+003,1.517538e-001
3.779856e+003,1.516053e-001
3.780338e+003,1.513872e-001
3.780821e+003,1.511736e-001
3.781303e+003,1.510190e-001
3.781785e+003,1.509496e-001
3.782267e+003,1.509701e-001
3.782749e+003,1.510681e-001
3.783231e+003,1.512171e-001
3.783713e+003,1.513775e-001
3.784196e+003,1.515039e-001
3.784678e+003,1.515588e-001
3.785160e+003,1.515281e-001
3.785642e+003,1.514263e-001
3.786124e+003,1.512875e-001
3.786606e+003,1.511501e-001
3.787088e+003,1.510416e-001
3.787570e+003,1.509722e-001
3.788053e+003,1.509346e-001
3.788535e+003,1.509102e-001
3.789017e+003,1.508786e-001
3.789499e+003,1.508287e-001
3.789981e+003,1.507667e-001
3.790463e+003,1.507156e-001
3.790945e+003,1.507107e-001
3.791427e+003,1.507860e-001
3.791910e+003,1.509644e-001
3.792392e+003,1.512513e-001
3.792874e+003,1.516366e-001
3.793356e+003,1.521017e-001
3.793838e+003,1.526257e-001
3.794320e+003,1.531864e-001
3.794802e+003,1.537556e-001
3.795285e+003,1.542906e-001
3.795767e+003,1.547346e-001
3.796249e+003,1.550332e-001
3.796731e+003,1.551647e-001
3.797213e+003,1.551584e-001
3.797695e+003,1.550865e-001
3.798177e+003,1.550388e-001
3.798659e+003,1.551010e-001
3.799142e+003,1.553442e-001
3.799624e+003,1.558112e-001
3.800105e+003,1.564873e-001
3.800588e+003,1.572526e-001
3.801070e+003,1.578665e-001
3.801552e+003,1.580758e-001
3.802034e+003,1.578092e-001
3.802516e+003,1.572247e-001
3.802999e+003,1.565606e-001
3.803480e+003,1.559931e-001
3.803963e+003,1.556057e-001
3.804445e+003,1.554182e-001
3.804927e+003,1.554108e-001
3.805409e+003,1.555331e-001
3.805891e+003,1.557013e-001
3.806374e+003,1.558068e-001
3.806855e+003,1.557558e-001
3.807337e+003,1.555218e-001
3.807820e+003,1.551560e-001
3.808302e+003,1.547423e-001
3.808784e+003,1.543475e-001
3.809266e+003,1.540070e-001
3.809748e+003,1.537340e-001
3.810230e+003,1.535324e-001
3.810712e+003,1.534068e-001
3.811194e+003,1.533632e-001
3.811677e+003,1.534072e-001
3.812159e+003,1.535405e-001
3.812641e+003,1.537600e-001
3.813123e+003,1.540588e-001
3.813605e+003,1.544275e-001
3.814087e+003,1.548531e-001
3.814569e+003,1.553130e-001
3.815052e+003,1.557704e-001
3.815534e+003,1.561783e-001
3.816016e+003,1.565024e-001
3.816498e+003,1.567449e-001
3.816980e+003,1.569456e-001
3.817462e+003,1.571569e-001
3.817944e+003,1.574226e-001
3.818426e+003,1.577734e-001
3.818909e+003,1.582210e-001
3.819391e+003,1.587444e-001
3.819873e+003,1.592608e-001
3.820355e+003,1.596042e-001
3.820837e+003,1.595779e-001
3.821319e+003,1.590986e-001
3.821801e+003,1.582847e-001
3.822283e+003,1.573593e-001
3.822766e+003,1.565014e-001
3.823248e+003,1.557985e-001
3.823730e+003,1.552728e-001
3.824212e+003,1.549117e-001
3.824694e+003,1.546840e-001
3.825176e+003,1.545416e-001
3.825658e+003,1.544219e-001
3.826141e+003,1.542618e-001
3.826623e+003,1.540226e-001
3.827104e+003,1.537109e-001
3.827587e+003,1.533765e-001
3.828069e+003,1.530889e-001
3.828551e+003,1.529102e-001
3.829033e+003,1.528808e-001
3.829515e+003,1.530130e-001
3.829998e+003,1.532901e-001
3.830479e+003,1.536679e-001
3.830961e+003,1.540820e-001
3.831444e+003,1.544672e-001
3.831926e+003,1.547806e-001
3.832408e+003,1.550164e-001
3.832890e+003,1.552012e-001
3.833372e+003,1.553741e-001
3.833854e+003,1.555690e-001
3.834336e+003,1.558056e-001
3.834819e+003,1.560906e-001
3.835301e+003,1.564261e-001
3.835783e+003,1.568151e-001
3.836265e+003,1.572623e-001
3.836747e+003,1.577638e-001
3.837229e+003,1.582862e-001
3.837711e+003,1.587515e-001
3.838193e+003,1.590452e-001
3.838676e+003,1.590602e-001
3.839158e+003,1.587539e-001
3.839640e+003,1.581744e-001
3.840122e+003,1.574378e-001
3.840604e+003,1.566752e-001
3.841086e+003,1.559886e-001
3.841568e+003,1.554306e-001
3.842050e+003,1.550031e-001
3.842533e+003,1.546668e-001
3.843015e+003,1.543594e-001
3.843497e+003,1.540212e-001
3.843979e+003,1.536201e-001
3.844461e+003,1.531651e-001
3.844943e+003,1.527007e-001
3.845425e+003,1.522866e-001
3.845908e+003,1.519793e-001
3.846390e+003,1.518193e-001
3.846872e+003,1.518303e-001
3.847354e+003,1.520199e-001
3.847836e+003,1.523836e-001
3.848318e+003,1.529075e-001
3.848800e+003,1.535733e-001
3.849282e+003,1.543642e-001
3.849765e+003,1.552718e-001
3.850247e+003,1.562999e-001
3.850729e+003,1.574589e-001
3.851211e+003,1.587447e-001
3.851693e+003,1.600868e-001
3.852175e+003,1.612700e-001
3.852657e+003,1.619056e-001
3.853139e+003,1.616367e-001
3.853622e+003,1.605195e-001
3.854104e+003,1.590338e-001
3.854586e+003,1.576426e-001
3.855068e+003,1.565339e-001
3.855550e+003,1.556913e-001
3.856032e+003,1.550288e-001
3.856514e+003,1.544650e-001
3.856997e+003,1.539502e-001
3.857479e+003,1.534702e-001
3.857960e+003,1.530401e-001
3.858443e+003,1.526907e-001
3.858925e+003,1.524580e-001
3.859407e+003,1.523738e-001
3.859889e+003,1.524608e-001
3.860371e+003,1.527283e-001
3.860854e+003,1.531680e-001
3.861335e+003,1.537517e-001
3.861818e+003,1.544326e-001
3.862300e+003,1.551464e-001
3.862782e+003,1.558160e-001
3.863264e+003,1.563498e-001
3.863746e+003,1.566517e-001
3.864228e+003,1.566487e-001
3.864710e+003,1.563366e-001
3.865192e+003,1.558027e-001
3.865675e+003,1.551956e-001
3.866157e+003,1.546652e-001
3.866639e+003,1.543207e-001
3.867121e+003,1.542241e-001
3.867603e+003,1.543973e-001
3.868085e+003,1.548184e-001
3.868567e+003,1.553982e-001
3.869049e+003,1.559564e-001
3.869532e+003,1.562609e-001
3.870014e+003,1.561638e-001
3.870496e+003,1.557187e-001
3.870978e+003,1.551251e-001
3.871460e+003,1.545767e-001
3.871942e+003,1.541770e-001
3.872424e+003,1.539381e-001
3.872906e+003,1.538043e-001
3.873389e+003,1.536801e-001
3.873871e+003,1.534675e-001
3.874353e+003,1.531144e-001
3.874835e+003,1.526451e-001
3.875317e+003,1.521402e-001
3.875799e+003,1.516895e-001
3.876281e+003,1.513584e-001
3.876764e+003,1.511819e-001
3.877246e+003,1.511735e-001
3.877728e+003,1.513359e-001
3.878210e+003,1.516654e-001
3.878692e+003,1.521476e-001
3.879174e+003,1.527469e-001
3.879656e+003,1.533938e-001
3.880138e+003,1.539900e-001
3.880621e+003,1.544403e-001
3.881103e+003,1.546986e-001
3.881585e+003,1.547840e-001
3.882067e+003,1.547588e-001
3.882549e+003,1.546923e-001
3.883031e+003,1.546365e-001
3.883513e+003,1.546128e-001
3.883995e+003,1.546056e-001
3.884478e+003,1.545582e-001
3.884959e+003,1.543895e-001
3.885442e+003,1.540403e-001
3.885924e+003,1.535258e-001
3.886406e+003,1.529416e-001
3.886888e+003,1.524106e-001
3.887370e+003,1.520305e-001
3.887853e+003,1.518573e-001
3.888334e+003,1.519172e-001
3.888816e+003,1.522150e-001
3.889299e+003,1.527341e-001
3.889781e+003,1.534241e-001
3.890263e+003,1.541862e-001
3.890745e+003,1.548768e-001
3.891227e+003,1.553460e-001
3.891709e+003,1.555016e-001
3.892191e+003,1.553494e-001
3.892674e+003,1.549746e-001
3.893156e+003,1.544888e-001
3.893638e+003,1.539890e-001
3.894120e+003,1.535442e-001
3.894602e+003,1.532003e-001
3.895084e+003,1.529896e-001
3.895566e+003,1.529372e-001
3.896048e+003,1.530625e-001
3.896531e+003,1.533759e-001
3.897013e+003,1.538720e-001
3.897495e+003,1.545217e-001
3.897977e+003,1.552660e-001
3.898459e+003,1.560196e-001
3.898941e+003,1.566894e-001
3.899423e+003,1.572050e-001
3.899905e+003,1.575494e-001
3.900388e+003,1.577657e-001
3.900870e+003,1.579383e-001
3.901352e+003,1.581571e-001
3.901834e+003,1.584821e-001
3.902316e+003,1.589181e-001
3.902798e+003,1.594007e-001
3.903280e+003,1.598011e-001
3.903763e+003,1.599647e-001
3.904245e+003,1.597774e-001
3.904727e+003,1.592208e-001
3.905209e+003,1.583782e-001
3.905691e+003,1.573902e-001
3.906173e+003,1.563980e-001
3.906655e+003,1.555084e-001
3.907137e+003,1.547849e-001
3.907620e+003,1.542525e-001
3.908102e+003,1.539076e-001
3.908583e+003,1.537271e-001
3.909066e+003,1.536776e-001
3.909548e+003,1.537238e-001
3.910030e+003,1.538340e-001
3.910512e+003,1.539846e-001
3.910994e+003,1.541601e-001
3.911477e+003,1.543523e-001
3.911958e+003,1.545590e-001
3.912441e+003,1.547824e-001
3.912923e+003,1.550283e-001
3.913405e+003,1.553058e-001
3.913887e+003,1.556248e-001
3.914369e+003,1.559917e-001
3.914852e+003,1.564025e-001
3.915333e+003,1.568361e-001
3.915815e+003,1.572512e-001
3.916298e+003,1.575941e-001
3.916780e+003,1.578151e-001
3.917262e+003,1.578886e-001
3.917744e+003,1.578231e-001
3.918226e+003,1.576543e-001
3.918708e+003,1.574320e-001
3.919190e+003,1.572036e-001
3.919672e+003,1.570066e-001
3.920155e+003,1.568661e-001
3.920637e+003,1.567951e-001
3.921119e+003,1.567993e-001
3.921601e+003,1.568809e-001
3.922083e+003,1.570381e-001
3.922565e+003,1.572643e-001
3.923047e+003,1.575418e-001
3.923530e+003,1.578388e-001
3.924012e+003,1.581127e-001
3.924494e+003,1.583222e-001
3.924976e+003,1.584475e-001
3.925458e+003,1.585015e-001
3.925940e+003,1.585236e-001
3.926422e+003,1.585638e-001
3.926904e+003,1.586654e-001
3.927387e+003,1.588561e-001
3.927869e+003,1.591444e-001
3.928351e+003,1.595197e-001
3.928833e+003,1.599563e-001
3.929315e+003,1.604171e-001
3.929797e+003,1.608602e-001
3.930279e+003,1.612442e-001
3.930761e+003,1.615326e-001
3.931244e+003,1.616968e-001
3.931726e+003,1.617204e-001
3.932208e+003,1.616066e-001
3.932690e+003,1.613832e-001
3.933172e+003,1.611001e-001
3.933654e+003,1.608174e-001
3.934136e+003,1.605884e-001
3.934619e+003,1.604476e-001
3.935101e+003,1.604041e-001
3.935583e+003,1.604437e-001
3.936065e+003,1.605348e-001
3.936547e+003,1.606397e-001
3.937029e+003,1.607271e-001
3.937511e+003,1.607838e-001
3.937993e+003,1.608221e-001
3.938476e+003,1.608765e-001
3.938958e+003,1.609928e-001
3.939439e+003,1.612142e-001
3.939922e+003,1.615668e-001
3.940404e+003,1.620507e-001
3.940886e+003,1.626335e-001
3.941368e+003,1.632498e-001
3.941850e+003,1.638097e-001
3.942333e+003,1.642212e-001
3.942814e+003,1.644202e-001
3.943297e+003,1.643945e-001
3.943779e+003,1.641855e-001
3.944261e+003,1.638687e-001
3.944743e+003,1.635278e-001
3.945225e+003,1.632346e-001
3.945708e+003,1.630403e-001
3.946189e+003,1.629726e-001
3.946671e+003,1.630359e-001
3.947154e+003,1.632114e-001
3.947636e+003,1.634592e-001
3.948118e+003,1.637260e-001
3.948600e+003,1.639586e-001
3.949082e+003,1.641178e-001
3.949564e+003,1.641871e-001
3.950046e+003,1.641730e-001
3.950528e+003,1.640988e-001
3.951011e+003,1.639957e-001
3.951493e+003,1.638945e-001
3.951975e+003,1.638213e-001
3.952457e+003,1.637930e-001
3.952939e+003,1.638169e-001
3.953421e+003,1.638887e-001
3.953903e+003,1.639939e-001
3.954386e+003,1.641097e-001
3.954868e+003,1.642088e-001
3.955350e+003,1.642659e-001
3.955832e+003,1.642639e-001
3.956314e+003,1.642015e-001
3.956796e+003,1.640948e-001
3.957278e+003,1.639762e-001
3.957760e+003,1.638866e-001
3.958243e+003,1.638658e-001
3.958725e+003,1.639417e-001
3.959207e+003,1.641237e-001
3.959689e+003,1.643990e-001
3.960171e+003,1.647359e-001
3.960653e+003,1.650900e-001
3.961135e+003,1.654151e-001
3.961617e+003,1.656729e-001
3.962100e+003,1.658424e-001
3.962582e+003,1.659221e-001
3.963064e+003,1.659268e-001
3.963546e+003,1.658806e-001
3.964028e+003,1.658087e-001
3.964510e+003,1.657323e-001
3.964992e+003,1.656672e-001
3.965475e+003,1.656258e-001
3.965957e+003,1.656190e-001
3.966438e+003,1.656580e-001
3.966921e+003,1.657524e-001
3.967403e+003,1.659071e-001
3.967885e+003,1.661185e-001
3.968367e+003,1.663723e-001
3.968849e+003,1.666453e-001
3.969332e+003,1.669102e-001
3.969813e+003,1.671431e-001
3.970295e+003,1.673303e-001
3.970778e+003,1.674711e-001
3.971260e+003,1.675760e-001
3.971742e+003,1.676619e-001
3.972224e+003,1.677438e-001
3.972706e+003,1.678291e-001
3.973188e+003,1.679152e-001
3.973670e+003,1.679929e-001
3.974153e+003,1.680513e-001
3.974635e+003,1.680850e-001
3.975117e+003,1.680978e-001
3.975599e+003,1.681020e-001
3.976081e+003,1.681138e-001
3.976563e+003,1.681470e-001
3.977045e+003,1.682071e-001
3.977527e+003,1.682908e-001
3.978010e+003,1.683868e-001
3.978492e+003,1.684819e-001
3.978974e+003,1.685655e-001
3.979456e+003,1.686344e-001
3.979938e+003,1.686926e-001
3.980420e+003,1.687505e-001
3.980902e+003,1.688199e-001
3.981384e+003,1.689095e-001
3.981867e+003,1.690218e-001
3.982349e+003,1.691510e-001
3.982831e+003,1.692837e-001
3.983313e+003,1.694030e-001
3.983795e+003,1.694914e-001
3.984277e+003,1.695361e-001
3.984759e+003,1.695326e-001
3.985242e+003,1.694864e-001
3.985724e+003,1.694144e-001
3.986206e+003,1.693403e-001
3.986688e+003,1.692896e-001
3.987170e+003,1.692830e-001
3.987652e+003,1.693297e-001
3.988134e+003,1.694250e-001
3.988616e+003,1.695505e-001
3.989099e+003,1.696805e-001
3.989581e+003,1.697894e-001
3.990063e+003,1.698602e-001
3.990545e+003,1.698908e-001
3.991027e+003,1.698941e-001
3.991509e+003,1.698929e-001
3.991991e+003,1.699131e-001
3.992473e+003,1.699755e-001
3.992956e+003,1.700910e-001
3.993438e+003,1.702595e-001
3.993920e+003,1.704706e-001
3.994402e+003,1.707084e-001
3.994884e+003,1.709542e-001
3.995366e+003,1.711902e-001
3.995848e+003,1.714010e-001
3.996331e+003,1.715727e-001
3.996813e+003,1.716938e-001
3.997294e+003,1.717543e-001
3.997777e+003,1.717467e-001
3.998259e+003,1.716680e-001
3.998741e+003,1.715220e-001
3.999223e+003,1.713196e-001
3.999705e+003,1.710793e-001
4.000188e+003,1.708243e-001
