Wavenumber(cm-1),Transmittance(%),Absorbance(A.U.)
1.000000000000000000e+02,9.985628439071393814e+01,2.000624597890677148e+00
1.005000000000000000e+02,9.985431654898506793e+01,2.000633156502990229e+00
1.010000000000000000e+02,9.985228576065409811e+01,2.000641989061913151e+00
1.015000000000000000e+02,9.985018941917721236e+01,2.000651106921216726e+00
1.020000000000000000e+02,9.984802479832511324e+01,2.000660521956751037e+00
1.025000000000000000e+02,9.984578904707713320e+01,2.000670246588788892e+00
1.030000000000000000e+02,9.984347918439948444e+01,2.000680293804883991e+00
1.035000000000000000e+02,9.984109209391583306e+01,2.000690677183211807e+00
1.040000000000000000e+02,9.983862451847956265e+01,2.000701410916351008e+00
1.045000000000000000e+02,9.983607305465822890e+01,2.000712509835461894e+00
1.050000000000000000e+02,9.983343414714229880e+01,2.000723989434811667e+00
1.055000000000000000e+02,9.983070408309104948e+01,2.000735865896586585e+00
1.060000000000000000e+02,9.982787898643046276e+01,2.000748156115937704e+00
1.065000000000000000e+02,9.982495481211903154e+01,2.000760877726179832e+00
1.070000000000000000e+02,9.982192734039911386e+01,2.000774049124079745e+00
1.075000000000000000e+02,9.981879217105266378e+01,2.000787689495147070e+00
1.080000000000000000e+02,9.981554471768222925e+01,2.000801818838837232e+00
1.085000000000000000e+02,9.981218020203937158e+01,2.000816457993580766e+00
1.090000000000000000e+02,9.980869364842426705e+01,2.000831628661526196e+00
1.095000000000000000e+02,9.980507987818236870e+01,2.000847353432891662e+00
1.100000000000000000e+02,9.980133350432515726e+01,2.000863655809813846e+00
1.105000000000000000e+02,9.979744892630426989e+01,2.000880560229556959e+00
1.110000000000000000e+02,9.979342032496970205e+01,2.000898092086963231e+00
1.115000000000000000e+02,9.978924165774478183e+01,2.000916277755996120e+00
1.120000000000000000e+02,9.978490665405223581e+01,2.000935144610234584e+00
1.125000000000000000e+02,9.978040881102778314e+01,2.000954721042158990e+00
1.130000000000000000e+02,9.977574138955924354e+01,2.000975036481064784e+00
1.135000000000000000e+02,9.977089741069110573e+01,2.000996121409440054e+00
1.140000000000000000e+02,9.976586965243643590e+01,2.001018007377614705e+00
1.145000000000000000e+02,9.976065064703975338e+01,2.001040727016507148e+00
1.150000000000000000e+02,9.975523267873649047e+01,2.001064314048262016e+00
1.155000000000000000e+02,9.974960778205648637e+01,2.001088803294582164e+00
1.160000000000000000e+02,9.974376774072082696e+01,2.001114230682536910e+00
1.165000000000000000e+02,9.973770408718341685e+01,2.001140633247628475e+00
1.170000000000000000e+02,9.973140810287041802e+01,2.001168049133889681e+00
1.175000000000000000e+02,9.972487081917277862e+01,2.001196517590765112e+00
1.180000000000000000e+02,9.971808301924890827e+01,2.001226078966543032e+00
1.185000000000000000e+02,9.971103524069673085e+01,2.001256774698068064e+00
1.190000000000000000e+02,9.970371777915606515e+01,2.001288647296478374e+00
1.195000000000000000e+02,9.969612069290465683e+01,2.001321740328693810e+00
1.200000000000000000e+02,9.968823380851279126e+01,2.001356098394361904e+00
1.205000000000000000e+02,9.968004672762383223e+01,2.001391767097983276e+00
1.210000000000000000e+02,9.967154883492955264e+01,2.001428793015902041e+00
1.215000000000000000e+02,9.966272930741139646e+01,2.001467223657860117e+00
1.220000000000000000e+02,9.965357712492030373e+01,2.001507107422788589e+00
1.225000000000000000e+02,9.964408108216946403e+01,2.001548493548514607e+00
1.230000000000000000e+02,9.963422980221548642e+01,2.001591432055050301e+00
1.235000000000000000e+02,9.962401175150451138e+01,2.001635973681121783e+00
1.240000000000000000e+02,9.961341525655988960e+01,2.001682169813599810e+00
1.245000000000000000e+02,9.960242852238791045e+01,2.001730072409491079e+00
1.250000000000000000e+02,9.959103965267607350e+01,2.001779733910158399e+00
1.255000000000000000e+02,9.957923667185630734e+01,2.001831207147437119e+00
1.260000000000000000e+02,9.956700754910006879e+01,2.001884545241348956e+00
1.265000000000000000e+02,9.955434022430665664e+01,2.001939801489131199e+00
1.270000000000000000e+02,9.954122263613551524e+01,2.001997029245340620e+00
1.275000000000000000e+02,9.952764275212160783e+01,2.002056281792842451e+00
1.280000000000000000e+02,9.951358860089523262e+01,2.002117612204577846e+00
1.285000000000000000e+02,9.949904830650648080e+01,2.002181073196076966e+00
1.290000000000000000e+02,9.948401012482690930e+01,2.002246716968820284e+00
1.295000000000000000e+02,9.946846248196662543e+01,2.002314595044685230e+00
1.300000000000000000e+02,9.945239401460348461e+01,2.002384758091904526e+00
1.305000000000000000e+02,9.943579361207031297e+01,2.002457255743176123e+00
1.310000000000000000e+02,9.941865045998675043e+01,2.002532136406824481e+00
1.315000000000000000e+02,9.940095408515222175e+01,2.002609447072220661e+00
1.320000000000000000e+02,9.938269440133710475e+01,2.002689233111011102e+00
1.325000000000000000e+02,9.936386175551949407e+01,2.002771538076096647e+00
1.330000000000000000e+02,9.934444697401637825e+01,2.002856403500747895e+00
1.335000000000000000e+02,9.932444140785293030e+01,2.002943868700681751e+00
1.340000000000000000e+02,9.930383697660445819e+01,2.003033970582436485e+00
1.345000000000000000e+02,9.928262620983615250e+01,2.003126743461832504e+00
1.350000000000000000e+02,9.926080228516383386e+01,2.003222218896790974e+00
1.355000000000000000e+02,9.923835906186887712e+01,2.003320425539161675e+00
1.360000000000000000e+02,9.921529110893422398e+01,2.003421389010529463e+00
1.365000000000000000e+02,9.919159372633289706e+01,2.003525131807124549e+00
1.370000000000000000e+02,9.916726295840965122e+01,2.003631673238942756e+00
1.375000000000000000e+02,9.914229559825839999e+01,2.003741029407930085e+00
1.380000000000000000e+02,9.911668918212565416e+01,2.003853213229530361e+00
1.385000000000000000e+02,9.909044197306943147e+01,2.003968234501052326e+00
1.390000000000000000e+02,9.906355293337993828e+01,2.004086100019110805e+00
1.395000000000000000e+02,9.903602168562180452e+01,2.004206813746853388e+00
1.400000000000000000e+02,9.900784846258122229e+01,2.004330377029850840e+00
1.405000000000000000e+02,9.897903404688049989e+01,2.004456788857420513e+00
1.410000000000000000e+02,9.894957970153606652e+01,2.004586046163914226e+00
1.415000000000000000e+02,9.891948709325282607e+01,2.004718144162211502e+00
1.420000000000000000e+02,9.888875821073324346e+01,2.004853076699529613e+00
1.425000000000000000e+02,9.885739528069420601e+01,2.004990836623816275e+00
1.430000000000000000e+02,9.882540068458810367e+01,2.005131416147624357e+00
1.435000000000000000e+02,9.879277687918249740e+01,2.005274807195651654e+00
1.440000000000000000e+02,9.875952632413726917e+01,2.005421001722150098e+00
1.445000000000000000e+02,9.872565141951686485e+01,2.005569991985257428e+00
1.450000000000000000e+02,9.869115445578763968e+01,2.005721770766968337e+00
1.455000000000000000e+02,9.865603757829858012e+01,2.005876331529844681e+00
1.460000000000000000e+02,9.862030276755970704e+01,2.006033668504549894e+00
1.465000000000000000e+02,9.858395183586998201e+01,2.006193776705617271e+00
1.470000000000000000e+02,9.854698644006028019e+01,2.006356651876304298e+00
1.475000000000000000e+02,9.850940810937224512e+01,2.006522290366667516e+00
1.480000000000000000e+02,9.847121828684763045e+01,2.006690688951833668e+00
1.485000000000000000e+02,9.843241838210602168e+01,2.006861844599650002e+00
1.490000000000000000e+02,9.839300983307768433e+01,2.007035754198290167e+00
1.495000000000000000e+02,9.835299417415303935e+01,2.007212414254874400e+00
1.500000000000000000e+02,9.831237310831345155e+01,2.007391820575751051e+00
1.505000000000000000e+02,9.827114858110797968e+01,2.007573967937778203e+00
1.510000000000000000e+02,9.822932285481040537e+01,2.007758849757900421e+00
1.515000000000000000e+02,9.818689858169936713e+01,2.007946457765656945e+00
1.520000000000000000e+02,9.814387887611006533e+01,2.008136781680139205e+00
1.525000000000000000e+02,9.810026738567465543e+01,2.008329808889523616e+00
1.530000000000000000e+02,9.805606836296253448e+01,2.008525524127790174e+00
1.535000000000000000e+02,9.801128673952351278e+01,2.008723909139698449e+00
1.540000000000000000e+02,9.796592820510434763e+01,2.008924942321670848e+00
1.545000000000000000e+02,9.791999929553608695e+01,2.009128598322950321e+00
1.550000000000000000e+02,9.787350749346632028e+01,2.009334847588344797e+00
1.555000000000000000e+02,9.782646134673282745e+01,2.009543655821027119e+00
1.560000000000000000e+02,9.777887060973695554e+01,2.009754983341275114e+00
1.565000000000000000e+02,9.773074641367561810e+01,2.009968784314708490e+00
1.570000000000000000e+02,9.768210147192064596e+01,2.010185005821550686e+00
1.575000000000000000e+02,9.763295032718318112e+01,2.010403586736771331e+00
1.580000000000000000e+02,9.758330964734780366e+01,2.010624456389718429e+00
1.585000000000000000e+02,9.753319857697738371e+01,2.010847532971199669e+00
1.590000000000000000e+02,9.748263915143209601e+01,2.011072721656080198e+00
1.595000000000000000e+02,9.743165678026063858e+01,2.011299912410593471e+00
1.600000000000000000e+02,9.738028080593599611e+01,2.011528977456045197e+00
1.605000000000000000e+02,9.732854514303581084e+01,2.011759768364822953e+00
1.610000000000000000e+02,9.727648900150717282e+01,2.011992112771057606e+00
1.615000000000000000e+02,9.722415769558850229e+01,2.012225810687497507e+00
1.620000000000000000e+02,9.717160353716339216e+01,2.012460630432705955e+00
1.625000000000000000e+02,9.711888680866104551e+01,2.012696304189189433e+00
1.630000000000000000e+02,9.706607680597294063e+01,2.012932523234117088e+00
1.635000000000000000e+02,9.701325293612588041e+01,2.013168932910349262e+00
1.640000000000000000e+02,9.696050584757917079e+01,2.013405127436872721e+00
1.645000000000000000e+02,9.690793856301078790e+01,2.013640644694418835e+00
1.650000000000000000e+02,9.685566757543753624e+01,2.013874961163541144e+00
1.655000000000000000e+02,9.680382385872957229e+01,2.014107487237618344e+00
1.660000000000000000e+02,9.675255373345584076e+01,2.014337563180252033e+00
1.665000000000000000e+02,9.670201951917397309e+01,2.014564456042386098e+00
1.670000000000000000e+02,9.665239989562294909e+01,2.014787357895269526e+00
1.675000000000000000e+02,9.660388988889575046e+01,2.015005385765976431e+00
1.680000000000000000e+02,9.655670039587158726e+01,2.015217583676551349e+00
1.685000000000000000e+02,9.651105716241077914e+01,2.015422927179249424e+00
1.690000000000000000e+02,9.646719913950286696e+01,2.015620330742003308e+00
1.695000000000000000e+02,9.642537615796658201e+01,2.015808658264248265e+00
1.700000000000000000e+02,9.638584588726553193e+01,2.015986736889465281e+00
1.705000000000000000e+02,9.634887007767829914e+01,2.016153374126397502e+00
1.710000000000000000e+02,9.631471012664788134e+01,2.016307378099274406e+00
1.715000000000000000e+02,9.628362205769131776e+01,2.016447580527457095e+00
1.720000000000000000e+02,9.625585105060753222e+01,2.016572861801186001e+00
1.725000000000000000e+02,9.623162571058718129e+01,2.016682177292516975e+00
1.730000000000000000e+02,9.621115230611371771e+01,2.016774583842804613e+00
1.735000000000000000e+02,9.619460923590997936e+01,2.016849265225143295e+00
1.740000000000000000e+02,9.618214199876663884e+01,2.016905555314966847e+00
1.745000000000000000e+02,9.617385893330629187e+01,2.016942957731397534e+00
1.750000000000000000e+02,9.616982796601084260e+01,2.016961160843562251e+00
1.755000000000000000e+02,9.617007455610497857e+01,2.016960047265820233e+00
1.760000000000000000e+02,9.617458095870574653e+01,2.016939697277120302e+00
1.765000000000000000e+02,9.618328684891288560e+01,2.016900385965109344e+00
1.770000000000000000e+02,9.619609126671117849e+01,2.016842574280130584e+00
1.775000000000000000e+02,9.621285576374496884e+01,2.016766894550217515e+00
1.780000000000000000e+02,9.623340856569451773e+01,2.016674131320550512e+00
1.785000000000000000e+02,9.625754951402896609e+01,2.016565198612135124e+00
1.790000000000000000e+02,9.628505552190237893e+01,2.016441114828001702e+00
1.795000000000000000e+02,9.631568627183614240e+01,2.016302976566839877e+00
1.800000000000000000e+02,9.634918989602763872e+01,2.016151932541107694e+00
1.805000000000000000e+02,9.638530841007083438e+01,2.015989158656152025e+00
1.810000000000000000e+02,9.642378271272367840e+01,2.015815835111482102e+00
1.815000000000000000e+02,9.646435701278572594e+01,2.015633126159972477e+00
1.820000000000000000e+02,9.650678259408704207e+01,2.015442162929045100e+00
1.825000000000000000e+02,9.655082087675931746e+01,2.015244029489647204e+00
1.830000000000000000e+02,9.659624577421325853e+01,2.015039752168628961e+00
1.835000000000000000e+02,9.664284537864863012e+01,2.014830291946716923e+00
1.840000000000000000e+02,9.669042303269263527e+01,2.014616539671176376e+00
1.845000000000000000e+02,9.673879786105096912e+01,2.014399313738507225e+00
1.850000000000000000e+02,9.678780484470398449e+01,2.014179359864129548e+00
1.855000000000000000e+02,9.683729452244145364e+01,2.013957352546990709e+00
1.860000000000000000e+02,9.688713240183633957e+01,2.013733897850728649e+00
1.865000000000000000e+02,9.693719815554092634e+01,2.013509537152695650e+00
1.870000000000000000e+02,9.698738467034314681e+01,2.013284751551886131e+00
1.875000000000000000e+02,9.703759700683971801e+01,2.013059966671483014e+00
1.880000000000000000e+02,9.708775131772151212e+01,2.012835557637502770e+00
1.885000000000000000e+02,9.713777376315077561e+01,2.012611854058969474e+00
1.890000000000000000e+02,9.718759945295684588e+01,2.012389144875337266e+00
1.895000000000000000e+02,9.723717143762898729e+01,2.012167682972432203e+00
1.900000000000000000e+02,9.728643976345024669e+01,2.011947689498506886e+00
1.905000000000000000e+02,9.733536060160302839e+01,2.011729357837126475e+00
1.910000000000000000e+02,9.738389545662445812e+01,2.011512857213828998e+00
1.915000000000000000e+02,9.743201045609838218e+01,2.011298335929283088e+00
1.920000000000000000e+02,9.747967572081833509e+01,2.011085924223602106e+00
1.925000000000000000e+02,9.752686481271196328e+01,2.010875736785176837e+00
1.930000000000000000e+02,9.757355425645877745e+01,2.010667874923411702e+00
1.935000000000000000e+02,9.761972312984242706e+01,2.010462428428648973e+00
1.940000000000000000e+02,9.766535271735261858e+01,2.010259477144821005e+00
1.945000000000000000e+02,9.771042622130248390e+01,2.010059092281363480e+00
1.950000000000000000e+02,9.775492852467888838e+01,2.009861337491033240e+00
1.955000000000000000e+02,9.779884600003529727e+01,2.009666269739736499e+00
1.960000000000000000e+02,9.784216635891935709e+01,2.009473939993554392e+00
1.965000000000000000e+02,9.788487853656270943e+01,2.009284393746995079e+00
1.970000000000000000e+02,9.792697260681839566e+01,2.009097671415249309e+00
1.975000000000000000e+02,9.796843972259169675e+01,2.008913808611974439e+00
1.980000000000000000e+02,9.800927207725739265e+01,2.008732836332951965e+00
1.985000000000000000e+02,9.804946288278320310e+01,2.008554781064859185e+00
1.990000000000000000e+02,9.808900636048262811e+01,2.008379664837440348e+00
1.995000000000000000e+02,9.812789774050125402e+01,2.008207505236469181e+00
2.000000000000000000e+02,9.816613326630734093e+01,2.008038315394117923e+00
2.005000000000000000e+02,9.820371020061800493e+01,2.007872103972557554e+00
2.010000000000000000e+02,9.824062682936252600e+01,2.007708875155831407e+00
2.015000000000000000e+02,9.827688246047981124e+01,2.007548628664129975e+00
2.020000000000000000e+02,9.831247741458555822e+01,2.007391359803491149e+00
2.025000000000000000e+02,9.834741300484753879e+01,2.007237059562602344e+00
2.030000000000000000e+02,9.838169150378891459e+01,2.007085714766660978e+00
2.035000000000000000e+02,9.841531609521777568e+01,2.006937308296114608e+00
2.040000000000000000e+02,9.844829081006197669e+01,2.006791819375554731e+00
2.045000000000000000e+02,9.848062044557498496e+01,2.006649223934978021e+00
2.050000000000000000e+02,9.851231046815944126e+01,2.006509495042223534e+00
2.055000000000000000e+02,9.854336690091106732e+01,2.006372603401613386e+00
2.060000000000000000e+02,9.857379619787921854e+01,2.006238517909932018e+00
2.065000000000000000e+02,9.860360510792868638e+01,2.006107206256984909e+00
2.070000000000000000e+02,9.863280053191023455e+01,2.005978635554396039e+00
2.075000000000000000e+02,9.866138937754469396e+01,2.005852772973286680e+00
2.080000000000000000e+02,9.868937841693339408e+01,2.005729586369275452e+00
2.085000000000000000e+02,9.871677415186938731e+01,2.005609044872144420e+00
2.090000000000000000e+02,9.874358269209787409e+01,2.005491119417670998e+00
2.095000000000000000e+02,9.876980965133597579e+01,2.005375783200658013e+00
2.100000000000000000e+02,9.879546006521589163e+01,2.005263012031057723e+00
2.105000000000000000e+02,9.882053833439026391e+01,2.005152784579183667e+00
2.110000000000000000e+02,9.884504819489069405e+01,2.005045082501052178e+00
2.115000000000000000e+02,9.886899271653851429e+01,2.004939890440575745e+00
2.120000000000000000e+02,9.889237432886349666e+01,2.004837195911207015e+00
2.125000000000000000e+02,9.891519487268895716e+01,2.004736989065317054e+00
2.130000000000000000e+02,9.893745567438368482e+01,2.004639262364635410e+00
2.135000000000000000e+02,9.895915763884026717e+01,2.004544010169158508e+00
2.140000000000000000e+02,9.898030135657148776e+01,2.004451228264841678e+00
2.145000000000000000e+02,9.900088721995169294e+01,2.004360913351917795e+00
2.150000000000000000e+02,9.902091554356964309e+01,2.004273062515925741e+00
2.155000000000000000e+02,9.904038668388137978e+01,2.004187672702510525e+00
2.160000000000000000e+02,9.905930115381154621e+01,2.004104740214999403e+00
2.165000000000000000e+02,9.907765972859314729e+01,2.004024260250932610e+00
2.170000000000000000e+02,9.909546353989439638e+01,2.003946226490367355e+00
2.175000000000000000e+02,9.911271415609458302e+01,2.003870630745215209e+00
2.180000000000000000e+02,9.912941364738021832e+01,2.003797462675305674e+00
2.185000000000000000e+02,9.914556463509079265e+01,2.003726709573565135e+00
2.190000000000000000e+02,9.916117032541460219e+01,2.003658356219764514e+00
2.195000000000000000e+02,9.917623452809661444e+01,2.003592384799834925e+00
2.200000000000000000e+02,9.919076166126035332e+01,2.003528774885853903e+00
2.205000000000000000e+02,9.920475674376453412e+01,2.003467503470407696e+00
2.210000000000000000e+02,9.921822537671977216e+01,2.003408545048175338e+00
2.215000000000000000e+02,9.923117371589250979e+01,2.003351871737132583e+00
2.220000000000000000e+02,9.924360843674143950e+01,2.003297453431721831e+00
2.225000000000000000e+02,9.925553669378007271e+01,2.003245257980568184e+00
2.230000000000000000e+02,9.926696607585822107e+01,2.003195251381776121e+00
2.235000000000000000e+02,9.927790455881863352e+01,2.003147397989445189e+00
2.240000000000000000e+02,9.928836045682828626e+01,2.003101660725738586e+00
2.245000000000000000e+02,9.929834237351742843e+01,2.003058001293573476e+00
2.250000000000000000e+02,9.930785915389341767e+01,2.003016380385724826e+00
2.255000000000000000e+02,9.931691983783632338e+01,2.002976757886846482e+00
2.260000000000000000e+02,9.932553361583485696e+01,2.002939093065551734e+00
2.265000000000000000e+02,9.933370978748688174e+01,2.002903344754295212e+00
2.270000000000000000e+02,9.934145772316939826e+01,2.002869471515309918e+00
2.275000000000000000e+02,9.934878682917992876e+01,2.002837431791304024e+00
2.280000000000000000e+02,9.935570651656294672e+01,2.002807184040007016e+00
2.285000000000000000e+02,9.936222617376043331e+01,2.002778686851983014e+00
2.290000000000000000e+02,9.936835514316422291e+01,2.002751899051383511e+00
2.295000000000000000e+02,9.937410270159573145e+01,2.002726779779548050e+00
2.300000000000000000e+02,9.937947804469635571e+01,2.002703288561541228e+00
2.305000000000000000e+02,9.938449027517476964e+01,2.002681385355868038e+00
2.310000000000000000e+02,9.938914839482679042e+01,2.002661030587752578e+00
2.315000000000000000e+02,9.939346130021372971e+01,2.002642185166478850e+00
2.320000000000000000e+02,9.939743778185855660e+01,2.002624810487417140e+00
2.325000000000000000e+02,9.940108652679057855e+01,2.002608868419481158e+00
2.330000000000000000e+02,9.940441612424061191e+01,2.002594321278880596e+00
2.335000000000000000e+02,9.940743507425507630e+01,2.002581131790179381e+00
2.340000000000000000e+02,9.941015179896183440e+01,2.002569263035833824e+00
2.345000000000000000e+02,9.941257465617862010e+01,2.002558678395551350e+00
2.350000000000000000e+02,9.941471195500895419e+01,2.002549341477022349e+00
2.355000000000000000e+02,9.941657197301842075e+01,2.002541216039799288e+00
2.360000000000000000e+02,9.941816297452743356e+01,2.002534265914346800e+00
2.365000000000000000e+02,9.941949322949555778e+01,2.002528454918550249e+00
2.370000000000000000e+02,9.942057103240850324e+01,2.002523746774249602e+00
2.375000000000000000e+02,9.942140472051339373e+01,2.002520105026653674e+00
2.380000000000000000e+02,9.942200269068513308e+01,2.002517492969766000e+00
2.385000000000000000e+02,9.942237341414731588e+01,2.002515873581206307e+00
2.390000000000000000e+02,9.942252544822203220e+01,2.002515209470031365e+00
2.395000000000000000e+02,9.942246744424701888e+01,2.002515462841321980e+00
2.400000000000000000e+02,9.942220815078165685e+01,2.002516595481367734e+00
2.405000000000000000e+02,9.942175641123141361e+01,2.002518568767249096e+00
2.410000000000000000e+02,9.942112115505933900e+01,2.002521343704460666e+00
2.415000000000000000e+02,9.942031138182744598e+01,2.002524880995876444e+00
2.420000000000000000e+02,9.941933613742700970e+01,2.002529141144864688e+00
2.425000000000000000e+02,9.941820448201691818e+01,2.002534084594663089e+00
2.430000000000000000e+02,9.941692544939535026e+01,2.002539671905214647e+00
2.435000000000000000e+02,9.941550799778097769e+01,2.002545863967584161e+00
2.440000000000000000e+02,9.941396095227274543e+01,2.002552622254783810e+00
2.445000000000000000e+02,9.941229293958222968e+01,2.002559909106425451e+00
2.450000000000000000e+02,9.941051231598098070e+01,2.002567688043086047e+00
2.455000000000000000e+02,9.940862708976038675e+01,2.002575924104736949e+00
2.460000000000000000e+02,9.940664483984672017e+01,2.002584584206055229e+00
2.465000000000000000e+02,9.940457263252763198e+01,2.002593637500084789e+00
2.470000000000000000e+02,9.940241693850873617e+01,2.002603055740551419e+00
2.475000000000000000e+02,9.940018355270726147e+01,2.002612813632321576e+00
2.480000000000000000e+02,9.939787751928743376e+01,2.002622889159054065e+00
2.485000000000000000e+02,9.939550306443275929e+01,2.002633263877145353e+00
2.490000000000000000e+02,9.939306353922717108e+01,2.002643923165588369e+00
2.495000000000000000e+02,9.939056137477591335e+01,2.002654856422434904e+00
2.500000000000000000e+02,9.938799805134740950e+01,2.002666057200060301e+00
2.505000000000000000e+02,9.938537408287012909e+01,2.002677523273389770e+00
2.510000000000000000e+02,9.938268901759816742e+01,2.002689256637523396e+00
2.515000000000000000e+02,9.937994145519104450e+01,2.002701263433663392e+00
2.520000000000000000e+02,9.937712907986963273e+01,2.002713553804817526e+00
2.525000000000000000e+02,9.937424870874272642e+01,2.002726141685216454e+00
2.530000000000000000e+02,9.937129635387954352e+01,2.002739044529658674e+00
2.535000000000000000e+02,9.936826729625893506e+01,2.002752282990948984e+00
2.540000000000000000e+02,9.936515616937857942e+01,2.002765880555094746e+00
2.545000000000000000e+02,9.936195705007079937e+01,2.002779863144988237e+00
2.550000000000000000e+02,9.935866355395259575e+01,2.002794258703799457e+00
2.555000000000000000e+02,9.935526893293399553e+01,2.002809096769336605e+00
2.560000000000000000e+02,9.935176617231314822e+01,2.002824408050171812e+00
2.565000000000000000e+02,9.934814808518321172e+01,2.002840224013471282e+00
2.570000000000000000e+02,9.934440740214772347e+01,2.002856576493281526e+00
2.575000000000000000e+02,9.934053685466643913e+01,2.002873497326609797e+00
2.580000000000000000e+02,9.933652925071145035e+01,2.002891018023061243e+00
2.585000000000000000e+02,9.933237754178429668e+01,2.002909169472192108e+00
2.590000000000000000e+02,9.932807488071053115e+01,2.002927981691124959e+00
2.595000000000000000e+02,9.932361466997436139e+01,2.002947483613465085e+00
2.600000000000000000e+02,9.931899060067259200e+01,2.002967702919180581e+00
2.605000000000000000e+02,9.931419668244551247e+01,2.002988665903882470e+00
2.610000000000000000e+02,9.930922726498125996e+01,2.003010397384898500e+00
2.615000000000000000e+02,9.930407705188622458e+01,2.003032920640689607e+00
2.620000000000000000e+02,9.929874110787338282e+01,2.003056257379438154e+00
2.625000000000000000e+02,9.929321486034244515e+01,2.003080427732131685e+00
2.630000000000000000e+02,9.928749409652046154e+01,2.003105450265024512e+00
2.635000000000000000e+02,9.928157495740192928e+01,2.003131342006067239e+00
2.640000000000000000e+02,9.927545392978127836e+01,2.003158118479657634e+00
2.645000000000000000e+02,9.926912783771440729e+01,2.003185793743853971e+00
2.650000000000000000e+02,9.926259383478461018e+01,2.003214380424050756e+00
2.655000000000000000e+02,9.925584939858715927e+01,2.003243889736913808e+00
2.660000000000000000e+02,9.924889232888929769e+01,2.003274331498202887e+00
2.665000000000000000e+02,9.924172075097166612e+01,2.003305714107880942e+00
2.670000000000000000e+02,9.923433312571322062e+01,2.003338044505658555e+00
2.675000000000000000e+02,9.922672826804404167e+01,2.003371328089852188e+00
2.680000000000000000e+02,9.921890537545644406e+01,2.003405568592126595e+00
2.685000000000000000e+02,9.921086406832836246e+01,2.003440767900423136e+00
2.690000000000000000e+02,9.920260444386617849e+01,2.003476925822115451e+00
2.695000000000000000e+02,9.919412714550558974e+01,2.003514039779308309e+00
2.700000000000000000e+02,9.918543344960268371e+01,2.003552104428197200e+00
2.705000000000000000e+02,9.917652537118293310e+01,2.003591111194692687e+00
2.710000000000000000e+02,9.916740579036961378e+01,2.003631047719133917e+00
2.715000000000000000e+02,9.915807860085202208e+01,2.003671897204055696e+00
2.720000000000000000e+02,9.914854888134547650e+01,2.003713637660756941e+00
2.725000000000000000e+02,9.913882309039532004e+01,2.003756241053026965e+00
2.730000000000000000e+02,9.912890928404435442e+01,2.003799672340054183e+00
2.735000000000000000e+02,9.911881735477075495e+01,2.003843888425387298e+00
2.740000000000000000e+02,9.910855928866965314e+01,2.003888837025142866e+00
2.745000000000000000e+02,9.909814943606431825e+01,2.003934455476477527e+00
2.750000000000000000e+02,9.908760478857549003e+01,2.003980669516838287e+00
2.755000000000000000e+02,9.907694525316613010e+01,2.004027392075554470e+00
2.760000000000000000e+02,9.906619391086664450e+01,2.004074522131714886e+00
2.765000000000000000e+02,9.905537724488722517e+01,2.004121943705496456e+00
2.770000000000000000e+02,9.904452531982134644e+01,2.004169525063364876e+00
2.775000000000000000e+02,9.903367189090465672e+01,2.004217118229693728e+00
2.780000000000000000e+02,9.902285442016876971e+01,2.004264558906766247e+00
2.785000000000000000e+02,9.901211397525402447e+01,2.004311666909984524e+00
2.790000000000000000e+02,9.900149498710671025e+01,2.004358247223169354e+00
2.795000000000000000e+02,9.899104484528220382e+01,2.004404091767994611e+00
2.800000000000000000e+02,9.898081331454332599e+01,2.004448981959829013e+00
2.805000000000000000e+02,9.897085176416396735e+01,2.004492692088388761e+00
2.810000000000000000e+02,9.896121221184905892e+01,2.004534993515429964e+00
2.815000000000000000e+02,9.895194619712707151e+01,2.004575659624730388e+00
2.820000000000000000e+02,9.894310351369628620e+01,2.004614471395185227e+00
2.825000000000000000e+02,9.893473084529979644e+01,2.004651223401263671e+00
2.830000000000000000e+02,9.892687036367223641e+01,2.004685729983408660e+00
2.835000000000000000e+02,9.891955835813179476e+01,2.004717831282176732e+00
2.840000000000000000e+02,9.891282397270231286e+01,2.004747398801889346e+00
2.845000000000000000e+02,9.890668812679609800e+01,2.004774340168708591e+00
2.850000000000000000e+02,9.890116268866498217e+01,2.004798602777914329e+00
2.855000000000000000e+02,9.889624995710795474e+01,2.004820176085453376e+00
2.860000000000000000e+02,9.889194248734808923e+01,2.004839092385004129e+00
2.865000000000000000e+02,9.888822327348653118e+01,2.004855426015336395e+00
2.870000000000000000e+02,9.888506627505294944e+01,2.004869291052443714e+00
2.875000000000000000e+02,9.888243725166722697e+01,2.004880837644567482e+00
2.880000000000000000e+02,9.888029485025408860e+01,2.004890247234553335e+00
2.885000000000000000e+02,9.887859187553461027e+01,2.004897726974510963e+00
2.890000000000000000e+02,9.887727666769950474e+01,2.004903503667860853e+00
2.895000000000000000e+02,9.887629451131932967e+01,2.004907817573230222e+00
2.900000000000000000e+02,9.887558900586290633e+01,2.004910916376854590e+00
2.905000000000000000e+02,9.887510333923275141e+01,2.004913049591510177e+00
2.910000000000000000e+02,9.887478141970274237e+01,2.004914463578432837e+00
2.915000000000000000e+02,9.887456883674556707e+01,2.004915397322135195e+00
2.920000000000000000e+02,9.887441363587410592e+01,2.004916079023565167e+00
2.925000000000000000e+02,9.887426690557961706e+01,2.004916723519973853e+00
2.930000000000000000e+02,9.887408318496466109e+01,2.004917530493576905e+00
2.935000000000000000e+02,9.887382070840837400e+01,2.004918683397024282e+00
2.940000000000000000e+02,9.887344150858943692e+01,2.004920349001766855e+00
2.945000000000000000e+02,9.887291140171188886e+01,2.004922677464348713e+00
2.950000000000000000e+02,9.887219987926816600e+01,2.004925802803519730e+00
2.955000000000000000e+02,9.887127992962918199e+01,2.004929843685699264e+00
2.960000000000000000e+02,9.887012781066341915e+01,2.004934904425531794e+00
2.965000000000000000e+02,9.886872279188764878e+01,2.004941076120162702e+00
2.970000000000000000e+02,9.886704688169719191e+01,2.004948437848888876e+00
2.975000000000000000e+02,9.886508455227726699e+01,2.004957057882795990e+00
2.980000000000000000e+02,9.886282247204580642e+01,2.004966994861111296e+00
2.985000000000000000e+02,9.886024925303300392e+01,2.004978298901740619e+00
2.990000000000000000e+02,9.885735521852063812e+01,2.004991012622631352e+00
2.995000000000000000e+02,9.885413219455847411e+01,2.005005172058082152e+00
3.000000000000000000e+02,9.885057332763119575e+01,2.005020807460025978e+00
3.005000000000000000e+02,9.884667292973293229e+01,2.005037943978785986e+00
3.010000000000000000e+02,9.884242635137491106e+01,2.005056602220994133e+00
3.015000000000000000e+02,9.883782988255836699e+01,2.005076798684532147e+00
3.020000000000000000e+02,9.883288068144111094e+01,2.005098546071683252e+00
3.025000000000000000e+02,9.882757673026834766e+01,2.005121853482354055e+00
3.030000000000000000e+02,9.882191681808403416e+01,2.005146726489476450e+00
3.035000000000000000e+02,9.881590054975073656e+01,2.005173167098611042e+00
3.040000000000000000e+02,9.880952838084687073e+01,2.005201173593611497e+00
3.045000000000000000e+02,9.880280167805013036e+01,2.005230740270005363e+00
3.050000000000000000e+02,9.879572280462011236e+01,2.005261857057725638e+00
3.055000000000000000e+02,9.878829523053386197e+01,2.005294509035078665e+00
3.060000000000000000e+02,9.878052366667222373e+01,2.005328675836514751e+00
3.065000000000000000e+02,9.877241422217340983e+01,2.005364330957990049e+00
3.070000000000000000e+02,9.876397458363045700e+01,2.005401440965648430e+00
3.075000000000000000e+02,9.875521421418270052e+01,2.005439964616299697e+00
3.080000000000000000e+02,9.874614456971009702e+01,2.005479851901879051e+00
3.085000000000000000e+02,9.873677932826100800e+01,2.005521043034821371e+00
3.090000000000000000e+02,9.872713462751829638e+01,2.005563467397142308e+00
3.095000000000000000e+02,9.871722930353674030e+01,2.005607042482949964e+00
3.100000000000000000e+02,9.870708512219100328e+01,2.005651672872054814e+00
3.105000000000000000e+02,9.869672699281261430e+01,2.005697249281018557e+00
3.110000000000000000e+02,9.868618315145425868e+01,2.005743647747035840e+00
3.115000000000000000e+02,9.867548529923448086e+01,2.005790729008845918e+00
3.120000000000000000e+02,9.866466867946897423e+01,2.005838338156675338e+00
3.125000000000000000e+02,9.865377207601348175e+01,2.005886304628931249e+00
3.130000000000000000e+02,9.864283771470510942e+01,2.005934442635856296e+00
3.135000000000000000e+02,9.863191105028978711e+01,2.005982552088239501e+00
3.140000000000000000e+02,9.862104042306755503e+01,2.006030420101234224e+00
3.145000000000000000e+02,9.861027657293338677e+01,2.006077823128229909e+00
3.150000000000000000e+02,9.859967200371585250e+01,2.006124529756691643e+00
3.155000000000000000e+02,9.858928019774857887e+01,2.006170304166894347e+00
3.160000000000000000e+02,9.857915468928551661e+01,2.006214910216117087e+00
3.165000000000000000e+02,9.856934801528369405e+01,2.006258116067035413e+00
3.170000000000000000e+02,9.855991057256797205e+01,2.006299699232590772e+00
3.175000000000000000e+02,9.855088942056509893e+01,2.006339451864492585e+00
3.180000000000000000e+02,9.854232707759081222e+01,2.006377186073455388e+00
3.185000000000000000e+02,9.853426036497978657e+01,2.006412739041177229e+00
3.190000000000000000e+02,9.852671935615354926e+01,2.006445977671447167e+00
3.195000000000000000e+02,9.851972648627921103e+01,2.006476802533954995e+00
3.200000000000000000e+02,9.851329587215620620e+01,2.006505150880810273e+00
3.205000000000000000e+02,9.850743288157505617e+01,2.006530998561647738e+00
3.210000000000000000e+02,9.850213397736617083e+01,2.006554360725174124e+00
3.215000000000000000e+02,9.849738684492837137e+01,2.006575291267688854e+00
3.220000000000000000e+02,9.849317079475906667e+01,2.006593881065557028e+00
3.225000000000000000e+02,9.848945741508205742e+01,2.006610255101357154e+00
3.230000000000000000e+02,9.848621143564746205e+01,2.006624568655565710e+00
3.235000000000000000e+02,9.848339175339222606e+01,2.006637002781689105e+00
3.240000000000000000e+02,9.848095256464245040e+01,2.006647759309405199e+00
3.245000000000000000e+02,9.847884454710815305e+01,2.006657055626687836e+00
3.250000000000000000e+02,9.847701603773906243e+01,2.006665119479439152e+00
3.255000000000000000e+02,9.847541415883065952e+01,2.006672183999231418e+00
3.260000000000000000e+02,9.847398585358195078e+01,2.006678483130764246e+00
3.265000000000000000e+02,9.847267880249613370e+01,2.006684247585573733e+00
3.270000000000000000e+02,9.847144220252292257e+01,2.006689701402036619e+00
3.275000000000000000e+02,9.847022740077069614e+01,2.006695059147796112e+00
3.280000000000000000e+02,9.846898838330757542e+01,2.006700523762297461e+00
3.285000000000000000e+02,9.846768212661565656e+01,2.006706285005968038e+00
3.290000000000000000e+02,9.846626882449533014e+01,2.006712518459460082e+00
3.295000000000000000e+02,9.846471200666464085e+01,2.006719385001132228e+00
3.300000000000000000e+02,9.846297856713555063e+01,2.006727030682854629e+00
3.305000000000000000e+02,9.846103872093256371e+01,2.006735586922091752e+00
3.310000000000000000e+02,9.845886590714681574e+01,2.006745170930769540e+00
3.315000000000000000e+02,9.845643665498639052e+01,2.006755886307327597e+00
3.320000000000000000e+02,9.845373042766006222e+01,2.006767823726426592e+00
3.325000000000000000e+02,9.845072945684071897e+01,2.006781061670027011e+00
3.330000000000000000e+02,9.844741857827445131e+01,2.006795667153177032e+00
3.335000000000000000e+02,9.844378507695510905e+01,2.006811696407342360e+00
3.340000000000000000e+02,9.843981854825757694e+01,2.006829195493037510e+00
3.345000000000000000e+02,9.843551077955910955e+01,2.006848200821757189e+00
3.350000000000000000e+02,9.843085565519456281e+01,2.006868739574628968e+00
3.355000000000000000e+02,9.842584908608365879e+01,2.006890830011847981e+00
3.360000000000000000e+02,9.842048896401865932e+01,2.006914481672922967e+00
3.365000000000000000e+02,9.841477513938365007e+01,2.006939695473118235e+00
3.370000000000000000e+02,9.840870941996460886e+01,2.006966463706382875e+00
3.375000000000000000e+02,9.840229558747822125e+01,2.006994769969618009e+00
3.380000000000000000e+02,9.839553942747613746e+01,2.007024589027420980e+00
3.385000000000000000e+02,9.838844876736106926e+01,2.007055886640510600e+00
3.390000000000000000e+02,9.838103351638061156e+01,2.007088619384906458e+00
3.395000000000000000e+02,9.837330570065708457e+01,2.007122734492517324e+00
3.400000000000000000e+02,9.836527948559538004e+01,2.007158169746974252e+00
3.405000000000000000e+02,9.835697117742410001e+01,2.007194853471186757e+00
3.410000000000000000e+02,9.834839919522582363e+01,2.007232704644878574e+00
3.415000000000000000e+02,9.833958400466519834e+01,2.007271633191073157e+00
3.420000000000000000e+02,9.833054800480302049e+01,2.007311540469736144e+00
3.425000000000000000e+02,9.832131535996937544e+01,2.007352320014246239e+00
3.430000000000000000e+02,9.831191176972873791e+01,2.007393858541730580e+00
3.435000000000000000e+02,9.830236417156538664e+01,2.007436037261268513e+00
3.440000000000000000e+02,9.829270037307689734e+01,2.007478733494471257e+00
3.445000000000000000e+02,9.828294861318590847e+01,2.007521822610898621e+00
3.450000000000000000e+02,9.827313705511002695e+01,2.007565180266503546e+00
3.455000000000000000e+02,9.826329321746041501e+01,2.007608684917215225e+00
3.460000000000000000e+02,9.825344335370382964e+01,2.007652220562628376e+00
3.465000000000000000e+02,9.824361179409524425e+01,2.007695679657594212e+00
3.470000000000000000e+02,9.823382026780051035e+01,2.007738966113429058e+00
3.475000000000000000e+02,9.822408722598105157e+01,2.007781998296879422e+00
3.480000000000000000e+02,9.821442718880820166e+01,2.007824711925161765e+00
3.485000000000000000e+02,9.820485014044507466e+01,2.007867062750568365e+00
3.490000000000000000e+02,9.819536099577454991e+01,2.007909028929196982e+00
3.495000000000000000e+02,9.818595916095561904e+01,2.007950612975800464e+00
3.500000000000000000e+02,9.817663820676594355e+01,2.007991843220541028e+00
3.505000000000000000e+02,9.816738566927477905e+01,2.008032774702942724e+00
3.510000000000000000e+02,9.815818298694890132e+01,2.008073489462443018e+00
3.515000000000000000e+02,9.814900557719145979e+01,2.008114096211975230e+00
3.520000000000000000e+02,9.813982304898183884e+01,2.008154729409107997e+00
3.525000000000000000e+02,9.813059954218360303e+01,2.008195547766314704e+00
3.530000000000000000e+02,9.812129417864882441e+01,2.008236732266109215e+00
3.535000000000000000e+02,9.811186160583805815e+01,2.008278483766344991e+00
3.540000000000000000e+02,9.810225261055717283e+01,2.008321020294842274e+00
3.545000000000000000e+02,9.809241477872453174e+01,2.008364574140002912e+00
3.550000000000000000e+02,9.808229317683411352e+01,2.008409388845208809e+00
3.555000000000000000e+02,9.807183103186454787e+01,2.008455716209996744e+00
3.560000000000000000e+02,9.806097038859755344e+01,2.008503813391206982e+00
3.565000000000000000e+02,9.804965272638533236e+01,2.008553940183669173e+00
3.570000000000000000e+02,9.803781952104645825e+01,2.008606356543870763e+00
3.575000000000000000e+02,9.802541274147922934e+01,2.008661320402715944e+00
3.580000000000000000e+02,9.801237527448947162e+01,2.008719085796187187e+00
3.585000000000000000e+02,9.799865127501689699e+01,2.008779901326366968e+00
3.590000000000000000e+02,9.798418644224369700e+01,2.008844008950683602e+00
3.595000000000000000e+02,9.796892822487674835e+01,2.008911643084806187e+00
3.600000000000000000e+02,9.795282596116203422e+01,2.008983029994567460e+00
3.605000000000000000e+02,9.793583096091552420e+01,2.009058387444677241e+00
3.610000000000000000e+02,9.791789653807603599e+01,2.009137924566554378e+00
3.615000000000000000e+02,9.789897800306529518e+01,2.009221841904175410e+00
3.620000000000000000e+02,9.787903262465714249e+01,2.009310331594967192e+00
3.625000000000000000e+02,9.785801957119366534e+01,2.009403577642149052e+00
3.630000000000000000e+02,9.783589984092327541e+01,2.009501756235203107e+00
3.635000000000000000e+02,9.781263619104544205e+01,2.009605036075915230e+00
3.640000000000000000e+02,9.778819307478799772e+01,2.009713578668564260e+00
3.645000000000000000e+02,9.776253659555837316e+01,2.009827538533988545e+00
3.650000000000000000e+02,9.773563448692337374e+01,2.009947063308473947e+00
3.655000000000000000e+02,9.770745612688521931e+01,2.010072293689553202e+00
3.660000000000000000e+02,9.767797259461768533e+01,2.010203363192041515e+00
3.665000000000000000e+02,9.764715677745715539e+01,2.010340397679127200e+00
3.670000000000000000e+02,9.761498353544388351e+01,2.010483514635392766e+00
3.675000000000000000e+02,9.758142992997470344e+01,2.010632822151735333e+00
3.680000000000000000e+02,9.754647552203496730e+01,2.010788417596821809e+00
3.685000000000000000e+02,9.751010274386203491e+01,2.010950385956725484e+00
3.690000000000000000e+02,9.747229734557022596e+01,2.011118797834541283e+00
3.695000000000000000e+02,9.743304891502947385e+01,2.011293707116042828e+00
3.700000000000000000e+02,9.739235146492504214e+01,2.011475148326793416e+00
3.705000000000000000e+02,9.735020407524021380e+01,2.011663133731439679e+00
3.710000000000000000e+02,9.730661157226137448e+01,2.011857650257866670e+00
3.715000000000000000e+02,9.726158521658130951e+01,2.012058656367640808e+00
3.720000000000000000e+02,9.721514336262357858e+01,2.012266079039072508e+00
3.725000000000000000e+02,9.716731204134647726e+01,2.012479811078508707e+00
3.730000000000000000e+02,9.711812540676704941e+01,2.012699709025757677e+00
3.735000000000000000e+02,9.706762597695393424e+01,2.012925591965625927e+00
3.740000000000000000e+02,9.701586459279623398e+01,2.013157241592107294e+00
3.745000000000000000e+02,9.696290001519598434e+01,2.013394403885683470e+00
3.750000000000000000e+02,9.690879808563238385e+01,2.013636792747078630e+00
3.755000000000000000e+02,9.685363038853573414e+01,2.013884095872503277e+00
3.760000000000000000e+02,9.679747237831348627e+01,2.014135983047834699e+00
3.765000000000000000e+02,9.674040096984076342e+01,2.014392116879046402e+00
3.770000000000000000e+02,9.668249163774125066e+01,2.014652165767716330e+00
3.775000000000000000e+02,9.662381512367379344e+01,2.014915818697477157e+00
3.780000000000000000e+02,9.656443390663859816e+01,2.015182801144170366e+00
3.785000000000000000e+02,9.650439864161332082e+01,2.015452891192536011e+00
3.790000000000000000e+02,9.644374480822568785e+01,2.015725934773502814e+00
3.795000000000000000e+02,9.638248982578356561e+01,2.016001858864527208e+00
3.800000000000000000e+02,9.632063087822756131e+01,2.016280681546843478e+00
3.805000000000000000e+02,9.625814365076399781e+01,2.016562517996323578e+00
3.810000000000000000e+02,9.619498211224025397e+01,2.016847581785498278e+00
3.815000000000000000e+02,9.613107939163205629e+01,2.017136181258112781e+00
3.820000000000000000e+02,9.606634970465640322e+01,2.017428711153688159e+00
3.825000000000000000e+02,9.600069120009629842e+01,2.017725640050983316e+00
3.830000000000000000e+02,9.593398952623877562e+01,2.018027494514663900e+00
3.835000000000000000e+02,9.586612187374889515e+01,2.018334841032777049e+00
3.840000000000000000e+02,9.579696123545524244e+01,2.018648266908978250e+00
3.845000000000000000e+02,9.572638063420252763e+01,2.018968361230034869e+00
3.850000000000000000e+02,9.565425710154960370e+01,2.019295696890527569e+00
3.855000000000000000e+02,9.558047523483509167e+01,2.019630814458106549e+00
3.860000000000000000e+02,9.550493020974340652e+01,2.019974208441184693e+00
3.865000000000000000e+02,9.542753017283328631e+01,2.020326316309099202e+00
3.870000000000000000e+02,9.534819797848408029e+01,2.020687510435447809e+00
3.875000000000000000e+02,9.526687226479387505e+01,2.021058093000514422e+00
3.880000000000000000e+02,9.518350788288219633e+01,2.021438293799648900e+00
3.885000000000000000e+02,9.509807570540614563e+01,2.021828270854161502e+00
3.890000000000000000e+02,9.501056184568773233e+01,2.022228113697075447e+00
3.895000000000000000e+02,9.492096632198668260e+01,2.022637849192895132e+00
3.900000000000000000e+02,9.482930120537353957e+01,2.023057449733581148e+00
3.905000000000000000e+02,9.473558829701832451e+01,2.023486843619802134e+00
3.910000000000000000e+02,9.463985639320550547e+01,2.023925927379341516e+00
3.915000000000000000e+02,9.454213821448604449e+01,2.024374579690696230e+00
3.920000000000000000e+02,9.444246709820407659e+01,2.024832676473216964e+00
3.925000000000000000e+02,9.434087357899696258e+01,2.025300106585320670e+00
3.930000000000000000e+02,9.423738200647810004e+01,2.025776787454397265e+00
3.935000000000000000e+02,9.413200736922883038e+01,2.026262679864148541e+00
3.940000000000000000e+02,9.402475250544068786e+01,2.026757801066029874e+00
3.945000000000000000e+02,9.391560587970784013e+01,2.027262235377111477e+00
3.950000000000000000e+02,9.380454009055115705e+01,2.027776141487060979e+00
3.955000000000000000e+02,9.369151124409863485e+01,2.028299755823545159e+00
3.960000000000000000e+02,9.357645928784918965e+01,2.028833391510160844e+00
3.965000000000000000e+02,9.345930934837855375e+01,2.029377432677170745e+00
3.970000000000000000e+02,9.333997406326292889e+01,2.029932324129921639e+00
3.975000000000000000e+02,9.321835684586419291e+01,2.030498556617587713e+00
3.980000000000000000e+02,9.309435597684320385e+01,2.031076648153078423e+00
3.985000000000000000e+02,9.296786938181476501e+01,2.031667121997104086e+00
3.990000000000000000e+02,9.283879993189799507e+01,2.032270482028303071e+00
3.995000000000000000e+02,9.270706109236034820e+01,2.032887186279873859e+00
4.000000000000000000e+02,9.257258274150608202e+01,2.033517619443049540e+00
4.005000000000000000e+02,9.243531698352920500e+01,2.034162065137217645e+00
4.010000000000000000e+02,9.229524378084924763e+01,2.034820678746069422e+00
4.015000000000000000e+02,9.215237622947668683e+01,2.035493461638135493e+00
4.020000000000000000e+02,9.200676529241964374e+01,2.036180237642023272e+00
4.025000000000000000e+02,9.185850379013406553e+01,2.036880632736738139e+00
4.030000000000000000e+02,9.170772942500049396e+01,2.037594059039258276e+00
4.035000000000000000e+02,9.155462659287142912e+01,2.038319704306200908e+00
4.040000000000000000e+02,9.139942671556724463e+01,2.039056528281995018e+00
4.045000000000000000e+02,9.124240682269875435e+01,2.039803267279314714e+00
4.050000000000000000e+02,9.108388612960516184e+01,2.040558448317772555e+00
4.055000000000000000e+02,9.092422041067717942e+01,2.041320413922329546e+00
4.060000000000000000e+02,9.076379406198168454e+01,2.042087358250486595e+00
4.065000000000000000e+02,9.060300988750681483e+01,2.042857374554726491e+00
4.070000000000000000e+02,9.044227682610663521e+01,2.043628513105007372e+00
4.075000000000000000e+02,9.028199604901151076e+01,2.044398847650452211e+00
4.080000000000000000e+02,9.012254607871618362e+01,2.045166547392976319e+00
4.085000000000000000e+02,8.996426777923372242e+01,2.045929950423961863e+00
4.090000000000000000e+02,8.980745021106889681e+01,2.046687633807703133e+00
4.095000000000000000e+02,8.965231839984281237e+01,2.047438475145415548e+00
4.100000000000000000e+02,8.949902401266862739e+01,2.048181700641892977e+00
4.105000000000000000e+02,8.934763976447592881e+01,2.048916915467266175e+00
4.110000000000000000e+02,8.919815810066147321e+01,2.049644113504795584e+00
4.115000000000000000e+02,8.905049435519315182e+01,2.050363665250299228e+00
4.120000000000000000e+02,8.890449421117459394e+01,2.051076284454085741e+00
4.125000000000000000e+02,8.875994494554561243e+01,2.051782975816473176e+00
4.130000000000000000e+02,8.861658966739986454e+01,2.052484967429305751e+00
4.135000000000000000e+02,8.847414359234528547e+01,2.053183632532423086e+00
4.140000000000000000e+02,8.833231134568866594e+01,2.053880405456389280e+00
4.145000000000000000e+02,8.819080434689537640e+01,2.054576696382930834e+00
4.150000000000000000e+02,8.804935747197222895e+01,2.055273808889152676e+00
4.155000000000000000e+02,8.790774438413266978e+01,2.055972863320534749e+00
4.160000000000000000e+02,8.776579112835351282e+01,2.056674728048323075e+00
4.165000000000000000e+02,8.762338776761157533e+01,2.057379959782161816e+00
4.170000000000000000e+02,8.748049797089464619e+01,2.058088753464805798e+00
4.175000000000000000e+02,8.733716652889023635e+01,2.058800901959318974e+00
4.180000000000000000e+02,8.719352476694157872e+01,2.059515765783064278e+00
4.185000000000000000e+02,8.704979375176370127e+01,2.060232253525134283e+00
4.190000000000000000e+02,8.690628506459458436e+01,2.060948814228339199e+00
4.195000000000000000e+02,8.676339876539348950e+01,2.061663443793108286e+00
4.200000000000000000e+02,8.662161803659751058e+01,2.062373708186380217e+00
4.205000000000000000e+02,8.648149991475514753e+01,2.063076786688273323e+00
4.210000000000000000e+02,8.634366154135913973e+01,2.063769538335648246e+00
4.215000000000000000e+02,8.620876153325772862e+01,2.064448593894755213e+00
4.220000000000000000e+02,8.607747641534390937e+01,2.065110473961100812e+00
4.225000000000000000e+02,8.595047257222815063e+01,2.065751731135779590e+00
4.230000000000000000e+02,8.582837481933253798e+01,2.066369110866409287e+00
4.235000000000000000e+02,8.571173338005314690e+01,2.066959721911011627e+00
4.240000000000000000e+02,8.560099165881361216e+01,2.067521204137612312e+00
4.245000000000000000e+02,8.549645757801583557e+01,2.068051879262373216e+00
4.250000000000000000e+02,8.539828127605565555e+01,2.068550869824299809e+00
4.255000000000000000e+02,8.530644157598824506e+01,2.069018173577128472e+00
4.260000000000000000e+02,8.522074284795938581e+01,2.069454684482390672e+00
4.265000000000000000e+02,8.514082281392377638e+01,2.069862157050355034e+00
4.270000000000000000e+02,8.506617066326224119e+01,2.070243116945258421e+00
4.275000000000000000e+02,8.499615377290464835e+01,2.070600726438616146e+00
4.280000000000000000e+02,8.493005053913852009e+01,2.070938617480494681e+00
4.285000000000000000e+02,8.486708644271031687e+01,2.071260707256285194e+00
4.290000000000000000e+02,8.480647050375299045e+01,2.071571010987735662e+00
4.295000000000000000e+02,8.474742967236471713e+01,2.071873464759529160e+00
4.300000000000000000e+02,8.468923932121252562e+01,2.072171767949140708e+00
4.305000000000000000e+02,8.463124871628042456e+01,2.072469251153930436e+00
4.310000000000000000e+02,8.457290101401817140e+01,2.072768772012834049e+00
4.315000000000000000e+02,8.451374787800163801e+01,2.073072638483376195e+00
4.320000000000000000e+02,8.445345918057165591e+01,2.073382557196976173e+00
4.325000000000000000e+02,8.439182844956951612e+01,2.073699603505514411e+00
4.330000000000000000e+02,8.432877476099403680e+01,2.074024209626708082e+00
4.335000000000000000e+02,8.426434170524900935e+01,2.074356167686576491e+00
4.340000000000000000e+02,8.419869391320956709e+01,2.074694645206827115e+00
4.345000000000000000e+02,8.413211146207824243e+01,2.075038211466865068e+00
4.350000000000000000e+02,8.406498232685341065e+01,2.075384873991101387e+00
4.355000000000000000e+02,8.399779292936565867e+01,2.075732125023716623e+00
4.360000000000000000e+02,8.393111678165375622e+01,2.076076998156012543e+00
4.365000000000000000e+02,8.386560123193551419e+01,2.076416135220243486e+00
4.370000000000000000e+02,8.380195239667219198e+01,2.076745863168961037e+00
4.375000000000000000e+02,8.374091848736281918e+01,2.077062279988784343e+00
4.380000000000000000e+02,8.368327189196905636e+01,2.077361347873928565e+00
4.385000000000000000e+02,8.362979051746538062e+01,2.077638991069123531e+00
4.390000000000000000e+02,8.358123900918073446e+01,2.077891195158630744e+00
4.395000000000000000e+02,8.353835050652351413e+01,2.078114104280224694e+00
4.400000000000000000e+02,8.350180955782266778e+01,2.078304112870150711e+00
4.405000000000000000e+02,8.347223670184504840e+01,2.078457949093051038e+00
4.410000000000000000e+02,8.345017505235324506e+01,2.078572747969859247e+00
4.415000000000000000e+02,8.343607903329572650e+01,2.078646113189081213e+00
4.420000000000000000e+02,8.343030525139403153e+01,2.078676167434355015e+00
4.425000000000000000e+02,8.343310540007007603e+01,2.078661591571211886e+00
4.430000000000000000e+02,8.344462108609843654e+01,2.078601653087980061e+00
4.435000000000000000e+02,8.346488055442989662e+01,2.078496223795346598e+00
4.440000000000000000e+02,8.349379742702063822e+01,2.078345786112472560e+00
4.445000000000000000e+02,8.353117171873253710e+01,2.078151426562407256e+00
4.450000000000000000e+02,8.357669349248675417e+01,2.077914814651747655e+00
4.455000000000000000e+02,8.362994952232767787e+01,2.077638165348190569e+00
4.460000000000000000e+02,8.369043322585602596e+01,2.077324183998158436e+00
4.465000000000000000e+02,8.375755791526529492e+01,2.076975993690555633e+00
4.470000000000000000e+02,8.383067313478647975e+01,2.076597046574796046e+00
4.475000000000000000e+02,8.390908355466063995e+01,2.076191022197182878e+00
4.480000000000000000e+02,8.399206963369073264e+01,2.075761717234734238e+00
4.485000000000000000e+02,8.407890908901681826e+01,2.075312931847723696e+00
4.490000000000000000e+02,8.416889814768155986e+01,2.074848358121879066e+00
4.495000000000000000e+02,8.426137160096850209e+01,2.074371475735117265e+00
4.500000000000000000e+02,8.435572082010681072e+01,2.073885459176159074e+00
4.505000000000000000e+02,8.445140908833394633e+01,2.073393099743859658e+00
4.510000000000000000e+02,8.454798382288896619e+01,2.072896744364689514e+00
4.515000000000000000e+02,8.464508546842051828e+01,2.072398252155231102e+00
4.520000000000000000e+02,8.474245301682582010e+01,2.071898968748382863e+00
4.525000000000000000e+02,8.483992623541936950e+01,2.071399717755243230e+00
4.530000000000000000e+02,8.493744476432055990e+01,2.070900808349433131e+00
4.535000000000000000e+02,8.503504428259316228e+01,2.070402057791405515e+00
4.540000000000000000e+02,8.513284995414342404e+01,2.069902827683152591e+00
4.545000000000000000e+02,8.523106736424713858e+01,2.069402072774107815e+00
4.550000000000000000e+02,8.532997116084591482e+01,2.068898401146777477e+00
4.555000000000000000e+02,8.542989163356440940e+01,2.068390144532213704e+00
4.560000000000000000e+02,8.553119950530197002e+01,2.067875437302331143e+00
4.565000000000000000e+02,8.563428927811291658e+01,2.067352302350254689e+00
4.570000000000000000e+02,8.573956156270460838e+01,2.066818741625302991e+00
4.575000000000000000e+02,8.584740491927182404e+01,2.066272828590131283e+00
4.580000000000000000e+02,8.595817783194806339e+01,2.065712799391828725e+00
4.585000000000000000e+02,8.607219151262192725e+01,2.065137139177686709e+00
4.590000000000000000e+02,8.618969426498934183e+01,2.064544659829793183e+00
4.595000000000000000e+02,8.631085812231383159e+01,2.063934565513368291e+00
4.600000000000000000e+02,8.643576839427124980e+01,2.063306502871653958e+00
4.605000000000000000e+02,8.656441661946101362e+01,2.062660593451374424e+00
4.610000000000000000e+02,8.669669722970346015e+01,2.061997446955579516e+00
4.615000000000000000e+02,8.683240800736531639e+01,2.061318155100661631e+00
4.620000000000000000e+02,8.697125418071547642e+01,2.060624267077959537e+00
4.625000000000000000e+02,8.711285577993005802e+01,2.059917748754784839e+00
4.630000000000000000e+02,8.725675769117000868e+01,2.059200928674373543e+00
4.635000000000000000e+02,8.740244171594851252e+01,2.058476434540077449e+00
4.640000000000000000e+02,8.754933987761125991e+01,2.057747124150399287e+00
4.645000000000000000e+02,8.769684821715769374e+01,2.057016014689755590e+00
4.650000000000000000e+02,8.784434037976100740e+01,2.056286213918460781e+00
4.655000000000000000e+02,8.799118039810753089e+01,2.055560856217889754e+00
4.660000000000000000e+02,8.813673421268669017e+01,2.054843045721785888e+00
4.665000000000000000e+02,8.828037961552581692e+01,2.054135807991424478e+00
4.670000000000000000e+02,8.842151444749661948e+01,2.053442050948372177e+00
4.675000000000000000e+02,8.855956300848879437e+01,2.052764535122447942e+00
4.680000000000000000e+02,8.869398074676395538e+01,2.052105852740630176e+00
4.685000000000000000e+02,8.882425737496747331e+01,2.051468414790528438e+00
4.690000000000000000e+02,8.894991861527773835e+01,2.050854444937582510e+00
4.695000000000000000e+02,8.907052680720542526e+01,2.050265979044057829e+00
4.700000000000000000e+02,8.918568062237731908e+01,2.049704869008371677e+00
4.705000000000000000e+02,8.929501412569312890e+01,2.049172789690957508e+00
4.710000000000000000e+02,8.939819540598959691e+01,2.048671247793913075e+00
4.715000000000000000e+02,8.949492497578434325e+01,2.048201591695309354e+00
4.720000000000000000e+02,8.958493411206636381e+01,2.047765021388642470e+00
4.725000000000000000e+02,8.966798328087847381e+01,2.047362597831503095e+00
4.730000000000000000e+02,8.974386075918765471e+01,2.046995251157469831e+00
4.735000000000000000e+02,8.981238153910155120e+01,2.046663787347847485e+00
4.740000000000000000e+02,8.987338657207911297e+01,2.046368893094541175e+00
4.745000000000000000e+02,8.992674238414005572e+01,2.046111138713938349e+00
4.750000000000000000e+02,8.997234106662685349e+01,2.045890979097443108e+00
4.755000000000000000e+02,9.001010062009437718e+01,2.045708752811401077e+00
4.760000000000000000e+02,9.003996560071200861e+01,2.045564679591373114e+00
4.765000000000000000e+02,9.006190798871733705e+01,2.045458856615879117e+00
4.770000000000000000e+02,9.007592816698236504e+01,2.045391254093299693e+00
4.775000000000000000e+02,9.008205586537320642e+01,2.045361710849759707e+00
4.780000000000000000e+02,9.008035089498054049e+01,2.045369930758082155e+00
4.785000000000000000e+02,9.007090346830034377e+01,2.045415480985236290e+00
4.790000000000000000e+02,9.005383388110323040e+01,2.045497793139128717e+00
4.795000000000000000e+02,9.002929132421948566e+01,2.045616168440315352e+00
4.800000000000000000e+02,8.999745160465407423e+01,2.045769788001851719e+00
4.805000000000000000e+02,8.995851359110329781e+01,2.045957729142529047e+00
4.810000000000000000e+02,8.991269426355547978e+01,2.046178988362237217e+00
4.815000000000000000e+02,8.986022234189195501e+01,2.046432511163232437e+00
4.820000000000000000e+02,8.980133059154964315e+01,2.046717228318369219e+00
4.825000000000000000e+02,8.973624704700506527e+01,2.047032097504734693e+00
4.830000000000000000e+02,8.966518554169691413e+01,2.047376148505886562e+00
4.835000000000000000e+02,8.958833606651243997e+01,2.047748529530874606e+00
4.840000000000000000e+02,8.950585557604092912e+01,2.048148551710046839e+00
4.845000000000000000e+02,8.941785990175719689e+01,2.048575728607775037e+00
4.850000000000000000e+02,8.932441739954241200e+01,2.049029807714260354e+00
4.855000000000000000e+02,8.922554485123639267e+01,2.049510791367113338e+00
4.860000000000000000e+02,8.912120596483600821e+01,2.050018945371310686e+00
4.865000000000000000e+02,8.901131259663659989e+01,2.050554794635070621e+00
4.870000000000000000e+02,8.889572858132173394e+01,2.051119106275327564e+00
4.875000000000000000e+02,8.877427583638211672e+01,2.051712861707799984e+00
4.880000000000000000e+02,8.864674223560577104e+01,2.052337220075436619e+00
4.885000000000000000e+02,8.851289064396378592e+01,2.052993475879995255e+00
4.890000000000000000e+02,8.837246848176792469e+01,2.053683013819043612e+00
4.895000000000000000e+02,8.822521723545030170e+01,2.054407263610768197e+00
4.900000000000000000e+02,8.807088144133967944e+01,2.055167657077990651e+00
4.905000000000000000e+02,8.790921681691881417e+01,2.055965589057236809e+00
4.910000000000000000e+02,8.773999737934830989e+01,2.056802382902746640e+00
4.915000000000000000e+02,8.756302155411640342e+01,2.057679260561868340e+00
4.920000000000000000e+02,8.737811742301353490e+01,2.058597316477039918e+00
4.925000000000000000e+02,8.718514738144617127e+01,2.059557493962908659e+00
4.930000000000000000e+02,8.698401256671394322e+01,2.060560562233022530e+00
4.935000000000000000e+02,8.677465748119971067e+01,2.061607091909716694e+00
4.940000000000000000e+02,8.655707526905753468e+01,2.062697426636406206e+00
4.945000000000000000e+02,8.633131411325324223e+01,2.063831648318648515e+00
4.950000000000000000e+02,8.609748520109570791e+01,2.065009533554909904e+00
4.955000000000000000e+02,8.585577265683144788e+01,2.066230499003662846e+00
4.960000000000000000e+02,8.560644575158346470e+01,2.067493533816388229e+00
4.965000000000000000e+02,8.534987356183788165e+01,2.068797117916989503e+00
4.970000000000000000e+02,8.508654204230218454e+01,2.070139125919697509e+00
4.975000000000000000e+02,8.481707319027165681e+01,2.071516717955599773e+00
4.980000000000000000e+02,8.454224559189850652e+01,2.072926220722544510e+00
4.985000000000000000e+02,8.426301514955721927e+01,2.074363004746477834e+00
4.990000000000000000e+02,8.398053420445324946e+01,2.075821367119984995e+00
4.995000000000000000e+02,8.369616662826460640e+01,2.077294432691521919e+00
5.000000000000000000e+02,8.341149583970504011e+01,2.078774090421107168e+00
5.005000000000000000e+02,8.312832223140047461e+01,2.080250984721222718e+00
5.010000000000000000e+02,8.284864633999303862e+01,2.081714583103112748e+00
5.015000000000000000e+02,8.257463445562814286e+01,2.083153340182778646e+00
5.020000000000000000e+02,8.230856442866004841e+01,2.084554972921511151e+00
5.025000000000000000e+02,8.205275129316464700e+01,2.085906852131829137e+00
5.030000000000000000e+02,8.180945493026212034e+01,2.087196500891672191e+00
5.035000000000000000e+02,8.158077505536566321e+01,2.088412172999440042e+00
5.040000000000000000e+02,8.136854180863747388e+01,2.089543466849867137e+00
5.045000000000000000e+02,8.117421246614674146e+01,2.090581916108377847e+00
5.050000000000000000e+02,8.099878558025915254e+01,2.091521492476238198e+00
5.055000000000000000e+02,8.084274273995914939e+01,2.092358960661147016e+00
5.060000000000000000e+02,8.070602508720190826e+01,2.093094041926637949e+00
5.065000000000000000e+02,8.058804722504827112e+01,2.093729367737724001e+00
5.070000000000000000e+02,8.048774612068504553e+01,2.094270233883767318e+00
5.075000000000000000e+02,8.040365811643700056e+01,2.094724191753516873e+00
5.080000000000000000e+02,8.033401412421416410e+01,2.095100531699108704e+00
5.085000000000000000e+02,8.027684197783878517e+01,2.095409720621211669e+00
5.090000000000000000e+02,8.023006571722672220e+01,2.095662852062527559e+00
5.095000000000000000e+02,8.019159380884636334e+01,2.095871154830215577e+00
5.100000000000000000e+02,8.015939127223725791e+01,2.096045589482220528e+00
5.105000000000000000e+02,8.013153368941379995e+01,2.096196544935551298e+00
5.110000000000000000e+02,8.010624360113291687e+01,2.096333633031306931e+00
5.115000000000000000e+02,8.008191156345881723e+01,2.096465568751094910e+00
5.120000000000000000e+02,8.005710510051729045e+01,2.096600118222943010e+00
5.125000000000000000e+02,8.003056905672339383e+01,2.096744095047610834e+00
5.130000000000000000e+02,8.000122061623194725e+01,2.096903386722431595e+00
5.135000000000000000e+02,7.996814172328700465e+01,2.097082995875935829e+00
5.140000000000000000e+02,7.993057097787877296e+01,2.097287084669853474e+00
5.145000000000000000e+02,7.988789641996947921e+01,2.097519014380604396e+00
5.150000000000000000e+02,7.983965002480803719e+01,2.097781375435963547e+00
5.155000000000000000e+02,7.978550424193483082e+01,2.098076005887286488e+00
5.160000000000000000e+02,7.972527052294465477e+01,2.098403998439060558e+00
5.165000000000000000e+02,7.965889948337157023e+01,2.098765697821248555e+00
5.170000000000000000e+02,7.958648211195162503e+01,2.099160691593181305e+00
5.175000000000000000e+02,7.950825125764478685e+01,2.099587798516946435e+00
5.180000000000000000e+02,7.942458247950543182e+01,2.100045059501425282e+00
5.185000000000000000e+02,7.933599323440230933e+01,2.100529736810315740e+00
5.190000000000000000e+02,7.924313931028338231e+01,2.101038327705340159e+00
5.195000000000000000e+02,7.914680740468759268e+01,2.101566598862160351e+00
5.200000000000000000e+02,7.904790282228880471e+01,2.102109647613989996e+00
5.205000000000000000e+02,7.894743144592324313e+01,2.102661995193474631e+00
5.210000000000000000e+02,7.884647544281322951e+01,2.103217715524032805e+00
5.215000000000000000e+02,7.874616260959845704e+01,2.103770600688612991e+00
5.220000000000000000e+02,7.864762982475032516e+01,2.104314361019620883e+00
5.225000000000000000e+02,7.855198172783323685e+01,2.104842854002669572e+00
5.230000000000000000e+02,7.846024641717806958e+01,2.105350332231812782e+00
5.235000000000000000e+02,7.837333056273794796e+01,2.105831697007960024e+00
5.240000000000000000e+02,7.829197676918501259e+01,2.106282741433805228e+00
5.245000000000000000e+02,7.821672620180048341e+01,2.106700365605153724e+00
5.250000000000000000e+02,7.814788933805044735e+01,2.107082747154921165e+00
5.255000000000000000e+02,7.808552721146759268e+01,2.107429453122072527e+00
5.260000000000000000e+02,7.802944471034882667e+01,2.107741483691788265e+00
5.265000000000000000e+02,7.797919647743690064e+01,2.108021244234121294e+00
5.270000000000000000e+02,7.793410486525219483e+01,2.108272448444785674e+00
5.275000000000000000e+02,7.789328838734796534e+01,2.108499961350699170e+00
5.280000000000000000e+02,7.785569830558607407e+01,2.108709595657118907e+00
5.285000000000000000e+02,7.782016050325071888e+01,2.108907877803617215e+00
5.290000000000000000e+02,7.778541965228330923e+01,2.109101800927805748e+00
5.295000000000000000e+02,7.775018287073021384e+01,2.109298580826454383e+00
5.300000000000000000e+02,7.771316051727559682e+01,2.109505428354186307e+00
5.305000000000000000e+02,7.767310238946350864e+01,2.109729348074296684e+00
5.310000000000000000e+02,7.762882828054289064e+01,2.109976968971646549e+00
5.315000000000000000e+02,7.757925251806004496e+01,2.110254409175840618e+00
5.320000000000000000e+02,7.752340268968342230e+01,2.110567173303508515e+00
5.325000000000000000e+02,7.746043321968420514e+01,2.110920078426721691e+00
5.330000000000000000e+02,7.738963477949495484e+01,2.111317202876730637e+00
5.335000000000000000e+02,7.731044070337222252e+01,2.111761851053618688e+00
5.340000000000000000e+02,7.722243165242868201e+01,2.112256527024265473e+00
5.345000000000000000e+02,7.712533974832365402e+01,2.112802909824216258e+00
5.350000000000000000e+02,7.701905330096167290e+01,2.113401823920184608e+00
5.355000000000000000e+02,7.690362309584395462e+01,2.114053199165193409e+00
5.360000000000000000e+02,7.677927099107296272e+01,2.114756015767159436e+00
5.365000000000000000e+02,7.664640129735197149e+01,2.115508231330050393e+00
5.370000000000000000e+02,7.650561506486080532e+01,2.116306689000719388e+00
5.375000000000000000e+02,7.635772696220844580e+01,2.117147008283386977e+00
5.380000000000000000e+02,7.620378388910253875e+01,2.118023463288257524e+00
5.385000000000000000e+02,7.604508380926617406e+01,2.118928857133937971e+00
5.390000000000000000e+02,7.588319253710329804e+01,2.119854405879308512e+00
5.395000000000000000e+02,7.571995540849349027e+01,2.120789650464327991e+00
5.400000000000000000e+02,7.555750000910997244e+01,2.121722420128315356e+00
5.405000000000000000e+02,7.539822557729874575e+01,2.122638874701254785e+00
5.410000000000000000e+02,7.524477455350023547e+01,2.123523654689311702e+00
5.415000000000000000e+02,7.509998225788092441e+01,2.124360165596435035e+00
5.420000000000000000e+02,7.496680206574779959e+01,2.125131014895137227e+00
5.425000000000000000e+02,7.484820583735252342e+01,2.125818605531700989e+00
5.430000000000000000e+02,7.474706266471952176e+01,2.126405869138227711e+00
5.435000000000000000e+02,7.466600286058391589e+01,2.126877097393538918e+00
5.440000000000000000e+02,7.460727787148630341e+01,2.127218805432721460e+00
5.445000000000000000e+02,7.457262957858965535e+01,2.127420542555906291e+00
5.450000000000000000e+02,7.456318338909159138e+01,2.127475558556394031e+00
5.455000000000000000e+02,7.457937804021791806e+01,2.127381242787900639e+00
5.460000000000000000e+02,7.462094110473725550e+01,2.127139278023453706e+00
5.465000000000000000e+02,7.468691342255308996e+01,2.126755488228321056e+00
5.470000000000000000e+02,7.477571923985935598e+01,2.126239400959301307e+00
5.475000000000000000e+02,7.488527307317932014e+01,2.125603582192565622e+00
5.480000000000000000e+02,7.501311038299864720e+01,2.124862826349631195e+00
5.485000000000000000e+02,7.515652766144262387e+01,2.124033293131257771e+00
5.490000000000000000e+02,7.531271847856393720e+01,2.123131675875864488e+00
5.495000000000000000e+02,7.547889481427034752e+01,2.122174467537019105e+00
5.500000000000000000e+02,7.565238676090513081e+01,2.121177365846487195e+00
5.505000000000000000e+02,7.583071754497959205e+01,2.120154834500701302e+00
5.510000000000000000e+02,7.601165412350928818e+01,2.119119816488811203e+00
5.515000000000000000e+02,7.619323599811806957e+01,2.118083581141755989e+00
5.520000000000000000e+02,7.637378627820974941e+01,2.117055678443195532e+00
5.525000000000000000e+02,7.655190953373104890e+01,2.116043971659133938e+00
5.530000000000000000e+02,7.672648083151909759e+01,2.115054720872663552e+00
5.535000000000000000e+02,7.689662979000843279e+01,2.114092693952486890e+00
5.540000000000000000e+02,7.706172272538941570e+01,2.113161286501739955e+00
5.545000000000000000e+02,7.722134515217157968e+01,2.112262637481753913e+00
5.550000000000000000e+02,7.737528613823231183e+01,2.111397731923029930e+00
5.555000000000000000e+02,7.752352534619498670e+01,2.110566486169015654e+00
5.560000000000000000e+02,7.766622303269016925e+01,2.109767814401861230e+00
5.565000000000000000e+02,7.780371281797695815e+01,2.108999677844686005e+00
5.570000000000000000e+02,7.793649666525485031e+01,2.108259120138705534e+00
5.575000000000000000e+02,7.806524120634819042e+01,2.107542294067039634e+00
5.580000000000000000e+02,7.819077430833210940e+01,2.106844486113376380e+00
5.585000000000000000e+02,7.831408059283197076e+01,2.106160146320126270e+00
5.590000000000000000e+02,7.843629450488870702e+01,2.105482931502108634e+00
5.595000000000000000e+02,7.855868949949361024e+01,2.104805769975251373e+00
5.600000000000000000e+02,7.868266199587588972e+01,2.104120955430851758e+00
5.605000000000000000e+02,7.880970896885517618e+01,2.103420276268580746e+00
5.610000000000000000e+02,7.894139842421036235e+01,2.102695184470291245e+00
5.615000000000000000e+02,7.907933254816869351e+01,2.101937004910598095e+00
5.620000000000000000e+02,7.922510401380455392e+01,2.101137181956636901e+00
5.625000000000000000e+02,7.938024672317135355e+01,2.100287555588273847e+00
5.630000000000000000e+02,7.954618308456730347e+01,2.099380654547633451e+00
5.635000000000000000e+02,7.972417066296210919e+01,2.098409989844458590e+00
5.640000000000000000e+02,7.991525157781650535e+01,2.097370329021530644e+00
5.645000000000000000e+02,8.012020824343444758e+01,2.096257930585938567e+00
5.650000000000000000e+02,8.033952887290209333e+01,2.095070719386757485e+00
5.655000000000000000e+02,8.057338557426152192e+01,2.093808387561999051e+00
5.660000000000000000e+02,8.082162690342713063e+01,2.092472411650490027e+00
5.665000000000000000e+02,8.108378551726917749e+01,2.091065983821116081e+00
5.670000000000000000e+02,8.135910025677823398e+01,2.089593862883701636e+00
5.675000000000000000e+02,8.164655076699473568e+01,2.088062157706276345e+00
5.680000000000000000e+02,8.194490179190066215e+01,2.086478060916174382e+00
5.685000000000000000e+02,8.225275368340660975e+01,2.084849553688144397e+00
5.690000000000000000e+02,8.256859548035876628e+01,2.083185102836785596e+00
5.695000000000000000e+02,8.289085712261881156e+01,2.081493369572426921e+00
5.700000000000000000e+02,8.321795788682845796e+01,2.079782945709178765e+00
5.705000000000000000e+02,8.354834885139415235e+01,2.078062128557113919e+00
5.710000000000000000e+02,8.388054799791393634e+01,2.076338740918988623e+00
5.715000000000000000e+02,8.421316732824169549e+01,2.074619998157006595e+00
5.720000000000000000e+02,8.454493204211028967e+01,2.072912420616359164e+00
5.725000000000000000e+02,8.487469233423088610e+01,2.071221787000549153e+00
5.730000000000000000e+02,8.520142871743459523e+01,2.069553122617153740e+00
5.735000000000000000e+02,8.552425196916942696e+01,2.067910715647228503e+00
5.740000000000000000e+02,8.584239885742127285e+01,2.066298154555803457e+00
5.745000000000000000e+02,8.615522476102347582e+01,2.064718380246392204e+00
5.750000000000000000e+02,8.646219419123103478e+01,2.063173747369885458e+00
5.755000000000000000e+02,8.676287007564677367e+01,2.061666090159461451e+00
5.760000000000000000e+02,8.705690250556395426e+01,2.060196789150509300e+00
5.765000000000000000e+02,8.734401749056073072e+01,2.058766836071026951e+00
5.770000000000000000e+02,8.762400612077858852e+01,2.057376895001997497e+00
5.775000000000000000e+02,8.789671441381800321e+01,2.056027358585128972e+00
5.780000000000000000e+02,8.816203402192303429e+01,2.054718398593164519e+00
5.785000000000000000e+02,8.841989389587186565e+01,2.053450010584465080e+00
5.790000000000000000e+02,8.867025294293637216e+01,2.052222052654413265e+00
5.795000000000000000e+02,8.891309367480344861e+01,2.051034278490011520e+00
5.800000000000000000e+02,8.914841681457365041e+01,2.049886365049475856e+00
5.805000000000000000e+02,8.937623681704994283e+01,2.048777935242853676e+00
5.810000000000000000e+02,8.959657825094701877e+01,2.047708575997566172e+00
5.815000000000000000e+02,8.980947299317894306e+01,2.046677852066730807e+00
5.820000000000000000e+02,9.001495819214933647e+01,2.045685315888193578e+00
5.825000000000000000e+02,9.021307496739017040e+01,2.044730513736635835e+00
5.830000000000000000e+02,9.040386782557517620e+01,2.043812988336914049e+00
5.835000000000000000e+02,9.058738478653748416e+01,2.042932278030257898e+00
5.840000000000000000e+02,9.076367822602918523e+01,2.042087912512762671e+00
5.845000000000000000e+02,9.093280645289671327e+01,2.041279405105409950e+00
5.850000000000000000e+02,9.109483604500326237e+01,2.040506241476230720e+00
5.855000000000000000e+02,9.124984496789504362e+01,2.039767864730609670e+00
5.860000000000000000e+02,9.139792648943172537e+01,2.039063656830859106e+00
5.865000000000000000e+02,9.153919387816263509e+01,2.038392916420487033e+00
5.870000000000000000e+02,9.167378582829610423e+01,2.037754833334231908e+00
5.875000000000000000e+02,9.180187248471729333e+01,2.037148460394764271e+00
5.880000000000000000e+02,9.192366184353586789e+01,2.036572683549916274e+00
5.885000000000000000e+02,9.203940617542143343e+01,2.036026191997849288e+00
5.890000000000000000e+02,9.214940796365284825e+01,2.035507450666769635e+00
5.895000000000000000e+02,9.225402467729500700e+01,2.035014678209408956e+00
5.900000000000000000e+02,9.235367153403893781e+01,2.034545834438385548e+00
5.905000000000000000e+02,9.244882128187794024e+01,2.034098621703721577e+00
5.910000000000000000e+02,9.253999999143830735e+01,2.033670504876301965e+00
5.915000000000000000e+02,9.262777795636418432e+01,2.033258754094626752e+00
5.920000000000000000e+02,9.271275509832398143e+01,2.032860513021087279e+00
5.925000000000000000e+02,9.279554079396336874e+01,2.032472892909431117e+00
5.930000000000000000e+02,9.287672876689568113e+01,2.032093089388183671e+00
5.935000000000000000e+02,9.295686853924183879e+01,2.031718514891720506e+00
5.940000000000000000e+02,9.303643576829834672e+01,2.031346935809815069e+00
5.945000000000000000e+02,9.311580441210108461e+01,2.030976600582100833e+00
5.950000000000000000e+02,9.319522388073259833e+01,2.030606344034353139e+00
5.955000000000000000e+02,9.327480400963096940e+01,2.030235654832029724e+00
5.960000000000000000e+02,9.335450982915571672e+01,2.029864697033517018e+00
5.965000000000000000e+02,9.343416683811457801e+01,2.029494282700590624e+00
5.970000000000000000e+02,9.351347607259930328e+01,2.029125799156955789e+00
5.975000000000000000e+02,9.359203699550553779e+01,2.028761100364740333e+00
5.980000000000000000e+02,9.366937537129646785e+01,2.028402375827415671e+00
5.985000000000000000e+02,9.374497297183440025e+01,2.028052011804280408e+00
5.990000000000000000e+02,9.381829617479823469e+01,2.027712458498244441e+00
5.995000000000000000e+02,9.388882113789139794e+01,2.027386113880230045e+00
6.000000000000000000e+02,9.395605406765281487e+01,2.027075230853876864e+00
6.005000000000000000e+02,9.401954595888513211e+01,2.026781850446499167e+00
6.010000000000000000e+02,9.407890191372486299e+01,2.026507760311230477e+00
6.015000000000000000e+02,9.413378567909309425e+01,2.026254475398018950e+00
6.020000000000000000e+02,9.418392035134651508e+01,2.026023236259808957e+00
6.025000000000000000e+02,9.422908631560449066e+01,2.025815019961265673e+00
6.030000000000000000e+02,9.426911746521118118e+01,2.025630558706027262e+00
6.035000000000000000e+02,9.430389663890932184e+01,2.025470361835173261e+00
6.040000000000000000e+02,9.433335106655594871e+01,2.025334737554665310e+00
6.045000000000000000e+02,9.435744846236200090e+01,2.025223811467014912e+00
6.050000000000000000e+02,9.437619426742945450e+01,2.025137539622645644e+00
6.055000000000000000e+02,9.438963042823638716e+01,2.025075714337102983e+00
6.060000000000000000e+02,9.439783600238762062e+01,2.025037961453986846e+00
6.065000000000000000e+02,9.440092979774289006e+01,2.025023728116757571e+00
6.070000000000000000e+02,9.439907516076485194e+01,2.025032260517015459e+00
6.075000000000000000e+02,9.439248691531204827e+01,2.025062571603117867e+00
6.080000000000000000e+02,9.438144029236045185e+01,2.025113399463384312e+00
6.085000000000000000e+02,9.436628146257753258e+01,2.025183158145288154e+00
6.090000000000000000e+02,9.434743897027290416e+01,2.025269884117746777e+00
6.095000000000000000e+02,9.432543496423396334e+01,2.025371183453962942e+00
6.100000000000000000e+02,9.430089464673376654e+01,2.025484187026227900e+00
6.105000000000000000e+02,9.427455187141286785e+01,2.025605523310940903e+00
6.110000000000000000e+02,9.424724841689253196e+01,2.025731320324335005e+00
6.115000000000000000e+02,9.421992430034869415e+01,2.025857249025338369e+00
6.120000000000000000e+02,9.419359676363679057e+01,2.025978619338105080e+00
6.125000000000000000e+02,9.416932644355198079e+01,2.026090535908157353e+00
6.130000000000000000e+02,9.414817081986383585e+01,2.026188113359017162e+00
6.135000000000000000e+02,9.413112723176621444e+01,2.026266740551272871e+00
6.140000000000000000e+02,9.411907022641798903e+01,2.026322371737522499e+00
6.145000000000000000e+02,9.411269017061434283e+01,2.026351812284909126e+00
6.150000000000000000e+02,9.411244122293106784e+01,2.026352961085861715e+00
6.155000000000000000e+02,9.411850636035009643e+01,2.026324973597642742e+00
6.160000000000000000e+02,9.413078500461892872e+01,2.026268319493713665e+00
6.165000000000000000e+02,9.414890527108127571e+01,2.026184725434811540e+00
6.170000000000000000e+02,9.417225881859022252e+01,2.026077012455051563e+00
6.175000000000000000e+02,9.420005275680394163e+01,2.025948853980132913e+00
6.180000000000000000e+02,9.423137091882023242e+01,2.025804490531542879e+00
6.185000000000000000e+02,9.426523640440581175e+01,2.025648438983624899e+00
6.190000000000000000e+02,9.430066846625098265e+01,2.025485228681810579e+00
6.195000000000000000e+02,9.433672898017358932e+01,2.025319186501268298e+00
6.200000000000000000e+02,9.437255621464592537e+01,2.025154281309622828e+00
6.205000000000000000e+02,9.440738581373857130e+01,2.024994028025275838e+00
6.210000000000000000e+02,9.444056049167659239e+01,2.024841444107923216e+00
6.215000000000000000e+02,9.447153081857594259e+01,2.024699047270300589e+00
6.220000000000000000e+02,9.449984974798674386e+01,2.024568882005786108e+00
6.225000000000000000e+02,9.452516337720493311e+01,2.024452563330597421e+00
6.230000000000000000e+02,9.454720003058707789e+01,2.024351328048673349e+00
6.235000000000000000e+02,9.456575926858818093e+01,2.024266086141318421e+00
6.240000000000000000e+02,9.458070195371634270e+01,2.024197467086354063e+00
6.245000000000000000e+02,9.459194210339890674e+01,2.024145857774521495e+00
6.250000000000000000e+02,9.459944094655925539e+01,2.024111430136704470e+00
6.255000000000000000e+02,9.460320336971814470e+01,2.024094157654888537e+00
6.260000000000000000e+02,9.460327677129382096e+01,2.024093820690750167e+00
6.265000000000000000e+02,9.459975221611504992e+01,2.024110001138533566e+00
6.270000000000000000e+02,9.459276767226850779e+01,2.024142067404729683e+00
6.275000000000000000e+02,9.458251299800285494e+01,2.024189151235512352e+00
6.280000000000000000e+02,9.456923621064568408e+01,2.024250118533147180e+00
6.285000000000000000e+02,9.455325040201195463e+01,2.024323537073895896e+00
6.290000000000000000e+02,9.453494046453171507e+01,2.024407644968736708e+00
6.295000000000000000e+02,9.451476857109952334e+01,2.024500324741533852e+00
6.300000000000000000e+02,9.449327713789446648e+01,2.024599088906354094e+00
6.305000000000000000e+02,9.447108784083553701e+01,2.024701083685267911e+00
6.310000000000000000e+02,9.444889521890208073e+01,2.024803117711873934e+00
6.315000000000000000e+02,9.442745355802625795e+01,2.024901721852641501e+00
6.320000000000000000e+02,9.440755617865187332e+01,2.024993244310374862e+00
6.325000000000000000e+02,9.439000698774488285e+01,2.025073981759173414e+00
6.330000000000000000e+02,9.437558517905566191e+01,2.025140342496563051e+00
6.335000000000000000e+02,9.436500516291059171e+01,2.025189031998134936e+00
6.340000000000000000e+02,9.435887497455061634e+01,2.025217245777723996e+00
6.345000000000000000e+02,9.435765727868675867e+01,2.025222850359241100e+00
6.350000000000000000e+02,9.436163738853089455e+01,2.025204531726310986e+00
6.355000000000000000e+02,9.437090227020823363e+01,2.025161892688035259e+00
6.360000000000000000e+02,9.438533329740184286e+01,2.025095486240886533e+00
6.365000000000000000e+02,9.440461374797014571e+01,2.025006780317180510e+00
6.370000000000000000e+02,9.442825005076393552e+01,2.024898058607166096e+00
6.375000000000000000e+02,9.445560401718782373e+01,2.024772270441547395e+00
6.380000000000000000e+02,9.448593208482483874e+01,2.024632848345099934e+00
6.385000000000000000e+02,9.451842715126581140e+01,2.024483513925084743e+00
6.390000000000000000e+02,9.455225887431095089e+01,2.024328091304080424e+00
6.395000000000000000e+02,9.458660917994630779e+01,2.024170343206012301e+00
6.400000000000000000e+02,9.462070088282239055e+01,2.024013839331050058e+00
6.405000000000000000e+02,9.465381851584615447e+01,2.023861861077787427e+00
6.410000000000000000e+02,9.468532148153855132e+01,2.023717341943600534e+00
6.415000000000000000e+02,9.471465036692950434e+01,2.023582839566824276e+00
6.420000000000000000e+02,9.474132768276780325e+01,2.023460533464305211e+00
6.425000000000000000e+02,9.476495443594853896e+01,2.023352241871328339e+00
6.430000000000000000e+02,9.478520389225496956e+01,2.023259451369368911e+00
6.435000000000000000e+02,9.480181371171511273e+01,2.023183353828022835e+00
6.440000000000000000e+02,9.481457740763060826e+01,2.023124886280144530e+00
6.445000000000000000e+02,9.482333584153441564e+01,2.023084770467308502e+00
6.450000000000000000e+02,9.482796925057542126e+01,2.023063549796263683e+00
6.455000000000000000e+02,9.482839012645929699e+01,2.023061622267183779e+00
6.460000000000000000e+02,9.482453713052740341e+01,2.023079268552916865e+00
6.465000000000000000e+02,9.481637013548017023e+01,2.023116674837627027e+00
6.470000000000000000e+02,9.480386642479305692e+01,2.023173950291567103e+00
6.475000000000000000e+02,9.478701804887421645e+01,2.023251139199991222e+00
6.480000000000000000e+02,9.476583032531132744e+01,2.023348227811897271e+00
6.485000000000000000e+02,9.474032147256190228e+01,2.023465145958887046e+00
6.490000000000000000e+02,9.471052337624199424e+01,2.023601763443174217e+00
6.495000000000000000e+02,9.467648349933293161e+01,2.023757881131598158e+00
6.500000000000000000e+02,9.463826795685533000e+01,2.023933216643688304e+00
6.505000000000000000e+02,9.459596577629446301e+01,2.024127384512087957e+00
6.510000000000000000e+02,9.454969435113412146e+01,2.024339870751573844e+00
6.515000000000000000e+02,9.449960605930715474e+01,2.024570001931220720e+00
6.520000000000000000e+02,9.444589595358132783e+01,2.024816909139055099e+00
6.525000000000000000e+02,9.438881032922650149e+01,2.025079487696742842e+00
6.530000000000000000e+02,9.432865582947856353e+01,2.025356354154508765e+00
6.535000000000000000e+02,9.426580855880708043e+01,2.025645802988059074e+00
6.540000000000000000e+02,9.420072244253582028e+01,2.025945766510692803e+00
6.545000000000000000e+02,9.413393581538689148e+01,2.026253782731603170e+00
6.550000000000000000e+02,9.406607497378514893e+01,2.026566977084766741e+00
6.555000000000000000e+02,9.399785323963403982e+01,2.026882064877186806e+00
6.560000000000000000e+02,9.393006402803646893e+01,2.027195381623675186e+00
6.565000000000000000e+02,9.386356657050623653e+01,2.027502947753377693e+00
6.570000000000000000e+02,9.379926339460195095e+01,2.027800572121104317e+00
6.575000000000000000e+02,9.373806944264093488e+01,2.028083995119647209e+00
6.580000000000000000e+02,9.368087380135524711e+01,2.028349067067449774e+00
6.585000000000000000e+02,9.362849629201986090e+01,2.028591951487612732e+00
6.590000000000000000e+02,9.358164241769910063e+01,2.028809336930926577e+00
6.595000000000000000e+02,9.354086109204079946e+01,2.028998636503627218e+00
6.600000000000000000e+02,9.350650989414415903e+01,2.029158152628150358e+00
6.605000000000000000e+02,9.347873211358495382e+01,2.029287186735608373e+00
6.610000000000000000e+02,9.345744855706912801e+01,2.029386079642876428e+00
6.615000000000000000e+02,9.344236518867026575e+01,2.029456177344388657e+00
6.620000000000000000e+02,9.343299555126662881e+01,2.029499727032364031e+00
6.625000000000000000e+02,9.342869501785304465e+01,2.029519717196484052e+00
6.630000000000000000e+02,9.342870262994348707e+01,2.029519681812400389e+00
6.635000000000000000e+02,9.343218580157682140e+01,2.029503490920526509e+00
6.640000000000000000e+02,9.343828348986056653e+01,2.029475148375179394e+00
6.645000000000000000e+02,9.344614436367763233e+01,2.029438613130773117e+00
6.650000000000000000e+02,9.345495775275465178e+01,2.029397654503964255e+00
6.655000000000000000e+02,9.346397644089650214e+01,2.029355745785471399e+00
6.660000000000000000e+02,9.347253146068666751e+01,2.029315995413200735e+00
6.665000000000000000e+02,9.348003983309332909e+01,2.029281111221092893e+00
6.670000000000000000e+02,9.348600664898687285e+01,2.029253391158902353e+00
6.675000000000000000e+02,9.349002305204220420e+01,2.029234733134265944e+00
6.680000000000000000e+02,9.349176162907026821e+01,2.029226656899343340e+00
6.685000000000000000e+02,9.349097052579108436e+01,2.029230331803275167e+00
6.690000000000000000e+02,9.348746735316919398e+01,2.029246605428793426e+00
6.695000000000000000e+02,9.348113368203533469e+01,2.029276029389923242e+00
6.700000000000000000e+02,9.347191067204725812e+01,2.029318879746936144e+00
6.705000000000000000e+02,9.345979615850011157e+01,2.029375170533352701e+00
6.710000000000000000e+02,9.344484332841012986e+01,2.029444659783363747e+00
6.715000000000000000e+02,9.342716094969533458e+01,2.029526848226253399e+00
6.720000000000000000e+02,9.340691496495406909e+01,2.029620971521965966e+00
6.725000000000000000e+02,9.338433111515793428e+01,2.029725987593117509e+00
6.730000000000000000e+02,9.335969811216703818e+01,2.029840561294648182e+00
6.735000000000000000e+02,9.333337073109964876e+01,2.029963049359868599e+00
6.740000000000000000e+02,9.330577205017947051e+01,2.030091489243809111e+00
6.745000000000000000e+02,9.327739394144998641e+01,2.030223596082683102e+00
6.750000000000000000e+02,9.324879483479909936e+01,2.030356772387679865e+00
6.755000000000000000e+02,9.322059377242011635e+01,2.030488135137993311e+00
6.760000000000000000e+02,9.319345987780054941e+01,2.030614564455508031e+00
6.765000000000000000e+02,9.316809661611189597e+01,2.030732776868729772e+00
6.770000000000000000e+02,9.314522064106216703e+01,2.030839424208044086e+00
6.775000000000000000e+02,9.312553559979778584e+01,2.030931216446413057e+00
6.780000000000000000e+02,9.310970195742171995e+01,2.031005063518740439e+00
6.785000000000000000e+02,9.309830461874545904e+01,2.031058227734315214e+00
6.790000000000000000e+02,9.309182074399191720e+01,2.031088475428949547e+00
6.795000000000000000e+02,9.309059053977055953e+01,2.031094214648903495e+00
6.800000000000000000e+02,9.309479383789832241e+01,2.031074605492265484e+00
6.805000000000000000e+02,9.310443488936081735e+01,2.031029631563186388e+00
6.810000000000000000e+02,9.311933701947299369e+01,2.030960124723927507e+00
6.815000000000000000e+02,9.313914772418422672e+01,2.030867740424946444e+00
6.820000000000000000e+02,9.316335361745487376e+01,2.030754886481919375e+00
6.825000000000000000e+02,9.319130357296806721e+01,2.030624613252123289e+00
6.830000000000000000e+02,9.322223762108207268e+01,2.030480476871943107e+00
6.835000000000000000e+02,9.325531877490803367e+01,2.030326389023625389e+00
6.840000000000000000e+02,9.328966498822060771e+01,2.030166466512887347e+00
6.845000000000000000e+02,9.332437882931195361e+01,2.030004892072966971e+00
6.850000000000000000e+02,9.335857306992843974e+01,2.029845794843920803e+00
6.855000000000000000e+02,9.339139109944176198e+01,2.029693155572104057e+00
6.860000000000000000e+02,9.342202175829881128e+01,2.029550738322353443e+00
6.865000000000000000e+02,9.344970875414141176e+01,2.029422047807528440e+00
6.870000000000000000e+02,9.347375523394839547e+01,2.029310309523589595e+00
6.875000000000000000e+02,9.349352432923861045e+01,2.029218468758202221e+00
6.880000000000000000e+02,9.350843658877809617e+01,2.029149204115065164e+00
6.885000000000000000e+02,9.351796519862558910e+01,2.029104951296842874e+00
6.890000000000000000e+02,9.352162980059560482e+01,2.029087933334264626e+00
6.895000000000000000e+02,9.351898959152998714e+01,2.029100194074547669e+00
6.900000000000000000e+02,9.350963624399150831e+01,2.029143632422111043e+00
6.905000000000000000e+02,9.349318705263689822e+01,2.029220035472391714e+00
6.910000000000000000e+02,9.346927859055054455e+01,2.029331109245148923e+00
6.915000000000000000e+02,9.343756106124833138e+01,2.029478506184859032e+00
6.920000000000000000e+02,9.339769345577747117e+01,2.029663848949748495e+00
6.925000000000000000e+02,9.334933956868533755e+01,2.029888750266485520e+00
6.930000000000000000e+02,9.329216488865536405e+01,2.030154828799130229e+00
6.935000000000000000e+02,9.322583435592100898e+01,2.030463721084907469e+00
6.940000000000000000e+02,9.315001096587857887e+01,2.030817089641380413e+00
6.945000000000000000e+02,9.306435519371663645e+01,2.031216627363242822e+00
6.950000000000000000e+02,9.296852521593974927e+01,2.031664058313502608e+00
6.955000000000000000e+02,9.286217790944806438e+01,2.032161134982103157e+00
6.960000000000000000e+02,9.274497061581335799e+01,2.032709632041994396e+00
6.965000000000000000e+02,9.261656366634680637e+01,2.033311336583638607e+00
6.970000000000000000e+02,9.247662367144803852e+01,2.033968034758609100e+00
6.975000000000000000e+02,9.232482758457726391e+01,2.034681494715560479e+00
6.980000000000000000e+02,9.216086755594301394e+01,2.035453445672323447e+00
6.985000000000000000e+02,9.198445659237427208e+01,2.036285552942137755e+00
6.990000000000000000e+02,9.179533503623410695e+01,2.037179388727950791e+00
6.995000000000000000e+02,9.159327786556933404e+01,2.038136398526644744e+00
7.000000000000000000e+02,9.137810279738884844e+01,2.039157863058366438e+00
7.005000000000000000e+02,9.114967914291246132e+01,2.040244855771570442e+00
7.010000000000000000e+02,9.090793731432864888e+01,2.041398196191427150e+00
7.015000000000000000e+02,9.065287881347623511e+01,2.042618399699138276e+00
7.020000000000000000e+02,9.038458644091214467e+01,2.043905624772446750e+00
7.025000000000000000e+02,9.010323434758896610e+01,2.045259619297304265e+00
7.030000000000000000e+02,8.980909741238247079e+01,2.046679668278351460e+00
7.035000000000000000e+02,8.950255927337227035e+01,2.048164546109651596e+00
7.040000000000000000e+02,8.918411818241528977e+01,2.049712477460680748e+00
7.045000000000000000e+02,8.885438971332881408e+01,2.051321111683294340e+00
7.050000000000000000e+02,8.851410526587214633e+01,2.052987516296377102e+00
7.055000000000000000e+02,8.816410531142298623e+01,2.054708195345889887e+00
7.060000000000000000e+02,8.780532646715229816e+01,2.056479138021833020e+00
7.065000000000000000e+02,8.743878180545767975e+01,2.058295901594183963e+00
7.070000000000000000e+02,8.706553433066979153e+01,2.060153730322670462e+00
7.075000000000000000e+02,8.668666428200002372e+01,2.062047708454626704e+00
7.080000000000000000e+02,8.630323180434164954e+01,2.063972940918483268e+00
7.085000000000000000e+02,8.591623747317464677e+01,2.065924750271353361e+00
7.090000000000000000e+02,8.552658403274270427e+01,2.067898873526312187e+00
7.095000000000000000e+02,8.513504335767729003e+01,2.069891638456189398e+00
7.100000000000000000e+02,8.474223294727505618e+01,2.071900096578794148e+00
7.105000000000000000e+02,8.434860613844513466e+01,2.073922089736189189e+00
7.110000000000000000e+02,8.395445969507763095e+01,2.075956229013485643e+00
7.115000000000000000e+02,8.355996160309550191e+01,2.078001768255725690e+00
7.120000000000000000e+02,8.316520092947129683e+01,2.080058358874706581e+00
7.125000000000000000e+02,8.277026063482121288e+01,2.082125677251479345e+00
7.130000000000000000e+02,8.237531331437510573e+01,2.084202920556410987e+00
7.135000000000000000e+02,8.198073886832889912e+01,2.086288171833226901e+00
7.140000000000000000e+02,8.158726175579670326e+01,2.088377642484033903e+00
7.145000000000000000e+02,8.119610327263481508e+01,2.090464812726807953e+00
7.150000000000000000e+02,8.080914064158008614e+01,2.092539511679932573e+00
7.155000000000000000e+02,8.042905918057776660e+01,2.094587011430161017e+00
7.160000000000000000e+02,8.005947647568424941e+01,2.096587254156780045e+00
7.165000000000000000e+02,7.970500933451823755e+01,2.098514383020780638e+00
7.170000000000000000e+02,7.937124774712913222e+01,2.100336792361195748e+00
7.175000000000000000e+02,7.906459907919006014e+01,2.102017926944461657e+00
7.180000000000000000e+02,7.879197505262278867e+01,2.103518013066795422e+00
7.185000000000000000e+02,7.856031740055721002e+01,2.104796770574568043e+00
7.190000000000000000e+02,7.837599491660002116e+01,2.105816933127136803e+00
7.195000000000000000e+02,7.824414748876648673e+01,2.106548136955817441e+00
7.200000000000000000e+02,7.816808713153953647e+01,2.106970515628677543e+00
7.205000000000000000e+02,7.814887525329120876e+01,2.107077268122136360e+00
7.210000000000000000e+02,7.818516912359839921e+01,2.106875620068478838e+00
7.215000000000000000e+02,7.827337269989205026e+01,2.106385952581103282e+00
7.220000000000000000e+02,7.840805653686581422e+01,2.105639310660727404e+00
7.225000000000000000e+02,7.858255373188885073e+01,2.104673861835661075e+00
7.230000000000000000e+02,7.878961265602603703e+01,2.103531034585629289e+00
7.235000000000000000e+02,7.902199654482586766e+01,2.102252001768634138e+00
7.240000000000000000e+02,7.927295457290847480e+01,2.100874954966710728e+00
7.245000000000000000e+02,7.953653204833193513e+01,2.099433349044119712e+00
7.250000000000000000e+02,7.980772433365676477e+01,2.097955072645059094e+00
7.255000000000000000e+02,8.008250253992467549e+01,2.096462363821716579e+00
7.260000000000000000e+02,8.035774841367094723e+01,2.094972240480502901e+00
7.265000000000000000e+02,8.063113477957048758e+01,2.093497228021090173e+00
7.270000000000000000e+02,8.090098116843839193e+01,2.092046211225123908e+00
7.275000000000000000e+02,8.116610578691410183e+01,2.090625290251019841e+00
7.280000000000000000e+02,8.142568720219919953e+01,2.089238567465408369e+00
7.285000000000000000e+02,8.167914308445122629e+01,2.087888827185182095e+00
7.290000000000000000e+02,8.192602921535653593e+01,2.086578093982908833e+00
7.295000000000000000e+02,8.216595941160117889e+01,2.085308069341231363e+00
7.300000000000000000e+02,8.239854555860084417e+01,2.084080454097164026e+00
7.305000000000000000e+02,8.262335617154057843e+01,2.082897167902440394e+00
7.310000000000000000e+02,8.283989147966710220e+01,2.081760478704377082e+00
7.315000000000000000e+02,8.304757277421862227e+01,2.080673056122490649e+00
7.320000000000000000e+02,8.324574358394963269e+01,2.079637963050004146e+00
7.325000000000000000e+02,8.343368012934749345e+01,2.078658599942254881e+00
7.330000000000000000e+02,8.361060847721438449e+01,2.077738615972188452e+00
7.335000000000000000e+02,8.377572589754775834e+01,2.076881800413805657e+00
7.340000000000000000e+02,8.392822412823520040e+01,2.076091966204987926e+00
7.345000000000000000e+02,8.406731257294364923e+01,2.075372835696862595e+00
7.350000000000000000e+02,8.419223986714374064e+01,2.074727936269840978e+00
7.355000000000000000e+02,8.430231270742061156e+01,2.074160510994547568e+00
7.360000000000000000e+02,8.439691130788476414e+01,2.073673447053105967e+00
7.365000000000000000e+02,8.447550128761712074e+01,2.073269222390591970e+00
7.370000000000000000e+02,8.453764217832221561e+01,2.072949869154548708e+00
7.375000000000000000e+02,8.458299305802810863e+01,2.072716950950920900e+00
7.380000000000000000e+02,8.461131606259904459e+01,2.072571549787313394e+00
7.385000000000000000e+02,8.462247870827678753e+01,2.072514257738347521e+00
7.390000000000000000e+02,8.461645608595259205e+01,2.072545167784505260e+00
7.395000000000000000e+02,8.459333407187121168e+01,2.072663857881327676e+00
7.400000000000000000e+02,8.455331474637685574e+01,2.072869362071654731e+00
7.405000000000000000e+02,8.449672522086099491e+01,2.073160122364734903e+00
7.410000000000000000e+02,8.442403103113505836e+01,2.073533915237959491e+00
7.415000000000000000e+02,8.433585513730940875e+01,2.073987747110919155e+00
7.420000000000000000e+02,8.423300333461800449e+01,2.074517714227153586e+00
7.425000000000000000e+02,8.411649646932315250e+01,2.075118824379998284e+00
7.430000000000000000e+02,8.398760919893574339e+01,2.075784781241224675e+00
7.435000000000000000e+02,8.384791406305453165e+01,2.076507737138675314e+00
7.440000000000000000e+02,8.369932828218229304e+01,2.077278027365308866e+00
7.445000000000000000e+02,8.354415896656313123e+01,2.078083908634342336e+00
7.450000000000000000e+02,8.338514037929624578e+01,2.078911335768235169e+00
7.455000000000000000e+02,8.322545479221301434e+01,2.079743822927571983e+00
7.460000000000000000e+02,8.306872673470056156e+01,2.080562446286074785e+00
7.465000000000000000e+02,8.291897971480931062e+01,2.081346050366820855e+00
7.470000000000000000e+02,8.278054558602781299e+01,2.082071715598698525e+00
7.475000000000000000e+02,8.265792039646197509e+01,2.082715525399609469e+00
7.480000000000000000e+02,8.255556717762277685e+01,2.083253634539323329e+00
7.485000000000000000e+02,8.247767533700363174e+01,2.083663588298488634e+00
7.490000000000000000e+02,8.242789668809788850e+01,2.083925781903319674e+00
7.495000000000000000e+02,8.240908723971173799e+01,2.084024896064262666e+00
7.500000000000000000e+02,8.242308875216049557e+01,2.083951114600506305e+00
7.505000000000000000e+02,8.247058236262742525e+01,2.083700938673408665e+00
7.510000000000000000e+02,8.255103754680541783e+01,2.083277463915171879e+00
7.515000000000000000e+02,8.266276487941010487e+01,2.082690072659570735e+00
7.520000000000000000e+02,8.280306406079228054e+01,2.081953592199743408e+00
7.525000000000000000e+02,8.296844387258266806e+01,2.081087055309268408e+00
7.530000000000000000e+02,8.315488169063004875e+01,2.080112250003443020e+00
7.535000000000000000e+02,8.335808847896656459e+01,2.079052252928370592e+00
7.540000000000000000e+02,8.357375007539525313e+01,2.077930109972222272e+00
7.545000000000000000e+02,8.379772466907434136e+01,2.076767773458995769e+00
7.550000000000000000e+02,8.402618674209719529e+01,2.075585345066105702e+00
7.555000000000000000e+02,8.425571695696791608e+01,2.074400621511471865e+00
7.560000000000000000e+02,8.448334409629751462e+01,2.073228903832220471e+00
7.565000000000000000e+02,8.470654882974552891e+01,2.072083012211485720e+00
7.570000000000000000e+02,8.492324018447857270e+01,2.070973443999752917e+00
7.575000000000000000e+02,8.513171488422857180e+01,2.069908618137567657e+00
7.580000000000000000e+02,8.533060799659480722e+01,2.068895159926655403e+00
7.585000000000000000e+02,8.551884123944864768e+01,2.067938192349356719e+00
7.590000000000000000e+02,8.569557328167225307e+01,2.067041611554006675e+00
7.595000000000000000e+02,8.586015466665386953e+01,2.066208333527045582e+00
7.600000000000000000e+02,8.601208867406175784e+01,2.065440506018242584e+00
7.605000000000000000e+02,8.615099850713555441e+01,2.064739684627721950e+00
7.610000000000000000e+02,8.627660059181464192e+01,2.064106974989302401e+00
7.615000000000000000e+02,8.638868342707226589e+01,2.063543144639940152e+00
7.620000000000000000e+02,8.648709126187878837e+01,2.063048708859963387e+00
7.625000000000000000e+02,8.657171183348178545e+01,2.062623994837050390e+00
7.630000000000000000e+02,8.664246743813480123e+01,2.062269188198206926e+00
7.635000000000000000e+02,8.669930868600562235e+01,2.061984365442474765e+00
7.640000000000000000e+02,8.674221039451988702e+01,2.061769515206490322e+00
7.645000000000000000e+02,8.677116918488491137e+01,2.061624550674010514e+00
7.650000000000000000e+02,8.678620245694608570e+01,2.061549314836365721e+00
7.655000000000000000e+02,8.678734852380755171e+01,2.061543579740078957e+00
7.660000000000000000e+02,8.677466778826946836e+01,2.061607040324341611e+00
7.665000000000000000e+02,8.674824493795699709e+01,2.061739302951740349e+00
7.670000000000000000e+02,8.670819222545121363e+01,2.061939868265085352e+00
7.675000000000000000e+02,8.665465398405908104e+01,2.062208107556894099e+00
7.680000000000000000e+02,8.658781260862031104e+01,2.062543231415693956e+00
7.685000000000000000e+02,8.650789630214998738e+01,2.062944249021486431e+00
7.690000000000000000e+02,8.641518894935204287e+01,2.063409916119097076e+00
7.695000000000000000e+02,8.631004252055407733e+01,2.063938669435227080e+00
7.700000000000000000e+02,8.619289242426346220e+01,2.064528545175154051e+00
7.705000000000000000e+02,8.606427619878760993e+01,2.065177079315519304e+00
7.710000000000000000e+02,8.592485584364958129e+01,2.065881187807089070e+00
7.715000000000000000e+02,8.577544391526205914e+01,2.066637025653603299e+00
7.720000000000000000e+02,8.561703321990908933e+01,2.067439825305095180e+00
7.725000000000000000e+02,8.545082950093913610e+01,2.068283717075110051e+00
7.730000000000000000e+02,8.527828591149096837e+01,2.069161537523205308e+00
7.735000000000000000e+02,8.510113727898837510e+01,2.070064636029528060e+00
7.740000000000000000e+02,8.492143122178009662e+01,2.070982695070291868e+00
7.745000000000000000e+02,8.474155213707564371e+01,2.071903585669065517e+00
7.750000000000000000e+02,8.456423307345289686e+01,2.072813285463775301e+00
7.755000000000000000e+02,8.439254973979328156e+01,2.073695891641094580e+00
7.760000000000000000e+02,8.422989067031618049e+01,2.074533763018651111e+00
7.765000000000000000e+02,8.407989819182344604e+01,2.075307822845133821e+00
7.770000000000000000e+02,8.394637662805872935e+01,2.075998044545590560e+00
7.775000000000000000e+02,8.383316729509738252e+01,2.076584125481526044e+00
7.780000000000000000e+02,8.374399419124428334e+01,2.077046329164289329e+00
7.785000000000000000e+02,8.368228938875668632e+01,2.077366446840768877e+00
7.790000000000000000e+02,8.365101211658884495e+01,2.077528800021485988e+00
7.795000000000000000e+02,8.365247922795519742e+01,2.077521183224423140e+00
7.800000000000000000e+02,8.368822602024286539e+01,2.077335637993818374e+00
7.805000000000000000e+02,8.375891444606972414e+01,2.076968959948326088e+00
7.810000000000000000e+02,8.386430057636749780e+01,2.076422870662522513e+00
7.815000000000000000e+02,8.400326557013248419e+01,2.075703830705710295e+00
7.820000000000000000e+02,8.417390589902353781e+01,2.074822519906963869e+00
7.825000000000000000e+02,8.437367096896167595e+01,2.073793054995195284e+00
7.830000000000000000e+02,8.459953110338803128e+01,2.072632044050521483e+00
7.835000000000000000e+02,8.484815692471877924e+01,2.071357587007093493e+00
7.840000000000000000e+02,8.511609244506902883e+01,2.069988322413896853e+00
7.845000000000000000e+02,8.539990788288206147e+01,2.068542597765064883e+00
7.850000000000000000e+02,8.569632320508398493e+01,2.067037811052276464e+00
7.855000000000000000e+02,8.600229849943774241e+01,2.065489941636861726e+00
7.860000000000000000e+02,8.631509163262579420e+01,2.063913264079018095e+00
7.865000000000000000e+02,8.663228676992828525e+01,2.062320221691798849e+00
7.870000000000000000e+02,8.695179912247895970e+01,2.060721427567175912e+00
7.875000000000000000e+02,8.727186191577445129e+01,2.059125758407969187e+00
7.880000000000000000e+02,8.759100134206408939e+01,2.057540508766015019e+00
7.885000000000000000e+02,8.790800449876326184e+01,2.055971578266727828e+00
7.890000000000000000e+02,8.822188430982113516e+01,2.054423670468084939e+00
7.895000000000000000e+02,8.853184438603241802e+01,2.052900488018798875e+00
7.900000000000000000e+02,8.883724583422062437e+01,2.051404914076077279e+00
7.905000000000000000e+02,8.913757723930127952e+01,2.049939174220019478e+00
7.910000000000000000e+02,8.943242843602217818e+01,2.048504976314183601e+00
7.915000000000000000e+02,8.972146824840213242e+01,2.047103628011922805e+00
7.920000000000000000e+02,9.000442607959436714e+01,2.045736133064234075e+00
7.925000000000000000e+02,9.028107705319021647e+01,2.044403268430484921e+00
7.930000000000000000e+02,9.055123030988625032e+01,2.043105644597136727e+00
7.935000000000000000e+02,9.081472002589428882e+01,2.041843751612291147e+00
7.940000000000000000e+02,9.107139872136269787e+01,2.040617993255004592e+00
7.945000000000000000e+02,9.132113245317086125e+01,2.039428711558569418e+00
7.950000000000000000e+02,9.156379752579451292e+01,2.038276203652622520e+00
7.955000000000000000e+02,9.179927839900250319e+01,2.037160732617527170e+00
7.960000000000000000e+02,9.202746651705486158e+01,2.036082533779244752e+00
7.965000000000000000e+02,9.224825982786200029e+01,2.035041817627278871e+00
7.970000000000000000e+02,9.246156280061454424e+01,2.034038770318796985e+00
7.975000000000000000e+02,9.266728678597816327e+01,2.033073552540859641e+00
7.980000000000000000e+02,9.286535059391583502e+01,2.032146297339365137e+00
7.985000000000000000e+02,9.305568119074456490e+01,2.031257107385734617e+00
7.990000000000000000e+02,9.323821443953546861e+01,2.030406052037797338e+00
7.995000000000000000e+02,9.341289582688860094e+01,2.029593164456697352e+00
8.000000000000000000e+02,9.357968113494281681e+01,2.028818438964000492e+00
8.005000000000000000e+02,9.373853703068269283e+01,2.028081828759692673e+00
8.010000000000000000e+02,9.388944155560764671e+01,2.027383244069989043e+00
8.015000000000000000e+02,9.403238450801111981e+01,2.026722550751613117e+00
8.020000000000000000e+02,9.416736771781005189e+01,2.026099569344632201e+00
8.025000000000000000e+02,9.429440522034191474e+01,2.025514074537483999e+00
8.030000000000000000e+02,9.441352334103842736e+01,2.024965794984223688e+00
8.035000000000000000e+02,9.452476070757171556e+01,2.024454413394283669e+00
8.040000000000000000e+02,9.462816821008766510e+01,2.023979566798346674e+00
8.045000000000000000e+02,9.472380893358234744e+01,2.023540846879835264e+00
8.050000000000000000e+02,9.481175808938411365e+01,2.023137800249652507e+00
8.055000000000000000e+02,9.489210297506680547e+01,2.022769928532211381e+00
8.060000000000000000e+02,9.496494299387194360e+01,2.022436688123677051e+00
8.065000000000000000e+02,9.503038976572405261e+01,2.022137489479320038e+00
8.070000000000000000e+02,9.508856736197297721e+01,2.021871695786868983e+00
8.075000000000000000e+02,9.513961269479106875e+01,2.021638620888131399e+00
8.080000000000000000e+02,9.518367608929708013e+01,2.021437526323697664e+00
8.085000000000000000e+02,9.522092206148117555e+01,2.021267617397588978e+00
8.090000000000000000e+02,9.525153031728056874e+01,2.021128038192903098e+00
8.095000000000000000e+02,9.527569697705141039e+01,2.021017865519004086e+00
8.100000000000000000e+02,9.529363601452587318e+01,2.020936101838704424e+00
8.105000000000000000e+02,9.530558087952167057e+01,2.020881667313252805e+00
8.110000000000000000e+02,9.531178624876207550e+01,2.020853391215845285e+00
8.115000000000000000e+02,9.531252981911305255e+01,2.020850003101390513e+00
8.120000000000000000e+02,9.530811402289198497e+01,2.020870124279178004e+00
8.125000000000000000e+02,9.529886750706923237e+01,2.020912260309764008e+00
8.130000000000000000e+02,9.528514617974138901e+01,2.020974795426302428e+00
8.135000000000000000e+02,9.526733359217780617e+01,2.021055989945724107e+00
8.140000000000000000e+02,9.524584039850540762e+01,2.021153981861500526e+00
8.145000000000000000e+02,9.522110262453361429e+01,2.021266793865729827e+00
8.150000000000000000e+02,9.519357849000333260e+01,2.021392346998071687e+00
8.155000000000000000e+02,9.516374357216869839e+01,2.021528481927365117e+00
8.160000000000000000e+02,9.513208417890061241e+01,2.021672988510468727e+00
8.165000000000000000e+02,9.509908891863985048e+01,2.021823643730332076e+00
8.170000000000000000e+02,9.506523860911505608e+01,2.021978257405606882e+00
8.175000000000000000e+02,9.503099484616278403e+01,2.022134724234857739e+00
8.180000000000000000e+02,9.499678773991760750e+01,2.022291079873411501e+00
8.185000000000000000e+02,9.496300349323506396e+01,2.022445557954998474e+00
8.190000000000000000e+02,9.492997261832631750e+01,2.022596644394778931e+00
8.195000000000000000e+02,9.489795963583837590e+01,2.022743125069255576e+00
8.200000000000000000e+02,9.486715505736066234e+01,2.022884123150904045e+00
8.205000000000000000e+02,9.483767031209136178e+01,2.023019123009225595e+00
8.210000000000000000e+02,9.480953605198806144e+01,2.023147978627393151e+00
8.215000000000000000e+02,9.478270398392137963e+01,2.023270905801786146e+00
8.220000000000000000e+02,9.475705207052465084e+01,2.023388458812704460e+00
8.225000000000000000e+02,9.473239265623401195e+01,2.023501493579673127e+00
8.230000000000000000e+02,9.470848284984258214e+01,2.023611120364352978e+00
8.235000000000000000e+02,9.468503635656439599e+01,2.023718649732257013e+00
8.240000000000000000e+02,9.466173591202901605e+01,2.023825535679320886e+00
8.245000000000000000e+02,9.463824552242233779e+01,2.023933319595188074e+00
8.250000000000000000e+02,9.461422184064288388e+01,2.024043578157554091e+00
8.255000000000000000e+02,9.458932418163443856e+01,2.024157877452777754e+00
8.260000000000000000e+02,9.456322287303504481e+01,2.024277734727169875e+00
8.265000000000000000e+02,9.453560582531079604e+01,2.024404588305279695e+00
8.270000000000000000e+02,9.450618337050545392e+01,2.024539775450127532e+00
8.275000000000000000e+02,9.447469155020115750e+01,2.024684517333829703e+00
8.280000000000000000e+02,9.444089412793508131e+01,2.024839909850509656e+00
8.285000000000000000e+02,9.440458366128549983e+01,2.025006918726551586e+00
8.290000000000000000e+02,9.436558199956581916e+01,2.025186377240577151e+00
8.295000000000000000e+02,9.432374058117757443e+01,2.025378984826108120e+00
8.300000000000000000e+02,9.427894089621086948e+01,2.025585304865521685e+00
8.305000000000000000e+02,9.423109545891897199e+01,2.025805760075738426e+00
8.310000000000000000e+02,9.418014960238478750e+01,2.026040624028796699e+00
8.315000000000000000e+02,9.412608436164168779e+01,2.026290007555495709e+00
8.320000000000000000e+02,9.406892064544274490e+01,2.026553839077196884e+00
8.325000000000000000e+02,9.400872480075551607e+01,2.026831838347251669e+00
8.330000000000000000e+02,9.394561553486389016e+01,2.027123483721492647e+00
8.335000000000000000e+02,9.387977196359861409e+01,2.027427973984726073e+00
8.340000000000000000e+02,9.381144228932156182e+01,2.027744186993607478e+00
8.345000000000000000e+02,9.374095227643277894e+01,2.028070638971351869e+00
8.350000000000000000e+02,9.366871230085216382e+01,2.028405450139091126e+00
8.355000000000000000e+02,9.359522134734477561e+01,2.028746324290293668e+00
8.360000000000000000e+02,9.352106599723826719e+01,2.029090551524576291e+00
8.365000000000000000e+02,9.344691231247051633e+01,2.029435044074446637e+00
8.370000000000000000e+02,9.337348873161188578e+01,2.029776414261771578e+00
8.375000000000000000e+02,9.330155879299729804e+01,2.030111100417037129e+00
8.380000000000000000e+02,9.323188376307658132e+01,2.030435540710569864e+00
8.385000000000000000e+02,9.316517700383148792e+01,2.030746386585106755e+00
8.390000000000000000e+02,9.310205389028629952e+01,2.031040738101592691e+00
8.395000000000000000e+02,9.304298282222376315e+01,2.031316375209236469e+00
8.400000000000000000e+02,9.298824380675601731e+01,2.031571954377092482e+00
8.405000000000000000e+02,9.293790076540923906e+01,2.031807141371840153e+00
8.410000000000000000e+02,9.289179200013187199e+01,2.032022658950761507e+00
8.415000000000000000e+02,9.284954043436307813e+01,2.032220241491396351e+00
8.420000000000000000e+02,9.281058200963472871e+01,2.032402503884728873e+00
8.425000000000000000e+02,9.277420779977254028e+01,2.032572745409858328e+00
8.430000000000000000e+02,9.273961368524042825e+01,2.032734717527100443e+00
8.435000000000000000e+02,9.270595110676572403e+01,2.032892386137349128e+00
8.440000000000000000e+02,9.267237334935308013e+01,2.033049714508519124e+00
8.445000000000000000e+02,9.263807354015621343e+01,2.033210484916066818e+00
8.450000000000000000e+02,9.260231251997439017e+01,2.033378167722775132e+00
8.455000000000000000e+02,9.256443650285096680e+01,2.033555838341818855e+00
8.460000000000000000e+02,9.252388570007461510e+01,2.033746136573006069e+00
8.465000000000000000e+02,9.248019578315866340e+01,2.033951259509019227e+00
8.470000000000000000e+02,9.243299426889086590e+01,2.034172978226039152e+00
8.475000000000000000e+02,9.238199377192277950e+01,2.034412669121291817e+00
8.480000000000000000e+02,9.232698373843014394e+01,2.034671352321464344e+00
8.485000000000000000e+02,9.226782187188274520e+01,2.034949731477101231e+00
8.490000000000000000e+02,9.220442607185400163e+01,2.035248231089038740e+00
8.495000000000000000e+02,9.213676737380707493e+01,2.035567029074282885e+00
8.500000000000000000e+02,9.206486411804984016e+01,2.035906083495672814e+00
8.505000000000000000e+02,9.198877738785959934e+01,2.036265153261200833e+00
8.510000000000000000e+02,9.190860762950950402e+01,2.036643813195591513e+00
8.515000000000000000e+02,9.182449228715040590e+01,2.037041464262260959e+00
8.520000000000000000e+02,9.173660424057436558e+01,2.037457339927550848e+00
8.525000000000000000e+02,9.164515081366047866e+01,2.037890509758876867e+00
8.530000000000000000e+02,9.155037311860701266e+01,2.038339881367507100e+00
8.535000000000000000e+02,9.145254551144765287e+01,2.038804201765587187e+00
8.540000000000000000e+02,9.135197495553330782e+01,2.039282059115838042e+00
8.545000000000000000e+02,9.124900012066331101e+01,2.039771885714858790e+00
8.550000000000000000e+02,9.114399008585563422e+01,2.040271962868577926e+00
8.555000000000000000e+02,9.103734256240552725e+01,2.040780428094519650e+00
8.560000000000000000e+02,9.092948160869377716e+01,2.041295284829634848e+00
8.565000000000000000e+02,9.082085486510710837e+01,2.041814414552961310e+00
8.570000000000000000e+02,9.071193039025510529e+01,2.042335590978288984e+00
8.575000000000000000e+02,9.060319322045295110e+01,2.042856495771489644e+00
8.580000000000000000e+02,9.049514179448421203e+01,2.043374735142652110e+00
8.585000000000000000e+02,9.038828437731810084e+01,2.043887856692883975e+00
8.590000000000000000e+02,9.028313557558600166e+01,2.044393366081570740e+00
8.595000000000000000e+02,9.018021296618456972e+01,2.044888743414793097e+00
8.600000000000000000e+02,9.008003376752573388e+01,2.045371459692469696e+00
8.605000000000000000e+02,8.998311138960559674e+01,2.045838994100270813e+00
8.610000000000000000e+02,8.988995162995905730e+01,2.046288853267488772e+00
8.615000000000000000e+02,8.980104826522141082e+01,2.046718593698574562e+00
8.620000000000000000e+02,8.971687784369743213e+01,2.047125848317412622e+00
8.625000000000000000e+02,8.963789361847632620e+01,2.047508357409406621e+00
8.630000000000000000e+02,8.956451875451305966e+01,2.047864003294844082e+00
8.635000000000000000e+02,8.949713915070138626e+01,2.048190847040755269e+00
8.640000000000000000e+02,8.943609637171793736e+01,2.048487164748570510e+00
8.645000000000000000e+02,8.938168121172058989e+01,2.048751480800000913e+00
8.650000000000000000e+02,8.933412826051591082e+01,2.048982596165281223e+00
8.655000000000000000e+02,8.929361150785896939e+01,2.049179611504871268e+00
8.660000000000000000e+02,8.926024056484919811e+01,2.049341947028922473e+00
8.665000000000000000e+02,8.923405663066608895e+01,2.049469363292528268e+00
8.670000000000000000e+02,8.921502705571808178e+01,2.049561988474496221e+00
8.675000000000000000e+02,8.920303740662581049e+01,2.049620357434660090e+00
8.680000000000000000e+02,8.919788041260530065e+01,2.049645465534711608e+00
8.685000000000000000e+02,8.919924203511205008e+01,2.049638835997945385e+00
8.690000000000000000e+02,8.920668598326761867e+01,2.049602594314215320e+00
8.695000000000000000e+02,8.921963901755088955e+01,2.049539538245297443e+00
8.700000000000000000e+02,8.923738003070945979e+01,2.049453188891434685e+00
8.705000000000000000e+02,8.925903592329005676e+01,2.049347808235534085e+00
8.710000000000000000e+02,8.928358661723166279e+01,2.049228371981924202e+00
8.715000000000000000e+02,8.930988029317786925e+01,2.049100492741407376e+00
8.720000000000000000e+02,8.933665838785938718e+01,2.048970296221183318e+00
8.725000000000000000e+02,8.936258841963734767e+01,2.048844260213791735e+00
8.730000000000000000e+02,8.938630165540372730e+01,2.048729031218551100e+00
8.735000000000000000e+02,8.940643218419234017e+01,2.048631235548449059e+00
8.740000000000000000e+02,8.942165413708289634e+01,2.048557300739928699e+00
8.745000000000000000e+02,8.943071445092061822e+01,2.048513299708927704e+00
8.750000000000000000e+02,8.943245949247844351e+01,2.048504825500374160e+00
8.755000000000000000e+02,8.942585481194637964e+01,2.048536899785791121e+00
8.760000000000000000e+02,8.940999810568011696e+01,2.048613914321057106e+00
8.765000000000000000e+02,8.938412604359052693e+01,2.048739601828214685e+00
8.770000000000000000e+02,8.934761593845365724e+01,2.048917031279070766e+00
8.775000000000000000e+02,8.929998333977498248e+01,2.049148622135467779e+00
8.780000000000000000e+02,8.924087658935167156e+01,2.049436172408274359e+00
8.785000000000000000e+02,8.917006925182872124e+01,2.049780896073451153e+00
8.790000000000000000e+02,8.908745119703483795e+01,2.050183466105631513e+00
8.795000000000000000e+02,8.899301901525592484e+01,2.050644059895122773e+00
8.800000000000000000e+02,8.888686643390747122e+01,2.051162403896477304e+00
8.805000000000000000e+02,8.876917550877111296e+01,2.051737813843417246e+00
8.810000000000000000e+02,8.864020961666017229e+01,2.052369225593407176e+00
8.815000000000000000e+02,8.850030971101944033e+01,2.053055209465435738e+00
8.820000000000000000e+02,8.834989594915522559e+01,2.053793957631290024e+00
8.825000000000000000e+02,8.818947768250968977e+01,2.054583229573777814e+00
8.830000000000000000e+02,8.801967591225262311e+01,2.055420234838961413e+00
8.835000000000000000e+02,8.784126356945483849e+01,2.056301425657020232e+00
8.840000000000000000e+02,8.765523014708176675e+01,2.057222165636917843e+00
8.845000000000000000e+02,8.746287777890424309e+01,2.058176237225131988e+00
8.850000000000000000e+02,8.726595488007394863e+01,2.059155154822536637e+00
8.855000000000000000e+02,8.706682940572243012e+01,2.060147270363855920e+00
8.860000000000000000e+02,8.686869456718632421e+01,2.061136704865825120e+00
8.865000000000000000e+02,8.667578337426903090e+01,2.062102224507621262e+00
8.870000000000000000e+02,8.649354404945952979e+01,2.063016307429184959e+00
8.875000000000000000e+02,8.632869989933898580e+01,2.063844799466400204e+00
8.880000000000000000e+02,8.618909605436779486e+01,2.064547674116777198e+00
8.885000000000000000e+02,8.608324176327072053e+01,2.065081386503540006e+00
8.890000000000000000e+02,8.601951289399428902e+01,2.065403021071038125e+00
8.895000000000000000e+02,8.600509141547901493e+01,2.065475838196005665e+00
8.900000000000000000e+02,8.604485588094971149e+01,2.065275088489206823e+00
8.905000000000000000e+02,8.614052797387189742e+01,2.064792470680727021e+00
8.910000000000000000e+02,8.629035085466723842e+01,2.064037765175439354e+00
8.915000000000000000e+02,8.648941102612664622e+01,2.063037060331996742e+00
8.920000000000000000e+02,8.673049199524088237e+01,2.061828189984495907e+00
8.925000000000000000e+02,8.700518398838680412e+01,2.060454870249451176e+00
8.930000000000000000e+02,8.730494465247896585e+01,2.058961158648683121e+00
8.935000000000000000e+02,8.762189671318519402e+01,2.057387350071852250e+00
8.940000000000000000e+02,8.794928580507084348e+01,2.055767682894139359e+00
8.945000000000000000e+02,8.828163380730819654e+01,2.054129638050792295e+00
8.950000000000000000e+02,8.861467897996313070e+01,2.052494331476821365e+00
8.955000000000000000e+02,8.894520046556215220e+01,2.050877481729118212e+00
8.960000000000000000e+02,8.927080354024873543e+01,2.049290556057040469e+00
8.965000000000000000e+02,8.958971353075131105e+01,2.047741852093327708e+00
8.970000000000000000e+02,8.990060198249641132e+01,2.046237400182220778e+00
8.975000000000000000e+02,9.020245218377338858e+01,2.044781655857110358e+00
8.980000000000000000e+02,9.049446192437406467e+01,2.043377997913895960e+00
8.985000000000000000e+02,9.077597729915238745e+01,2.042029066751679167e+00
8.990000000000000000e+02,9.104645037816844422e+01,2.040736981348739043e+00
8.995000000000000000e+02,9.130541412724042516e+01,2.039503469389356116e+00
9.000000000000000000e+02,9.155246913002196152e+01,2.038329938472242198e+00
9.005000000000000000e+02,9.178727792722854417e+01,2.037217509527377235e+00
9.010000000000000000e+02,9.200956391939209311e+01,2.036167027637711513e+00
9.015000000000000000e+02,9.221911269974185643e+01,2.035179060727104972e+00
9.020000000000000000e+02,9.241577439212177580e+01,2.034253892992587964e+00
9.025000000000000000e+02,9.259946609444983778e+01,2.033391517345093380e+00
9.030000000000000000e+02,9.277017390787224826e+01,2.032591629269095090e+00
9.035000000000000000e+02,9.292795429950437835e+01,2.031853623231131056e+00
9.040000000000000000e+02,9.307293473013474738e+01,2.031176591910617280e+00
9.045000000000000000e+02,9.320531359828012796e+01,2.030559327982592865e+00
9.050000000000000000e+02,9.332535962323933632e+01,2.030000327872726995e+00
9.055000000000000000e+02,9.343341082217000348e+01,2.029497796777854024e+00
9.060000000000000000e+02,9.352987323594724955e+01,2.029049654267490510e+00
9.065000000000000000e+02,9.361521952941698999e+01,2.028653539933669148e+00
9.070000000000000000e+02,9.368998753601387364e+01,2.028306818826217217e+00
9.075000000000000000e+02,9.375477873671169959e+01,2.028006586788597687e+00
9.080000000000000000e+02,9.381025656205864038e+01,2.027749676282005531e+00
9.085000000000000000e+02,9.385714428915437679e+01,2.027532663828292225e+00
9.090000000000000000e+02,9.389622218222426397e+01,2.027351880773493153e+00
9.095000000000000000e+02,9.392832341039496669e+01,2.027203429607554508e+00
9.100000000000000000e+02,9.395432818955521270e+01,2.027083208479436571e+00
9.105000000000000000e+02,9.397515556203610743e+01,2.026986946702971970e+00
9.110000000000000000e+02,9.399175227595054594e+01,2.026910253827908015e+00
9.115000000000000000e+02,9.400507838035385078e+01,2.026848684134449741e+00
9.120000000000000000e+02,9.401608942755110832e+01,2.026797817127303780e+00
9.125000000000000000e+02,9.402571556518599039e+01,2.026753352775765737e+00
9.130000000000000000e+02,9.403483827628070912e+01,2.026711218016395755e+00
9.135000000000000000e+02,9.404426602272495472e+01,2.026667678695255326e+00
9.140000000000000000e+02,9.405471047882977587e+01,2.026619449090375724e+00
9.145000000000000000e+02,9.406676530801513536e+01,2.026563789886334899e+00
9.150000000000000000e+02,9.408088945232098865e+01,2.026498585374984618e+00
9.155000000000000000e+02,9.409739662579576702e+01,2.026422391946723689e+00
9.160000000000000000e+02,9.411645214330027898e+01,2.026334452550293097e+00
9.165000000000000000e+02,9.413807745489165768e+01,2.026234675365064852e+00
9.170000000000000000e+02,9.416216192167607346e+01,2.026123578840538730e+00
9.175000000000000000e+02,9.418848060958889334e+01,2.026002208816500172e+00
9.180000000000000000e+02,9.421671632195436530e+01,2.025872036036083568e+00
9.185000000000000000e+02,9.424648381896363958e+01,2.025734843631529003e+00
9.190000000000000000e+02,9.427735419682447571e+01,2.025592614033191019e+00
9.195000000000000000e+02,9.430887767591603676e+01,2.025447423443067496e+00
9.200000000000000000e+02,9.434060349071678786e+01,2.025301349927820738e+00
9.205000000000000000e+02,9.437209608613757439e+01,2.025156398787069101e+00
9.210000000000000000e+02,9.440294731717352761e+01,2.025014446553589753e+00
9.215000000000000000e+02,9.443278475898982549e+01,2.024877203074293419e+00
9.220000000000000000e+02,9.446127653061722640e+01,2.024746189751727599e+00
9.225000000000000000e+02,9.448813321242266738e+01,2.024622731215342419e+00
9.230000000000000000e+02,9.451310750971740049e+01,2.024507957370194955e+00
9.235000000000000000e+02,9.453599230675446563e+01,2.024402812821706199e+00
9.240000000000000000e+02,9.455661769399705463e+01,2.024308070971116980e+00
9.245000000000000000e+02,9.457484746133788178e+01,2.024224350503128989e+00
9.250000000000000000e+02,9.459057545005998691e+01,2.024152132455834252e+00
9.255000000000000000e+02,9.460372205990118744e+01,2.024091776512826346e+00
9.260000000000000000e+02,9.461423112233390498e+01,2.024043535553103013e+00
9.265000000000000000e+02,9.462206728050209392e+01,2.024007567820881981e+00
9.270000000000000000e+02,9.462721396054361378e+01,2.023983946333624218e+00
9.275000000000000000e+02,9.462967197672914210e+01,2.023972665339957011e+00
9.280000000000000000e+02,9.462945878140104128e+01,2.023973643782098097e+00
9.285000000000000000e+02,9.462660834710722213e+01,2.023986725823838650e+00
9.290000000000000000e+02,9.462117164957786031e+01,2.024011678589334728e+00
9.295000000000000000e+02,9.461321770346646076e+01,2.024048187333008286e+00
9.300000000000000000e+02,9.460283508559166421e+01,2.024095848338391512e+00
9.305000000000000000e+02,9.459013386072658136e+01,2.024154159933281072e+00
9.310000000000000000e+02,9.457524780128613884e+01,2.024222512117267669e+00
9.315000000000000000e+02,9.455833676375115715e+01,2.024300175429377457e+00
9.320000000000000000e+02,9.453958905141850266e+01,2.024386289838152386e+00
9.325000000000000000e+02,9.451922355630465233e+01,2.024479854608409735e+00
9.330000000000000000e+02,9.449749143539426655e+01,2.024579720276199257e+00
9.335000000000000000e+02,9.447467704219789653e+01,2.024684584026254175e+00
9.340000000000000000e+02,9.445109780978285130e+01,2.024792989886561756e+00
9.345000000000000000e+02,9.442710277363488558e+01,2.024903335197095089e+00
9.350000000000000000e+02,9.440306944042143300e+01,2.025013884734071290e+00
9.355000000000000000e+02,9.437939876030678477e+01,2.025122793637621044e+00
9.360000000000000000e+02,9.435650805239998817e+01,2.025228139868207489e+00
9.365000000000000000e+02,9.433482186767194833e+01,2.025327966292732373e+00
9.370000000000000000e+02,9.431476094749800154e+01,2.025420331691439202e+00
9.375000000000000000e+02,9.429672963709616340e+01,2.025503369035649648e+00
9.380000000000000000e+02,9.428110232119884415e+01,2.025575348408900744e+00
9.385000000000000000e+02,9.426820963672577136e+01,2.025634741059811450e+00
9.390000000000000000e+02,9.425832535276008173e+01,2.025680280431635616e+00
9.395000000000000000e+02,9.425165486245748525e+01,2.025711015750029986e+00
9.400000000000000000e+02,9.424832618391936023e+01,2.025726353966121884e+00
9.405000000000000000e+02,9.424838421142993639e+01,2.025726086576546958e+00
9.410000000000000000e+02,9.425178870681290277e+01,2.025710399020023367e+00
9.415000000000000000e+02,9.425841620271688726e+01,2.025679861841386487e+00
9.420000000000000000e+02,9.426806564799389321e+01,2.025635404417689411e+00
9.425000000000000000e+02,9.428046730732344827e+01,2.025578273533278573e+00
9.430000000000000000e+02,9.429529417545887782e+01,2.025509980270371990e+00
9.435000000000000000e+02,9.431217501063662212e+01,2.025432239408688773e+00
9.440000000000000000e+02,9.433070804380822949e+01,2.025346905746109538e+00
9.445000000000000000e+02,9.435047447431136902e+01,2.025255911492085392e+00
9.450000000000000000e+02,9.437105099765865646e+01,2.025161208245494393e+00
9.455000000000000000e+02,9.439202079796501721e+01,2.025064716187905844e+00
9.460000000000000000e+02,9.441298264487880942e+01,2.024968282149437027e+00
9.465000000000000000e+02,9.443355793511587137e+01,2.024873647267363630e+00
9.470000000000000000e+02,9.445339569145180292e+01,2.024782424152412830e+00
9.475000000000000000e+02,9.447217566550916956e+01,2.024696082858624901e+00
9.480000000000000000e+02,9.448960978108944175e+01,2.024615944536509282e+00
9.485000000000000000e+02,9.450544220458891687e+01,2.024543181423350102e+00
9.490000000000000000e+02,9.451944834465778911e+01,2.024478821757931257e+00
9.495000000000000000e+02,9.453143307303840004e+01,2.024423758259990880e+00
9.500000000000000000e+02,9.454122843096966733e+01,2.024378758947368961e+00
9.505000000000000000e+02,9.454869104825299075e+01,2.024344479240472783e+00
9.510000000000000000e+02,9.455369946111483159e+01,2.024321474496179274e+00
9.515000000000000000e+02,9.455615147476873972e+01,2.024310212301277723e+00
9.520000000000000000e+02,9.455596167991464540e+01,2.024311084026059859e+00
9.525000000000000000e+02,9.455305920085972105e+01,2.024324415284734169e+00
9.530000000000000000e+02,9.454738572706629895e+01,2.024350475068605881e+00
9.535000000000000000e+02,9.453889385961346647e+01,2.024389483411108248e+00
9.540000000000000000e+02,9.452754578876047731e+01,2.024441617513456748e+00
9.545000000000000000e+02,9.451331230775089409e+01,2.024507016309617935e+00
9.550000000000000000e+02,9.449617216033472289e+01,2.024585783483479062e+00
9.555000000000000000e+02,9.447611171434039079e+01,2.024677988973659470e+00
9.560000000000000000e+02,9.445312495017431331e+01,2.024783669016194665e+00
9.565000000000000000e+02,9.442721375060155253e+01,2.024902824785841382e+00
9.570000000000000000e+02,9.439838847587628834e+01,2.025035419706256334e+00
9.575000000000000000e+02,9.436666880562783888e+01,2.025181375510627824e+00
9.580000000000000000e+02,9.433208482531053107e+01,2.025340567150140103e+00
9.585000000000000000e+02,9.429467833001196198e+01,2.025512816670162586e+00
9.590000000000000000e+02,9.425450431157489106e+01,2.025697886205259035e+00
9.595000000000000000e+02,9.421163258602391011e+01,2.025895470285498767e+00
9.600000000000000000e+02,9.416614950703736042e+01,2.026105187698966414e+00
9.605000000000000000e+02,9.411815969770964330e+01,2.026326573218747207e+00
9.610000000000000000e+02,9.406778771742095557e+01,2.026559069575726735e+00
9.615000000000000000e+02,9.401517956393614384e+01,2.026802020138317673e+00
9.620000000000000000e+02,9.396050389399574954e+01,2.027054662841696331e+00
9.625000000000000000e+02,9.390395283024358264e+01,2.027316125984894413e+00
9.630000000000000000e+02,9.384574221048735865e+01,2.027585426574201488e+00
9.635000000000000000e+02,9.378611112962609297e+01,2.027861471923419590e+00
9.640000000000000000e+02,9.372532062804336306e+01,2.028143065211540641e+00
9.645000000000000000e+02,9.366365139586392274e+01,2.028428915631833362e+00
9.650000000000000000e+02,9.360140039283270141e+01,2.028717653630162765e+00
9.655000000000000000e+02,9.353887633041584593e+01,2.029007851515723271e+00
9.660000000000000000e+02,9.347639402620644944e+01,2.029298049432638251e+00
9.665000000000000000e+02,9.341426771885318203e+01,2.029586786314475866e+00
9.670000000000000000e+02,9.335280351994424564e+01,2.029872635026535921e+00
9.675000000000000000e+02,9.329229127031386781e+01,2.030154240466553794e+00
9.680000000000000000e+02,9.323299615255200479e+01,2.030430358988294604e+00
9.685000000000000000e+02,9.317515047822911356e+01,2.030699897186285074e+00
9.690000000000000000e+02,9.311894610682091411e+01,2.030961947885147278e+00
9.695000000000000000e+02,9.306452795487768981e+01,2.031215821156084900e+00
9.700000000000000000e+02,9.301198901382352346e+01,2.031461068360438826e+00
9.705000000000000000e+02,9.296136721334292474e+01,2.031697497595267965e+00
9.710000000000000000e+02,9.291264435088045559e+01,2.031925179460166930e+00
9.715000000000000000e+02,9.286574716791814410e+01,2.032144442723708977e+00
9.720000000000000000e+02,9.282055050569432808e+01,2.032355860169560380e+00
9.725000000000000000e+02,9.277688233351227609e+01,2.032560225567004775e+00
9.730000000000000000e+02,9.273453032703976362e+01,2.032758523264858397e+00
9.735000000000000000e+02,9.269324959357658145e+01,2.032951892295710827e+00
9.740000000000000000e+02,9.265277110240224090e+01,2.033141587068398426e+00
9.745000000000000000e+02,9.261281038141174804e+01,2.033328936718011626e+00
9.750000000000000000e+02,9.257307608142460253e+01,2.033515304997162154e+00
9.755000000000000000e+02,9.253327807805240468e+01,2.033702052271183280e+00
9.760000000000000000e+02,9.249313486700390285e+01,2.033890500774727439e+00
9.765000000000000000e+02,9.245238010112959159e+01,2.034081903850600614e+00
9.770000000000000000e+02,9.241076820653761104e+01,2.034277419470382320e+00
9.775000000000000000e+02,9.236807909313237985e+01,2.034478087966695714e+00
9.780000000000000000e+02,9.232412203690194019e+01,2.034684813612989807e+00
9.785000000000000000e+02,9.227873885465815817e+01,2.034898349480435797e+00
9.790000000000000000e+02,9.223180651621891002e+01,2.035119284885570590e+00
9.795000000000000000e+02,9.218323934518481622e+01,2.035348034712038068e+00
9.800000000000000000e+02,9.213299094936306233e+01,2.035584829936589291e+00
9.805000000000000000e+02,9.208105599780395778e+01,2.035829708802793014e+00
9.810000000000000000e+02,9.202747192573463053e+01,2.036082508254694279e+00
9.815000000000000000e+02,9.197232060381575991e+01,2.036342855455819389e+00
9.820000000000000000e+02,9.191572995663628376e+01,2.036610159464952385e+00
9.825000000000000000e+02,9.185787546005470006e+01,2.036883603405846621e+00
9.830000000000000000e+02,9.179898139139355351e+01,2.037162137737225098e+00
9.835000000000000000e+02,9.173932165502250768e+01,2.037444475481229755e+00
9.840000000000000000e+02,9.167921996403450180e+01,2.037729090476561478e+00
9.845000000000000000e+02,9.161904913300159592e+01,2.038014219855649678e+00
9.850000000000000000e+02,9.155922923409799807e+01,2.038297871969393160e+00
9.855000000000000000e+02,9.150022439549155706e+01,2.038577840866838464e+00
9.860000000000000000e+02,9.144253808094801173e+01,2.038851728159003507e+00
9.865000000000000000e+02,9.138670678309873097e+01,2.039116972653615800e+00
9.870000000000000000e+02,9.133329218386029424e+01,2.039370887567081958e+00
9.875000000000000000e+02,9.128287197097556316e+01,2.039610704462700319e+00
9.880000000000000000e+02,9.123602962953589213e+01,2.039833622425441639e+00
9.885000000000000000e+02,9.119334362700358554e+01,2.040036860482577818e+00
9.890000000000000000e+02,9.115537645514038445e+01,2.040217711036006687e+00
9.895000000000000000e+02,9.112266396455166273e+01,2.040373592175301454e+00
9.900000000000000000e+02,9.109570532332053006e+01,2.040502097213047872e+00
9.905000000000000000e+02,9.107495376575003831e+01,2.040601040555821033e+00
9.910000000000000000e+02,9.106080810631384281e+01,2.040668499925526902e+00
9.915000000000000000e+02,9.105360482873832950e+01,2.040702855731351129e+00
9.920000000000000000e+02,9.105361047584111134e+01,2.040702828796607360e+00
9.925000000000000000e+02,9.106101410530153828e+01,2.040667517459806568e+00
9.930000000000000000e+02,9.107591975433849996e+01,2.040596434225854683e+00
9.935000000000000000e+02,9.109833914704798019e+01,2.040489540764075738e+00
9.940000000000000000e+02,9.112818521652867787e+01,2.040347278451350999e+00
9.945000000000000000e+02,9.116526730724243066e+01,2.040170590288681307e+00
9.950000000000000000e+02,9.120928907579747147e+01,2.039960929336873896e+00
9.955000000000000000e+02,9.125985005138937822e+01,2.039720249149898024e+00
9.960000000000000000e+02,9.131645153207594490e+01,2.039450973112383547e+00
9.965000000000000000e+02,9.137850702204167419e+01,2.039155941896265922e+00
9.970000000000000000e+02,9.144535685136477809e+01,2.038838340980608788e+00
9.975000000000000000e+02,9.151628608196776327e+01,2.038501612751611347e+00
9.980000000000000000e+02,9.159054440132297259e+01,2.038149359588643073e+00
9.985000000000000000e+02,9.166736651130737812e+01,2.037785245207522244e+00
9.990000000000000000e+02,9.174599155267304695e+01,2.037412901294771927e+00
9.995000000000000000e+02,9.182568033447245170e+01,2.037035845292359149e+00
1.000000000000000000e+03,9.190572949618245957e+01,2.036657413412438000e+00
1.000500000000000000e+03,9.198548213927378470e+01,2.036280710962382834e+00
1.001000000000000000e+03,9.206433485326878952e+01,2.035908580185770589e+00
1.001500000000000000e+03,9.214174137837308365e+01,2.035543584313945331e+00
1.002000000000000000e+03,9.221721336722517037e+01,2.035188005490307983e+00
1.002500000000000000e+03,9.229031882941710307e+01,2.034843853681323367e+00
1.003000000000000000e+03,9.236067887735552517e+01,2.034512883554711493e+00
1.003500000000000000e+03,9.242796336221412901e+01,2.034196616478672226e+00
1.004000000000000000e+03,9.249188591747144983e+01,2.033896365161885100e+00
1.004500000000000000e+03,9.255219883560540950e+01,2.033613258911873611e+00
1.005000000000000000e+03,9.260868810697047593e+01,2.033348267962577172e+00
1.005500000000000000e+03,9.266116885950907545e+01,2.033102225759960469e+00
1.006000000000000000e+03,9.270948135981888072e+01,2.032875848469470004e+00
1.006500000000000000e+03,9.275348767259747262e+01,2.032669751271015457e+00
1.007000000000000000e+03,9.279306902643423882e+01,2.032484461237892504e+00
1.007500000000000000e+03,9.282812389755304139e+01,2.032320426764975707e+00
1.008000000000000000e+03,9.285856679685031168e+01,2.032178023631536767e+00
1.008500000000000000e+03,9.288432772654724090e+01,2.032057557869263231e+00
1.009000000000000000e+03,9.290535225814628006e+01,2.031959265670280068e+00
1.009500000000000000e+03,9.292160217053975657e+01,2.031883310625722139e+00
1.010000000000000000e+03,9.293305657379022477e+01,2.031829778643633677e+00
1.010500000000000000e+03,9.293971342842988292e+01,2.031798670964568565e+00
1.011000000000000000e+03,9.294159135075543077e+01,2.031789895780808930e+00
1.011500000000000000e+03,9.293873157080187752e+01,2.031803259074285606e+00
1.012000000000000000e+03,9.293119988154121813e+01,2.031838455418971900e+00
1.012500000000000000e+03,9.291908838647790958e+01,2.031895059640897561e+00
1.013000000000000000e+03,9.290251682057234461e+01,2.031972520382240077e+00
1.013500000000000000e+03,9.288163319016101127e+01,2.032070156757435964e+00
1.014000000000000000e+03,9.285661345664486532e+01,2.032187159393851861e+00
1.014500000000000000e+03,9.282765998296328291e+01,2.032322597185333368e+00
1.015000000000000000e+03,9.279499847888223485e+01,2.032475431017764844e+00
1.015500000000000000e+03,9.275887322837327531e+01,2.032644535515637063e+00
1.016000000000000000e+03,9.271954046564022178e+01,2.032828729479008167e+00
1.016500000000000000e+03,9.267725988788575364e+01,2.033026815119038044e+00
1.017000000000000000e+03,9.263228444934449612e+01,2.033237625471338461e+00
1.017500000000000000e+03,9.258484876194046365e+01,2.033460078517426606e+00
1.018000000000000000e+03,9.253515661499503153e+01,2.033693235659862264e+00
1.018500000000000000e+03,9.248336829508154722e+01,2.033936361391880610e+00
1.019000000000000000e+03,9.242958850948704708e+01,2.034188980409863845e+00
1.019500000000000000e+03,9.237385576662732944e+01,2.034450928162124583e+00
1.020000000000000000e+03,9.231613402567225535e+01,2.034722391000224562e+00
1.020500000000000000e+03,9.225630729012365805e+01,2.035003932728163711e+00
1.021000000000000000e+03,9.219417759688843717e+01,2.035296505382243826e+00
1.021500000000000000e+03,9.212946657004449946e+01,2.035601443396660937e+00
1.022000000000000000e+03,9.206182040506932651e+01,2.035920441737722353e+00
1.022500000000000000e+03,9.199081786707802166e+01,2.036255519922636203e+00
1.023000000000000000e+03,9.191598066368416653e+01,2.036608974895792734e+00
1.023500000000000000e+03,9.183678541602729695e+01,2.036983326388983606e+00
1.024000000000000000e+03,9.175267641110552574e+01,2.037381258589535449e+00
1.024500000000000000e+03,9.166307836942958431e+01,2.037805561706036439e+00
1.025000000000000000e+03,9.156740858576139885e+01,2.038259076441471862e+00
1.025500000000000000e+03,9.146508797122632473e+01,2.038744643581106075e+00
1.026000000000000000e+03,9.135555071455627285e+01,2.039265060008584207e+00
1.026500000000000000e+03,9.123825246403298195e+01,2.039823041594595487e+00
1.027000000000000000e+03,9.111267709166401119e+01,2.040421192643638637e+00
1.027500000000000000e+03,9.097834222658865144e+01,2.041061980985995561e+00
1.028000000000000000e+03,9.083480383198732966e+01,2.041747717380963500e+00
1.028500000000000000e+03,9.068166015046362816e+01,2.042480537645810834e+00
1.029000000000000000e+03,9.051855536176658745e+01,2.043262385820044269e+00
1.029500000000000000e+03,9.034518328972498580e+01,2.044094996688615495e+00
1.030000000000000000e+03,9.016129146771189085e+01,2.044979876095891491e+00
1.030500000000000000e+03,8.996668582744570131e+01,2.045918277668669294e+00
1.031000000000000000e+03,8.976123621565528765e+01,2.046911174827436231e+00
1.031500000000000000e+03,8.954488286572163247e+01,2.047959227309958941e+00
1.032000000000000000e+03,8.931764385322429689e+01,2.049062741881831684e+00
1.032500000000000000e+03,8.907962344033808222e+01,2.050221627494857479e+00
1.033000000000000000e+03,8.883102105930522896e+01,2.051435345907773655e+00
1.033500000000000000e+03,8.857214049723597782e+01,2.052702859726568185e+00
1.034000000000000000e+03,8.830339862637224257e+01,2.054022580949329768e+00
1.034500000000000000e+03,8.802533278839165121e+01,2.055392324361851486e+00
1.035000000000000000e+03,8.773860571475542258e+01,2.056809271403597705e+00
1.035500000000000000e+03,8.744400669063568898e+01,2.058269951198246073e+00
1.036000000000000000e+03,8.714244760715725135e+01,2.059770246014289263e+00
1.036500000000000000e+03,8.683495266544667857e+01,2.061305428115477234e+00
1.037000000000000000e+03,8.652264086231971874e+01,2.062870233402738229e+00
1.037500000000000000e+03,8.620670104103517417e+01,2.064458974174910644e+00
1.038000000000000000e+03,8.588836021777268570e+01,2.066065688738200734e+00
1.038500000000000000e+03,8.556884700604061322e+01,2.067684319854668384e+00
1.039000000000000000e+03,8.524935308719724958e+01,2.069308907956890042e+00
1.039500000000000000e+03,8.493099658973683574e+01,2.070933779825701038e+00
1.040000000000000000e+03,8.461479171772478480e+01,2.072553710248696834e+00
1.040500000000000000e+03,8.430162886118610288e+01,2.074164033932900608e+00
1.041000000000000000e+03,8.399226872244321385e+01,2.075760687815593641e+00
1.041500000000000000e+03,8.368735286082751657e+01,2.077340169220159183e+00
1.042000000000000000e+03,8.338743177234601944e+01,2.078899401679258574e+00
1.042500000000000000e+03,8.309301047507865690e+01,2.080435506177017668e+00
1.043000000000000000e+03,8.280461074667653065e+01,2.081945480049801400e+00
1.043500000000000000e+03,8.252284862171018176e+01,2.083425788947347534e+00
1.044000000000000000e+03,8.224852521289906804e+01,2.084871880583364145e+00
1.044500000000000000e+03,8.198272787177829457e+01,2.086277635178449330e+00
1.045000000000000000e+03,8.172693657369970310e+01,2.087634779731295076e+00
1.045500000000000000e+03,8.148312675397851024e+01,2.088932314159541281e+00
1.046000000000000000e+03,8.125385460844239560e+01,2.090156027327937593e+00
1.046500000000000000e+03,8.104230483164216992e+01,2.091288216198738947e+00
1.047000000000000000e+03,8.085227569328100117e+01,2.092307751798080595e+00
1.047500000000000000e+03,8.068807516795476431e+01,2.093190644601698125e+00
1.048000000000000000e+03,8.055430805463662125e+01,2.093911228499563570e+00
1.048500000000000000e+03,8.045555035016758438e+01,2.094443990057146543e+00
1.049000000000000000e+03,8.039593326143624097e+01,2.094765918997649301e+00
1.049500000000000000e+03,8.037868982962622511e+01,2.094859077074078257e+00
1.050000000000000000e+03,8.040574182833536554e+01,2.094712936881852894e+00
1.050500000000000000e+03,8.047741137900520414e+01,2.094326001496576772e+00
1.051000000000000000e+03,8.059232319945985523e+01,2.093706324831354770e+00
1.051500000000000000e+03,8.074752235154380742e+01,2.092870794638479914e+00
1.052000000000000000e+03,8.093878224775761510e+01,2.091843334007432720e+00
1.052500000000000000e+03,8.116103656035777192e+01,2.090652414946123638e+00
1.053000000000000000e+03,8.140885003905020767e+01,2.089328379948637959e+00
1.053500000000000000e+03,8.167684991458018828e+01,2.087901020322425971e+00
1.054000000000000000e+03,8.196006419458852577e+01,2.086397710112903869e+00
1.054500000000000000e+03,8.225414378733867693e+01,2.084842214002377236e+00
1.055000000000000000e+03,8.255547168130325986e+01,2.083254136910635435e+00
1.055500000000000000e+03,8.286117904122656341e+01,2.081648891367732457e+00
1.056000000000000000e+03,8.316909470373573754e+01,2.080038025789810341e+00
1.056500000000000000e+03,8.347765379404671648e+01,2.078429765627401782e+00
1.057000000000000000e+03,8.378578646122714702e+01,2.076829649448652226e+00
1.057500000000000000e+03,8.409280186370646959e+01,2.075241177146940785e+00
1.058000000000000000e+03,8.439827725409217862e+01,2.073666418145403867e+00
1.058500000000000000e+03,8.470195803306107507e+01,2.072106550081041387e+00
1.059000000000000000e+03,8.500367200624251041e+01,2.070562313137432664e+00
1.059500000000000000e+03,8.530325947800105268e+01,2.069034373917300940e+00
1.060000000000000000e+03,8.560051984534717917e+01,2.067523597877984898e+00
1.060500000000000000e+03,8.589517466111551869e+01,2.066031232873211554e+00
1.061000000000000000e+03,8.618684649268122655e+01,2.064559009483102336e+00
1.061500000000000000e+03,8.647505222778303846e+01,2.063109167015467094e+00
1.062000000000000000e+03,8.675920880581887218e+01,2.061684417156158577e+00
1.062500000000000000e+03,8.703864878089510171e+01,2.060287859736384064e+00
1.063000000000000000e+03,8.731264276132033331e+01,2.058922866444071076e+00
1.063500000000000000e+03,8.758042569195988847e+01,2.057592948214230333e+00
1.064000000000000000e+03,8.784122416261037358e+01,2.056301620487766435e+00
1.064500000000000000e+03,8.809428238800042266e+01,2.055052277829960694e+00
1.065000000000000000e+03,8.833888512205217580e+01,2.053848086042038279e+00
1.065500000000000000e+03,8.857437643544345462e+01,2.052691896421816153e+00
1.066000000000000000e+03,8.880017390759984153e+01,2.051586183691702647e+00
1.066500000000000000e+03,8.901577829626751281e+01,2.050533006617323295e+00
1.067000000000000000e+03,8.922077911732827715e+01,2.049533988616493385e+00
1.067500000000000000e+03,8.941485679165195677e+01,2.048590314687677161e+00
1.068000000000000000e+03,8.959778211245460966e+01,2.047702740653098097e+00
1.068500000000000000e+03,8.976941378455862264e+01,2.046871610852676771e+00
1.069000000000000000e+03,8.992969471719439412e+01,2.046096880876131507e+00
1.069500000000000000e+03,9.007864764228153831e+01,2.045378142540502431e+00
1.070000000000000000e+03,9.021637050203838726e+01,2.044714649003370077e+00
1.070500000000000000e+03,9.034303191806972677e+01,2.044105338578786846e+00
1.071000000000000000e+03,9.045886692757935066e+01,2.043548856455032592e+00
1.071500000000000000e+03,9.056417305543332930e+01,2.043043574084337788e+00
1.072000000000000000e+03,9.065930668515900948e+01,2.042587606521109933e+00
1.072500000000000000e+03,9.074467959823805074e+01,2.042178828428067749e+00
1.073000000000000000e+03,9.082075547016593475e+01,2.041814889847959780e+00
1.073500000000000000e+03,9.088804604589809344e+01,2.041493233144303865e+00
1.074000000000000000e+03,9.094710667051994335e+01,2.041211112730403343e+00
1.074500000000000000e+03,9.099853082919592850e+01,2.040965619304443202e+00
1.075000000000000000e+03,9.104294336097916585e+01,2.040753710255152953e+00
1.075500000000000000e+03,9.108099206139721105e+01,2.040572247661153860e+00
1.076000000000000000e+03,9.111333748471278682e+01,2.040418044848768098e+00
1.076500000000000000e+03,9.114064090024476172e+01,2.040287921787571346e+00
1.077000000000000000e+03,9.116355054352472109e+01,2.040178768710700918e+00
1.077500000000000000e+03,9.118268651937172820e+01,2.040087616308758900e+00
1.078000000000000000e+03,9.119862493815077187e+01,2.040011709766709203e+00
1.078500000000000000e+03,9.121188206882997918e+01,2.039948582934768773e+00
1.079000000000000000e+03,9.122289943939367163e+01,2.039896128208678050e+00
1.079500000000000000e+03,9.123203087525908472e+01,2.039852657394217950e+00
1.080000000000000000e+03,9.123953241736877828e+01,2.039816949053838258e+00
1.080500000000000000e+03,9.124555589704974068e+01,2.039788278612736594e+00
1.081000000000000000e+03,9.125014667742556185e+01,2.039766428776744078e+00
1.081500000000000000e+03,9.125324573298374276e+01,2.039751679431974551e+00
1.082000000000000000e+03,9.125469587548579398e+01,2.039744777936279618e+00
1.082500000000000000e+03,9.125425159647519990e+01,2.039746892330400296e+00
1.083000000000000000e+03,9.125159172982174027e+01,2.039759551272045446e+00
1.083500000000000000e+03,9.124633397384423006e+01,2.039784575276017531e+00
1.084000000000000000e+03,9.123805026440922461e+01,2.039824004066757901e+00
1.084500000000000000e+03,9.122628205139905333e+01,2.039880024549384885e+00
1.085000000000000000e+03,9.121055467877371825e+01,2.039954903189963975e+00
1.085500000000000000e+03,9.119039027157444366e+01,2.040050925618088318e+00
1.086000000000000000e+03,9.116531875794817097e+01,2.040170345187099166e+00
1.086500000000000000e+03,9.113488687079430406e+01,2.040315341192364240e+00
1.087000000000000000e+03,9.109866515982605506e+01,2.040487986561238198e+00
1.087500000000000000e+03,9.105625318766894338e+01,2.040690224150806475e+00
1.088000000000000000e+03,9.100728317854355964e+01,2.040923850341742174e+00
1.088500000000000000e+03,9.095142243713618768e+01,2.041190504387541349e+00
1.089000000000000000e+03,9.088837486469103055e+01,2.041491661937360647e+00
1.089500000000000000e+03,9.081788187734370865e+01,2.041828631258094440e+00
1.090000000000000000e+03,9.073972298663011316e+01,2.042202550897218138e+00
1.090500000000000000e+03,9.065371624139999085e+01,2.042614387817208055e+00
1.091000000000000000e+03,9.055971866009710425e+01,2.043064935366903256e+00
1.091500000000000000e+03,9.045762670721586574e+01,2.043554810813857259e+00
1.092000000000000000e+03,9.034737679139996658e+01,2.044084452528157403e+00
1.092500000000000000e+03,9.022894568839635099e+01,2.044654117268124072e+00
1.093000000000000000e+03,9.010235072345896867e+01,2.045263878356018861e+00
1.093500000000000000e+03,8.996764948919080496e+01,2.045913625827456617e+00
1.094000000000000000e+03,8.982493883183026639e+01,2.046603069865117863e+00
1.094500000000000000e+03,8.967435281851778939e+01,2.047331748952087693e+00
1.095000000000000000e+03,8.951605940784158122e+01,2.048099044163996130e+00
1.095500000000000000e+03,8.935025559348635227e+01,2.048904200822780464e+00
1.096000000000000000e+03,8.917716088177428446e+01,2.049746358326468787e+00
1.096500000000000000e+03,8.899700909999889120e+01,2.050624588334779119e+00
1.097000000000000000e+03,8.881003870917854215e+01,2.051537940644954983e+00
1.097500000000000000e+03,8.861648199961757655e+01,2.052485495090687451e+00
1.098000000000000000e+03,8.841655375920478832e+01,2.053466416737639300e+00
1.098500000000000000e+03,8.821044019401094261e+01,2.054480010669548218e+00
1.099000000000000000e+03,8.799828901585421193e+01,2.055525771920251987e+00
1.099500000000000000e+03,8.778020166107909006e+01,2.056603425767267179e+00
1.100000000000000000e+03,8.755622854604193606e+01,2.057712953784310184e+00
1.100500000000000000e+03,8.732636808914747917e+01,2.058854601809258167e+00
1.101000000000000000e+03,8.709056994601165513e+01,2.060028867290001564e+00
1.101500000000000000e+03,8.684874254036355978e+01,2.061236465204617563e+00
1.102000000000000000e+03,8.660076456889285623e+01,2.062478273726470412e+00
1.102500000000000000e+03,8.634649975954364720e+01,2.063755262797461576e+00
1.103000000000000000e+03,8.608581381341626582e+01,2.065068410569139701e+00
1.103500000000000000e+03,8.581859219485407664e+01,2.066418614098631146e+00
1.104000000000000000e+03,8.554475727434373766e+01,2.067806601629511576e+00
1.104500000000000000e+03,8.526428328486035468e+01,2.069232854186489501e+00
1.105000000000000000e+03,8.497720762720067000e+01,2.070697544039902471e+00
1.105500000000000000e+03,8.468363725445748003e+01,2.072200496830990613e+00
1.106000000000000000e+03,8.438374918216736376e+01,2.073741182758893409e+00
1.106500000000000000e+03,8.407778461153485239e+01,2.075318740172741094e+00
1.107000000000000000e+03,8.376603671622603997e+01,2.076932032164041875e+00
1.107500000000000000e+03,8.344883281165948574e+01,2.078579733364609883e+00
1.108000000000000000e+03,8.312651235773711278e+01,2.080260440303635328e+00
1.108500000000000000e+03,8.279940296880899098e+01,2.081972794716165698e+00
1.109000000000000000e+03,8.246779721774423422e+01,2.083715605642458168e+00
1.109500000000000000e+03,8.213193341099626821e+01,2.085487953626554258e+00
1.110000000000000000e+03,8.179198357815633358e+01,2.087289259389506046e+00
1.110500000000000000e+03,8.144805160436472136e+01,2.089119300398983192e+00
1.111000000000000000e+03,8.110018374240974026e+01,2.090978161840332916e+00
1.111500000000000000e+03,8.074839274590894433e+01,2.092866113313015308e+00
1.112000000000000000e+03,8.039269568604677829e+01,2.094783408556902149e+00
1.112500000000000000e+03,8.003316428248749048e+01,2.096730012004497379e+00
1.113000000000000000e+03,7.966998539233142651e+01,2.098705262463282484e+00
1.113500000000000000e+03,7.930352819483815097e+01,2.100707490595845162e+00
1.114000000000000000e+03,7.893441355470059762e+01,2.102733613286572378e+00
1.114500000000000000e+03,7.856357998034411594e+01,2.104778734866161294e+00
1.115000000000000000e+03,7.819233948207286744e+01,2.106835792766602822e+00
1.115500000000000000e+03,7.782241554980731735e+01,2.108895293145860439e+00
1.116000000000000000e+03,7.745595465866948359e+01,2.110945188931333316e+00
1.116500000000000000e+03,7.709550262399658038e+01,2.112970955834255538e+00
1.117000000000000000e+03,7.674393837250697459e+01,2.114955917288355192e+00
1.117500000000000000e+03,7.640436087792667763e+01,2.116881852796427488e+00
1.118000000000000000e+03,7.607993045819780775e+01,2.118729893042708312e+00
1.118500000000000000e+03,7.577367307640666638e+01,2.120481660115605571e+00
1.119000000000000000e+03,7.548826460798936466e+01,2.122120558465277362e+00
1.119500000000000000e+03,7.522581928309975297e+01,2.123633073668416582e+00
1.120000000000000000e+03,7.498771034291956994e+01,2.125009906842904694e+00
1.120500000000000000e+03,7.477444944393064929e+01,2.126246775947505441e+00
1.121000000000000000e+03,7.458564391577303354e+01,2.127344756550794802e+00
1.121500000000000000e+03,7.442003889391168059e+01,2.128310107340461332e+00
1.122000000000000000e+03,7.427563750625455441e+01,2.129153611967780524e+00
1.122500000000000000e+03,7.414988024036648540e+01,2.129889546064998918e+00
1.123000000000000000e+03,7.403985725176332267e+01,2.130534427234520578e+00
1.123500000000000000e+03,7.394252595762365843e+01,2.131105717534622190e+00
1.124000000000000000e+03,7.385491019720132044e+01,2.131620625596987839e+00
1.124500000000000000e+03,7.377426459810821768e+01,2.132095110971688801e+00
1.125000000000000000e+03,7.369819620215579903e+01,2.132543141571571432e+00
1.125500000000000000e+03,7.362474289484899259e+01,2.132976208803053275e+00
1.126000000000000000e+03,7.355241358811922225e+01,2.133403071531918993e+00
1.126500000000000000e+03,7.348019811011934621e+01,2.133829681462369177e+00
1.127000000000000000e+03,7.340755564611916384e+01,2.134259236997563036e+00
1.127500000000000000e+03,7.333438992437095294e+01,2.134692316601753070e+00
1.128000000000000000e+03,7.326101775198226562e+01,2.135127052351795562e+00
1.128500000000000000e+03,7.318813546289450755e+01,2.135559316764358506e+00
1.129000000000000000e+03,7.311678567113193594e+01,2.135982909122890128e+00
1.129500000000000000e+03,7.304832463059952374e+01,2.136389740195523412e+00
1.130000000000000000e+03,7.298438862877691236e+01,2.136770025597896083e+00
1.130500000000000000e+03,7.292685632728617406e+01,2.137112507253384752e+00
1.131000000000000000e+03,7.287780298968964132e+01,2.137404728294065581e+00
1.131500000000000000e+03,7.283944233071073882e+01,2.137633387885659264e+00
1.132000000000000000e+03,7.281405250488958814e+01,2.137784797384961077e+00
1.132500000000000000e+03,7.280388466305630857e+01,2.137845447023241974e+00
1.133000000000000000e+03,7.281105548304442721e+01,2.137802673286550714e+00
1.133500000000000000e+03,7.283742877980931496e+01,2.137645393553256667e+00
1.134000000000000000e+03,7.288449505919639648e+01,2.137364850645314895e+00
1.134500000000000000e+03,7.295326081331378987e+01,2.136955291548745972e+00
1.135000000000000000e+03,7.304416056583765737e+01,2.136414497531212930e+00
1.135500000000000000e+03,7.315700354355436730e+01,2.135744091210250328e+00
1.136000000000000000e+03,7.329096330012458793e+01,2.134949570117800288e+00
1.136500000000000000e+03,7.344461322984466278e+01,2.134040051886584077e+00
1.137000000000000000e+03,7.361600480333979135e+01,2.133027755742179732e+00
1.137500000000000000e+03,7.380277986891482556e+01,2.131927279654018292e+00
1.138000000000000000e+03,7.400230463302509065e+01,2.130754754947128848e+00
1.138500000000000000e+03,7.421181157782969251e+01,2.129526966758308770e+00
1.139000000000000000e+03,7.442853656306184007e+01,2.128260520156793234e+00
1.139500000000000000e+03,7.464984112079389433e+01,2.126971112258258412e+00
1.140000000000000000e+03,7.487331362462919060e+01,2.125672946128717822e+00
1.140500000000000000e+03,7.509684673501871544e+01,2.124378298339799631e+00
1.141000000000000000e+03,7.531869163164466840e+01,2.123097232761748998e+00
1.141500000000000000e+03,7.553749168153878202e+01,2.121837440569560584e+00
1.142000000000000000e+03,7.575229927883967207e+01,2.120604180661198601e+00
1.142500000000000000e+03,7.596257975237298865e+01,2.119400294682839192e+00
1.143000000000000000e+03,7.616820570164698267e+01,2.118226274983640245e+00
1.143500000000000000e+03,7.636944415107697637e+01,2.117080370363730424e+00
1.144000000000000000e+03,7.656693774910129946e+01,2.115958721918230978e+00
1.144500000000000000e+03,7.676168008956729238e+01,2.114855528391449635e+00
1.145000000000000000e+03,7.695498426731766983e+01,2.113763246271871843e+00
1.145500000000000000e+03,7.714844313926514019e+01,2.112672833604053224e+00
1.146000000000000000e+03,7.734387956233717887e+01,2.111574047542782662e+00
1.146500000000000000e+03,7.754328520516429535e+01,2.110455803583496603e+00
1.147000000000000000e+03,7.774874741626165076e+01,2.109306599016079087e+00
1.147500000000000000e+03,7.796236503616839286e+01,2.108114994765061478e+00
1.148000000000000000e+03,7.818615582076790815e+01,2.106870139304839018e+00
1.148500000000000000e+03,7.842196004145009169e+01,2.105562307348891604e+00
1.149000000000000000e+03,7.867134649544891545e+01,2.104183416622034564e+00
1.149500000000000000e+03,7.893552821139732600e+01,2.102727480526311421e+00
1.150000000000000000e+03,7.921529523963981489e+01,2.101190954814058376e+00
1.150500000000000000e+03,7.951097089663549866e+01,2.099572943404582670e+00
1.151000000000000000e+03,7.982239573973114943e+01,2.097875241711963490e+00
1.151500000000000000e+03,8.014894068167876640e+01,2.096102213286651583e+00
1.152000000000000000e+03,8.048954750328351793e+01,2.094260514121374595e+00
1.152500000000000000e+03,8.084279214931076751e+01,2.092358695229749266e+00
1.153000000000000000e+03,8.120696408813242329e+01,2.090406725249480679e+00
1.153500000000000000e+03,8.158015398093338888e+01,2.088415479295872235e+00
1.154000000000000000e+03,8.196034199746358695e+01,2.086396238078292775e+00
1.154500000000000000e+03,8.234548016085034305e+01,2.084360233714293464e+00
1.155000000000000000e+03,8.273356378129442135e+01,2.082318267861482219e+00
1.155500000000000000e+03,8.312268897425630598e+01,2.080280416030855672e+00
1.156000000000000000e+03,8.351109511913013250e+01,2.078255821176174578e+00
1.156500000000000000e+03,8.389719266236531325e+01,2.076252571133657021e+00
1.157000000000000000e+03,8.427957778303989755e+01,2.074277648751588821e+00
1.157500000000000000e+03,8.465703610052780448e+01,2.072336940536215977e+00
1.158000000000000000e+03,8.502853786756963927e+01,2.070435288893647918e+00
1.158500000000000000e+03,8.539322705092961030e+01,2.068576573936930174e+00
1.159000000000000000e+03,8.575040645881352930e+01,2.066763812714912163e+00
1.159500000000000000e+03,8.609952072231423870e+01,2.064999266063575867e+00
1.160000000000000000e+03,8.644013855030155469e+01,2.063284545680707183e+00
1.160500000000000000e+03,8.677193530370124108e+01,2.061620716224057404e+00
1.161000000000000000e+03,8.709467660581535142e+01,2.060008389095350445e+00
1.161500000000000000e+03,8.740820343389550828e+01,2.058447806051126427e+00
1.162000000000000000e+03,8.771241892599684320e+01,2.056938911888335220e+00
1.162500000000000000e+03,8.800727698170203439e+01,2.055481416232379122e+00
1.163000000000000000e+03,8.829277262754933986e+01,2.054074844966451874e+00
1.163500000000000000e+03,8.856893404865847685e+01,2.052718582143601367e+00
1.164000000000000000e+03,8.883581614810658778e+01,2.051411903371846090e+00
1.164500000000000000e+03,8.909349547707665806e+01,2.050154001704198592e+00
1.165000000000000000e+03,8.934206637504027526e+01,2.048944007036562098e+00
1.165500000000000000e+03,8.958163816497594212e+01,2.047780999945534752e+00
1.166000000000000000e+03,8.981233325983457405e+01,2.046664020805913253e+00
1.166500000000000000e+03,9.003428605015847097e+01,2.045592074929055482e+00
1.167000000000000000e+03,9.024764245677808105e+01,2.044564134368402009e+00
1.167500000000000000e+03,9.045256004532163274e+01,2.043579136954274400e+00
1.168000000000000000e+03,9.064920860981675332e+01,2.042635983050986592e+00
1.168500000000000000e+03,9.083777114021599175e+01,2.041733530478068381e+00
1.169000000000000000e+03,9.101844509278511453e+01,2.040870588005536224e+00
1.169500000000000000e+03,9.119144388270558466e+01,2.040045907821196103e+00
1.170000000000000000e+03,9.135699851492296375e+01,2.039258177375586900e+00
1.170500000000000000e+03,9.151535926241490415e+01,2.038506011036036458e+00
1.171000000000000000e+03,9.166679729112580333e+01,2.037787942022766696e+00
1.171500000000000000e+03,9.181160611864524412e+01,2.037102415152989288e+00
1.172000000000000000e+03,9.195010278054147079e+01,2.036447780977322264e+00
1.172500000000000000e+03,9.208262856583243661e+01,2.035822291948391705e+00
1.173000000000000000e+03,9.220954917363155801e+01,2.035224101303540145e+00
1.173500000000000000e+03,9.233125413925074554e+01,2.034651265359371131e+00
1.174000000000000000e+03,9.244815538300856872e+01,2.034101749891209288e+00
1.174500000000000000e+03,9.256068475174370747e+01,2.033573441191097508e+00
1.175000000000000000e+03,9.266929045426212497e+01,2.033064162251125406e+00
1.175500000000000000e+03,9.277443233940877576e+01,2.032571694296523290e+00
1.176000000000000000e+03,9.287657602934741874e+01,2.032093803594312575e+00
1.176500000000000000e+03,9.297618599899602998e+01,2.031628273097687121e+00
1.177000000000000000e+03,9.307371778084097969e+01,2.031172938075362033e+00
1.177500000000000000e+03,9.316960956529960924e+01,2.030725724453015246e+00
1.178000000000000000e+03,9.326427355088276272e+01,2.030284688205528987e+00
1.178500000000000000e+03,9.335808746476898534e+01,2.029848053835062949e+00
1.179000000000000000e+03,9.345138671236585992e+01,2.029414249800824077e+00
1.179500000000000000e+03,9.354445761533975201e+01,2.028981938771984961e+00
1.180000000000000000e+03,9.363753215663454910e+01,2.028550040777197694e+00
1.180500000000000000e+03,9.373078456861085783e+01,2.028117747719361930e+00
1.181000000000000000e+03,9.382432998287637815e+01,2.027684528282090781e+00
1.181500000000000000e+03,9.391822521920711608e+01,2.027250122919156627e+00
1.182000000000000000e+03,9.401247164145812008e+01,2.026814529317496394e+00
1.182500000000000000e+03,9.410701986714668976e+01,2.026377979379810679e+00
1.183000000000000000e+03,9.420177599974013560e+01,2.025940909313108218e+00
1.183500000000000000e+03,9.429660897015092758e+01,2.025503924781561604e+00
1.184000000000000000e+03,9.439135853278943955e+01,2.025067763258176168e+00
1.184500000000000000e+03,9.448584346217701579e+01,2.024633255689813893e+00
1.185000000000000000e+03,9.457986953376536121e+01,2.024201289398673165e+00
1.185500000000000000e+03,9.467323693856802436e+01,2.023772773822458682e+00
1.186000000000000000e+03,9.476574686479875709e+01,2.023348610296342720e+00
1.186500000000000000e+03,9.485720707005333452e+01,2.022929666653584757e+00
1.187000000000000000e+03,9.494743635511129298e+01,2.022516757012899014e+00
1.187500000000000000e+03,9.503626792790124966e+01,2.022110626762533059e+00
1.188000000000000000e+03,9.512355170897915002e+01,2.021711942464070155e+00
1.188500000000000000e+03,9.520915567600977170e+01,2.021321286191398947e+00
1.189000000000000000e+03,9.529296637436951301e+01,2.020939153690420209e+00
1.189500000000000000e+03,9.537488873580032589e+01,2.020565955684047399e+00
1.190000000000000000e+03,9.545484534966092838e+01,2.020202021642114154e+00
1.190500000000000000e+03,9.553277532472817768e+01,2.019847605372564026e+00
1.191000000000000000e+03,9.560863286663010285e+01,2.019502891854963345e+00
1.191500000000000000e+03,9.568238567944344197e+01,2.019168004817817330e+00
1.192000000000000000e+03,9.575401328188046080e+01,2.018843014647601297e+00
1.192500000000000000e+03,9.582350531042267505e+01,2.018527946302655973e+00
1.193000000000000000e+03,9.589085986483306101e+01,2.018222786984122052e+00
1.193500000000000000e+03,9.595608193636988403e+01,2.017927493386089122e+00
1.194000000000000000e+03,9.601918194607067392e+01,2.017641998406645154e+00
1.194500000000000000e+03,9.608017440975801549e+01,2.017366217250375904e+00
1.195000000000000000e+03,9.613907673785135444e+01,2.017100052891601436e+00
1.195500000000000000e+03,9.619590817145797246e+01,2.016843400897228467e+00
1.196000000000000000e+03,9.625068885130973229e+01,2.016596153629829136e+00
1.196500000000000000e+03,9.630343901264380690e+01,2.016358203866672749e+00
1.197000000000000000e+03,9.635417829683075297e+01,2.016129447880220749e+00
1.197500000000000000e+03,9.640292516919235766e+01,2.015909788031142735e+00
1.198000000000000000e+03,9.644969643181084962e+01,2.015699134927270375e+00
1.198500000000000000e+03,9.649450682003113400e+01,2.015497409201823409e+00
1.199000000000000000e+03,9.653736867165041247e+01,2.015304542962494505e+00
1.199500000000000000e+03,9.657829165835362062e+01,2.015120480960025162e+00
1.200000000000000000e+03,9.661728256969840345e+01,2.014945181521215822e+00
1.200500000000000000e+03,9.665434514080524764e+01,2.014778617287191320e+00
1.201000000000000000e+03,9.668947991581610779e+01,2.014620775793431129e+00
1.201500000000000000e+03,9.672268414010876825e+01,2.014471659923721347e+00
1.202000000000000000e+03,9.675395167516801109e+01,2.014331288265924336e+00
1.202500000000000000e+03,9.678327293090109151e+01,2.014199695393383394e+00
1.203000000000000000e+03,9.681063481103188906e+01,2.014076932091861671e+00
1.203500000000000000e+03,9.683602066801195463e+01,2.013963065548277864e+00
1.204000000000000000e+03,9.685941026464224990e+01,2.013858179514044444e+00
1.204500000000000000e+03,9.688077974031027395e+01,2.013762374452624737e+00
1.205000000000000000e+03,9.690010158041289401e+01,2.013675767677927553e+00
1.205500000000000000e+03,9.691734458816031861e+01,2.013598493487353647e+00
1.206000000000000000e+03,9.693247385854402864e+01,2.013530703290706825e+00
1.206500000000000000e+03,9.694545075480540675e+01,2.013472565733703590e+00
1.207000000000000000e+03,9.695623288826533326e+01,2.013424266812501529e+00
1.207500000000000000e+03,9.696477410287235443e+01,2.013386009973466617e+00
1.208000000000000000e+03,9.697102446630037775e+01,2.013358016190290201e+00
1.208500000000000000e+03,9.697493026987859821e+01,2.013340524008574661e+00
1.209000000000000000e+03,9.697643404006811352e+01,2.013333789546069674e+00
1.209500000000000000e+03,9.697547456461174420e+01,2.013338086434913965e+00
1.210000000000000000e+03,9.697198693687464299e+01,2.013353705690454465e+00
1.210500000000000000e+03,9.696590262226257551e+01,2.013380955489542767e+00
1.211000000000000000e+03,9.695714955094575771e+01,2.013420160839629602e+00
1.211500000000000000e+03,9.694565224142583304e+01,2.013471663118513000e+00
1.212000000000000000e+03,9.693133195974985483e+01,2.013535819463301735e+00
1.212500000000000000e+03,9.691410691938887112e+01,2.013613001986060969e+00
1.213000000000000000e+03,9.689389252694185473e+01,2.013703596792794315e+00
1.213500000000000000e+03,9.687060167887943862e+01,2.013808002781956485e+00
1.214000000000000000e+03,9.684414511447995721e+01,2.013926630198717316e+00
1.214500000000000000e+03,9.681443182990072671e+01,2.014059898921815694e+00
1.215000000000000000e+03,9.678136955793371499e+01,2.014208236461278112e+00
1.215500000000000000e+03,9.674486531736992845e+01,2.014372075647641314e+00
1.216000000000000000e+03,9.670482603499070251e+01,2.014551851996968956e+00
1.216500000000000000e+03,9.666115924195879927e+01,2.014748000741034772e+00
1.217000000000000000e+03,9.661377384473505003e+01,2.014960953518932563e+00
1.217500000000000000e+03,9.656258096853630946e+01,2.015191134735343059e+00
1.218000000000000000e+03,9.650749486871761462e+01,2.015438957602001757e+00
1.218500000000000000e+03,9.644843390225942414e+01,2.015704819892868205e+00
1.219000000000000000e+03,9.638532154774503624e+01,2.015989099460210987e+00
1.219500000000000000e+03,9.631808745783054349e+01,2.016292149578329251e+00
1.220000000000000000e+03,9.624666852330211952e+01,2.016614294203738389e+00
1.220500000000000000e+03,9.617100992250614411e+01,2.016955823264820147e+00
1.221000000000000000e+03,9.609106612444364259e+01,2.017316988119332688e+00
1.221500000000000000e+03,9.600680180845310474e+01,2.017697997343401717e+00
1.222000000000000000e+03,9.591819265859795962e+01,2.018099013038823220e+00
1.222500000000000000e+03,9.582522598716860784e+01,2.018520147864222736e+00
1.223000000000000000e+03,9.572790113975015913e+01,2.018961463006992307e+00
1.223500000000000000e+03,9.562622963480417582e+01,2.019422967313601713e+00
1.224000000000000000e+03,9.552023499437609644e+01,2.019904617782594780e+00
1.224500000000000000e+03,9.540995222999443115e+01,2.020406321594262256e+00
1.225000000000000000e+03,9.529542695949201914e+01,2.020927939801449025e+00
1.225500000000000000e+03,9.517671414644350136e+01,2.021469292736471246e+00
1.226000000000000000e+03,9.505387647380791805e+01,2.022030167100960174e+00
1.226500000000000000e+03,9.492698238626834950e+01,2.022610324602411414e+00
1.227000000000000000e+03,9.479610386015734491e+01,2.023209511889846990e+00
1.227500000000000000e+03,9.466131398369296335e+01,2.023827471430389657e+00
1.228000000000000000e+03,9.452268445108961714e+01,2.024463952869757222e+00
1.228500000000000000e+03,9.438028308940113220e+01,2.025118724344410648e+00
1.229000000000000000e+03,9.423417154439398757e+01,2.025791583172279697e+00
1.229500000000000000e+03,9.408440324966457524e+01,2.026482365350823045e+00
1.230000000000000000e+03,9.393102179092336712e+01,2.027190953339499835e+00
1.230500000000000000e+03,9.377405975542744443e+01,2.027917281696852037e+00
1.231000000000000000e+03,9.361353812680762587e+01,2.028661340272508884e+00
1.231500000000000000e+03,9.344946625102187454e+01,2.029423174808401065e+00
1.232000000000000000e+03,9.328184236369000359e+01,2.030202884964106058e+00
1.232500000000000000e+03,9.311065463675504361e+01,2.031000619929596240e+00
1.233000000000000000e+03,9.293588267715884399e+01,2.031816571906635893e+00
1.233500000000000000e+03,9.275749939516261122e+01,2.032650967812409615e+00
1.234000000000000000e+03,9.257547315713631519e+01,2.033504059575487410e+00
1.234500000000000000e+03,9.238977014788606823e+01,2.034376113349994242e+00
1.235000000000000000e+03,9.220035689047669791e+01,2.035267397869747086e+00
1.235500000000000000e+03,9.200720290564210302e+01,2.036178172005271847e+00
1.236000000000000000e+03,9.181028353617332982e+01,2.037108671381704372e+00
1.236500000000000000e+03,9.160958301168005846e+01,2.038059093674883027e+00
1.237000000000000000e+03,9.140509788324067131e+01,2.039029581937721325e+00
1.237500000000000000e+03,9.119684101305780644e+01,2.040020205030776967e+00
1.238000000000000000e+03,9.098484635855788838e+01,2.041030933952284965e+00
1.238500000000000000e+03,9.076917484024363603e+01,2.042061612598638387e+00
1.239000000000000000e+03,9.054992162397988409e+01,2.043111921255917007e+00
1.239500000000000000e+03,9.032722517569555976e+01,2.044181330954265796e+00
1.240000000000000000e+03,9.010127845190858409e+01,2.045269046749347730e+00
1.240500000000000000e+03,8.987234256221121598e+01,2.046373938084782296e+00
1.241000000000000000e+03,8.964076316550765000e+01,2.047494454712189604e+00
1.241500000000000000e+03,8.940698972227181685e+01,2.048628527298600677e+00
1.242000000000000000e+03,8.917159749930628720e+01,2.049773452950836017e+00
1.242500000000000000e+03,8.893531188954847266e+01,2.050925767558118729e+00
1.243000000000000000e+03,8.869903414910126571e+01,2.052081109209980880e+00
1.243500000000000000e+03,8.846386705946949292e+01,2.053234080048020882e+00
1.244000000000000000e+03,8.823113830909692012e+01,2.054378117711152196e+00
1.244500000000000000e+03,8.800241860379672687e+01,2.055505391806097037e+00
1.245000000000000000e+03,8.777953075856709120e+01,2.056606745084912813e+00
1.245500000000000000e+03,8.756454545034276293e+01,2.057671702417442905e+00
1.246000000000000000e+03,8.735975913596000453e+01,2.058688572053116062e+00
1.246500000000000000e+03,8.716765010894221177e+01,2.059644661694447265e+00
1.247000000000000000e+03,8.699081001034903693e+01,2.060526625227431463e+00
1.247500000000000000e+03,8.683185044866614533e+01,2.061320943753531587e+00
1.248000000000000000e+03,8.669328764670214582e+01,2.062014527101059702e+00
1.248500000000000000e+03,8.657741186241483433e+01,2.062595401090106861e+00
1.249000000000000000e+03,8.648615206825357404e+01,2.063053425041506905e+00
1.249500000000000000e+03,8.642094915342296702e+01,2.063380968181807606e+00
1.250000000000000000e+03,8.638265187019854352e+01,2.063573467631472091e+00
1.250500000000000000e+03,8.637144830030705123e+01,2.063629797971342938e+00
1.251000000000000000e+03,8.638684173534788613e+01,2.063552403318824613e+00
1.251500000000000000e+03,8.642767416189215623e+01,2.063347174055891298e+00
1.252000000000000000e+03,8.649219416329606247e+01,2.063023085422770908e+00
1.252500000000000000e+03,8.657816034688345042e+01,2.062591646516455768e+00
1.253000000000000000e+03,8.668296752304004826e+01,2.062066229368592740e+00
1.253500000000000000e+03,8.680378141754803778e+01,2.061461355318855215e+00
1.254000000000000000e+03,8.693766865511764763e+01,2.060792010151546005e+00
1.254500000000000000e+03,8.708171153182621538e+01,2.060073043784330427e+00
1.255000000000000000e+03,8.723310083184036046e+01,2.059318689598887087e+00
1.255500000000000000e+03,8.738920377286636665e+01,2.058542217611427638e+00
1.256000000000000000e+03,8.754760742804502627e+01,2.057755718169865577e+00
1.256500000000000000e+03,8.770614031224815221e+01,2.056970000586339165e+00
1.257000000000000000e+03,8.786287616317262916e+01,2.056194584346930476e+00
1.257500000000000000e+03,8.801612441812250154e+01,2.055437758482454136e+00
1.258000000000000000e+03,8.816441171368977336e+01,2.054706686017552464e+00
1.258500000000000000e+03,8.830645816468252463e+01,2.054007533764199867e+00
1.259000000000000000e+03,8.844115142414858610e+01,2.053345611933453885e+00
1.259500000000000000e+03,8.856752074496560567e+01,2.052725512281113662e+00
1.260000000000000000e+03,8.868471255318802093e+01,2.052151237282099139e+00
1.260500000000000000e+03,8.879196845312202413e+01,2.051626315913279708e+00
1.261000000000000000e+03,8.888860612788084836e+01,2.051153903966965508e+00
1.261500000000000000e+03,8.897400326927154879e+01,2.050736868478147734e+00
1.262000000000000000e+03,8.904758444858128996e+01,2.050377856940551968e+00
1.262500000000000000e+03,8.910881070276624882e+01,2.050079352636349217e+00
1.263000000000000000e+03,8.915717153699279152e+01,2.049843717730618131e+00
1.263500000000000000e+03,8.919217901566011619e+01,2.049673225884601102e+00
1.264000000000000000e+03,8.921336361487757927e+01,2.049570086100387378e+00
1.264500000000000000e+03,8.922027152848252740e+01,2.049536459382429676e+00
1.265000000000000000e+03,8.921246314886724349e+01,2.049574469629683815e+00
1.265500000000000000e+03,8.918951247752815448e+01,2.049686209983887064e+00
1.266000000000000000e+03,8.915100725473234888e+01,2.049873745672015080e+00
1.266500000000000000e+03,8.909654963083565349e+01,2.050139114204464708e+00
1.267000000000000000e+03,8.902575723243194261e+01,2.050484323629916616e+00
1.267500000000000000e+03,8.893826450421113350e+01,2.050911349404716866e+00
1.268000000000000000e+03,8.883372423217340952e+01,2.051422130308264258e+00
1.268500000000000000e+03,8.871180917602637805e+01,2.052018563723974065e+00
1.269000000000000000e+03,8.857221375874352987e+01,2.052702500504637317e+00
1.269500000000000000e+03,8.841465578012770266e+01,2.053475739547137913e+00
1.270000000000000000e+03,8.823887813971145988e+01,2.054340022109456765e+00
1.270500000000000000e+03,8.804465057352105362e+01,2.055297025806609224e+00
1.271000000000000000e+03,8.783177143041146451e+01,2.056348358114377994e+00
1.271500000000000000e+03,8.760006953832782983e+01,2.057495549081918451e+00
1.272000000000000000e+03,8.734940624063689540e+01,2.058740042796578518e+00
1.272500000000000000e+03,8.707967771937629209e+01,2.060083186945544931e+00
1.273000000000000000e+03,8.679081776759898048e+01,2.061526219567801910e+00
1.273500000000000000e+03,8.648280122823871352e+01,2.063070251776023767e+00
1.274000000000000000e+03,8.615564838241675716e+01,2.064716244845065773e+00
1.274500000000000000e+03,8.580943064433782297e+01,2.066464979613689135e+00
1.275000000000000000e+03,8.544427799831653658e+01,2.068317015646148338e+00
1.275500000000000000e+03,8.506038868678272991e+01,2.070272637091790546e+00
1.276000000000000000e+03,8.465804171043195936e+01,2.072331781741878487e+00
1.276500000000000000e+03,8.423761270835017001e+01,2.074493949541959203e+00
1.277000000000000000e+03,8.379959371173680438e+01,2.076758086968512274e+00
1.277500000000000000e+03,8.334461706343881815e+01,2.079122444487899291e+00
1.278000000000000000e+03,8.287348341148288000e+01,2.081584406123229591e+00
1.278500000000000000e+03,8.238719306044458790e+01,2.084140293344834305e+00
1.279000000000000000e+03,8.188697905383307329e+01,2.086785150433034808e+00
1.279500000000000000e+03,8.137433915314235833e+01,2.089512525346135963e+00
1.280000000000000000e+03,8.085106243378118052e+01,2.092314268817605516e+00
1.280500000000000000e+03,8.031924470408466732e+01,2.095180384143160879e+00
1.281000000000000000e+03,7.978128568693966827e+01,2.098098969251495749e+00
1.281500000000000000e+03,7.923986035608402290e+01,2.101056298487296470e+00
1.282000000000000000e+03,7.869785756985204728e+01,2.104037090490439965e+00
1.282500000000000000e+03,7.815828174274085427e+01,2.107024996856437404e+00
1.283000000000000000e+03,7.762411802535709171e+01,2.110003321293902889e+00
1.283500000000000000e+03,7.709816806730458438e+01,2.112955941115228331e+00
1.284000000000000000e+03,7.658287090004662900e+01,2.115868357070623595e+00
1.284500000000000000e+03,7.608013004874402441e+01,2.118728753702035394e+00
1.285000000000000000e+03,7.559117156735554488e+01,2.121528923592321814e+00
1.285500000000000000e+03,7.511645656711698393e+01,2.124264907025814608e+00
1.286000000000000000e+03,7.465566542242966364e+01,2.126937229220435821e+00
1.286500000000000000e+03,7.420776027077623382e+01,2.129550676034333900e+00
1.287000000000000000e+03,7.377112018618507250e+01,2.132113621896300160e+00
1.287500000000000000e+03,7.334373257389678713e+01,2.134636991907493009e+00
1.288000000000000000e+03,7.292341740020575003e+01,2.137132987256840089e+00
1.288500000000000000e+03,7.250805888677803068e+01,2.139613721214503883e+00
1.289000000000000000e+03,7.209582168655529699e+01,2.142089904088543051e+00
1.289500000000000000e+03,7.168533360572196500e+01,2.144569689320266814e+00
1.290000000000000000e+03,7.127582263118029005e+01,2.147057761572054968e+00
1.290500000000000000e+03,7.086720082394575115e+01,2.149554721051417872e+00
1.291000000000000000e+03,7.046009090477255654e+01,2.152056800845159046e+00
1.291500000000000000e+03,7.005579338409690138e+01,2.154555944165386538e+00
1.292000000000000000e+03,6.965619383661804420e+01,2.157040260008629584e+00
1.292500000000000000e+03,6.926361257845778141e+01,2.159494860722252163e+00
1.293000000000000000e+03,6.888060347449861354e+01,2.161903056611071072e+00
1.293500000000000000e+03,6.850971503146432440e+01,2.164247838939818980e+00
1.294000000000000000e+03,6.815323440736034399e+01,2.166513528649019804e+00
1.294500000000000000e+03,6.781294155948761215e+01,2.168687416582350647e+00
1.295000000000000000e+03,6.748990401177080400e+01,2.170761189538088054e+00
1.295500000000000000e+03,6.718434058433700784e+01,2.172731941087844287e+00
1.296000000000000000e+03,6.689557420752296935e+01,2.174602614083180452e+00
1.296500000000000000e+03,6.662208090816599793e+01,2.176381806456911150e+00
1.297000000000000000e+03,6.636162720630963463e+01,2.178082973490699015e+00
1.297500000000000000e+03,6.611147518900827436e+01,2.179723152031317834e+00
1.298000000000000000e+03,6.586862645206437605e+01,2.181321392737454623e+00
1.298500000000000000e+03,6.563007422522997558e+01,2.182897104571515534e+00
1.299000000000000000e+03,6.539303668003502423e+01,2.184468494679429718e+00
1.299500000000000000e+03,6.515515163930990639e+01,2.186051240119117001e+00
1.300000000000000000e+03,6.491462122683603297e+01,2.187657472645562429e+00
1.300500000000000000e+03,6.467030243540051515e+01,2.189295108038217030e+00
1.301000000000000000e+03,6.442174509232143009e+01,2.190967514944757610e+00
1.301500000000000000e+03,6.416918213185523712e+01,2.192673495972729647e+00
1.302000000000000000e+03,6.391347894416067277e+01,2.194407542252246213e+00
1.302500000000000000e+03,6.365604959009127128e+01,2.196160316617603137e+00
1.303000000000000000e+03,6.339874845336734666e+01,2.197919315385796324e+00
1.303500000000000000e+03,6.314374670008125179e+01,2.199669652363112071e+00
1.304000000000000000e+03,6.289340357261080783e+01,2.201394902126172504e+00
1.304500000000000000e+03,6.265014259393966256e+01,2.203077936199110187e+00
1.305000000000000000e+03,6.241634165606191686e+01,2.204701689774268392e+00
1.305500000000000000e+03,6.219424338966556576e+01,2.206249811125906568e+00
1.306000000000000000e+03,6.198588831088867579e+01,2.207707170603026015e+00
1.306500000000000000e+03,6.179306872801294759e+01,2.209060236593978210e+00
1.307000000000000000e+03,6.161729740424057411e+01,2.210297354187936936e+00
1.307500000000000000e+03,6.145978272296677147e+01,2.211408979425936838e+00
1.308000000000000000e+03,6.132140243041000360e+01,2.212387921318909711e+00
1.308500000000000000e+03,6.120267105003460983e+01,2.213229623655463385e+00
1.309000000000000000e+03,6.110370103779780493e+01,2.213932483839053056e+00
1.309500000000000000e+03,6.102416327391115658e+01,2.214498166650872069e+00
1.310000000000000000e+03,6.096325692910625094e+01,2.214931839100303446e+00
1.310500000000000000e+03,6.091970076631358921e+01,2.215242238557563859e+00
1.311000000000000000e+03,6.089175695035716274e+01,2.215441494777193210e+00
1.311500000000000000e+03,6.087729477130955047e+01,2.215544654726250950e+00
1.312000000000000000e+03,6.087389644662613364e+01,2.215568898820182930e+00
1.312500000000000000e+03,6.087900180416768592e+01,2.215532477040634163e+00
1.313000000000000000e+03,6.089008442821296541e+01,2.215453423766439833e+00
1.313500000000000000e+03,6.090484942187707418e+01,2.215348126196132750e+00
1.314000000000000000e+03,6.092144215060448431e+01,2.215229824465404729e+00
1.314500000000000000e+03,6.093865733628436487e+01,2.215107118834489963e+00
1.315000000000000000e+03,6.095613745965142272e+01,2.214982560256151256e+00
1.315500000000000000e+03,6.097454748238392597e+01,2.214851414083241821e+00
1.316000000000000000e+03,6.099570889557395503e+01,2.214700716932266555e+00
1.316500000000000000e+03,6.102267059343082423e+01,2.214508789833388835e+00
1.317000000000000000e+03,6.105968906947223473e+01,2.214245411563008581e+00
1.317500000000000000e+03,6.111208943613710431e+01,2.213872867399927280e+00
1.318000000000000000e+03,6.118598608527982208e+01,2.213348036396288521e+00
1.318500000000000000e+03,6.128786080839271477e+01,2.212625536998749531e+00
1.319000000000000000e+03,6.142402666092916519e+01,2.211661716722308491e+00
1.319500000000000000e+03,6.160004156354366245e+01,2.210418994802919368e+00
1.320000000000000000e+03,6.182016431718891170e+01,2.208869844922122017e+00
1.320500000000000000e+03,6.208695313753995038e+01,2.206999652249705068e+00
1.321000000000000000e+03,6.240108427087186271e+01,2.204807864023258013e+00
1.321500000000000000e+03,6.276141921926630118e+01,2.202307244305510725e+00
1.322000000000000000e+03,6.316528981381798502e+01,2.199521506897548662e+00
1.322500000000000000e+03,6.360892246899489777e+01,2.196481961281402384e+00
1.323000000000000000e+03,6.408790247789929140e+01,2.193223942133843529e+00
1.323500000000000000e+03,6.459758929032422259e+01,2.189783689086108875e+00
1.324000000000000000e+03,6.513342514954844376e+01,2.186196083127376788e+00
1.324500000000000000e+03,6.569111746857672074e+01,2.182493350305955371e+00
1.325000000000000000e+03,6.626670711306661588e+01,2.178704609583272944e+00
1.325500000000000000e+03,6.685655370977977441e+01,2.174856013974391544e+00
1.326000000000000000e+03,6.745727480587507330e+01,2.170971207775886480e+00
1.326500000000000000e+03,6.806567159311569526e+01,2.167071866010561010e+00
1.327000000000000000e+03,6.867866458030866283e+01,2.163178158051620503e+00
1.327500000000000000e+03,6.929325202797596717e+01,2.159309056148724704e+00
1.328000000000000000e+03,6.990649478014242391e+01,2.155482473522637665e+00
1.328500000000000000e+03,7.051552460481890705e+01,2.151715258782081364e+00
1.329000000000000000e+03,7.111756951310134411e+01,2.148023094066599636e+00
1.329500000000000000e+03,7.170998835047602427e+01,2.144420348050846581e+00
1.330000000000000000e+03,7.229030753104200357e+01,2.140919927711870230e+00
1.330500000000000000e+03,7.285625436181548764e+01,2.137533160184546421e+00
1.331000000000000000e+03,7.340578333991837212e+01,2.134269722459014584e+00
1.331500000000000000e+03,7.393709364595864031e+01,2.131137624879089199e+00
1.332000000000000000e+03,7.444863754218233964e+01,2.128143245706651587e+00
1.332500000000000000e+03,7.493912041670152746e+01,2.125291408659017112e+00
1.333000000000000000e+03,7.540749381174812527e+01,2.122585492865343593e+00
1.333500000000000000e+03,7.585294301504264070e+01,2.120027564377610751e+00
1.334000000000000000e+03,7.627487078340266180e+01,2.117618519419449008e+00
1.334500000000000000e+03,7.667287860775296338e+01,2.115358231278860135e+00
1.335000000000000000e+03,7.704674670191275254e+01,2.113245694638442806e+00
1.335500000000000000e+03,7.739641366402825895e+01,2.111279162857261582e+00
1.336000000000000000e+03,7.772195655723355401e+01,2.109456275090852539e+00
1.336500000000000000e+03,7.802357200474078525e+01,2.107774171091164828e+00
1.337000000000000000e+03,7.830155880032489790e+01,2.106229592071802159e+00
1.337500000000000000e+03,7.855630249535042253e+01,2.104818966204517139e+00
1.338000000000000000e+03,7.878826242994996676e+01,2.103538477200702861e+00
1.338500000000000000e+03,7.899796171762807262e+01,2.102384114104578927e+00
1.339000000000000000e+03,7.918598075681512682e+01,2.101351699962048514e+00
1.339500000000000000e+03,7.935295491598836293e+01,2.100436896510716522e+00
1.340000000000000000e+03,7.949957710546581779e+01,2.099635181547946150e+00
1.340500000000000000e+03,7.962660599026223451e+01,2.098941795276057398e+00
1.341000000000000000e+03,7.973488059036847631e+01,2.098351651827963238e+00
1.341500000000000000e+03,7.982534192501191228e+01,2.097859212521334893e+00
1.342000000000000000e+03,7.989906214219155345e+01,2.097458318418943257e+00
1.342500000000000000e+03,7.995728117761703402e+01,2.097141981807961297e+00
1.343000000000000000e+03,8.000145034064406957e+01,2.096902139642693008e+00
1.343500000000000000e+03,8.003328125841359508e+01,2.096729377243113923e+00
1.344000000000000000e+03,8.005479726772117033e+01,2.096612637954877734e+00
1.344500000000000000e+03,8.006838261836621484e+01,2.096538944154414441e+00
1.345000000000000000e+03,8.007682282618873160e+01,2.096493166503105243e+00
1.345500000000000000e+03,8.008332742269649884e+01,2.096457890432653404e+00
1.346000000000000000e+03,8.009152462556760099e+01,2.096413439010579083e+00
1.346500000000000000e+03,8.010541674939574364e+01,2.096338115815469028e+00
1.347000000000000000e+03,8.012928628583460977e+01,2.096208725516846894e+00
1.347500000000000000e+03,8.016754626175044507e+01,2.096001408922133713e+00
1.348000000000000000e+03,8.022453512270205067e+01,2.095692790832398789e+00
1.348500000000000000e+03,8.030426561956969067e+01,2.095261385159196355e+00
1.349000000000000000e+03,8.041014757883978348e+01,2.094689140811200279e+00
1.349500000000000000e+03,8.054471357358421812e+01,2.093962958549077324e+00
1.350000000000000000e+03,8.070938146737192653e+01,2.093075980981672135e+00
1.350500000000000000e+03,8.090428619471944671e+01,2.092028469470482932e+00
1.351000000000000000e+03,8.112820423581646878e+01,2.090828136977983753e+00
1.351500000000000000e+03,8.137857960455535533e+01,2.089489894665667702e+00
1.352000000000000000e+03,8.165164337740412748e+01,2.088035069928464882e+00
1.352500000000000000e+03,8.194260422641553987e+01,2.086490237805509462e+00
1.353000000000000000e+03,8.224587865503083606e+01,2.084885855350301576e+00
1.353500000000000000e+03,8.255532821947673483e+01,2.083254891612080328e+00
1.354000000000000000e+03,8.286447619561218403e+01,2.081631610567680202e+00
1.354500000000000000e+03,8.316668550951294492e+01,2.080050606363340826e+00
1.355000000000000000e+03,8.345529034007104485e+01,2.078546127616539785e+00
1.355500000000000000e+03,8.372368314642497467e+01,2.077151674564311712e+00
1.356000000000000000e+03,8.396536551190344255e+01,2.075899817138724401e+00
1.356500000000000000e+03,8.417397472213485798e+01,2.074822164814908554e+00
1.357000000000000000e+03,8.434329876205192988e+01,2.073949417239344672e+00
1.357500000000000000e+03,8.446729115208955818e+01,2.073311433324915853e+00
1.358000000000000000e+03,8.454009452946590386e+01,2.072937270895426121e+00
1.358500000000000000e+03,8.455607876596381800e+01,2.072855165362298191e+00
1.359000000000000000e+03,8.450989615497826435e+01,2.073092431951499837e+00
1.359500000000000000e+03,8.439655307811241869e+01,2.073675290456391096e+00
1.360000000000000000e+03,8.421149473577412436e+01,2.074628623944587691e+00
1.360500000000000000e+03,8.395069710107750893e+01,2.075975693261556732e+00
1.361000000000000000e+03,8.361075833732346041e+01,2.077737837561873135e+00
1.361500000000000000e+03,8.318898066549586190e+01,2.079934197184174938e+00
1.362000000000000000e+03,8.268343334826487023e+01,2.082581498019016930e+00
1.362500000000000000e+03,8.209298852530156410e+01,2.085693933925685251e+00
1.363000000000000000e+03,8.141732484946980719e+01,2.089283171450603049e+00
1.363500000000000000e+03,8.065690048085619424e+01,2.093358471268701670e+00
1.364000000000000000e+03,7.981290898948479651e+01,2.097926859908765707e+00
1.364500000000000000e+03,7.888725211739246390e+01,2.102993171472122835e+00
1.365000000000000000e+03,7.788259622828130091e+01,2.108559579637586889e+00
1.365500000000000000e+03,7.680262870282885501e+01,2.114623915234168372e+00
1.366000000000000000e+03,7.565269641981933546e+01,2.121175588204191165e+00
1.366500000000000000e+03,7.444107509017533175e+01,2.128187363344076655e+00
1.367000000000000000e+03,7.318112999075907510e+01,2.135600888851017842e+00
1.367500000000000000e+03,7.189445416609171957e+01,2.143304609171451158e+00
1.368000000000000000e+03,7.061449153642595888e+01,2.151106163700705398e+00
1.368500000000000000e+03,6.938900340579752424e+01,2.158709349985881154e+00
1.369000000000000000e+03,6.827837208353167853e+01,2.165716842032514133e+00
1.369500000000000000e+03,6.734665604597157085e+01,2.171683963368406634e+00
1.370000000000000000e+03,6.664564928238544894e+01,2.176228196652601810e+00
1.370500000000000000e+03,6.619854841082383246e+01,2.179151533582671441e+00
1.371000000000000000e+03,6.599345029905282445e+01,2.180499165066159595e+00
1.371500000000000000e+03,6.599181021789667057e+01,2.180509958365248302e+00
1.372000000000000000e+03,6.614666853369494959e+01,2.179492024097299474e+00
1.372500000000000000e+03,6.642020430213833038e+01,2.177699792887665797e+00
1.373000000000000000e+03,6.679351791991470577e+01,2.175265682258096245e+00
1.373500000000000000e+03,6.726763057854341810e+01,2.172193869549051470e+00
1.374000000000000000e+03,6.785803595661950283e+01,2.168398714474959910e+00
1.374500000000000000e+03,6.858565956206960834e+01,2.163766680563118161e+00
1.375000000000000000e+03,6.946694484971609995e+01,2.158221800939756019e+00
1.375500000000000000e+03,7.050588664959279583e+01,2.151774621551760358e+00
1.376000000000000000e+03,7.169044800351218782e+01,2.144538705639277509e+00
1.376500000000000000e+03,7.299420619241250563e+01,2.136711609996289063e+00
1.377000000000000000e+03,7.438187669338213936e+01,2.128532868363465891e+00
1.377500000000000000e+03,7.581601654178427907e+01,2.120239037627456469e+00
1.378000000000000000e+03,7.726247275422200289e+01,2.112031396549357787e+00
1.378500000000000000e+03,7.869344789192111023e+01,2.104061425999790291e+00
1.379000000000000000e+03,8.008832573961124979e+01,2.096430785243780015e+00
1.379500000000000000e+03,8.143303204003112228e+01,2.089199394585284253e+00
1.380000000000000000e+03,8.271874025530249241e+01,2.082396088180701987e+00
1.380500000000000000e+03,8.394048365651239862e+01,2.076028532756774236e+00
1.381000000000000000e+03,8.509595864716253288e+01,2.070091064814511217e+00
1.381500000000000000e+03,8.618460959171605396e+01,2.064570281346412628e+00
1.382000000000000000e+03,8.720698208047272715e+01,2.059448742617534744e+00
1.382500000000000000e+03,8.816429183766013011e+01,2.054707276522639070e+00
1.383000000000000000e+03,8.905815092894751217e+01,2.050326326156191037e+00
1.383500000000000000e+03,8.989040158371653888e+01,2.046286679365497019e+00
1.384000000000000000e+03,9.066302013660718728e+01,2.042569817961904288e+00
1.384500000000000000e+03,9.137806470452973429e+01,2.039158044103074552e+00
1.385000000000000000e+03,9.203764885384960337e+01,2.036034484123790289e+00
1.385500000000000000e+03,9.264392969511915510e+01,2.033183031674608010e+00
1.386000000000000000e+03,9.319910306125368038e+01,2.030588267232097621e+00
1.386500000000000000e+03,9.370540122759662438e+01,2.028235375433085519e+00
1.387000000000000000e+03,9.416509047337613936e+01,2.026110071991931161e+00
1.387500000000000000e+03,9.458046699454040152e+01,2.024198545970293583e+00
1.388000000000000000e+03,9.495385048080787271e+01,2.022487419461334923e+00
1.388500000000000000e+03,9.528757520722518848e+01,2.020963724447990550e+00
1.389000000000000000e+03,9.558397884982174730e+01,2.019614895173709179e+00
1.389500000000000000e+03,9.584538946839751361e+01,2.018428773517193076e+00
1.390000000000000000e+03,9.607411123869080427e+01,2.017393624411546238e+00
1.390500000000000000e+03,9.627240958142070326e+01,2.016498158185678236e+00
1.391000000000000000e+03,9.644249634164668805e+01,2.015731556762327514e+00
1.391500000000000000e+03,9.658651563078092295e+01,2.015083500871397426e+00
1.392000000000000000e+03,9.670653086676219345e+01,2.014544195786467373e+00
1.392500000000000000e+03,9.680451344628077948e+01,2.014104393527167414e+00
1.393000000000000000e+03,9.688233336696488607e+01,2.013755409953838171e+00
1.393500000000000000e+03,9.694175199672639565e+01,2.013489135679538133e+00
1.394000000000000000e+03,9.698441707045680005e+01,2.013298040207697426e+00
1.394500000000000000e+03,9.701185988793015724e+01,2.013175169145810184e+00
1.395000000000000000e+03,9.702549459643054774e+01,2.013114134726024407e+00
1.395500000000000000e+03,9.702661937094998734e+01,2.013109100167449483e+00
1.396000000000000000e+03,9.701641925594134364e+01,2.013154758632689667e+00
1.396500000000000000e+03,9.699597040640723833e+01,2.013246307657597711e+00
1.397000000000000000e+03,9.696624546242391318e+01,2.013379419967024297e+00
1.397500000000000000e+03,9.692811980925759485e+01,2.013550211531588641e+00
1.398000000000000000e+03,9.688237851393905942e+01,2.013755207573522998e+00
1.398500000000000000e+03,9.682972378741149555e+01,2.013991306996001374e+00
1.399000000000000000e+03,9.677078289820559576e+01,2.014255745392054209e+00
1.399500000000000000e+03,9.670611655825754838e+01,2.014546056387620077e+00
1.400000000000000000e+03,9.663622791313534321e+01,2.014860030590521323e+00
1.400500000000000000e+03,9.656157239603074061e+01,2.015195670858517030e+00
1.401000000000000000e+03,9.648256884390228549e+01,2.015551141979632366e+00
1.401500000000000000e+03,9.639961241755162291e+01,2.015924712209793412e+00
1.402000000000000000e+03,9.631309000030741174e+01,2.016314683503054983e+00
1.402500000000000000e+03,9.622339884559583822e+01,2.016719306820098812e+00
1.403000000000000000e+03,9.613096925746734200e+01,2.017136678815070638e+00
1.403500000000000000e+03,9.603629195172210586e+01,2.017564616794878418e+00
1.404000000000000000e+03,9.593995036249270925e+01,2.018000510565776118e+00
1.404500000000000000e+03,9.584265740989181381e+01,2.018441153192949589e+00
1.405000000000000000e+03,9.574529500489579448e+01,2.018882558389274440e+00
1.405500000000000000e+03,9.564895275984193290e+01,2.019319780609102111e+00
1.406000000000000000e+03,9.555496005291706751e+01,2.019746764729293709e+00
1.406500000000000000e+03,9.546490307936001329e+01,2.020156264023546644e+00
1.407000000000000000e+03,9.538061651520769146e+01,2.020539874727823815e+00
1.407500000000000000e+03,9.530413905146365039e+01,2.020888237575983126e+00
1.408000000000000000e+03,9.523762468871522913e+01,2.021191444823730698e+00
1.408500000000000000e+03,9.518320835221089737e+01,2.021439660472565958e+00
1.409000000000000000e+03,9.514283494042872746e+01,2.021623912190431582e+00
1.409500000000000000e+03,9.511807321297392548e+01,2.021736955713256290e+00
1.410000000000000000e+03,9.510994580947466659e+01,2.021774065772144358e+00
1.410500000000000000e+03,9.511880937803080371e+01,2.021733594509922405e+00
1.411000000000000000e+03,9.514431133434408139e+01,2.021617173009744750e+00
1.411500000000000000e+03,9.518543330191528185e+01,2.021429508765113070e+00
1.412000000000000000e+03,9.524061119947820941e+01,2.021177826205954542e+00
1.412500000000000000e+03,9.530790547158972004e+01,2.020871074594686956e+00
1.413000000000000000e+03,9.538518750183084194e+01,2.020519062252779996e+00
1.413500000000000000e+03,9.547031093633722776e+01,2.020131662983273735e+00
1.414000000000000000e+03,9.556124653292002336e+01,2.019718193802467532e+00
1.414500000000000000e+03,9.565617144577839781e+01,2.019287005371289911e+00
1.415000000000000000e+03,9.575351441081960502e+01,2.018845277294417428e+00
1.415500000000000000e+03,9.585196496845115632e+01,2.018398979643422297e+00
1.416000000000000000e+03,9.595045749433609217e+01,2.017952950195919914e+00
1.416500000000000000e+03,9.604814044145071250e+01,2.017511038962979786e+00
1.417000000000000000e+03,9.614433918965471548e+01,2.017076281171414021e+00
1.417500000000000000e+03,9.623851838166056893e+01,2.016651071699198550e+00
1.418000000000000000e+03,9.633024730074585307e+01,2.016237324783788143e+00
1.418500000000000000e+03,9.641917003188126500e+01,2.015836611207352025e+00
1.419000000000000000e+03,9.650498089983426553e+01,2.015450270889491691e+00
1.419500000000000000e+03,9.658740491665280103e+01,2.015079502278358525e+00
1.420000000000000000e+03,9.666618257266412684e+01,2.014725431716021475e+00
1.420500000000000000e+03,9.674105814939937886e+01,2.014389166627820860e+00
1.421000000000000000e+03,9.681177072349589707e+01,2.014071836395279647e+00
1.421500000000000000e+03,9.687804709943780779e+01,2.013774624432369098e+00
1.422000000000000000e+03,9.693959601197016696e+01,2.013498794497081690e+00
1.422500000000000000e+03,9.699610305028458868e+01,2.013245713751846910e+00
1.423000000000000000e+03,9.704722586208943369e+01,2.013016874598196448e+00
1.423500000000000000e+03,9.709258929068535338e+01,2.012813916878653409e+00
1.424000000000000000e+03,9.713178018094217236e+01,2.012638651667014500e+00
1.424500000000000000e+03,9.716434166179959675e+01,2.012493087551197490e+00
1.425000000000000000e+03,9.718976677584966239e+01,2.012379460040202517e+00
1.425500000000000000e+03,9.720749138326647198e+01,2.012300264486837076e+00
1.426000000000000000e+03,9.721688632024888932e+01,2.012258292699752982e+00
1.426500000000000000e+03,9.721724884328367011e+01,2.012256673212994951e+00
1.427000000000000000e+03,9.720779344146551182e+01,2.012298914981738296e+00
1.427500000000000000e+03,9.718764215081263558e+01,2.012388954074872949e+00
1.428000000000000000e+03,9.715581455736761995e+01,2.012531202736733249e+00
1.428500000000000000e+03,9.711121772962604837e+01,2.012730599992261116e+00
1.429000000000000000e+03,9.705263637460112136e+01,2.012992662775461294e+00
1.429500000000000000e+03,9.697872356407593486e+01,2.013323536375644984e+00
1.430000000000000000e+03,9.688799242616265417e+01,2.013730042827339695e+00
1.430500000000000000e+03,9.677880923943644120e+01,2.014219725727327326e+00
1.431000000000000000e+03,9.664938839938945137e+01,2.014800889856956267e+00
1.431500000000000000e+03,9.649778974610742921e+01,2.015482633931463319e+00
1.432000000000000000e+03,9.632191874400649567e+01,2.016274874802670425e+00
1.432500000000000000e+03,9.611952998523322833e+01,2.017188361518976958e+00
1.433000000000000000e+03,9.588823444416381392e+01,2.018234677807921429e+00
1.433500000000000000e+03,9.562551083803754182e+01,2.019426231801219718e+00
1.434000000000000000e+03,9.532872134559912070e+01,2.020776232177412091e+00
1.434500000000000000e+03,9.499513180026740145e+01,2.022298650358032468e+00
1.435000000000000000e+03,9.462193630679762180e+01,2.024008168961801246e+00
1.435500000000000000e+03,9.420628603243942223e+01,2.025920117396947440e+00
1.436000000000000000e+03,9.374532169911142887e+01,2.028050396250447474e+00
1.436500000000000000e+03,9.323620905850413010e+01,2.030415393006920421e+00
1.437000000000000000e+03,9.267617637657487251e+01,2.033031892586096401e+00
1.437500000000000000e+03,9.206255270035427429e+01,2.035916987205375506e+00
1.438000000000000000e+03,9.139280544534173600e+01,2.039087991119221677e+00
1.438500000000000000e+03,9.066457564857478246e+01,2.042562366804112628e+00
1.439000000000000000e+03,8.987570911089956383e+01,2.046357670052890487e+00
1.439500000000000000e+03,8.902428164331396943e+01,2.050491522058128790e+00
1.440000000000000000e+03,8.810861679431164362e+01,2.054981616636473607e+00
1.440500000000000000e+03,8.712729485079968583e+01,2.059845769836101237e+00
1.441000000000000000e+03,8.607915269498361965e+01,2.065102016558078457e+00
1.441500000000000000e+03,8.496327543971628415e+01,2.070768753348593005e+00
1.442000000000000000e+03,8.377898290949984528e+01,2.076864916348552637e+00
1.442500000000000000e+03,8.252581733982789558e+01,2.083410165702052286e+00
1.443000000000000000e+03,8.120354360357255530e+01,2.090425018370918320e+00
1.443500000000000000e+03,7.981218038881029031e+01,2.097930824539309569e+00
1.444000000000000000e+03,7.835209052203599356e+01,2.105949411574810526e+00
1.444500000000000000e+03,7.682417103117390411e+01,2.114502117287389016e+00
1.445000000000000000e+03,7.523019711067928483e+01,2.123607800284119662e+00
1.445500000000000000e+03,7.357338417690408505e+01,2.133279267125192558e+00
1.446000000000000000e+03,7.185922785939052915e+01,2.143517453680319651e+00
1.446500000000000000e+03,7.009664288791122999e+01,2.154302781037162440e+00
1.447000000000000000e+03,6.829931865148870429e+01,2.165583628783689374e+00
1.447500000000000000e+03,6.648701356479338642e+01,2.177263174064088869e+00
1.448000000000000000e+03,6.468623104748184005e+01,2.189188152352563144e+00
1.448500000000000000e+03,6.292946515482165637e+01,2.201145959358453030e+00
1.449000000000000000e+03,6.125222769782926235e+01,2.212878111709859486e+00
1.449500000000000000e+03,5.968768129874549544e+01,2.224115291919505299e+00
1.450000000000000000e+03,5.825994218747573683e+01,2.234629950667375464e+00
1.450500000000000000e+03,5.697837517678073027e+01,2.244289939473858020e+00
1.451000000000000000e+03,5.583540344221427887e+01,2.253090341492510529e+00
1.451500000000000000e+03,5.480894387987098781e+01,2.261148566319759023e+00
1.452000000000000000e+03,5.386837200302826290e+01,2.268666149399007459e+00
1.452500000000000000e+03,5.298150626050649947e+01,2.275875698901616673e+00
1.453000000000000000e+03,5.212029713425759070e+01,2.282993117069187949e+00
1.453500000000000000e+03,5.126415743305395267e+01,2.290186176204471735e+00
1.454000000000000000e+03,5.040109895088500025e+01,2.297559994048482768e+00
1.454500000000000000e+03,4.952744003368665204e+01,2.305154119180394368e+00
1.455000000000000000e+03,4.864685782875324094e+01,2.312945206201474146e+00
1.455500000000000000e+03,4.776929031976239060e+01,2.320851210726287306e+00
1.456000000000000000e+03,4.690990243134807258e+01,2.328735470347900183e+00
1.456500000000000000e+03,4.608812570864900948e+01,2.336410953210749319e+00
1.457000000000000000e+03,4.532666862912297745e+01,2.343646199078424086e+00
1.457500000000000000e+03,4.465034479561184355e+01,2.350175183085548181e+00
1.458000000000000000e+03,4.408455803092136449e+01,2.355713508862727679e+00
1.458500000000000000e+03,4.365332578162558264e+01,2.359982663445556295e+00
1.459000000000000000e+03,4.337684953276106370e+01,2.362741994051273942e+00
1.459500000000000000e+03,4.326887259410415965e+01,2.363824420552100403e+00
1.460000000000000000e+03,4.333434469304292236e+01,2.363167766501696576e+00
1.460500000000000000e+03,4.356808296200521369e+01,2.360831549023143516e+00
1.461000000000000000e+03,4.395500633500116550e+01,2.356991653017005639e+00
1.461500000000000000e+03,4.447209210193337725e+01,2.351912439542440669e+00
1.462000000000000000e+03,4.509164987653024781e+01,2.345903873827073216e+00
1.462500000000000000e+03,4.578512866049850061e+01,2.339275561067325704e+00
1.463000000000000000e+03,4.652664852487081504e+01,2.332298230071007339e+00
1.463500000000000000e+03,4.729572396844384485e+01,2.325178122282389293e+00
1.464000000000000000e+03,4.807901030212660487e+01,2.318044480787950334e+00
1.464500000000000000e+03,4.887116079944837566e+01,2.310947345383371321e+00
1.465000000000000000e+03,4.967495132206644826e+01,2.303862549795767656e+00
1.465500000000000000e+03,5.050074595406670852e+01,2.296702206805254498e+00
1.466000000000000000e+03,5.136524133277931270e+01,2.289330667069976233e+00
1.466500000000000000e+03,5.228935668332169939e+01,2.281586701268492501e+00
1.467000000000000000e+03,5.329522964941324403e+01,2.273311662073846939e+00
1.467500000000000000e+03,5.440256416048431021e+01,2.264380630182244225e+00
1.468000000000000000e+03,5.562496043840467763e+01,2.254730284889909342e+00
1.468500000000000000e+03,5.696711842711466289e+01,2.244375747944652222e+00
1.469000000000000000e+03,5.842371566014953288e+01,2.233410826010460593e+00
1.469500000000000000e+03,5.998027118608496977e+01,2.221991575016071252e+00
1.470000000000000000e+03,6.161564150149549590e+01,2.210309025571110642e+00
1.470500000000000000e+03,6.330530732543303429e+01,2.198559878520925270e+00
1.471000000000000000e+03,6.502452647611022485e+01,2.186922801755098789e+00
1.471500000000000000e+03,6.675070473930350090e+01,2.175544144753274622e+00
1.472000000000000000e+03,6.846475092026500420e+01,2.164532967499266825e+00
1.472500000000000000e+03,7.015152034870861542e+01,2.153962912349095760e+00
1.473000000000000000e+03,7.179962002427366485e+01,2.143877854111430281e+00
1.473500000000000000e+03,7.340086792653920611e+01,2.134298804750439871e+00
1.474000000000000000e+03,7.494963566517215270e+01,2.125230473942985032e+00
1.474500000000000000e+03,7.644221824249183328e+01,2.116666718837121763e+00
1.475000000000000000e+03,7.787630162452882132e+01,2.108594681474010191e+00
1.475500000000000000e+03,7.925054927819499540e+01,2.100997719045069712e+00
1.476000000000000000e+03,8.056430108108366994e+01,2.093857356184350316e+00
1.476500000000000000e+03,8.181736577528828036e+01,2.087154507331815179e+00
1.477000000000000000e+03,8.300988517832223579e+01,2.080870186867677774e+00
1.477500000000000000e+03,8.414225008792246285e+01,2.074985878488472046e+00
1.478000000000000000e+03,8.521505137256998808e+01,2.069483689849106245e+00
1.478500000000000000e+03,8.622905358957571309e+01,2.064346380489653132e+00
1.479000000000000000e+03,8.718518191479911650e+01,2.059557321942305119e+00
1.479500000000000000e+03,8.808451596580999876e+01,2.055100427815193864e+00
1.480000000000000000e+03,8.892828624671891191e+01,2.050960076972144552e+00
1.480500000000000000e+03,8.971787052590065059e+01,2.047121043045222244e+00
1.481000000000000000e+03,9.045478859055630494e+01,2.043568437058383758e+00
1.481500000000000000e+03,9.114069461133956906e+01,2.040287665848782961e+00
1.482000000000000000e+03,9.177736688521670771e+01,2.037264406476015921e+00
1.482500000000000000e+03,9.236669507492533171e+01,2.034484595365997350e+00
1.483000000000000000e+03,9.291066528112561684e+01,2.031934430173391259e+00
1.483500000000000000e+03,9.341134340696871163e+01,2.029600382014842719e+00
1.484000000000000000e+03,9.387085733215067762e+01,2.027469215660063995e+00
1.484500000000000000e+03,9.429137842461830132e+01,2.025528015362240808e+00
1.485000000000000000e+03,9.467510289742159557e+01,2.023764214194903488e+00
1.485500000000000000e+03,9.502423347628094064e+01,2.022165624996251410e+00
1.486000000000000000e+03,9.534096178797841503e+01,2.020720471277186014e+00
1.486500000000000000e+03,9.562745181642854675e+01,2.019417416709489821e+00
1.487000000000000000e+03,9.588582470654603185e+01,2.018245592065615046e+00
1.487500000000000000e+03,9.611814512906933317e+01,2.017194618725217659e+00
1.488000000000000000e+03,9.632640935478764277e+01,2.016254628091969980e+00
1.488500000000000000e+03,9.651253512600158047e+01,2.015416276474800927e+00
1.489000000000000000e+03,9.667835335786452333e+01,2.014670755178776584e+00
1.489500000000000000e+03,9.682560165342289338e+01,2.014009795721174445e+00
1.490000000000000000e+03,9.695591957426215401e+01,2.013425670237103393e+00
1.490500000000000000e+03,9.707084557392578006e+01,2.012911187265848501e+00
1.491000000000000000e+03,9.717181547370431360e+01,2.012459683213904338e+00
1.491500000000000000e+03,9.726016233976699255e+01,2.012065009873679866e+00
1.492000000000000000e+03,9.733711760652759892e+01,2.011721518438866596e+00
1.492500000000000000e+03,9.740381328305936393e+01,2.011424040499485866e+00
1.493000000000000000e+03,9.746128507665623886e+01,2.011167866523150494e+00
1.493500000000000000e+03,9.751047626956950864e+01,2.010948722335845762e+00
1.494000000000000000e+03,9.755224219078358772e+01,2.010762744107558841e+00
1.494500000000000000e+03,9.758735513368090153e+01,2.010606452327547533e+00
1.495000000000000000e+03,9.761650958184988269e+01,2.010476725223267813e+00
1.495500000000000000e+03,9.764032761841974661e+01,2.010370772038204468e+00
1.496000000000000000e+03,9.765936440852320288e+01,2.010286106539396656e+00
1.496500000000000000e+03,9.767411365922542643e+01,2.010220521077367817e+00
1.497000000000000000e+03,9.768501297602198008e+01,2.010172061471434013e+00
1.497500000000000000e+03,9.769244904938672391e+01,2.010139002943624131e+00
1.498000000000000000e+03,9.769676261851107313e+01,2.010119827276223514e+00
1.498500000000000000e+03,9.769825317206434079e+01,2.010113201322326404e+00
1.499000000000000000e+03,9.769718335733925585e+01,2.010117956956746443e+00
1.499500000000000000e+03,9.769378307941305195e+01,2.010133072516768316e+00
1.500000000000000000e+03,9.768825328089626225e+01,2.010157655748955552e+00
1.500500000000000000e+03,9.768076940045273204e+01,2.010190928249752318e+00
1.501000000000000000e+03,9.767148451459041780e+01,2.010232211363894628e+00
1.501500000000000000e+03,9.766053217231045380e+01,2.010280913485561705e+00
1.502000000000000000e+03,9.764802893615480173e+01,2.010336518692470431e+00
1.502500000000000000e+03,9.763407664611723646e+01,2.010398576632346668e+00
1.503000000000000000e+03,9.761876442489871408e+01,2.010466693574031183e+00
1.503500000000000000e+03,9.760217044421683852e+01,2.010540524531404305e+00
1.504000000000000000e+03,9.758436347244369813e+01,2.010619766366860350e+00
1.504500000000000000e+03,9.756540422386184730e+01,2.010704151781849358e+00
1.505000000000000000e+03,9.754534652940651540e+01,2.010793444104478578e+00
1.505500000000000000e+03,9.752423834800131885e+01,2.010887432788043050e+00
1.506000000000000000e+03,9.750212263658562506e+01,2.010985929539188977e+00
1.506500000000000000e+03,9.747903809575139178e+01,2.011088764999914957e+00
1.507000000000000000e+03,9.745501980662308483e+01,2.011195785913532763e+00
1.507500000000000000e+03,9.743009977328014770e+01,2.011306852710751603e+00
1.508000000000000000e+03,9.740430738368424102e+01,2.011421837458112094e+00
1.508500000000000000e+03,9.737766980076617074e+01,2.011540622116856358e+00
1.509000000000000000e+03,9.735021229407855969e+01,2.011663097065918393e+00
1.509500000000000000e+03,9.732195852124743851e+01,2.011789159847961361e+00
1.510000000000000000e+03,9.729293076737334900e+01,2.011918714102202799e+00
1.510500000000000000e+03,9.726315014954595028e+01,2.012051668652172776e+00
1.511000000000000000e+03,9.723263679274995752e+01,2.012187936720473136e+00
1.511500000000000000e+03,9.720140998265301846e+01,2.012327435246107576e+00
1.512000000000000000e+03,9.716948830007596882e+01,2.012470084283009442e+00
1.512500000000000000e+03,9.713688974134585408e+01,2.012615806461046208e+00
1.513000000000000000e+03,9.710363182821875228e+01,2.012764526493047601e+00
1.513500000000000000e+03,9.706973171062199413e+01,2.012916170713340058e+00
1.514000000000000000e+03,9.703520626509921954e+01,2.013070666634879213e+00
1.514500000000000000e+03,9.700007219153647497e+01,2.013227942513402091e+00
1.515000000000000000e+03,9.696434611049650698e+01,2.013387926908137615e+00
1.515500000000000000e+03,9.692804466328263402e+01,2.013550548229493753e+00
1.516000000000000000e+03,9.689118461668530813e+01,2.013715734264877266e+00
1.516500000000000000e+03,9.685378297422651883e+01,2.013883411674388668e+00
1.517000000000000000e+03,9.681585709560020803e+01,2.014053505448646142e+00
1.517500000000000000e+03,9.677742482590493012e+01,2.014225938321411835e+00
1.518000000000000000e+03,9.673850463616901152e+01,2.014400630130110503e+00
1.518500000000000000e+03,9.669911577657097723e+01,2.014577497117739924e+00
1.519000000000000000e+03,9.665927844365111810e+01,2.014756451170140128e+00
1.519500000000000000e+03,9.661901396268456210e+01,2.014937398983116967e+00
1.520000000000000000e+03,9.657834498623394381e+01,2.015120241154605640e+00
1.520500000000000000e+03,9.653729570971108842e+01,2.015304871197871606e+00
1.521000000000000000e+03,9.649589210454247734e+01,2.015491174472815672e+00
1.521500000000000000e+03,9.645416216924225239e+01,2.015679027033747683e+00
1.522000000000000000e+03,9.641213619833972359e+01,2.015868294393602156e+00
1.522500000000000000e+03,9.636984706867460204e+01,2.016058830206559183e+00
1.523000000000000000e+03,9.632733054205361611e+01,2.016250474873385823e+00
1.523500000000000000e+03,9.628462558264756410e+01,2.016443054076639818e+00
1.524000000000000000e+03,9.624177468679127401e+01,2.016636377256175283e+00
1.524500000000000000e+03,9.619882422202530847e+01,2.016830236039182100e+00
1.525000000000000000e+03,9.615582477128705818e+01,2.017024402643309067e+00
1.525500000000000000e+03,9.611283147712275365e+01,2.017218628276232995e+00
1.526000000000000000e+03,9.606990437966136653e+01,2.017412641560293096e+00
1.526500000000000000e+03,9.602710874088246840e+01,2.017606147016487217e+00
1.527000000000000000e+03,9.598451534645015215e+01,2.017798823648007112e+00
1.527500000000000000e+03,9.594220077510979650e+01,2.017990323669539343e+00
1.528000000000000000e+03,9.590024762440320671e+01,2.018180271434414141e+00
1.528500000000000000e+03,9.585874468031096285e+01,2.018368262617166842e+00
1.529000000000000000e+03,9.581778701745243154e+01,2.018553863713809182e+00
1.529500000000000000e+03,9.577747601575069325e+01,2.018736611925640911e+00
1.530000000000000000e+03,9.573791927909664423e+01,2.018916015494412353e+00
1.530500000000000000e+03,9.569923044162676717e+01,2.019091554556477153e+00
1.531000000000000000e+03,9.566152884786789912e+01,2.019262682580854396e+00
1.531500000000000000e+03,9.562493909429763050e+01,2.019428828450287927e+00
1.532000000000000000e+03,9.558959042190841160e+01,2.019589399235102167e+00
1.532500000000000000e+03,9.555561595220741822e+01,2.019743783696549055e+00
1.533000000000000000e+03,9.552315176276198372e+01,2.019891356539307736e+00
1.533500000000000000e+03,9.549233580289353540e+01,2.020031483411867335e+00
1.534000000000000000e+03,9.546330665535833759e+01,2.020163526629064066e+00
1.534500000000000000e+03,9.543620215569592347e+01,2.020286851563638741e+00
1.535000000000000000e+03,9.541115788717272039e+01,2.020400833624306891e+00
1.535500000000000000e+03,9.538830557563196066e+01,2.020504865707712039e+00
1.536000000000000000e+03,9.536777141475829467e+01,2.020598365982336109e+00
1.536500000000000000e+03,9.534967435790981938e+01,2.020680785835640592e+00
1.537000000000000000e+03,9.533412441737748111e+01,2.020751617793315358e+00
1.537500000000000000e+03,9.532122101532607417e+01,2.020810403203234351e+00
1.538000000000000000e+03,9.531105143241487099e+01,2.020856739468223306e+00
1.538500000000000000e+03,9.530368939993107347e+01,2.020890286612278874e+00
1.539000000000000000e+03,9.529919387903423456e+01,2.020910772975187619e+00
1.539500000000000000e+03,9.529760806637806070e+01,2.020917999850758040e+00
1.540000000000000000e+03,9.529895865905849917e+01,2.020911844913567901e+00
1.540500000000000000e+03,9.530325540378950677e+01,2.020892264317022402e+00
1.541000000000000000e+03,9.531049094581810266e+01,2.020859293389811739e+00
1.541500000000000000e+03,9.532064098284809006e+01,2.020813045906173500e+00
1.542000000000000000e+03,9.533366471870961334e+01,2.020753711955058485e+00
1.542500000000000000e+03,9.534950560126922880e+01,2.020681554481607467e+00
1.543000000000000000e+03,9.536809231968575773e+01,2.020596904618578993e+00
1.543500000000000000e+03,9.538934002806955448e+01,2.020500155963192324e+00
1.544000000000000000e+03,9.541315175628569989e+01,2.020391757984467684e+00
1.544500000000000000e+03,9.543941996430918095e+01,2.020272208766311639e+00
1.545000000000000000e+03,9.546802819430676834e+01,2.020142047301813459e+00
1.545500000000000000e+03,9.549885277445380893e+01,2.020001845554650011e+00
1.546000000000000000e+03,9.553176453023957038e+01,2.019852200494914207e+00
1.546500000000000000e+03,9.556663046240869619e+01,2.019693726300339609e+00
1.547000000000000000e+03,9.560331535539374670e+01,2.019527046891397948e+00
1.547500000000000000e+03,9.564168328573879307e+01,2.019352788941931376e+00
1.548000000000000000e+03,9.568159900621120073e+01,2.019171575477618941e+00
1.548500000000000000e+03,9.572292918768314962e+01,2.018984020144444003e+00
1.549000000000000000e+03,9.576554350711124641e+01,2.018790722199948817e+00
1.549500000000000000e+03,9.580931557578560387e+01,2.018592262252661751e+00
1.550000000000000000e+03,9.585412370725568110e+01,2.018389198750627500e+00
1.550500000000000000e+03,9.589985152883397745e+01,2.018182065199076280e+00
1.551000000000000000e+03,9.594638844425679736e+01,2.017971368070248683e+00
1.551500000000000000e+03,9.599362995792627373e+01,2.017757585355330896e+00
1.552000000000000000e+03,9.604147787319784868e+01,2.017541165699177963e+00
1.552500000000000000e+03,9.608984037847346826e+01,2.017322528052729158e+00
1.553000000000000000e+03,9.613863203550099001e+01,2.017102061775294608e+00
1.553500000000000000e+03,9.618777368436084885e+01,2.016880127118781729e+00
1.554000000000000000e+03,9.623719227925029429e+01,2.016657056027893802e+00
1.554500000000000000e+03,9.628682066845246368e+01,2.016433153193918582e+00
1.555000000000000000e+03,9.633659733090178179e+01,2.016208697304442410e+00
1.555500000000000000e+03,9.638646608061164045e+01,2.015983942436826659e+00
1.556000000000000000e+03,9.643637574899156562e+01,2.015759119549149769e+00
1.556500000000000000e+03,9.648627985380771577e+01,2.015534438028343978e+00
1.557000000000000000e+03,9.653613626228400335e+01,2.015310087261153793e+00
1.557500000000000000e+03,9.658590685463512671e+01,2.015086238199194302e+00
1.558000000000000000e+03,9.663555719319656134e+01,2.014863044894633859e+00
1.558500000000000000e+03,9.668505620128530609e+01,2.014640645987813006e+00
1.559000000000000000e+03,9.673437585499952718e+01,2.014419166132413341e+00
1.559500000000000000e+03,9.678349089034912822e+01,2.014198717347527978e+00
1.560000000000000000e+03,9.683237852740097651e+01,2.013979400289272359e+00
1.560500000000000000e+03,9.688101821251892432e+01,2.013761305437314242e+00
1.561000000000000000e+03,9.692939137927160687e+01,2.013544514194022916e+00
1.561500000000000000e+03,9.697748122816405214e+01,2.013329099895840191e+00
1.562000000000000000e+03,9.702527252501134569e+01,2.013115128737987369e+00
1.562500000000000000e+03,9.707275141750652381e+01,2.012902660614819705e+00
1.563000000000000000e+03,9.711990526932976309e+01,2.012691749879067071e+00
1.563500000000000000e+03,9.716672251099468838e+01,2.012482446023841742e+00
1.564000000000000000e+03,9.721319250652030064e+01,2.012274794291784019e+00
1.564500000000000000e+03,9.725930543494831682e+01,2.012068836215984202e+00
1.565000000000000000e+03,9.730505218568623604e+01,2.011864610097494843e+00
1.565500000000000000e+03,9.735042426664377047e+01,2.011662151424270739e+00
1.566000000000000000e+03,9.739541372413575004e+01,2.011461493236329279e+00
1.566500000000000000e+03,9.744001307354639607e+01,2.011262666441816727e+00
1.567000000000000000e+03,9.748421523978332459e+01,2.011065700088480401e+00
1.567500000000000000e+03,9.752801350659098034e+01,2.010870621594853525e+00
1.568000000000000000e+03,9.757140147384147610e+01,2.010677456945226815e+00
1.568500000000000000e+03,9.761437302197197141e+01,2.010486230852222445e+00
1.569000000000000000e+03,9.765692228279162634e+01,2.010296966890546599e+00
1.569500000000000000e+03,9.769904361593557951e+01,2.010109687605226014e+00
1.570000000000000000e+03,9.774073159029735791e+01,2.009924414597390019e+00
1.570500000000000000e+03,9.778198096982436027e+01,2.009741168590399418e+00
1.571000000000000000e+03,9.782278670311197288e+01,2.009559969478897923e+00
1.571500000000000000e+03,9.786314391628110343e+01,2.009380836363120704e+00
1.572000000000000000e+03,9.790304790867048723e+01,2.009203787570588151e+00
1.572500000000000000e+03,9.794249415091884714e+01,2.009028840667107296e+00
1.573000000000000000e+03,9.798147828505329926e+01,2.008856012458804852e+00
1.573500000000000000e+03,9.801999612623851021e+01,2.008685318986756396e+00
1.574000000000000000e+03,9.805804366587700827e+01,2.008516775515596819e+00
1.574500000000000000e+03,9.809561707578366452e+01,2.008350396517349701e+00
1.575000000000000000e+03,9.813271271318762956e+01,2.008186195651588513e+00
1.575500000000000000e+03,9.816932712634327629e+01,2.008024185742888434e+00
1.576000000000000000e+03,9.820545706055642654e+01,2.007864378756443191e+00
1.576500000000000000e+03,9.824109946445616970e+01,2.007706785772589431e+00
1.577000000000000000e+03,9.827625149636324409e+01,2.007551416960898116e+00
1.577500000000000000e+03,9.831091053062552021e+01,2.007398281554405362e+00
1.578000000000000000e+03,9.834507416380840539e+01,2.007247387824469431e+00
1.578500000000000000e+03,9.837874022064420387e+01,2.007098743056679790e+00
1.579000000000000000e+03,9.841190675965823687e+01,2.006952353528162813e+00
1.579500000000000000e+03,9.844457207840311241e+01,2.006808224486594572e+00
1.580000000000000000e+03,9.847673471824367653e+01,2.006666360131156068e+00
1.580500000000000000e+03,9.850839346864593438e+01,2.006526763595634755e+00
1.581000000000000000e+03,9.853954737093252447e+01,2.006389436933829540e+00
1.581500000000000000e+03,9.857019572147603981e+01,2.006254381107375639e+00
1.582000000000000000e+03,9.860033807430848185e+01,2.006121595976081640e+00
1.582500000000000000e+03,9.862997424313260808e+01,2.005991080290832951e+00
1.583000000000000000e+03,9.865910430272634812e+01,2.005862831689093184e+00
1.583500000000000000e+03,9.868772858973702000e+01,2.005736846693011888e+00
1.584000000000000000e+03,9.871584770286692390e+01,2.005613120710126651e+00
1.584500000000000000e+03,9.874346250245581302e+01,2.005491648036632046e+00
1.585000000000000000e+03,9.877057410946957816e+01,2.005372421863166110e+00
1.585500000000000000e+03,9.879718390390766558e+01,2.005255434283055305e+00
1.586000000000000000e+03,9.882329352264446243e+01,2.005140676302955338e+00
1.586500000000000000e+03,9.884890485672244154e+01,2.005028137855791925e+00
1.587000000000000000e+03,9.887402004811664824e+01,2.004917807815930431e+00
1.587500000000000000e+03,9.889864148599228599e+01,2.004809674016463816e+00
1.588000000000000000e+03,9.892277180247830870e+01,2.004703723268522086e+00
1.588500000000000000e+03,9.894641386798103611e+01,2.004599941382497530e+00
1.589000000000000000e+03,9.896957078606341440e+01,2.004498313191075631e+00
1.589500000000000000e+03,9.899224588791544477e+01,2.004398822573950856e+00
1.590000000000000000e+03,9.901444272644260991e+01,2.004301452484123391e+00
1.590500000000000000e+03,9.903616506999907187e+01,2.004206184975648064e+00
1.591000000000000000e+03,9.905741689579291176e+01,2.004113001232727509e+00
1.591500000000000000e+03,9.907820238299068194e+01,2.004021881600027033e+00
1.592000000000000000e+03,9.909852590554835672e+01,2.003932805614094814e+00
1.592500000000000000e+03,9.911839202479599464e+01,2.003845752035771977e+00
1.593000000000000000e+03,9.913780548180281471e+01,2.003760698883480185e+00
1.593500000000000000e+03,9.915677118954903335e+01,2.003677623467269076e+00
1.594000000000000000e+03,9.917529422493076652e+01,2.003596502423518722e+00
1.594500000000000000e+03,9.919337982062323533e+01,2.003517311750185659e+00
1.595000000000000000e+03,9.921103335682737168e+01,2.003440026842486343e+00
1.595500000000000000e+03,9.922826035292388269e+01,2.003364622528921224e+00
1.596000000000000000e+03,9.924506645905863422e+01,2.003291073107532405e+00
1.596500000000000000e+03,9.926145744768189161e+01,2.003219352382307861e+00
1.597000000000000000e+03,9.927743920506347308e+01,2.003149433699632276e+00
1.597500000000000000e+03,9.929301772280518890e+01,2.003081289984701030e+00
1.598000000000000000e+03,9.930819908937070295e+01,2.003014893777811167e+00
1.598500000000000000e+03,9.932298948165227159e+01,2.002950217270449418e+00
1.599000000000000000e+03,9.933739515659300423e+01,2.002887232341096890e+00
1.599500000000000000e+03,9.935142244288225299e+01,2.002825910590680714e+00
1.600000000000000000e+03,9.936507773274067290e+01,2.002766223377606902e+00
1.600500000000000000e+03,9.937836747381096814e+01,2.002708141852298507e+00
1.601000000000000000e+03,9.939129816116880534e+01,2.002651636991189754e+00
1.601500000000000000e+03,9.940387632946811891e+01,2.002596679630115784e+00
1.602000000000000000e+03,9.941610854523345608e+01,2.002543240497038912e+00
1.602500000000000000e+03,9.942800139931149772e+01,2.002491290244071465e+00
1.603000000000000000e+03,9.943956149949269729e+01,2.002440799478745870e+00
1.603500000000000000e+03,9.945079546331345455e+01,2.002391738794488063e+00
1.604000000000000000e+03,9.946170991104764880e+01,2.002344078800262661e+00
1.604500000000000000e+03,9.947231145889627157e+01,2.002297790149353052e+00
1.605000000000000000e+03,9.948260671238247710e+01,2.002252843567243090e+00
1.605500000000000000e+03,9.949260225995867302e+01,2.002209209878583973e+00
1.606000000000000000e+03,9.950230466683140662e+01,2.002166860033209428e+00
1.606500000000000000e+03,9.951172046900926205e+01,2.002125765131191670e+00
1.607000000000000000e+03,9.952085616757764797e+01,2.002085896446914592e+00
1.607500000000000000e+03,9.952971822320424167e+01,2.002047225452155743e+00
1.608000000000000000e+03,9.953831305087751957e+01,2.002009723838161559e+00
1.608500000000000000e+03,9.954664701488052003e+01,2.001973363536712291e+00
1.609000000000000000e+03,9.955472642400121686e+01,2.001938116740173523e+00
1.609500000000000000e+03,9.956255752697992989e+01,2.001903955920528499e+00
1.610000000000000000e+03,9.957014650819408530e+01,2.001870853847394383e+00
1.610500000000000000e+03,9.957749948357951553e+01,2.001838783605027317e+00
1.611000000000000000e+03,9.958462249678746048e+01,2.001807718608317188e+00
1.611500000000000000e+03,9.959152151557529464e+01,2.001777632617786740e+00
1.612000000000000000e+03,9.959820242842899063e+01,2.001748499753600363e+00
1.612500000000000000e+03,9.960467104141476113e+01,2.001720294508591902e+00
1.613000000000000000e+03,9.961093307525648299e+01,2.001692991760336771e+00
1.613500000000000000e+03,9.961699416263579110e+01,2.001666566782267953e+00
1.614000000000000000e+03,9.962285984571056474e+01,2.001640995253866961e+00
1.614500000000000000e+03,9.962853557384782732e+01,2.001616253269939971e+00
1.615000000000000000e+03,9.963402670156632723e+01,2.001592317349002670e+00
1.615500000000000000e+03,9.963933848668393978e+01,2.001569164440795578e+00
1.616000000000000000e+03,9.964447608866480266e+01,2.001546771932946722e+00
1.616500000000000000e+03,9.964944456716058596e+01,2.001525117656814956e+00
1.617000000000000000e+03,9.965424888074051069e+01,2.001504179892527713e+00
1.617500000000000000e+03,9.965889388580410468e+01,2.001483937373245148e+00
1.618000000000000000e+03,9.966338433567071320e+01,2.001464369288672884e+00
1.618500000000000000e+03,9.966772487983973861e+01,2.001445455287854891e+00
1.619000000000000000e+03,9.967192006341517185e+01,2.001427175481265142e+00
1.619500000000000000e+03,9.967597432668823387e+01,2.001409510442230477e+00
1.620000000000000000e+03,9.967989200487150470e+01,2.001392441207716644e+00
1.620500000000000000e+03,9.968367732797814540e+01,2.001375949278492605e+00
1.621000000000000000e+03,9.968733442083961904e+01,2.001360016618716209e+00
1.621500000000000000e+03,9.969086730325540202e+01,2.001344625654957188e+00
1.622000000000000000e+03,9.969427989026812043e+01,2.001329759274691256e+00
1.622500000000000000e+03,9.969757599255740388e+01,2.001315400824293711e+00
1.623000000000000000e+03,9.970075931694633198e+01,2.001301534106558311e+00
1.623500000000000000e+03,9.970383346701349581e+01,2.001288143377767614e+00
1.624000000000000000e+03,9.970680194380476280e+01,2.001275213344346326e+00
1.624500000000000000e+03,9.970966814663810851e+01,2.001262729159122511e+00
1.625000000000000000e+03,9.971243537399537615e+01,2.001250676417221985e+00
1.625500000000000000e+03,9.971510682449495278e+01,2.001239041151622100e+00
1.626000000000000000e+03,9.971768559793905240e+01,2.001227809828394655e+00
1.626500000000000000e+03,9.972017469643006393e+01,2.001216969341658380e+00
1.627000000000000000e+03,9.972257702554993841e+01,2.001206507008266744e+00
1.627500000000000000e+03,9.972489539559703076e+01,2.001196410562257277e+00
1.628000000000000000e+03,9.972713252287510954e+01,2.001186668149082859e+00
1.628500000000000000e+03,9.972929103102882209e+01,2.001177268319650260e+00
1.629000000000000000e+03,9.973137345242088259e+01,2.001168200024185051e+00
1.629500000000000000e+03,9.973338222954565424e+01,2.001159452605948630e+00
1.630000000000000000e+03,9.973531971647443584e+01,2.001151015794822463e+00
1.630500000000000000e+03,9.973718818032773470e+01,2.001142879700784416e+00
1.631000000000000000e+03,9.973898980277006387e+01,2.001135034807292712e+00
1.631500000000000000e+03,9.974072668152290078e+01,2.001127471964599724e+00
1.632000000000000000e+03,9.974240083189178563e+01,2.001120182383007595e+00
1.632500000000000000e+03,9.974401418830338173e+01,2.001113157626090544e+00
1.633000000000000000e+03,9.974556860584901585e+01,2.001106389603888758e+00
1.633500000000000000e+03,9.974706586183086188e+01,2.001099870566104055e+00
1.634000000000000000e+03,9.974850765730747071e+01,2.001093593095296441e+00
1.634500000000000000e+03,9.974989561863533538e+01,2.001087550100105528e+00
1.635000000000000000e+03,9.975123129900359231e+01,2.001081734808507928e+00
1.635500000000000000e+03,9.975251617995876074e+01,2.001076140761119948e+00
1.636000000000000000e+03,9.975375167291699086e+01,2.001070761804559339e+00
1.636500000000000000e+03,9.975493912066123414e+01,2.001065592084875888e+00
1.637000000000000000e+03,9.975607979882089182e+01,2.001060626041065049e+00
1.637500000000000000e+03,9.975717491733195175e+01,2.001055858398663734e+00
1.638000000000000000e+03,9.975822562187531162e+01,2.001051284163451349e+00
1.638500000000000000e+03,9.975923299529168276e+01,2.001046898615249425e+00
1.639000000000000000e+03,9.976019805897115589e+01,2.001042697301838480e+00
1.639500000000000000e+03,9.976112177421596527e+01,2.001038676032993457e+00
1.640000000000000000e+03,9.976200504357512955e+01,2.001034830874641735e+00
1.640500000000000000e+03,9.976284871214942029e+01,2.001031158143155242e+00
1.641000000000000000e+03,9.976365356886586255e+01,2.001027654399776257e+00
1.641500000000000000e+03,9.976442034772058776e+01,2.001024316445182638e+00
1.642000000000000000e+03,9.976514972898917222e+01,2.001021141314197838e+00
1.642500000000000000e+03,9.976584234040387855e+01,2.001018126270646125e+00
1.643000000000000000e+03,9.976649875829703262e+01,2.001015268802355251e+00
1.643500000000000000e+03,9.976711950871012391e+01,2.001012566616314103e+00
1.644000000000000000e+03,9.976770506846831665e+01,2.001010017633976013e+00
1.644500000000000000e+03,9.976825586621993125e+01,2.001007619986724606e+00
1.645000000000000000e+03,9.976877228344095272e+01,2.001005372011483541e+00
1.645500000000000000e+03,9.976925465540438154e+01,2.001003272246490106e+00
1.646000000000000000e+03,9.976970327211446943e+01,2.001001319427214042e+00
1.646500000000000000e+03,9.977011837920605331e+01,2.000999512482436682e+00
1.647000000000000000e+03,9.977050017880904420e+01,2.000997850530479738e+00
1.647500000000000000e+03,9.977084883037866803e+01,2.000996332875581984e+00
1.648000000000000000e+03,9.977116445149148660e+01,2.000994959004431806e+00
1.648500000000000000e+03,9.977144711860795212e+01,2.000993728582839637e+00
1.649000000000000000e+03,9.977169686780182190e+01,2.000992641452562282e+00
1.649500000000000000e+03,9.977191369545721500e+01,2.000991697628262234e+00
1.650000000000000000e+03,9.977209755893375132e+01,2.000990897294613990e+00
1.650500000000000000e+03,9.977224837720082462e+01,2.000990240803538267e+00
1.651000000000000000e+03,9.977236603144133653e+01,2.000989728671576096e+00
1.651500000000000000e+03,9.977245036562621294e+01,2.000989361577388603e+00
1.652000000000000000e+03,9.977250118706022874e+01,2.000989140359380691e+00
1.652500000000000000e+03,9.977251826690019243e+01,2.000989066013448170e+00
1.653000000000000000e+03,9.977250134064659903e+01,2.000989139690842578e+00
1.653500000000000000e+03,9.977245010860944774e+01,2.000989362696143914e+00
1.654000000000000000e+03,9.977236423634964524e+01,2.000989736485347503e+00
1.654500000000000000e+03,9.977224335509680486e+01,2.000990262664046782e+00
1.655000000000000000e+03,9.977208706214469203e+01,2.000990942985723109e+00
1.655500000000000000e+03,9.977189492122543868e+01,2.000991779350119071e+00
1.656000000000000000e+03,9.977166646286372043e+01,2.000992773801708147e+00
1.656500000000000000e+03,9.977140118471200481e+01,2.000993928528242094e+00
1.657000000000000000e+03,9.977109855186829179e+01,2.000995245859379601e+00
1.657500000000000000e+03,9.977075799717734128e+01,2.000996728265383329e+00
1.658000000000000000e+03,9.977037892151683707e+01,2.000998378355887120e+00
1.658500000000000000e+03,9.976996069406968104e+01,2.001000198878723157e+00
1.659000000000000000e+03,9.976950265258376760e+01,2.001002192718803308e+00
1.659500000000000000e+03,9.976900410362038940e+01,2.001004362897053745e+00
1.660000000000000000e+03,9.976846432279279497e+01,2.001006712569390888e+00
1.660500000000000000e+03,9.976788255499606350e+01,2.001009245025735961e+00
1.661000000000000000e+03,9.976725801462971788e+01,2.001011963689065531e+00
1.661500000000000000e+03,9.976658988581421283e+01,2.001014872114486476e+00
1.662000000000000000e+03,9.976587732260303198e+01,2.001017973988331367e+00
1.662500000000000000e+03,9.976511944919117525e+01,2.001021273127272959e+00
1.663000000000000000e+03,9.976431536012185575e+01,2.001024773477445340e+00
1.663500000000000000e+03,9.976346412049242929e+01,2.001028479113570846e+00
1.664000000000000000e+03,9.976256476616111968e+01,2.001032394238083878e+00
1.664500000000000000e+03,9.976161630395547775e+01,2.001036523180250271e+00
1.665000000000000000e+03,9.976061771188443572e+01,2.001040870395268900e+00
1.665500000000000000e+03,9.975956793935468170e+01,2.001045440463359526e+00
1.666000000000000000e+03,9.975846590739310216e+01,2.001050238088823097e+00
1.666500000000000000e+03,9.975731050887631568e+01,2.001055268099073192e+00
1.667000000000000000e+03,9.975610060876856267e+01,2.001060535443634603e+00
1.667500000000000000e+03,9.975483504436948579e+01,2.001066045193094833e+00
1.668000000000000000e+03,9.975351262557255438e+01,2.001071802538017863e+00
1.668500000000000000e+03,9.975213213513580968e+01,2.001077812787800170e+00
1.669000000000000000e+03,9.975069232896591132e+01,2.001084081369473466e+00
1.669500000000000000e+03,9.974919193641662218e+01,2.001090613826444820e+00
1.670000000000000000e+03,9.974762966060295355e+01,2.001097415817169711e+00
1.670500000000000000e+03,9.974600417873220692e+01,2.001104493113756710e+00
1.671000000000000000e+03,9.974431414245275107e+01,2.001111851600489988e+00
1.671500000000000000e+03,9.974255817822184156e+01,2.001119497272278114e+00
1.672000000000000000e+03,9.974073488769349183e+01,2.001127436233012258e+00
1.672500000000000000e+03,9.973884284812727685e+01,2.001135674693836464e+00
1.673000000000000000e+03,9.973688061281916362e+01,2.001144218971322886e+00
1.673500000000000000e+03,9.973484671155536319e+01,2.001153075485551547e+00
1.674000000000000000e+03,9.973273965108998595e+01,2.001162250758084404e+00
1.674500000000000000e+03,9.973055791564739536e+01,2.001171751409836386e+00
1.675000000000000000e+03,9.972829996745031167e+01,2.001181584158834070e+00
1.675500000000000000e+03,9.972596424727403530e+01,2.001191755817864237e+00
1.676000000000000000e+03,9.972354917502798344e+01,2.001202273292005174e+00
1.676500000000000000e+03,9.972105315036498041e+01,2.001213143576036302e+00
1.677000000000000000e+03,9.971847455331896981e+01,2.001224373751730123e+00
1.677500000000000000e+03,9.971581174497194411e+01,2.001235970985014490e+00
1.678000000000000000e+03,9.971306306815036180e+01,2.001247942523011414e+00
1.678500000000000000e+03,9.971022684815183368e+01,2.001260295690942659e+00
1.679000000000000000e+03,9.970730139350237664e+01,2.001273037888909201e+00
1.679500000000000000e+03,9.970428499674459033e+01,2.001286176588529919e+00
1.680000000000000000e+03,9.970117593525729660e+01,2.001299719329452387e+00
1.680500000000000000e+03,9.969797247210661340e+01,2.001313673715722885e+00
1.681000000000000000e+03,9.969467285692900305e+01,2.001328047412022304e+00
1.681500000000000000e+03,9.969127532684615289e+01,2.001342848139763486e+00
1.682000000000000000e+03,9.968777810741201506e+01,2.001358083673047794e+00
1.682500000000000000e+03,9.968417941359180645e+01,2.001373761834488008e+00
1.683000000000000000e+03,9.968047745077306843e+01,2.001389890490889556e+00
1.683500000000000000e+03,9.967667041580858722e+01,2.001406477548794083e+00
1.684000000000000000e+03,9.967275649809097615e+01,2.001423530949888896e+00
1.684500000000000000e+03,9.966873388065873485e+01,2.001441058666276973e+00
1.685000000000000000e+03,9.966460074133321712e+01,2.001459068695615073e+00
1.685500000000000000e+03,9.966035525388639371e+01,2.001477569056116401e+00
1.686000000000000000e+03,9.965599558923854318e+01,2.001496567781427149e+00
1.686500000000000000e+03,9.965151991668564335e+01,2.001516072915369815e+00
1.687000000000000000e+03,9.964692640515549726e+01,2.001536092506563502e+00
1.687500000000000000e+03,9.964221322449191121e+01,2.001556634602922546e+00
1.688000000000000000e+03,9.963737854676631400e+01,2.001577707246034343e+00
1.688500000000000000e+03,9.963242054761545319e+01,2.001599318465423494e+00
1.689000000000000000e+03,9.962733740760458545e+01,2.001621476272705813e+00
1.689500000000000000e+03,9.962212731361472606e+01,2.001644188655633982e+00
1.690000000000000000e+03,9.961678846025303358e+01,2.001667463572045058e+00
1.690500000000000000e+03,9.961131905128485187e+01,2.001691308943708947e+00
1.691000000000000000e+03,9.960571730108603106e+01,2.001715732650090285e+00
1.691500000000000000e+03,9.959998143611431942e+01,2.001740742522022831e+00
1.692000000000000000e+03,9.959410969639790778e+01,2.001766346335311031e+00
1.692500000000000000e+03,9.958810033703974796e+01,2.001792551804256970e+00
1.693000000000000000e+03,9.958195162973584047e+01,2.001819366575126491e+00
1.693500000000000000e+03,9.957566186430560151e+01,2.001846798219559354e+00
1.694000000000000000e+03,9.956922935023246168e+01,2.001874854227932765e+00
1.694500000000000000e+03,9.956265241821267864e+01,2.001903542002684944e+00
1.695000000000000000e+03,9.955592942171026039e+01,2.001932868851610703e+00
1.695500000000000000e+03,9.954905873851582498e+01,2.001962841981133945e+00
1.696000000000000000e+03,9.954203877230708031e+01,2.001993468489571271e+00
1.696500000000000000e+03,9.953486795420872113e+01,2.002024755360393371e+00
1.697000000000000000e+03,9.952754474434917142e+01,2.002056709455494854e+00
1.697500000000000000e+03,9.952006763341162809e+01,2.002089337508486722e+00
1.698000000000000000e+03,9.951243514417704716e+01,2.002122646118016824e+00
1.698500000000000000e+03,9.950464583305611654e+01,2.002156641741133836e+00
1.699000000000000000e+03,9.949669829160779955e+01,2.002191330686705406e+00
1.699500000000000000e+03,9.948859114804122328e+01,2.002226719108903374e+00
1.700000000000000000e+03,9.948032306869860975e+01,2.002262813000762254e+00
1.700500000000000000e+03,9.947189275951583909e+01,2.002299618187834529e+00
1.701000000000000000e+03,9.946329896745787380e+01,2.002337140321945874e+00
1.701500000000000000e+03,9.945454048192607388e+01,2.002375384875066722e+00
1.702000000000000000e+03,9.944561613613429074e+01,2.002414357133313949e+00
1.702500000000000000e+03,9.943652480845052821e+01,2.002454062191095563e+00
1.703000000000000000e+03,9.942726542370121479e+01,2.002494504945411702e+00
1.703500000000000000e+03,9.941783695443490387e+01,2.002535690090323506e+00
1.704000000000000000e+03,9.940823842214211936e+01,2.002577622111608502e+00
1.704500000000000000e+03,9.939846889842826272e+01,2.002620305281611834e+00
1.705000000000000000e+03,9.938852750613656895e+01,2.002663743654306217e+00
1.705500000000000000e+03,9.937841342041758708e+01,2.002707941060580588e+00
1.706000000000000000e+03,9.936812586974252781e+01,2.002752901103763694e+00
1.706500000000000000e+03,9.935766413685703924e+01,2.002798627155398581e+00
1.707000000000000000e+03,9.934702755967255428e+01,2.002845122351284868e+00
1.707500000000000000e+03,9.933621553209228239e+01,2.002892389587795030e+00
1.708000000000000000e+03,9.932522750476884710e+01,2.002940431518483777e+00
1.708500000000000000e+03,9.931406298579086922e+01,2.002989250550995859e+00
1.709000000000000000e+03,9.930272154129590945e+01,2.003038848844292730e+00
1.709500000000000000e+03,9.929120279600707022e+01,2.003089228306199399e+00
1.710000000000000000e+03,9.927950643369105421e+01,2.003140390591289233e+00
1.710500000000000000e+03,9.926763219753547673e+01,2.003192337099114706e+00
1.711000000000000000e+03,9.925557989044332885e+01,2.003245068972790754e+00
1.711500000000000000e+03,9.924334937524304223e+01,2.003298587097937844e+00
1.712000000000000000e+03,9.923094057481249308e+01,2.003352892102000737e+00
1.712500000000000000e+03,9.921835347211589351e+01,2.003407984353932303e+00
1.713000000000000000e+03,9.920558811015250456e+01,2.003463863964261904e+00
1.713500000000000000e+03,9.919264459181697191e+01,2.003520530785543041e+00
1.714000000000000000e+03,9.917952307967080117e+01,2.003577984413181579e+00
1.714500000000000000e+03,9.916622379562559786e+01,2.003636224186644998e+00
1.715000000000000000e+03,9.915274702053872602e+01,2.003695249191050909e+00
1.715500000000000000e+03,9.913909309372272105e+01,2.003755058259124144e+00
1.716000000000000000e+03,9.912526241237056013e+01,2.003815649973521129e+00
1.716500000000000000e+03,9.911125543089909229e+01,2.003877022669505514e+00
1.717000000000000000e+03,9.909707266021413830e+01,2.003939174437964432e+00
1.717500000000000000e+03,9.908271466690119667e+01,2.004002103128745826e+00
1.718000000000000000e+03,9.906818207234665863e+01,2.004065806354297319e+00
1.718500000000000000e+03,9.905347555179530161e+01,2.004130281493580412e+00
1.719000000000000000e+03,9.903859583335098193e+01,2.004195525696234270e+00
1.719500000000000000e+03,9.902354369692821479e+01,2.004261535886948664e+00
1.720000000000000000e+03,9.900831997316387856e+01,2.004328308770012779e+00
1.720500000000000000e+03,9.899292554229930374e+01,2.004395840833991471e+00
1.721000000000000000e+03,9.897736133304458406e+01,2.004464128356479247e+00
1.721500000000000000e+03,9.896162832143812693e+01,2.004533167408873329e+00
1.722000000000000000e+03,9.894572752971656371e+01,2.004602953861101877e+00
1.722500000000000000e+03,9.892966002521158941e+01,2.004673483386234523e+00
1.723000000000000000e+03,9.891342691929216357e+01,2.004744751464888619e+00
1.723500000000000000e+03,9.889702936637274888e+01,2.004816753389353501e+00
1.724000000000000000e+03,9.888046856301039611e+01,2.004889484267317723e+00
1.724500000000000000e+03,9.886374574711575747e+01,2.004962939025097146e+00
1.725000000000000000e+03,9.884686219730585321e+01,2.005037112410242628e+00
1.725500000000000000e+03,9.882981923242898858e+01,2.005111998993385214e+00
1.726000000000000000e+03,9.881261821129508860e+01,2.005187593169181159e+00
1.726500000000000000e+03,9.879526053264810059e+01,2.005263889156186696e+00
1.727000000000000000e+03,9.877774763542015535e+01,2.005340880995493791e+00
1.727500000000000000e+03,9.876008099931073048e+01,2.005418562547929717e+00
1.728000000000000000e+03,9.874226214573812399e+01,2.005496927489613057e+00
1.728500000000000000e+03,9.872429263921382869e+01,2.005575969305641415e+00
1.729000000000000000e+03,9.870617408919534341e+01,2.005655681281666158e+00
1.729500000000000000e+03,9.868790815247650983e+01,2.005736056493084618e+00
1.730000000000000000e+03,9.866949653617967897e+01,2.005817087791569975e+00
1.730500000000000000e+03,9.865094100141824640e+01,2.005898767788634185e+00
1.731000000000000000e+03,9.863224336770315404e+01,2.005981088835888215e+00
1.731500000000000000e+03,9.861340551817174571e+01,2.006064043001655861e+00
1.732000000000000000e+03,9.859442940572284897e+01,2.006147622043565004e+00
1.732500000000000000e+03,9.857531706014644612e+01,2.006231817376721516e+00
1.733000000000000000e+03,9.855607059634174050e+01,2.006316620037043474e+00
1.733500000000000000e+03,9.853669222372242587e+01,2.006402020639313388e+00
1.734000000000000000e+03,9.851718425691244363e+01,2.006488009329490119e+00
1.734500000000000000e+03,9.849754912784020178e+01,2.006574575730786680e+00
1.735000000000000000e+03,9.847778939934330822e+01,2.006661708883018314e+00
1.735500000000000000e+03,9.845790778039915381e+01,2.006749397174696803e+00
1.736000000000000000e+03,9.843790714309965040e+01,2.006837628267338136e+00
1.736500000000000000e+03,9.841779054149012040e+01,2.006926389011444822e+00
1.737000000000000000e+03,9.839756123239286012e+01,2.007015665353614420e+00
1.737500000000000000e+03,9.837722269833537325e+01,2.007105442234230708e+00
1.738000000000000000e+03,9.835677867270027264e+01,2.007195703475209037e+00
1.738500000000000000e+03,9.833623316720988328e+01,2.007286431657276715e+00
1.739000000000000000e+03,9.831559050185090598e+01,2.007377607986311929e+00
1.739500000000000000e+03,9.829485533733490854e+01,2.007469212148294435e+00
1.740000000000000000e+03,9.827403271017749375e+01,2.007561222152490110e+00
1.740500000000000000e+03,9.825312807046157104e+01,2.007653614162561162e+00
1.741000000000000000e+03,9.823214732232946744e+01,2.007746362315382171e+00
1.741500000000000000e+03,9.821109686722220999e+01,2.007839438527469156e+00
1.742000000000000000e+03,9.818998364985343130e+01,2.007932812289056290e+00
1.742500000000000000e+03,9.816881520686759188e+01,2.008026450446025901e+00
1.743000000000000000e+03,9.814759971808898342e+01,2.008120316970094077e+00
1.743500000000000000e+03,9.812634606021693173e+01,2.008214372717876284e+00
1.744000000000000000e+03,9.810506386276490787e+01,2.008308575179715394e+00
1.744500000000000000e+03,9.808376356597460699e+01,2.008402878219460508e+00
1.745000000000000000e+03,9.806245648036311024e+01,2.008497231806704697e+00
1.745500000000000000e+03,9.804115484747779874e+01,2.008591581743367271e+00
1.746000000000000000e+03,9.801987190134443040e+01,2.008685869386902745e+00
1.746500000000000000e+03,9.799862192999479760e+01,2.008780031372881858e+00
1.747000000000000000e+03,9.797742033635603320e+01,2.008873999340132332e+00
1.747500000000000000e+03,9.795628369767150900e+01,2.008967699662162598e+00
1.748000000000000000e+03,9.793522982250779307e+01,2.009061053189094004e+00
1.748500000000000000e+03,9.791427780428348626e+01,2.009153975004875026e+00
1.749000000000000000e+03,9.789344807013640093e+01,2.009246374205093666e+00
1.749500000000000000e+03,9.787276242382974090e+01,2.009338153701221596e+00
1.750000000000000000e+03,9.785224408128785001e+01,2.009429210057642301e+00
1.750500000000000000e+03,9.783191769725335973e+01,2.009519433368254226e+00
1.751000000000000000e+03,9.781180938147352322e+01,2.009608707179836973e+00
1.751500000000000000e+03,9.779194670276136492e+01,2.009696908469657206e+00
1.752000000000000000e+03,9.777235867924115098e+01,2.009783907684959292e+00
1.752500000000000000e+03,9.775307575308504227e+01,2.009869568852019395e+00
1.753000000000000000e+03,9.773412974808427123e+01,2.009953749762280140e+00
1.753500000000000000e+03,9.771555380847999572e+01,2.010036302242732553e+00
1.754000000000000000e+03,9.769738231761249381e+01,2.010117072517115577e+00
1.754500000000000000e+03,9.767965079513624005e+01,2.010195901663670348e+00
1.755000000000000000e+03,9.766239577179854336e+01,2.010272626174054444e+00
1.755500000000000000e+03,9.764565464109047355e+01,2.010347078616642413e+00
1.756000000000000000e+03,9.762946548745313180e+01,2.010419088405732246e+00
1.756500000000000000e+03,9.761386689115700221e+01,2.010488482676243027e+00
1.757000000000000000e+03,9.759889771046094609e+01,2.010555087261254759e+00
1.757500000000000000e+03,9.758459684219498342e+01,2.010618727767330416e+00
1.758000000000000000e+03,9.757100296248289339e+01,2.010679230739953915e+00
1.758500000000000000e+03,9.755815424991492080e+01,2.010736424908735387e+00
1.759000000000000000e+03,9.754608809407885417e+01,2.010790142499302657e+00
1.759500000000000000e+03,9.753484079293926357e+01,2.010840220596167516e+00
1.760000000000000000e+03,9.752444724309866331e+01,2.010886502538369314e+00
1.760500000000000000e+03,9.751494062745628355e+01,2.010928839327501105e+00
1.761000000000000000e+03,9.750635210517859264e+01,2.010967091025898323e+00
1.761500000000000000e+03,9.749871050918707738e+01,2.011001128121440829e+00
1.762000000000000000e+03,9.749204205653450117e+01,2.011030832834642457e+00
1.762500000000000000e+03,9.748637007706454938e+01,2.011056100343583619e+00
1.763000000000000000e+03,9.748171476562075100e+01,2.011076839902815827e+00
1.763500000000000000e+03,9.747809296278353486e+01,2.011092975833654428e+00
1.764000000000000000e+03,9.747551796867038831e+01,2.011104448365288899e+00
1.764500000000000000e+03,9.747399939374261635e+01,2.011111214308805462e+00
1.765000000000000000e+03,9.747354304983794293e+01,2.011113247549513705e+00
1.765500000000000000e+03,9.747415088381222859e+01,2.011110539346758319e+00
1.766000000000000000e+03,9.747582095525581281e+01,2.011103098434553704e+00
1.766500000000000000e+03,9.747854745877806693e+01,2.011090950920812137e+00
1.767000000000000000e+03,9.748232079036648656e+01,2.011074139987395704e+00
1.767500000000000000e+03,9.748712765635499977e+01,2.011052725397662666e+00
1.768000000000000000e+03,9.749295122261811741e+01,2.011026782822314729e+00
1.768500000000000000e+03,9.749977130077154186e+01,2.010996402998175281e+00
1.769000000000000000e+03,9.750756456743607714e+01,2.010961690737786078e+00
1.769500000000000000e+03,9.751630481202954570e+01,2.010922763810410352e+00
1.770000000000000000e+03,9.752596320810800989e+01,2.010879751717011832e+00
1.770500000000000000e+03,9.753650860299040914e+01,2.010832794383098587e+00
1.771000000000000000e+03,9.754790782027166074e+01,2.010782040793861025e+00
1.771500000000000000e+03,9.756012596985301855e+01,2.010727647595937917e+00
1.772000000000000000e+03,9.757312676028415410e+01,2.010669777689358728e+00
1.772500000000000000e+03,9.758687280850293178e+01,2.010608598831883587e+00
1.773000000000000000e+03,9.760132594245703785e+01,2.010544282276127248e+00
1.773500000000000000e+03,9.761644749257379772e+01,2.010477001457673829e+00
1.774000000000000000e+03,9.763219856858835044e+01,2.010406930749887078e+00
1.774500000000000000e+03,9.764854031882198626e+01,2.010334244298492834e+00
1.775000000000000000e+03,9.766543416960024615e+01,2.010259114946293391e+00
1.775500000000000000e+03,9.768284204309482277e+01,2.010181713255662306e+00
1.776000000000000000e+03,9.770072655244518955e+01,2.010102206633893385e+00
1.776500000000000000e+03,9.771905117355316861e+01,2.010020758564039500e+00
1.777000000000000000e+03,9.773778039343292789e+01,2.009937527941668467e+00
1.777500000000000000e+03,9.775687983543339499e+01,2.009852668515994978e+00
1.778000000000000000e+03,9.777631636202396237e+01,2.009766328432187166e+00
1.778500000000000000e+03,9.779605815614633002e+01,2.009678649870217715e+00
1.779000000000000000e+03,9.781607478238456110e+01,2.009589768774537877e+00
1.779500000000000000e+03,9.783633722939485722e+01,2.009499814667993434e+00
1.780000000000000000e+03,9.785681793516990012e+01,2.009408910542823001e+00
1.780500000000000000e+03,9.787749079679430508e+01,2.009317172821212694e+00
1.781000000000000000e+03,9.789833116638448018e+01,2.009224711377738615e+00
1.781500000000000000e+03,9.791931583490323021e+01,2.009131629616041081e+00
1.782000000000000000e+03,9.794042300550367486e+01,2.009038024592260996e+00
1.782500000000000000e+03,9.796163225799442387e+01,2.008943987178048118e+00
1.783000000000000000e+03,9.798292450593442027e+01,2.008849602256345790e+00
1.783500000000000000e+03,9.800428194776679902e+01,2.008754948943612728e+00
1.784000000000000000e+03,9.802568801329105952e+01,2.008660100832630135e+00
1.784500000000000000e+03,9.804712730665717402e+01,2.008565126250593025e+00
1.785000000000000000e+03,9.806858554694562713e+01,2.008470088527707809e+00
1.785500000000000000e+03,9.809004950727933192e+01,2.008375046272062647e+00
1.786000000000000000e+03,9.811150695329685334e+01,2.008280053647065966e+00
1.786500000000000000e+03,9.813294658170558193e+01,2.008185160648244594e+00
1.787000000000000000e+03,9.815435795952770093e+01,2.008090413376670380e+00
1.787500000000000000e+03,9.817573146455433175e+01,2.007995854306729555e+00
1.788000000000000000e+03,9.819705822743239310e+01,2.007901522546349238e+00
1.788500000000000000e+03,9.821833007572674035e+01,2.007807454088169408e+00
1.789000000000000000e+03,9.823953948022595739e+01,2.007713682050479509e+00
1.789500000000000000e+03,9.826067950369463233e+01,2.007620236907031952e+00
1.790000000000000000e+03,9.828174375221620096e+01,2.007527146705112120e+00
1.790500000000000000e+03,9.830272632922024911e+01,2.007434437271454541e+00
1.791000000000000000e+03,9.832362179224436716e+01,2.007342132405813828e+00
1.791500000000000000e+03,9.834442511244330376e+01,2.007250254062142414e+00
1.792000000000000000e+03,9.836513163682685956e+01,2.007158822517473240e+00
1.792500000000000000e+03,9.838573705318198392e+01,2.007067856528731653e+00
1.793000000000000000e+03,9.840623735761349167e+01,2.006977373477776272e+00
1.793500000000000000e+03,9.842662882462059315e+01,2.006887389505052965e+00
1.794000000000000000e+03,9.844690797961375495e+01,2.006797919632308247e+00
1.794500000000000000e+03,9.846707157376589237e+01,2.006708977874835487e+00
1.795000000000000000e+03,9.848711656108552859e+01,2.006620577343775746e+00
1.795500000000000000e+03,9.850704007759456715e+01,2.006532730338999926e+00
1.796000000000000000e+03,9.852683942249069560e+01,2.006445448433122447e+00
1.796500000000000000e+03,9.854651204117405427e+01,2.006358742547179830e+00
1.797000000000000000e+03,9.856605551001800336e+01,2.006272623018532375e+00
1.797500000000000000e+03,9.858546752276581060e+01,2.006187099661506767e+00
1.798000000000000000e+03,9.860474587843782501e+01,2.006102181821308061e+00
1.798500000000000000e+03,9.862388847063712660e+01,2.006017878421702427e+00
1.799000000000000000e+03,9.864289327814584851e+01,2.005934198006956048e+00
1.799500000000000000e+03,9.866175835670841821e+01,2.005851148778491577e+00
1.800000000000000000e+03,9.868048183190347800e+01,2.005768738626707570e+00
1.800500000000000000e+03,9.869906189301039490e+01,2.005686975158379237e+00
1.801000000000000000e+03,9.871749678778178350e+01,2.005605865720037961e+00
1.801500000000000000e+03,9.873578481803872364e+01,2.005525417417699519e+00
1.802000000000000000e+03,9.875392433600971742e+01,2.005445637133298042e+00
1.802500000000000000e+03,9.877191374134025637e+01,2.005366531538147257e+00
1.803000000000000000e+03,9.878975147870400519e+01,2.005288107103739392e+00
1.803500000000000000e+03,9.880743603595175273e+01,2.005210370110164675e+00
1.804000000000000000e+03,9.882496594273870016e+01,2.005133326652416059e+00
1.804500000000000000e+03,9.884233976957469281e+01,2.005056982644825680e+00
1.805000000000000000e+03,9.885955612724688990e+01,2.004981343823857287e+00
1.805500000000000000e+03,9.887661366656726614e+01,2.004906415749466042e+00
1.806000000000000000e+03,9.889351107840218447e+01,2.004832203805213542e+00
1.806500000000000000e+03,9.891024709394372394e+01,2.004758713197317910e+00
1.807000000000000000e+03,9.892682048518676652e+01,2.004685948952798835e+00
1.807500000000000000e+03,9.894323006557810629e+01,2.004613915916866329e+00
1.808000000000000000e+03,9.895947469080735459e+01,2.004542618749683314e+00
1.808500000000000000e+03,9.897555325971190143e+01,2.004472061922629500e+00
1.809000000000000000e+03,9.899146471527058111e+01,2.004402249714174022e+00
1.809500000000000000e+03,9.900720804566357458e+01,2.004333186205459416e+00
1.810000000000000000e+03,9.902278228537771554e+01,2.004264875275682201e+00
1.810500000000000000e+03,9.903818651633861236e+01,2.004197320597360221e+00
1.811000000000000000e+03,9.905341986905331453e+01,2.004130525631549808e+00
1.811500000000000000e+03,9.906848152374817573e+01,2.004064493623085141e+00
1.812000000000000000e+03,9.908337071148903874e+01,2.003999227595893551e+00
1.812500000000000000e+03,9.909808671527183321e+01,2.003934730348438720e+00
1.813000000000000000e+03,9.911262887107328368e+01,2.003871004449339743e+00
1.813500000000000000e+03,9.912699656885266108e+01,2.003808052233199355e+00
1.814000000000000000e+03,9.914118925349669098e+01,2.003745875796679510e+00
1.814500000000000000e+03,9.915520642570081122e+01,2.003684476994856745e+00
1.815000000000000000e+03,9.916904764278103812e+01,2.003623857437871525e+00
1.815500000000000000e+03,9.918271251941143873e+01,2.003564018487906662e+00
1.816000000000000000e+03,9.919620072828328716e+01,2.003504961256501016e+00
1.816500000000000000e+03,9.920951200068260789e+01,2.003446686602215365e+00
1.817000000000000000e+03,9.922264612698344877e+01,2.003389195128663758e+00
1.817500000000000000e+03,9.923560295705505041e+01,2.003332487182916566e+00
1.818000000000000000e+03,9.924838240058151939e+01,2.003276562854281018e+00
1.818500000000000000e+03,9.926098442729329463e+01,2.003221421973460092e+00
1.819000000000000000e+03,9.927340906710985280e+01,2.003167064112093776e+00
1.819500000000000000e+03,9.928565641019407906e+01,2.003113488582682233e+00
1.820000000000000000e+03,9.929772660691854469e+01,2.003060694438884681e+00
1.820500000000000000e+03,9.930961986774477168e+01,2.003008680476193959e+00
1.821000000000000000e+03,9.932133646301650742e+01,2.002957445232976141e+00
1.821500000000000000e+03,9.933287672266868640e+01,2.002906986991875193e+00
1.822000000000000000e+03,9.934424103585361365e+01,2.002857303781569787e+00
1.822500000000000000e+03,9.935542985048655851e+01,2.002808393378874285e+00
1.823000000000000000e+03,9.936644367271277645e+01,2.002760253311174576e+00
1.823500000000000000e+03,9.937728306629850294e+01,2.002712880859189859e+00
1.824000000000000000e+03,9.938794865194817874e+01,2.002666273060045743e+00
1.824500000000000000e+03,9.939844110655091924e+01,2.002620426710651547e+00
1.825000000000000000e+03,9.940876116235862980e+01,2.002575338371365365e+00
1.825500000000000000e+03,9.941890960609900674e+01,2.002531004369934475e+00
1.826000000000000000e+03,9.942888727802611015e+01,2.002487420805703522e+00
1.826500000000000000e+03,9.943869507091164905e+01,2.002444583554071400e+00
1.827000000000000000e+03,9.944833392898010516e+01,2.002402488271183056e+00
1.827500000000000000e+03,9.945780484679075073e+01,2.002361130398850442e+00
1.828000000000000000e+03,9.946710886806968688e+01,2.002320505169678189e+00
1.828500000000000000e+03,9.947624708449524178e+01,2.002280607612387353e+00
1.829000000000000000e+03,9.948522063443959951e+01,2.002241432557325229e+00
1.829500000000000000e+03,9.949403070167021212e+01,2.002202974642138145e+00
1.830000000000000000e+03,9.950267851401380881e+01,2.002165228317603241e+00
1.830500000000000000e+03,9.951116534198635577e+01,2.002128187853601915e+00
1.831000000000000000e+03,9.951949249739197967e+01,2.002091847345219833e+00
1.831500000000000000e+03,9.952766133189400932e+01,2.002056200718965062e+00
1.832000000000000000e+03,9.953567323556109159e+01,2.002021241739084800e+00
1.832500000000000000e+03,9.954352963539136567e+01,2.001986964013973580e+00
1.833000000000000000e+03,9.955123199381780807e+01,2.001953361002658305e+00
1.833500000000000000e+03,9.955878180719727766e+01,2.001920426021347676e+00
1.834000000000000000e+03,9.956618060428652939e+01,2.001888152250031805e+00
1.834500000000000000e+03,9.957342994470747044e+01,2.001856532739127115e+00
1.835000000000000000e+03,9.958053141740477088e+01,2.001825560416146121e+00
1.835500000000000000e+03,9.958748663909814525e+01,2.001795228092387191e+00
1.836000000000000000e+03,9.959429725273191991e+01,2.001765528469631406e+00
1.836500000000000000e+03,9.960096492592450090e+01,2.001736454146838096e+00
1.837000000000000000e+03,9.960749134941977445e+01,2.001707997626823055e+00
1.837500000000000000e+03,9.961387823554311183e+01,2.001680151322918544e+00
1.838000000000000000e+03,9.962012731666395382e+01,2.001652907565598216e+00
1.838500000000000000e+03,9.962624034366717751e+01,2.001626258609060294e+00
1.839000000000000000e+03,9.963221908443520647e+01,2.001600196637764117e+00
1.839500000000000000e+03,9.963806532234303859e+01,2.001574713772904968e+00
1.840000000000000000e+03,9.964378085476771219e+01,2.001549802078824492e+00
1.840500000000000000e+03,9.964936749161438456e+01,2.001525453569348301e+00
1.841000000000000000e+03,9.965482705386031625e+01,2.001501660214040079e+00
1.841500000000000000e+03,9.966016137211867942e+01,2.001478413944372647e+00
1.842000000000000000e+03,9.966537228522356884e+01,2.001455706659799993e+00
1.842500000000000000e+03,9.967046163883762233e+01,2.001433530233735603e+00
1.843000000000000000e+03,9.967543128408362918e+01,2.001411876519418875e+00
1.843500000000000000e+03,9.968028307620139117e+01,2.001390737355675409e+00
1.844000000000000000e+03,9.968501887323103006e+01,2.001370104572561814e+00
1.844500000000000000e+03,9.968964053472369358e+01,2.001349969996885747e+00
1.845000000000000000e+03,9.969414992048081103e+01,2.001330325457608694e+00
1.845500000000000000e+03,9.969854888932277959e+01,2.001311162791113318e+00
1.846000000000000000e+03,9.970283929788789123e+01,2.001292473846345565e+00
1.846500000000000000e+03,9.970702299946222524e+01,2.001274250489817330e+00
1.847000000000000000e+03,9.971110184284127342e+01,2.001256484610475006e+00
1.847500000000000000e+03,9.971507767122385246e+01,2.001239168124425039e+00
1.848000000000000000e+03,9.971895232113887175e+01,2.001222292979519590e+00
1.848500000000000000e+03,9.972272762140534041e+01,2.001205851159796545e+00
1.849000000000000000e+03,9.972640539212611088e+01,2.001189834689774294e+00
1.849500000000000000e+03,9.972998744371548696e+01,2.001174235638601306e+00
1.850000000000000000e+03,9.973347557596129320e+01,2.001159046124053376e+00
1.850500000000000000e+03,9.973687157712116402e+01,2.001144258316386981e+00
1.851000000000000000e+03,9.974017722305354994e+01,2.001129864442040773e+00
1.851500000000000000e+03,9.974339427638318512e+01,2.001115856787188285e+00
1.852000000000000000e+03,9.974652448570138574e+01,2.001102227701140546e+00
1.852500000000000000e+03,9.974956958480073865e+01,2.001088969599602585e+00
1.853000000000000000e+03,9.975253129194435076e+01,2.001076074967777618e+00
1.853500000000000000e+03,9.975541130916940347e+01,2.001063536363324680e+00
1.854000000000000000e+03,9.975821132162479898e+01,2.001051346419172816e+00
1.854500000000000000e+03,9.976093299694265681e+01,2.001039497846183401e+00
1.855000000000000000e+03,9.976357798464337634e+01,2.001027983435672564e+00
1.855500000000000000e+03,9.976614791557388173e+01,2.001016796061791059e+00
1.856000000000000000e+03,9.976864440137869394e+01,2.001005928683759816e+00
1.856500000000000000e+03,9.977106903400343185e+01,2.000995374347969147e+00
1.857000000000000000e+03,9.977342338523020260e+01,2.000985126189937624e+00
1.857500000000000000e+03,9.977570900624444050e+01,2.000975177436140839e+00
1.858000000000000000e+03,9.977792742723272568e+01,2.000965521405702052e+00
1.858500000000000000e+03,9.978008015701081490e+01,2.000956151511955383e+00
1.859000000000000000e+03,9.978216868268165740e+01,2.000947061263880222e+00
1.859500000000000000e+03,9.978419446932232972e+01,2.000938244267411736e+00
1.860000000000000000e+03,9.978615895969966232e+01,2.000929694226626587e+00
1.860500000000000000e+03,9.978806357401370519e+01,2.000921404944811854e+00
1.861000000000000000e+03,9.978990970966823681e+01,2.000913370325415386e+00
1.861500000000000000e+03,9.979169874106796101e+01,2.000905584372882906e+00
1.862000000000000000e+03,9.979343201944131181e+01,2.000898041193385435e+00
1.862500000000000000e+03,9.979511087268839731e+01,2.000890734995438347e+00
1.863000000000000000e+03,9.979673660525318724e+01,2.000883660090417404e+00
1.863500000000000000e+03,9.979831049801921949e+01,2.000876810892971758e+00
1.864000000000000000e+03,9.979983380822817196e+01,2.000870181921341917e+00
1.864500000000000000e+03,9.980130776942036164e+01,2.000863767797582238e+00
1.865000000000000000e+03,9.980273359139650324e+01,2.000857563247692372e+00
1.865500000000000000e+03,9.980411246019988880e+01,2.000851563101660791e+00
1.866000000000000000e+03,9.980544553811822084e+01,2.000845762293426144e+00
1.866500000000000000e+03,9.980673396370437445e+01,2.000840155860754255e+00
1.867000000000000000e+03,9.980797885181512186e+01,2.000834738945042268e+00
1.867500000000000000e+03,9.980918129366718006e+01,2.000829506791045542e+00
1.868000000000000000e+03,9.981034235690979983e+01,2.000824454746533920e+00
1.868500000000000000e+03,9.981146308571297254e+01,2.000819578261884946e+00
1.869000000000000000e+03,9.981254450087060093e+01,2.000814872889607354e+00
1.869500000000000000e+03,9.981358759991779550e+01,2.000810334283809500e+00
1.870000000000000000e+03,9.981459335726152915e+01,2.000805958199606938e+00
1.870500000000000000e+03,9.981556272432388255e+01,2.000801740492479386e+00
1.871000000000000000e+03,9.981649662969709880e+01,2.000797677117573059e+00
1.871500000000000000e+03,9.981739597930982200e+01,2.000793764128961705e+00
1.872000000000000000e+03,9.981826165660352501e+01,2.000789997678857457e+00
1.872500000000000000e+03,9.981909452271865746e+01,2.000786374016784386e+00
1.873000000000000000e+03,9.981989541668959021e+01,2.000782889488714300e+00
1.873500000000000000e+03,9.982066515564787323e+01,2.000779540536165690e+00
1.874000000000000000e+03,9.982140453503272681e+01,2.000776323695272474e+00
1.874500000000000000e+03,9.982211432880856705e+01,2.000773235595825206e+00
1.875000000000000000e+03,9.982279528968848581e+01,2.000770272960282536e+00
1.875500000000000000e+03,9.982344814936315913e+01,2.000767432602765350e+00
1.876000000000000000e+03,9.982407361873470109e+01,2.000764711428024700e+00
1.876500000000000000e+03,9.982467238815448241e+01,2.000762106430395981e+00
1.877000000000000000e+03,9.982524512766462976e+01,2.000759614692739330e+00
1.877500000000000000e+03,9.982579248724239562e+01,2.000757233385363154e+00
1.878000000000000000e+03,9.982631509704685868e+01,2.000754959764944108e+00
1.878500000000000000e+03,9.982681356766745751e+01,2.000752791173433742e+00
1.879000000000000000e+03,9.982728849037356156e+01,2.000750725036966049e+00
1.879500000000000000e+03,9.982774043736489489e+01,2.000748758864758781e+00
1.880000000000000000e+03,9.982816996202191717e+01,2.000746890248016996e+00
1.880500000000000000e+03,9.982857759915589213e+01,2.000745116858837491e+00
1.881000000000000000e+03,9.982896386525803223e+01,2.000743436449116786e+00
1.881500000000000000e+03,9.982932925874717967e+01,2.000741846849470651e+00
1.882000000000000000e+03,9.982967426021581048e+01,2.000740345968153644e+00
1.882500000000000000e+03,9.982999933267349491e+01,2.000738931789996844e+00
1.883000000000000000e+03,9.983030492178778559e+01,2.000737602375354030e+00
1.883500000000000000e+03,9.983059145612180885e+01,2.000736355859061621e+00
1.884000000000000000e+03,9.983085934736833167e+01,2.000735190449417722e+00
1.884500000000000000e+03,9.983110899057977861e+01,2.000734104427176696e+00
1.885000000000000000e+03,9.983134076439395699e+01,2.000733096144560630e+00
1.885500000000000000e+03,9.983155503125490782e+01,2.000732164024298765e+00
1.886000000000000000e+03,9.983175213762889655e+01,2.000731306558680700e+00
1.886500000000000000e+03,9.983193241421467690e+01,2.000730522308639348e+00
1.887000000000000000e+03,9.983209617614828346e+01,2.000729809902858314e+00
1.887500000000000000e+03,9.983224372320162843e+01,2.000729168036903705e+00
1.888000000000000000e+03,9.983237533997471758e+01,2.000728595472384352e+00
1.888500000000000000e+03,9.983249129608130090e+01,2.000728091036145351e+00
1.889000000000000000e+03,9.983259184632761674e+01,2.000727653619482904e+00
1.889500000000000000e+03,9.983267723088393097e+01,2.000727282177400479e+00
1.890000000000000000e+03,9.983274767544868666e+01,2.000726975727891155e+00
1.890500000000000000e+03,9.983280339140505077e+01,2.000726733351254172e+00
1.891000000000000000e+03,9.983284457596961659e+01,2.000726554189447448e+00
1.891500000000000000e+03,9.983287141233297746e+01,2.000726437445473849e+00
1.892000000000000000e+03,9.983288406979215779e+01,2.000726382382805202e+00
1.892500000000000000e+03,9.983288270387457430e+01,2.000726388324840066e+00
1.893000000000000000e+03,9.983286745645337135e+01,2.000726454654401909e+00
1.893500000000000000e+03,9.983283845585413019e+01,2.000726580813275035e+00
1.894000000000000000e+03,9.983279581695246918e+01,2.000726766301776927e+00
1.894500000000000000e+03,9.983273964126289002e+01,2.000727010678373663e+00
1.895000000000000000e+03,9.983267001701825905e+01,2.000727313559331311e+00
1.895500000000000000e+03,9.983258701924012257e+01,2.000727674618411722e+00
1.896000000000000000e+03,9.983249070979965722e+01,2.000728093586606082e+00
1.896500000000000000e+03,9.983238113746917008e+01,2.000728570251911087e+00
1.897000000000000000e+03,9.983225833796407755e+01,2.000729104459145535e+00
1.897500000000000000e+03,9.983212233397523505e+01,2.000729696109811329e+00
1.898000000000000000e+03,9.983197313519171701e+01,2.000730345161993107e+00
1.898500000000000000e+03,9.983181073831377716e+01,2.000731051630302737e+00
1.899000000000000000e+03,9.983163512705623077e+01,2.000731815585865991e+00
1.899500000000000000e+03,9.983144627214184652e+01,2.000732637156350080e+00
1.900000000000000000e+03,9.983124413128518881e+01,2.000733516526035149e+00
1.900500000000000000e+03,9.983102864916652663e+01,2.000734453935930190e+00
1.901000000000000000e+03,9.983079975739602219e+01,2.000735449683927580e+00
1.901500000000000000e+03,9.983055737446808564e+01,2.000736504125003368e+00
1.902000000000000000e+03,9.983030140570609490e+01,2.000737617671459745e+00
1.902500000000000000e+03,9.983003174319728146e+01,2.000738790793207933e+00
1.903000000000000000e+03,9.982974826571798133e+01,2.000740024018096808e+00
1.903500000000000000e+03,9.982945083864935043e+01,2.000741317932279273e+00
1.904000000000000000e+03,9.982913931388338824e+01,2.000742673180623044e+00
1.904500000000000000e+03,9.982881352971961064e+01,2.000744090467163616e+00
1.905000000000000000e+03,9.982847331075222996e+01,2.000745570555594099e+00
1.905500000000000000e+03,9.982811846774806952e+01,2.000747114269801230e+00
1.906000000000000000e+03,9.982774879751535479e+01,2.000748722494436915e+00
1.906500000000000000e+03,9.982736408276326756e+01,2.000750396175531520e+00
1.907000000000000000e+03,9.982696409195264664e+01,2.000752136321146679e+00
1.907500000000000000e+03,9.982654857913789215e+01,2.000753944002065410e+00
1.908000000000000000e+03,9.982611728380011584e+01,2.000755820352521308e+00
1.908500000000000000e+03,9.982566993067182182e+01,2.000757766570962826e+00
1.909000000000000000e+03,9.982520622955323120e+01,2.000759783920857959e+00
1.909500000000000000e+03,9.982472587512043560e+01,2.000761873731531360e+00
1.910000000000000000e+03,9.982422854672554990e+01,2.000764037399036521e+00
1.910500000000000000e+03,9.982371390818916268e+01,2.000766276387065279e+00
1.911000000000000000e+03,9.982318160758508441e+01,2.000768592227884835e+00
1.911500000000000000e+03,9.982263127701794758e+01,2.000770986523312978e+00
1.912000000000000000e+03,9.982206253239348825e+01,2.000773460945721283e+00
1.912500000000000000e+03,9.982147497318220530e+01,2.000776017239067173e+00
1.913000000000000000e+03,9.982086818217615587e+01,2.000778657219959289e+00
1.913500000000000000e+03,9.982024172523971117e+01,2.000781382778745954e+00
1.914000000000000000e+03,9.981959515105401692e+01,2.000784195880633831e+00
1.914500000000000000e+03,9.981892799085592571e+01,2.000787098566828792e+00
1.915000000000000000e+03,9.981823975817131611e+01,2.000790092955705202e+00
1.915500000000000000e+03,9.981752994854339534e+01,2.000793181243992080e+00
1.916000000000000000e+03,9.981679803925622707e+01,2.000796365707985469e+00
1.916500000000000000e+03,9.981604348905376867e+01,2.000799648704778555e+00
1.917000000000000000e+03,9.981526573785482981e+01,2.000803032673508675e+00
1.917500000000000000e+03,9.981446420646437900e+01,2.000806520136623856e+00
1.918000000000000000e+03,9.981363829628148210e+01,2.000810113701161796e+00
1.918500000000000000e+03,9.981278738900428493e+01,2.000813816060043937e+00
1.919000000000000000e+03,9.981191084633258015e+01,2.000817629993377977e+00
1.919500000000000000e+03,9.981100800966808606e+01,2.000821558369775932e+00
1.920000000000000000e+03,9.981007819981327600e+01,2.000825604147673076e+00
1.920500000000000000e+03,9.980912071666881502e+01,2.000829770376657102e+00
1.921000000000000000e+03,9.980813483893028604e+01,2.000834060198801723e+00
1.921500000000000000e+03,9.980711982378464597e+01,2.000838476849999381e+00
1.922000000000000000e+03,9.980607490660686665e+01,2.000843023661296183e+00
1.922500000000000000e+03,9.980499930065717251e+01,2.000847704060221943e+00
1.923000000000000000e+03,9.980389219677957158e+01,2.000852521572120679e+00
1.923500000000000000e+03,9.980275276310202059e+01,2.000857479821469109e+00
1.924000000000000000e+03,9.980158014473886396e+01,2.000862582533189826e+00
1.924500000000000000e+03,9.980037346349594429e+01,2.000867833533951590e+00
1.925000000000000000e+03,9.979913181757918039e+01,2.000873236753457185e+00
1.925500000000000000e+03,9.979785428130689695e+01,2.000878796225715295e+00
1.926000000000000000e+03,9.979653990482661641e+01,2.000884516090291942e+00
1.926500000000000000e+03,9.979518771383692410e+01,2.000890400593545948e+00
1.927000000000000000e+03,9.979379670931493251e+01,2.000896454089834631e+00
1.927500000000000000e+03,9.979236586724985614e+01,2.000902681042698639e+00
1.928000000000000000e+03,9.979089413838353551e+01,2.000909086026017469e+00
1.928500000000000000e+03,9.978938044795830820e+01,2.000915673725130794e+00
1.929000000000000000e+03,9.978782369547285214e+01,2.000922448937931808e+00
1.929500000000000000e+03,9.978622275444679701e+01,2.000929416575917497e+00
1.930000000000000000e+03,9.978457647219455851e+01,2.000936581665204717e+00
1.930500000000000000e+03,9.978288366960907751e+01,2.000943949347504525e+00
1.931000000000000000e+03,9.978114314095617488e+01,2.000951524881047661e+00
1.931500000000000000e+03,9.977935365368001897e+01,2.000959313641468729e+00
1.932000000000000000e+03,9.977751394822043096e+01,2.000967321122634868e+00
1.932500000000000000e+03,9.977562273784278091e+01,2.000975552937426460e+00
1.933000000000000000e+03,9.977367870848081566e+01,2.000984014818460111e+00
1.933500000000000000e+03,9.977168051859334241e+01,2.000992712618753000e+00
1.934000000000000000e+03,9.976962679903536468e+01,2.001001652312327295e+00
1.934500000000000000e+03,9.976751615294408282e+01,2.001010839994752377e+00
1.935000000000000000e+03,9.976534715564072542e+01,2.001020281883617802e+00
1.935500000000000000e+03,9.976311835454852428e+01,2.001029984318938304e+00
1.936000000000000000e+03,9.976082826912771395e+01,2.001039953763491308e+00
1.936500000000000000e+03,9.975847539082799642e+01,2.001050196803071390e+00
1.937000000000000000e+03,9.975605818305909622e+01,2.001060720146678573e+00
1.937500000000000000e+03,9.975357508118007388e+01,2.001071530626618244e+00
1.938000000000000000e+03,9.975102449250798031e+01,2.001082635198526027e+00
1.938500000000000000e+03,9.974840479634625012e+01,2.001094040941303831e+00
1.939000000000000000e+03,9.974571434403361536e+01,2.001105755056971081e+00
1.939500000000000000e+03,9.974295145901398030e+01,2.001117784870428462e+00
1.940000000000000000e+03,9.974011443692766932e+01,2.001130137829128408e+00
1.940500000000000000e+03,9.973720154572480112e+01,2.001142821502654545e+00
1.941000000000000000e+03,9.973421102580103081e+01,2.001155843582202554e+00
1.941500000000000000e+03,9.973114109015619988e+01,2.001169211879967325e+00
1.942000000000000000e+03,9.972798992457643408e+01,2.001182934328431084e+00
1.942500000000000000e+03,9.972475568783991662e+01,2.001197018979546272e+00
1.943000000000000000e+03,9.972143651194693348e+01,2.001211474003821600e+00
1.943500000000000000e+03,9.971803050237427613e+01,2.001226307689300210e+00
1.944000000000000000e+03,9.971453573835465534e+01,2.001241528440434791e+00
1.944500000000000000e+03,9.971095027318112614e+01,2.001257144776853902e+00
1.945000000000000000e+03,9.970727213453700699e+01,2.001273165332023929e+00
1.945500000000000000e+03,9.970349932485139277e+01,2.001289598851797802e+00
1.946000000000000000e+03,9.969962982168048882e+01,2.001306454192857132e+00
1.946500000000000000e+03,9.969566157811493667e+01,2.001323740321045097e+00
1.947000000000000000e+03,9.969159252321330200e+01,2.001341466309584760e+00
1.947500000000000000e+03,9.968742056246161098e+01,2.001359641337190798e+00
1.948000000000000000e+03,9.968314357825926209e+01,2.001378274686066217e+00
1.948500000000000000e+03,9.967875943043097209e+01,2.001397375739790707e+00
1.949000000000000000e+03,9.967426595676504064e+01,2.001416953981096203e+00
1.949500000000000000e+03,9.966966097357752119e+01,2.001437018989534078e+00
1.950000000000000000e+03,9.966494227630236935e+01,2.001457580439029993e+00
1.950500000000000000e+03,9.966010764010728451e+01,2.001478648095331270e+00
1.951000000000000000e+03,9.965515482053496044e+01,2.001500231813346797e+00
1.951500000000000000e+03,9.965008155416954594e+01,2.001522341534378580e+00
1.952000000000000000e+03,9.964488555932784664e+01,2.001544987283249810e+00
1.952500000000000000e+03,9.963956453677492675e+01,2.001568179165328143e+00
1.953000000000000000e+03,9.963411617046362778e+01,2.001591927363450374e+00
1.953500000000000000e+03,9.962853812829753508e+01,2.001616242134742762e+00
1.954000000000000000e+03,9.962282806291669601e+01,2.001641133807349870e+00
1.954500000000000000e+03,9.961698361250553546e+01,2.001666612777067034e+00
1.955000000000000000e+03,9.961100240162232922e+01,2.001692689503880462e+00
1.955500000000000000e+03,9.960488204204926888e+01,2.001719374508422966e+00
1.956000000000000000e+03,9.959862013366264932e+01,2.001746678368342192e+00
1.956500000000000000e+03,9.959221426532188559e+01,2.001774611714588037e+00
1.957000000000000000e+03,9.958566201577674804e+01,2.001803185227627679e+00
1.957500000000000000e+03,9.957896095459173580e+01,2.001832409633581111e+00
1.958000000000000000e+03,9.957210864308642329e+01,2.001862295700296279e+00
1.958500000000000000e+03,9.956510263529074223e+01,2.001892854233355834e+00
1.959000000000000000e+03,9.955794047891406251e+01,2.001924096072026149e+00
1.959500000000000000e+03,9.955061971632670748e+01,2.001956032085157045e+00
1.960000000000000000e+03,9.954313788555278109e+01,2.001988673167030441e+00
1.960500000000000000e+03,9.953549252127271529e+01,2.002022030233168604e+00
1.961000000000000000e+03,9.952768115583431552e+01,2.002056114216108629e+00
1.961500000000000000e+03,9.951970132027075522e+01,2.002090936061143633e+00
1.962000000000000000e+03,9.951155054532398481e+01,2.002126506722046617e+00
1.962500000000000000e+03,9.950322636247193486e+01,2.002162837156773900e+00
1.963000000000000000e+03,9.949472630495800729e+01,2.002199938323161899e+00
1.963500000000000000e+03,9.948604790882096438e+01,2.002237821174622123e+00
1.964000000000000000e+03,9.947718871392370943e+01,2.002276496655839733e+00
1.964500000000000000e+03,9.946814626497896938e+01,2.002315975698489403e+00
1.965000000000000000e+03,9.945891811257017423e+01,2.002356269216968077e+00
1.965500000000000000e+03,9.944950181416571411e+01,2.002397388104157905e+00
1.966000000000000000e+03,9.943989493512451361e+01,2.002439343227230051e+00
1.966500000000000000e+03,9.943009504969114687e+01,2.002482145423486681e+00
1.967000000000000000e+03,9.942009974197848976e+01,2.002525805496263800e+00
1.967500000000000000e+03,9.940990660693586278e+01,2.002570334210892700e+00
1.968000000000000000e+03,9.939951325130083148e+01,2.002615742290732026e+00
1.968500000000000000e+03,9.938891729453247592e+01,2.002662040413280664e+00
1.969000000000000000e+03,9.937811636972422491e+01,2.002709239206378555e+00
1.969500000000000000e+03,9.936710812449425134e+01,2.002757349244502549e+00
1.970000000000000000e+03,9.935589022185133956e+01,2.002806381045170614e+00
1.970500000000000000e+03,9.934446034103439160e+01,2.002856345065455734e+00
1.971000000000000000e+03,9.933281617832341226e+01,2.002907251698626379e+00
1.971500000000000000e+03,9.932095544782022500e+01,2.002959111270914416e+00
1.972000000000000000e+03,9.930887588219704298e+01,2.003011934038424258e+00
1.972500000000000000e+03,9.929657523341082026e+01,2.003065730184184545e+00
1.973000000000000000e+03,9.928405127338204750e+01,2.003120509815359718e+00
1.973500000000000000e+03,9.927130179463593151e+01,2.003176282960617449e+00
1.974000000000000000e+03,9.925832461090465131e+01,2.003233059567667951e+00
1.974500000000000000e+03,9.924511755768902788e+01,2.003290849500976467e+00
1.975000000000000000e+03,9.923167849277845676e+01,2.003349662539655629e+00
1.975500000000000000e+03,9.921800529672783853e+01,2.003409508375544767e+00
1.976000000000000000e+03,9.920409587329032775e+01,2.003470396611478854e+00
1.976500000000000000e+03,9.918994814980537456e+01,2.003532336759749732e+00
1.977000000000000000e+03,9.917556007754119207e+01,2.003595338240766743e+00
1.977500000000000000e+03,9.916092963199129429e+01,2.003659410381913641e+00
1.978000000000000000e+03,9.914605481312501922e+01,2.003724562416604904e+00
1.978500000000000000e+03,9.913093364559216525e+01,2.003790803483540994e+00
1.979000000000000000e+03,9.911556417888229475e+01,2.003858142626159022e+00
1.979500000000000000e+03,9.909994448743930207e+01,2.003926588792277919e+00
1.980000000000000000e+03,9.908407267073276614e+01,2.003996150833930123e+00
1.980500000000000000e+03,9.906794685328755179e+01,2.004066837507373133e+00
1.981000000000000000e+03,9.905156518467384785e+01,2.004138657473275131e+00
1.981500000000000000e+03,9.903492583946021455e+01,2.004211619297056046e+00
1.982000000000000000e+03,9.901802701713309318e+01,2.004285731449380048e+00
1.982500000000000000e+03,9.900086694198621728e+01,2.004361002306771056e+00
1.983000000000000000e+03,9.898344386298492736e+01,2.004437440152343708e+00
1.983500000000000000e+03,9.896575605361022099e+01,2.004515053176615602e+00
1.984000000000000000e+03,9.894780181168903255e+01,2.004593849478380818e+00
1.984500000000000000e+03,9.892957945921735075e+01,2.004673837065615860e+00
1.985000000000000000e+03,9.891108734218441612e+01,2.004755023856373608e+00
1.985500000000000000e+03,9.889232383040678087e+01,2.004837417679637745e+00
1.986000000000000000e+03,9.887328731738250553e+01,2.004921026276083484e+00
1.986500000000000000e+03,9.885397622017683261e+01,2.005005857298700622e+00
1.987000000000000000e+03,9.883438897935197076e+01,2.005091918313219423e+00
1.987500000000000000e+03,9.881452405895529978e+01,2.005179216798276709e+00
1.988000000000000000e+03,9.879437994658158573e+01,2.005267760145258649e+00
1.988500000000000000e+03,9.877395515352679922e+01,2.005357555657730995e+00
1.989000000000000000e+03,9.875324821505257944e+01,2.005448610550384370e+00
1.989500000000000000e+03,9.873225769078285907e+01,2.005540931947391581e+00
1.990000000000000000e+03,9.871098216525567182e+01,2.005634526880077484e+00
1.990500000000000000e+03,9.868942024865594931e+01,2.005729402283787266e+00
1.991000000000000000e+03,9.866757057775730289e+01,2.005825564993825694e+00
1.991500000000000000e+03,9.864543181710332931e+01,2.005923021740333656e+00
1.992000000000000000e+03,9.862300266046180752e+01,2.006021779141951455e+00
1.992500000000000000e+03,9.860028183258823731e+01,2.006121843698109863e+00
1.993000000000000000e+03,9.857726809133792756e+01,2.006223221779764643e+00
1.993500000000000000e+03,9.855396023016952256e+01,2.006325919618394682e+00
1.994000000000000000e+03,9.853035708108590995e+01,2.006429943293047469e+00
1.994500000000000000e+03,9.850645751806251837e+01,2.006535298715210303e+00
1.995000000000000000e+03,9.848226046101633813e+01,2.006641991611271880e+00
1.995500000000000000e+03,9.845776488037330409e+01,2.006750027502306910e+00
1.996000000000000000e+03,9.843296980229561655e+01,2.006859411680915528e+00
1.996500000000000000e+03,9.840787431463441237e+01,2.006970149184809760e+00
1.997000000000000000e+03,9.838247757367811630e+01,2.007082244766844603e+00
1.997500000000000000e+03,9.835677881177029747e+01,2.007195702861145126e+00
1.998000000000000000e+03,9.833077734587565999e+01,2.007310527544981849e+00
1.998500000000000000e+03,9.830447258717656212e+01,2.007426722496017835e+00
1.999000000000000000e+03,9.827786405178663642e+01,2.007544290944531795e+00
1.999500000000000000e+03,9.825095137267183532e+01,2.007663235620208209e+00
2.000000000000000000e+03,9.822373431287246603e+01,2.007783558693064574e+00
2.000500000000000000e+03,9.819621278012263588e+01,2.007905261708077926e+00
2.001000000000000000e+03,9.816838684296611461e+01,2.008028345513050539e+00
2.001500000000000000e+03,9.814025674846861591e+01,2.008152810179259617e+00
2.002000000000000000e+03,9.811182294162730955e+01,2.008278654914424699e+00
2.002500000000000000e+03,9.808308608657739569e+01,2.008405877967525122e+00
2.003000000000000000e+03,9.805404708969355454e+01,2.008534476525019929e+00
2.003500000000000000e+03,9.802470712467982139e+01,2.008664446598023012e+00
2.004000000000000000e+03,9.799506765973573863e+01,2.008795782900026694e+00
2.004500000000000000e+03,9.796513048687774017e+01,2.008928478714790078e+00
2.005000000000000000e+03,9.793489775348398041e+01,2.009062525754067963e+00
2.005500000000000000e+03,9.790437199611591268e+01,2.009197914004904106e+00
2.006000000000000000e+03,9.787355617665221530e+01,2.009334631566315199e+00
2.006500000000000000e+03,9.784245372074815350e+01,2.009472664475258519e+00
2.007000000000000000e+03,9.781106855860736005e+01,2.009611996521924571e+00
2.007500000000000000e+03,9.777940516802041770e+01,2.009752609054512362e+00
2.008000000000000000e+03,9.774746861958836064e+01,2.009894480773829262e+00
2.008500000000000000e+03,9.771526462400549917e+01,2.010037587518233249e+00
2.009000000000000000e+03,9.768279958122660389e+01,2.010181902039676505e+00
2.009500000000000000e+03,9.765008063128757954e+01,2.010327393771838000e+00
2.010000000000000000e+03,9.761711570648567715e+01,2.010474028591636930e+00
2.010500000000000000e+03,9.758391358455540399e+01,2.010621768575726609e+00
2.011000000000000000e+03,9.755048394239928200e+01,2.010770571753909497e+00
2.011500000000000000e+03,9.751683740984965709e+01,2.010920391861809708e+00
2.012000000000000000e+03,9.748298562284777802e+01,2.011071178095525713e+00
2.012500000000000000e+03,9.744894127533213180e+01,2.011222874871437583e+00
2.013000000000000000e+03,9.741471816902915748e+01,2.011375421594784108e+00
2.013500000000000000e+03,9.738033126023891839e+01,2.011528752441088308e+00
2.014000000000000000e+03,9.734579670260680473e+01,2.011682796154982800e+00
2.014500000000000000e+03,9.731113188477395681e+01,2.011837475871439462e+00
2.015000000000000000e+03,9.727635546170535008e+01,2.011992708964849719e+00
2.015500000000000000e+03,9.724148737841099432e+01,2.012148406931785427e+00
2.016000000000000000e+03,9.720654888470387789e+01,2.012304475313630991e+00
2.016500000000000000e+03,9.717156253958569323e+01,2.012460813665511328e+00
2.017000000000000000e+03,9.713655220382091215e+01,2.012617315578124177e+00
2.017500000000000000e+03,9.710154301925722109e+01,2.012773868759096363e+00
2.018000000000000000e+03,9.706656137348183222e+01,2.012930355180386321e+00
2.018500000000000000e+03,9.703163484847254949e+01,2.013086651297944840e+00
2.019000000000000000e+03,9.699679215201609850e+01,2.013242628349372509e+00
2.019500000000000000e+03,9.696206303082738032e+01,2.013398152734588553e+00
2.020000000000000000e+03,9.692747816451510801e+01,2.013553086483603316e+00
2.020500000000000000e+03,9.689306903980487107e+01,2.013707287814280988e+00
2.021000000000000000e+03,9.685886780474855584e+01,2.013860611781570498e+00
2.021500000000000000e+03,9.682490710301863146e+01,2.014012911018004282e+00
2.022000000000000000e+03,9.679121988880193328e+01,2.014164036563380389e+00
2.022500000000000000e+03,9.675783922326445463e+01,2.014313838779473897e+00
2.023000000000000000e+03,9.672479805404519482e+01,2.014462168343397419e+00
2.023500000000000000e+03,9.669212897974271925e+01,2.014608877310921198e+00
2.024000000000000000e+03,9.665986400186618255e+01,2.014753820238733617e+00
2.024500000000000000e+03,9.662803426721806943e+01,2.014896855352332317e+00
2.025000000000000000e+03,9.659666980413780379e+01,2.015037845744101386e+00
2.025500000000000000e+03,9.656579925644621198e+01,2.015176660584221846e+00
2.026000000000000000e+03,9.653544961926965584e+01,2.015313176325459033e+00
2.026500000000000000e+03,9.650564598117081516e+01,2.015447277881706079e+00
2.027000000000000000e+03,9.647641127715471043e+01,2.015578859759438846e+00
2.027500000000000000e+03,9.644776605713929030e+01,2.015707827121113294e+00
2.028000000000000000e+03,9.641972827437096782e+01,2.015834096759955951e+00
2.028500000000000000e+03,9.639231309802194403e+01,2.015957597966667958e+00
2.029000000000000000e+03,9.636553275383035100e+01,2.016078273270226262e+00
2.029500000000000000e+03,9.633939639614160910e+01,2.016196079037218425e+00
2.030000000000000000e+03,9.631391001409507169e+01,2.016310985916911491e+00
2.030500000000000000e+03,9.628907637399085218e+01,2.016422979122467041e+00
2.031000000000000000e+03,9.626489499909183678e+01,2.016532058542266359e+00
2.031500000000000000e+03,9.624136218729177017e+01,2.016638238679044459e+00
2.032000000000000000e+03,9.621847106624207413e+01,2.016741548418383267e+00
2.032500000000000000e+03,9.619621168470536077e+01,2.016842030631870397e+00
2.033000000000000000e+03,9.617457113812504588e+01,2.016939741623809290e+00
2.033500000000000000e+03,9.615353372569131807e+01,2.017034750433638557e+00
2.034000000000000000e+03,9.613308113556993817e+01,2.017127138009032539e+00
2.034500000000000000e+03,9.611319265445939664e+01,2.017216996266987472e+00
2.035000000000000000e+03,9.609384539726642060e+01,2.017304427061951344e+00
2.035500000000000000e+03,9.607501455244796773e+01,2.017389541081179516e+00
2.036000000000000000e+03,9.605667363846066564e+01,2.017472456688042204e+00
2.036500000000000000e+03,9.603879476678048377e+01,2.017553298733929079e+00
2.037000000000000000e+03,9.602134890709947967e+01,2.017632197358781188e+00
2.037500000000000000e+03,9.600430615055628891e+01,2.017709286799151513e+00
2.038000000000000000e+03,9.598763596719851421e+01,2.017784704221184278e+00
2.038500000000000000e+03,9.597130745428806620e+01,2.017858588594013014e+00
2.039000000000000000e+03,9.595528957252568603e+01,2.017931079616988477e+00
2.039500000000000000e+03,9.593955136776838799e+01,2.018002316711878574e+00
2.040000000000000000e+03,9.592406217632579057e+01,2.018072438088860832e+00
2.040500000000000000e+03,9.590879181242898710e+01,2.018141579892813287e+00
2.041000000000000000e+03,9.589371073695677694e+01,2.018209875434166189e+00
2.041500000000000000e+03,9.587879020696347254e+01,2.018277454506497648e+00
2.042000000000000000e+03,9.586400240597309619e+01,2.018344442791113913e+00
2.042500000000000000e+03,9.584932055537782958e+01,2.018410961347171018e+00
2.043000000000000000e+03,9.583471900760081041e+01,2.018477126184405446e+00
2.043500000000000000e+03,9.582017332195262327e+01,2.018543047914321598e+00
2.044000000000000000e+03,9.580566032432692225e+01,2.018608831474677956e+00
2.044500000000000000e+03,9.579115815204612261e+01,2.018674575921368675e+00
2.045000000000000000e+03,9.577664628528540902e+01,2.018740374281242644e+00
2.045500000000000000e+03,9.576210556657689210e+01,2.018806313459076129e+00
2.046000000000000000e+03,9.574751820993100182e+01,2.018872474191724109e+00
2.046500000000000000e+03,9.573286780111300232e+01,2.018938931042498552e+00
2.047000000000000000e+03,9.571813929058585302e+01,2.019005752428903566e+00
2.047500000000000000e+03,9.570331898057959563e+01,2.019073000677106933e+00
2.048000000000000000e+03,9.568839450767917754e+01,2.019140732096832203e+00
2.048500000000000000e+03,9.567335482223933241e+01,2.019208997070709444e+00
2.049000000000000000e+03,9.565819016584273982e+01,2.019277840152567283e+00
2.049500000000000000e+03,9.564289204791822385e+01,2.019347300169576975e+00
2.050000000000000000e+03,9.562745322253253732e+01,2.019417410323633089e+00
2.050500000000000000e+03,9.561186766626570943e+01,2.019488198287819447e+00
2.051000000000000000e+03,9.559613055797537129e+01,2.019559686294289058e+00
2.051500000000000000e+03,9.558023826115459087e+01,2.019631891210331265e+00
2.052000000000000000e+03,9.556418830948818766e+01,2.019704824599862558e+00
2.052500000000000000e+03,9.554797939611738400e+01,2.019778492767996259e+00
2.053000000000000000e+03,9.553161136703057821e+01,2.019852896786772600e+00
2.053500000000000000e+03,9.551508521890967529e+01,2.019928032500523774e+00
2.054000000000000000e+03,9.549840310167641633e+01,2.020003890509745936e+00
2.054500000000000000e+03,9.548156832590085230e+01,2.020080456132703262e+00
2.055000000000000000e+03,9.546458537515346165e+01,2.020157709344381214e+00
2.055500000000000000e+03,9.544745992330456374e+01,2.020235624692743759e+00
2.056000000000000000e+03,9.543019885669565383e+01,2.020314171192615582e+00
2.056500000000000000e+03,9.541281030102993554e+01,2.020393312197864777e+00
2.057000000000000000e+03,9.539530365274997337e+01,2.020473005252928278e+00
2.057500000000000000e+03,9.537768961458979788e+01,2.020553201925085585e+00
2.058000000000000000e+03,9.535998023490658682e+01,2.020633847619274004e+00
2.058500000000000000e+03,9.534218895031118279e+01,2.020714881377632999e+00
2.059000000000000000e+03,9.532433063102882898e+01,2.020796235666368457e+00
2.059500000000000000e+03,9.530642162833007092e+01,2.020877836152954465e+00
2.060000000000000000e+03,9.528847982327710042e+01,2.020959601477142709e+00
2.060500000000000000e+03,9.527052467593439644e+01,2.021041443019674588e+00
2.061000000000000000e+03,9.525257727409277209e+01,2.021123264673086783e+00
2.061500000000000000e+03,9.523466038045650350e+01,2.021204962619446377e+00
2.062000000000000000e+03,9.521679847714317191e+01,2.021286425120332630e+00
2.062500000000000000e+03,9.519901780624844889e+01,2.021367532324842120e+00
2.063000000000000000e+03,9.518134640513446243e+01,2.021448156101828264e+00
2.063500000000000000e+03,9.516381413501395059e+01,2.021528159903012156e+00
2.064000000000000000e+03,9.514645270132538712e+01,2.021607398663959110e+00
2.064500000000000000e+03,9.512929566433051320e+01,2.021685718750222183e+00
2.065000000000000000e+03,9.511237843831884220e+01,2.021762957956195095e+00
2.065500000000000000e+03,9.509573827777728638e+01,2.021838945564341294e+00
2.066000000000000000e+03,9.507941424888235815e+01,2.021913502472483248e+00
2.066500000000000000e+03,9.506344718470016630e+01,2.021986441396727230e+00
2.067000000000000000e+03,9.504787962254182787e+01,2.022057567157308888e+00
2.067500000000000000e+03,9.503275572202130661e+01,2.022126677054199462e+00
2.068000000000000000e+03,9.501812116250366103e+01,2.022193561338664125e+00
2.068500000000000000e+03,9.500402301881727851e+01,2.022258003786102876e+00
2.069000000000000000e+03,9.499050961433593443e+01,2.022319782374428776e+00
2.069500000000000000e+03,9.497763035081574401e+01,2.022378670070938522e+00
2.070000000000000000e+03,9.496543551470010414e+01,2.022434435729093760e+00
2.070500000000000000e+03,9.495397605997760593e+01,2.022486845094901842e+00
2.071000000000000000e+03,9.494330336809325388e+01,2.022535661920622285e+00
2.071500000000000000e+03,9.493346898586392513e+01,2.022580649181422885e+00
2.072000000000000000e+03,9.492452434282856188e+01,2.022621570388348555e+00
2.072500000000000000e+03,9.491652044996278903e+01,2.022658190988610993e+00
2.073000000000000000e+03,9.490950758219305783e+01,2.022690279841838468e+00
2.073500000000000000e+03,9.490353494764627840e+01,2.022717610758538065e+00
2.074000000000000000e+03,9.489865034705000824e+01,2.022739964084791175e+00
2.074500000000000000e+03,9.489489982714201233e+01,2.022757128315072261e+00
2.075000000000000000e+03,9.489232733233801298e+01,2.022768901713260181e+00
2.075500000000000000e+03,9.489097435922914769e+01,2.022775093920373468e+00
2.076000000000000000e+03,9.489087961871871357e+01,2.022775527526432526e+00
2.076500000000000000e+03,9.489207871074930267e+01,2.022770039583186463e+00
2.077000000000000000e+03,9.489460381660471455e+01,2.022758483034279298e+00
2.077500000000000000e+03,9.489848341368758611e+01,2.022740728039827740e+00
2.078000000000000000e+03,9.490374201747084726e+01,2.022716663173349083e+00
2.078500000000000000e+03,9.491039995499595250e+01,2.022686196470508957e+00
2.079000000000000000e+03,9.491847317384997496e+01,2.022649256311261023e+00
2.079500000000000000e+03,9.492797309000441430e+01,2.022605792119551715e+00
2.080000000000000000e+03,9.493890647725319809e+01,2.022555774867814904e+00
2.080500000000000000e+03,9.495127540026433621e+01,2.022499197376916413e+00
2.081000000000000000e+03,9.496507719247681223e+01,2.022436074405914219e+00
2.081500000000000000e+03,9.498030447925579267e+01,2.022366442529861530e+00
2.082000000000000000e+03,9.499694524588824152e+01,2.022290359807830118e+00
2.082500000000000000e+03,9.501498294918197018e+01,2.022207905247165094e+00
2.083000000000000000e+03,9.503439667064870378e+01,2.022119178073707335e+00
2.083500000000000000e+03,9.505516130852777223e+01,2.022024296821087752e+00
2.084000000000000000e+03,9.507724780526179131e+01,2.021923398255251580e+00
2.084500000000000000e+03,9.510062340648545387e+01,2.021816636152920399e+00
2.085000000000000000e+03,9.512525194714726240e+01,2.021704179954765035e+00
2.085500000000000000e+03,9.515109416005809351e+01,2.021586213315547997e+00
2.086000000000000000e+03,9.517810800195668719e+01,2.021462932574420890e+00
2.086500000000000000e+03,9.520624899209762759e+01,2.021334545168906427e+00
2.087000000000000000e+03,9.523547055839962638e+01,2.021201268015905494e+00
2.087500000000000000e+03,9.526572438633199624e+01,2.021063325882348494e+00
2.088000000000000000e+03,9.529696076595401166e+01,2.020920949766949803e+00
2.088500000000000000e+03,9.532912893284274958e+01,2.020774375312976545e+00
2.089000000000000000e+03,9.536217739903344182e+01,2.020623841270059007e+00
2.089500000000000000e+03,9.539605427053798792e+01,2.020469588020964657e+00
2.090000000000000000e+03,9.543070754848486104e+01,2.020311856186979060e+00
2.090500000000000000e+03,9.546608541142126114e+01,2.020150885323168666e+00
2.091000000000000000e+03,9.550213647682265616e+01,2.019986912712419702e+00
2.091500000000000000e+03,9.553881004035022784e+01,2.019820172264806146e+00
2.092000000000000000e+03,9.557605629187443697e+01,2.019650893526591773e+00
2.092500000000000000e+03,9.561382650773022363e+01,2.019479300801080957e+00
2.093000000000000000e+03,9.565207321908111737e+01,2.019305612381600668e+00
2.093500000000000000e+03,9.569075035663915685e+01,2.019130039895189466e+00
2.094000000000000000e+03,9.572981337231095722e+01,2.018952787754063394e+00
2.094500000000000000e+03,9.576921933861625291e+01,2.018774052710656353e+00
2.095000000000000000e+03,9.580892702695395258e+01,2.018594023510997815e+00
2.095500000000000000e+03,9.584889696597166164e+01,2.018412880640360729e+00
2.096000000000000000e+03,9.588909148143184780e+01,2.018230796154503626e+00
2.096500000000000000e+03,9.592947471906310852e+01,2.018047933589412590e+00
2.097000000000000000e+03,9.597001265194265329e+01,2.017864447942208095e+00
2.097500000000000000e+03,9.601067307397978823e+01,2.017680485715801275e+00
2.098000000000000000e+03,9.605142558106521733e+01,2.017496185019927779e+00
2.098500000000000000e+03,9.609224154141986673e+01,2.017311675721362718e+00
2.099000000000000000e+03,9.613309405662661788e+01,2.017127079636376941e+00
2.099500000000000000e+03,9.617395791476009492e+01,2.016942510758825691e+00
2.100000000000000000e+03,9.621480953694958771e+01,2.016758075517669724e+00
2.100500000000000000e+03,9.625562691862036502e+01,2.016573873058137956e+00
2.101000000000000000e+03,9.629638956656310711e+01,2.016389995541226998e+00
2.101500000000000000e+03,9.633707843288146933e+01,2.016206528456682801e+00
2.102000000000000000e+03,9.637767584676819865e+01,2.016023550945103437e+00
2.102500000000000000e+03,9.641816544496018082e+01,2.015841136125261279e+00
2.103000000000000000e+03,9.645853210162624691e+01,2.015659351423201073e+00
2.103500000000000000e+03,9.649876185834823161e+01,2.015478258900111896e+00
2.104000000000000000e+03,9.653884185476735524e+01,2.015297915576377719e+00
2.104500000000000000e+03,9.657876026038485406e+01,2.015118373749603897e+00
2.105000000000000000e+03,9.661850620792888833e+01,2.014939681304773522e+00
2.105500000000000000e+03,9.665806972862834812e+01,2.014761882015013050e+00
2.106000000000000000e+03,9.669744168966980169e+01,2.014585015831753534e+00
2.106500000000000000e+03,9.673661373405516883e+01,2.014409119163333983e+00
2.107000000000000000e+03,9.677557822302530610e+01,2.014234225141334989e+00
2.107500000000000000e+03,9.681432818116813621e+01,2.014060363874156767e+00
2.108000000000000000e+03,9.685285724428904075e+01,2.013887562687520116e+00
2.108500000000000000e+03,9.689115961008556610e+01,2.013715846351748162e+00
2.109000000000000000e+03,9.692922999163729969e+01,2.013545237295822687e+00
2.109500000000000000e+03,9.696706357369598095e+01,2.013375755808321177e+00
2.110000000000000000e+03,9.700465597173820242e+01,2.013207420225444633e+00
2.110500000000000000e+03,9.704200319372455397e+01,2.013040247106431480e+00
2.111000000000000000e+03,9.707910160449435466e+01,2.012874251396716385e+00
2.111500000000000000e+03,9.711594789271218531e+01,2.012709446579239447e+00
2.112000000000000000e+03,9.715253904027359511e+01,2.012545844814370266e+00
2.112500000000000000e+03,9.718887229406972494e+01,2.012383457068919856e+00
2.113000000000000000e+03,9.722494514000550225e+01,2.012222293234754211e+00
2.113500000000000000e+03,9.726075527916289332e+01,2.012062362237519331e+00
2.114000000000000000e+03,9.729630060599828312e+01,2.011903672136010623e+00
2.114500000000000000e+03,9.733157918846316647e+01,2.011746230212707154e+00
2.115000000000000000e+03,9.736658924993709263e+01,2.011590043055991206e+00
2.115500000000000000e+03,9.740132915286372395e+01,2.011435116634570086e+00
2.116000000000000000e+03,9.743579738398268830e+01,2.011281456364597986e+00
2.116500000000000000e+03,9.746999254105278965e+01,2.011129067169988183e+00
2.117000000000000000e+03,9.750391332096528174e+01,2.010977953536383200e+00
2.117500000000000000e+03,9.753755850914950543e+01,2.010828119559241678e+00
2.118000000000000000e+03,9.757092697017696992e+01,2.010679568986471821e+00
2.118500000000000000e+03,9.760401763947410814e+01,2.010532305256030661e+00
2.119000000000000000e+03,9.763682951605802884e+01,2.010386331528882131e+00
2.119500000000000000e+03,9.766936165621366683e+01,2.010241650717690565e+00
2.120000000000000000e+03,9.770161316803539364e+01,2.010098265511602200e+00
2.120500000000000000e+03,9.773358320675967548e+01,2.009956178397453108e+00
2.121000000000000000e+03,9.776527097082039575e+01,2.009815391677716612e+00
2.121500000000000000e+03,9.779667569856158593e+01,2.009675907485488189e+00
2.122000000000000000e+03,9.782779666554698395e+01,2.009537727796781859e+00
2.122500000000000000e+03,9.785863318240939179e+01,2.009400854440405393e+00
2.123000000000000000e+03,9.788918459318634291e+01,2.009265289105646612e+00
2.123500000000000000e+03,9.791945027409252589e+01,2.009131033348007023e+00
2.124000000000000000e+03,9.794942963268240987e+01,2.008998088593184406e+00
2.124500000000000000e+03,9.797912210735997007e+01,2.008866456139509982e+00
2.125000000000000000e+03,9.800852716719549562e+01,2.008736137159005786e+00
2.125500000000000000e+03,9.803764431201230423e+01,2.008607132697247888e+00
2.126000000000000000e+03,9.806647307270893066e+01,2.008479443672174458e+00
2.126500000000000000e+03,9.809501301178518418e+01,2.008353070871993218e+00
2.127000000000000000e+03,9.812326372404255892e+01,2.008228014952309071e+00
2.127500000000000000e+03,9.815122483743225246e+01,2.008104276432604696e+00
2.128000000000000000e+03,9.817889601402583821e+01,2.007981855692172246e+00
2.128500000000000000e+03,9.820627695108595390e+01,2.007860752965606288e+00
2.129000000000000000e+03,9.823336738221610176e+01,2.007740968337949017e+00
2.129500000000000000e+03,9.826016707857058918e+01,2.007622501739569021e+00
2.130000000000000000e+03,9.828667585010735763e+01,2.007505352940853083e+00
2.130500000000000000e+03,9.831289354686767012e+01,2.007389521546779854e+00
2.131000000000000000e+03,9.833882006026868794e+01,2.007275006991439792e+00
2.131500000000000000e+03,9.836445532439576311e+01,2.007161808532555103e+00
2.132000000000000000e+03,9.838979931728285067e+01,2.007049925246054745e+00
2.132500000000000000e+03,9.841485206217060977e+01,2.006939356020746246e+00
2.133000000000000000e+03,9.843961362873280052e+01,2.006830099553130076e+00
2.133500000000000000e+03,9.846408413426259187e+01,2.006722154342385434e+00
2.134000000000000000e+03,9.848826374481137691e+01,2.006615518685570532e+00
2.134500000000000000e+03,9.851215267627365790e+01,2.006510190673052030e+00
2.135000000000000000e+03,9.853575119541226002e+01,2.006406168184199146e+00
2.135500000000000000e+03,9.855905962081889982e+01,2.006303448883358875e+00
2.136000000000000000e+03,9.858207832380585955e+01,2.006202030216129195e+00
2.136500000000000000e+03,9.860480772922538506e+01,2.006101909405948014e+00
2.137000000000000000e+03,9.862724831621338240e+01,2.006003083451009417e+00
2.137500000000000000e+03,9.864940061885550904e+01,2.005905549121515197e+00
2.138000000000000000e+03,9.867126522677332900e+01,2.005809302957274554e+00
2.138500000000000000e+03,9.869284278562919610e+01,2.005714341265650180e+00
2.139000000000000000e+03,9.871413399754894158e+01,2.005620660119864063e+00
2.139500000000000000e+03,9.873513962146155620e+01,2.005528255357654555e+00
2.140000000000000000e+03,9.875586047335585249e+01,2.005437122580295384e+00
2.140500000000000000e+03,9.877629742645387978e+01,2.005347257151967710e+00
2.141000000000000000e+03,9.879645141130168895e+01,2.005258654199489676e+00
2.141500000000000000e+03,9.881632341577802947e+01,2.005171308612393233e+00
2.142000000000000000e+03,9.883591448502194510e+01,2.005085215043350466e+00
2.142500000000000000e+03,9.885522572128031982e+01,2.005000367908940095e+00
2.143000000000000000e+03,9.887425828367672409e+01,2.004916761390747926e+00
2.143500000000000000e+03,9.889301338790332352e+01,2.004834389436797260e+00
2.144000000000000000e+03,9.891149230583718577e+01,2.004753245763295944e+00
2.144500000000000000e+03,9.892969636508324527e+01,2.004673323856697387e+00
2.145000000000000000e+03,9.894762694844567363e+01,2.004594616976065335e+00
2.145500000000000000e+03,9.896528549332983005e+01,2.004517118155726862e+00
2.146000000000000000e+03,9.898267349107710800e+01,2.004440820208214458e+00
2.146500000000000000e+03,9.899979248623492367e+01,2.004365715727475905e+00
2.147000000000000000e+03,9.901664407576430449e+01,2.004291797092349725e+00
2.147500000000000000e+03,9.903322990818750782e+01,2.004219056470292415e+00
2.148000000000000000e+03,9.904955168267825627e+01,2.004147485821341057e+00
2.148500000000000000e+03,9.906561114809710489e+01,2.004077076902313070e+00
2.149000000000000000e+03,9.908141010197469711e+01,2.004007821271215128e+00
2.149500000000000000e+03,9.909695038944538226e+01,2.003939710291865239e+00
2.150000000000000000e+03,9.911223390213400819e+01,2.003872735138704009e+00
2.150500000000000000e+03,9.912726257699851828e+01,2.003806886801794196e+00
2.151000000000000000e+03,9.914203839513112371e+01,2.003742156091986804e+00
2.151500000000000000e+03,9.915656338052055219e+01,2.003678533646249704e+00
2.152000000000000000e+03,9.917083959877838595e+01,2.003616009933142816e+00
2.152500000000000000e+03,9.918486915583177677e+01,2.003554575258434056e+00
2.153000000000000000e+03,9.919865419658552241e+01,2.003494219770834750e+00
2.153500000000000000e+03,9.921219690355599141e+01,2.003434933467854506e+00
2.154000000000000000e+03,9.922549949547952508e+01,2.003376706201756452e+00
2.154500000000000000e+03,9.923856422589783222e+01,2.003319527685605728e+00
2.155000000000000000e+03,9.925139338172306225e+01,2.003263387499398807e+00
2.155500000000000000e+03,9.926398928178494430e+01,2.003208275096265201e+00
2.156000000000000000e+03,9.927635427536240798e+01,2.003154179808726010e+00
2.156500000000000000e+03,9.928849074070228653e+01,2.003101090855008426e+00
2.157000000000000000e+03,9.930040108352724815e+01,2.003048997345395321e+00
2.157500000000000000e+03,9.931208773553530023e+01,2.002997888288608141e+00
2.158000000000000000e+03,9.932355315289336772e+01,2.002947752598209341e+00
2.158500000000000000e+03,9.933479981472673614e+01,2.002898579099020360e+00
2.159000000000000000e+03,9.934583022160680343e+01,2.002850356533536935e+00
2.159500000000000000e+03,9.935664689403913030e+01,2.002803073568344416e+00
2.160000000000000000e+03,9.936725237095377850e+01,2.002756718800514424e+00
2.160500000000000000e+03,9.937764920819988390e+01,2.002711280763981527e+00
2.161000000000000000e+03,9.938783997704641138e+01,2.002666747935889280e+00
2.161500000000000000e+03,9.939782726269083923e+01,2.002623108742898950e+00
2.162000000000000000e+03,9.940761366277759237e+01,2.002580351567451178e+00
2.162500000000000000e+03,9.941720178592788670e+01,2.002538464753978342e+00
2.163000000000000000e+03,9.942659425028256237e+01,2.002497436615056969e+00
2.163500000000000000e+03,9.943579368205955404e+01,2.002457255437491757e+00
2.164000000000000000e+03,9.944480271412734851e+01,2.002417909488335646e+00
2.164500000000000000e+03,9.945362398459603526e+01,2.002379387020822410e+00
2.165000000000000000e+03,9.946226013542711542e+01,2.002341676280226856e+00
2.165500000000000000e+03,9.947071381106334798e+01,2.002304765509629547e+00
2.166000000000000000e+03,9.947898765708009705e+01,2.002268642955589595e+00
2.166500000000000000e+03,9.948708431885897596e+01,2.002233296873722868e+00
2.167000000000000000e+03,9.949500644028510976e+01,2.002198715534176277e+00
2.167500000000000000e+03,9.950275666246889728e+01,2.002164887226991485e+00
2.168000000000000000e+03,9.951033762249335268e+01,2.002131800267366479e+00
2.168500000000000000e+03,9.951775195218766612e+01,2.002099443000795453e+00
2.169000000000000000e+03,9.952500227692814860e+01,2.002067803808096347e+00
2.169500000000000000e+03,9.953209121446688812e+01,2.002036871110316696e+00
2.170000000000000000e+03,9.953902137378923953e+01,2.002006633373515143e+00
2.170500000000000000e+03,9.954579535400038992e+01,2.001977079113419045e+00
2.171000000000000000e+03,9.955241574324186615e+01,2.001948196899954624e+00
2.171500000000000000e+03,9.955888511763826898e+01,2.001919975361643012e+00
2.172000000000000000e+03,9.956520604027481625e+01,2.001892403189872827e+00
2.172500000000000000e+03,9.957138106020610735e+01,2.001865469143028875e+00
2.173000000000000000e+03,9.957741271149627948e+01,2.001839162050494725e+00
2.173500000000000000e+03,9.958330351229099620e+01,2.001813470816516727e+00
2.174000000000000000e+03,9.958905596392145299e+01,2.001788384423929035e+00
2.174500000000000000e+03,9.959467255004062736e+01,2.001763891937745399e+00
2.175000000000000000e+03,9.960015573579170223e+01,2.001739982508609739e+00
2.175500000000000000e+03,9.960550796700904641e+01,2.001716645376111270e+00
2.176000000000000000e+03,9.961073166945152479e+01,2.001693869871960185e+00
2.176500000000000000e+03,9.961582924806832295e+01,2.001671645423025225e+00
2.177000000000000000e+03,9.962080308629704462e+01,2.001649961554232693e+00
2.177500000000000000e+03,9.962565554539419566e+01,2.001628807891332684e+00
2.178000000000000000e+03,9.963038896379769938e+01,2.001608174163521436e+00
2.178500000000000000e+03,9.963500565652145724e+01,2.001588050205934888e+00
2.179000000000000000e+03,9.963950791458161405e+01,2.001568425962001907e+00
2.179500000000000000e+03,9.964389800445434275e+01,2.001549291485668736e+00
2.180000000000000000e+03,9.964817816756487900e+01,2.001530636943485764e+00
2.180500000000000000e+03,9.965235061980736475e+01,2.001512452616567739e+00
2.181000000000000000e+03,9.965641755109541577e+01,2.001494728902421638e+00
2.181500000000000000e+03,9.966038112494273093e+01,2.001477456316647086e+00
2.182000000000000000e+03,9.966424347807353001e+01,2.001460625494510648e+00
2.182500000000000000e+03,9.966800672006242223e+01,2.001444227192395342e+00
2.183000000000000000e+03,9.967167293300305175e+01,2.001428252289128906e+00
2.183500000000000000e+03,9.967524417120526437e+01,2.001412691787191278e+00
2.184000000000000000e+03,9.967872246092021271e+01,2.001397536813800393e+00
2.184500000000000000e+03,9.968210980009281741e+01,2.001382778621888292e+00
2.185000000000000000e+03,9.968540815814115774e+01,2.001368408590957326e+00
2.185500000000000000e+03,9.968861947576215243e+01,2.001354418227828003e+00
2.186000000000000000e+03,9.969174566476303312e+01,2.001340799167278917e+00
2.186500000000000000e+03,9.969478860791799946e+01,2.001327543172576107e+00
2.187000000000000000e+03,9.969775015884940217e+01,2.001314642135903377e+00
2.187500000000000000e+03,9.970063214193299928e+01,2.001302088078686037e+00
2.188000000000000000e+03,9.970343635222646128e+01,2.001289873151820942e+00
2.188500000000000000e+03,9.970616455542067058e+01,2.001277989635807053e+00
2.189000000000000000e+03,9.970881848781311874e+01,2.001266429940784519e+00
2.189500000000000000e+03,9.971139985630273372e+01,2.001255186606480940e+00
2.190000000000000000e+03,9.971391033840556872e+01,2.001244252302072368e+00
2.190500000000000000e+03,9.971635158229057083e+01,2.001233619825956822e+00
2.191000000000000000e+03,9.971872520683494656e+01,2.001223282105447865e+00
2.191500000000000000e+03,9.972103280169829986e+01,2.001213232196385583e+00
2.192000000000000000e+03,9.972327592741503111e+01,2.001203463282675177e+00
2.192500000000000000e+03,9.972545611550424383e+01,2.001193968675745172e+00
2.193000000000000000e+03,9.972757486859651976e+01,2.001184741813942569e+00
2.193500000000000000e+03,9.972963366057696533e+01,2.001175776261851169e+00
2.194000000000000000e+03,9.973163393674377630e+01,2.001167065709551718e+00
2.194500000000000000e+03,9.973357711398178083e+01,2.001158603971814109e+00
2.195000000000000000e+03,9.973546458095025002e+01,2.001150384987231412e+00
2.195500000000000000e+03,9.973729769828432268e+01,2.001142402817297050e+00
2.196000000000000000e+03,9.973907779880951807e+01,2.001134651645426032e+00
2.196500000000000000e+03,9.974080618776852702e+01,2.001127125775924664e+00
2.197000000000000000e+03,9.974248414305986898e+01,2.001119819632911856e+00
2.197500000000000000e+03,9.974411291548760516e+01,2.001112727759191134e+00
2.198000000000000000e+03,9.974569372902172404e+01,2.001105844815081358e+00
2.198500000000000000e+03,9.974722778106828969e+01,2.001099165577203909e+00
2.199000000000000000e+03,9.974871624274916826e+01,2.001092684937232136e+00
2.199500000000000000e+03,9.975016025919043727e+01,2.001086397900600833e+00
2.200000000000000000e+03,9.975156094981892352e+01,2.001080299585186406e+00
2.200500000000000000e+03,9.975291940866664220e+01,2.001074385219951068e+00
2.201000000000000000e+03,9.975423670468209991e+01,2.001068650143559058e+00
2.201500000000000000e+03,9.975551388204841885e+01,2.001063089802964434e+00
2.202000000000000000e+03,9.975675196050731586e+01,2.001057699751975782e+00
2.202500000000000000e+03,9.975795193568883690e+01,2.001052475649796047e+00
2.203000000000000000e+03,9.975911477944596584e+01,2.001047413259541941e+00
2.203500000000000000e+03,9.976024144019393702e+01,2.001042508446744694e+00
2.204000000000000000e+03,9.976133284325359796e+01,2.001037757177834830e+00
2.204500000000000000e+03,9.976238989119839573e+01,2.001033155518611384e+00
2.205000000000000000e+03,9.976341346420458933e+01,2.001028699632696473e+00
2.205500000000000000e+03,9.976440442040417622e+01,2.001024385779982762e+00
2.206000000000000000e+03,9.976536359624019212e+01,2.001020210315069381e+00
2.206500000000000000e+03,9.976629180682392928e+01,2.001016169685689405e+00
2.207000000000000000e+03,9.976718984629363263e+01,2.001012260431132006e+00
2.207500000000000000e+03,9.976805848817443234e+01,2.001008479180664157e+00
2.208000000000000000e+03,9.976889848573893005e+01,2.001004822651942572e+00
2.208500000000000000e+03,9.976971057236838192e+01,2.001001287649431859e+00
2.209000000000000000e+03,9.977049546191372542e+01,2.000997871062817790e+00
2.209500000000000000e+03,9.977125384905660610e+01,2.000994569865425010e+00
2.210000000000000000e+03,9.977198640966960852e+01,2.000991381112636525e+00
2.210500000000000000e+03,9.977269380117574826e+01,2.000988301940319403e+00
2.211000000000000000e+03,9.977337666290675600e+01,2.000985329563254034e+00
2.211500000000000000e+03,9.977403561645991203e+01,2.000982461273570934e+00
2.212000000000000000e+03,9.977467126605317560e+01,2.000979694439196432e+00
2.212500000000000000e+03,9.977528419887825351e+01,2.000977026502307243e+00
2.213000000000000000e+03,9.977587498545167932e+01,2.000974454977793471e+00
2.213500000000000000e+03,9.977644417996314985e+01,2.000971977451734052e+00
2.214000000000000000e+03,9.977699232062145995e+01,2.000969591579885520e+00
2.214500000000000000e+03,9.977751992999739628e+01,2.000967295086180986e+00
2.215000000000000000e+03,9.977802751536364667e+01,2.000965085761243767e+00
2.215500000000000000e+03,9.977851556903144115e+01,2.000962961460917455e+00
2.216000000000000000e+03,9.977898456868369692e+01,2.000960920104808416e+00
2.216500000000000000e+03,9.977943497770471026e+01,2.000958959674846493e+00
2.217000000000000000e+03,9.977986724550595454e+01,2.000957078213860374e+00
2.217500000000000000e+03,9.978028180784806977e+01,2.000955273824171599e+00
2.218000000000000000e+03,9.978067908715885892e+01,2.000953544666207673e+00
2.218500000000000000e+03,9.978105949284702092e+01,2.000951888957128055e+00
2.219000000000000000e+03,9.978142342161171996e+01,2.000950304969476345e+00
2.219500000000000000e+03,9.978177125774777778e+01,2.000948791029847129e+00
2.220000000000000000e+03,9.978210337344636116e+01,2.000947345517571474e+00
2.220500000000000000e+03,9.978242012909115033e+01,2.000945966863427739e+00
2.221000000000000000e+03,9.978272187354984624e+01,2.000944653548366592e+00
2.221500000000000000e+03,9.978300894446100244e+01,2.000943404102260459e+00
2.222000000000000000e+03,9.978328166851608216e+01,2.000942217102674281e+00
2.222500000000000000e+03,9.978354036173668362e+01,2.000941091173653597e+00
2.223000000000000000e+03,9.978378532974689108e+01,2.000940024984539711e+00
2.223500000000000000e+03,9.978401686804066628e+01,2.000939017248800411e+00
2.224000000000000000e+03,9.978423526224440820e+01,2.000938066722887321e+00
2.224500000000000000e+03,9.978444078837441111e+01,2.000937172205111025e+00
2.225000000000000000e+03,9.978463371308936303e+01,2.000936332534542395e+00
2.225500000000000000e+03,9.978481429393778512e+01,2.000935546589932557e+00
2.226000000000000000e+03,9.978498277960055418e+01,2.000934813288654635e+00
2.226500000000000000e+03,9.978513941012820965e+01,2.000934131585670794e+00
2.227000000000000000e+03,9.978528441717332953e+01,2.000933500472519722e+00
2.227500000000000000e+03,9.978541802421787565e+01,2.000932918976323194e+00
2.228000000000000000e+03,9.978554044679546564e+01,2.000932386158820186e+00
2.228500000000000000e+03,9.978565189270858582e+01,2.000931901115417411e+00
2.229000000000000000e+03,9.978575256224094403e+01,2.000931462974266939e+00
2.229500000000000000e+03,9.978584264836464968e+01,2.000931070895360264e+00
2.230000000000000000e+03,9.978592233694259050e+01,2.000930724069649003e+00
2.230500000000000000e+03,9.978599180692583559e+01,2.000930421718182917e+00
2.231000000000000000e+03,9.978605123054609294e+01,2.000930163091273251e+00
2.231500000000000000e+03,9.978610077350333540e+01,2.000929947467673387e+00
2.232000000000000000e+03,9.978614059514858070e+01,2.000929774153783036e+00
2.232500000000000000e+03,9.978617084866196763e+01,2.000929642482872861e+00
2.233000000000000000e+03,9.978619168122592953e+01,2.000929551814330853e+00
2.233500000000000000e+03,9.978620323419373506e+01,2.000929501532926480e+00
2.234000000000000000e+03,9.978620564325345299e+01,2.000929491048096587e+00
2.234500000000000000e+03,9.978619903858714224e+01,2.000929519793254396e+00
2.235000000000000000e+03,9.978618354502556542e+01,2.000929587225112716e+00
2.235500000000000000e+03,9.978615928219842601e+01,2.000929692823030681e+00
2.236000000000000000e+03,9.978612636468002961e+01,2.000929836088380043e+00
2.236500000000000000e+03,9.978608490213062510e+01,2.000930016543928325e+00
2.237000000000000000e+03,9.978603499943334043e+01,2.000930233733243746e+00
2.237500000000000000e+03,9.978597675682684098e+01,2.000930487220117016e+00
2.238000000000000000e+03,9.978591027003372460e+01,2.000930776588001336e+00
2.238500000000000000e+03,9.978583563038468185e+01,2.000931101439473281e+00
2.239000000000000000e+03,9.978575292493857773e+01,2.000931461395708766e+00
2.239500000000000000e+03,9.978566223659841228e+01,2.000931856095978567e+00
2.240000000000000000e+03,9.978556364422328784e+01,2.000932285197160709e+00
2.240500000000000000e+03,9.978545722273634055e+01,2.000932748373270620e+00
2.241000000000000000e+03,9.978534304322873538e+01,2.000933245315008158e+00
2.241500000000000000e+03,9.978522117305996630e+01,2.000933775729320629e+00
2.242000000000000000e+03,9.978509167595409224e+01,2.000934339338984458e+00
2.242500000000000000e+03,9.978495461209242023e+01,2.000934935882202392e+00
2.243000000000000000e+03,9.978481003820238016e+01,2.000935565112214043e+00
2.243500000000000000e+03,9.978465800764276139e+01,2.000936226796927286e+00
2.244000000000000000e+03,9.978449857048538263e+01,2.000936920718562106e+00
2.244500000000000000e+03,9.978433177359315209e+01,2.000937646673309089e+00
2.245000000000000000e+03,9.978415766069468873e+01,2.000938404471007903e+00
2.245500000000000000e+03,9.978397627245544754e+01,2.000939193934835103e+00
2.246000000000000000e+03,9.978378764654542010e+01,2.000940014901009700e+00
2.246500000000000000e+03,9.978359181770352393e+01,2.000940867218514274e+00
2.247000000000000000e+03,9.978338881779868075e+01,2.000941750748828074e+00
2.247500000000000000e+03,9.978317867588749834e+01,2.000942665365675666e+00
2.248000000000000000e+03,9.978296141826889709e+01,2.000943610954791119e+00
2.248500000000000000e+03,9.978273706853541114e+01,2.000944587413691522e+00
2.249000000000000000e+03,9.978250564762136321e+01,2.000945594651470927e+00
2.249500000000000000e+03,9.978226717384794142e+01,2.000946632588601837e+00
2.250000000000000000e+03,9.978202166296517817e+01,2.000947701156753578e+00
2.250500000000000000e+03,9.978176912819087363e+01,2.000948800298622210e+00
2.251000000000000000e+03,9.978150958024652084e+01,2.000949929967775542e+00
2.251500000000000000e+03,9.978124302739016116e+01,2.000951090128508358e+00
2.252000000000000000e+03,9.978096947544636919e+01,2.000952280755713630e+00
2.252500000000000000e+03,9.978068892783323918e+01,2.000953501834765280e+00
2.253000000000000000e+03,9.978040138558650085e+01,2.000954753361412042e+00
2.253500000000000000e+03,9.978010684738063674e+01,2.000956035341685979e+00
2.254000000000000000e+03,9.977980530954727101e+01,2.000957347791823882e+00
2.254500000000000000e+03,9.977949676609058827e+01,2.000958690738198875e+00
2.255000000000000000e+03,9.977918120869991014e+01,2.000960064217266687e+00
2.255500000000000000e+03,9.977885862675952922e+01,2.000961468275522570e+00
2.256000000000000000e+03,9.977852900735560127e+01,2.000962902969471546e+00
2.256500000000000000e+03,9.977819233528029486e+01,2.000964368365611090e+00
2.257000000000000000e+03,9.977784859303315557e+01,2.000965864540424022e+00
2.257500000000000000e+03,9.977749776081959965e+01,2.000967391580387833e+00
2.258000000000000000e+03,9.977713981654666497e+01,2.000968949581990231e+00
2.258500000000000000e+03,9.977677473581586298e+01,2.000970538651762887e+00
2.259000000000000000e+03,9.977640249191341582e+01,2.000972158906323628e+00
2.259500000000000000e+03,9.977602305579745234e+01,2.000973810472431946e+00
2.260000000000000000e+03,9.977563639608257517e+01,2.000975493487055612e+00
2.260500000000000000e+03,9.977524247902150023e+01,2.000977208097454163e+00
2.261000000000000000e+03,9.977484126848388257e+01,2.000978954461266834e+00
2.261500000000000000e+03,9.977443272593228585e+01,2.000980732746622248e+00
2.262000000000000000e+03,9.977401681039533798e+01,2.000982543132250768e+00
2.262500000000000000e+03,9.977359347843788839e+01,2.000984385807619059e+00
2.263000000000000000e+03,9.977316268412837985e+01,2.000986260973069530e+00
2.263500000000000000e+03,9.977272437900322188e+01,2.000988168839977099e+00
2.264000000000000000e+03,9.977227851202817988e+01,2.000990109630917946e+00
2.264500000000000000e+03,9.977182502955690779e+01,2.000992083579848480e+00
2.265000000000000000e+03,9.977136387528629768e+01,2.000994090932303404e+00
2.265500000000000000e+03,9.977089499020894436e+01,2.000996131945599554e+00
2.266000000000000000e+03,9.977041831256238424e+01,2.000998206889059716e+00
2.266500000000000000e+03,9.976993377777537830e+01,2.001000316044246219e+00
2.267000000000000000e+03,9.976944131841089813e+01,2.001002459705210068e+00
2.267500000000000000e+03,9.976894086410598561e+01,2.001004638178751627e+00
2.268000000000000000e+03,9.976843234150841511e+01,2.001006851784699503e+00
2.268500000000000000e+03,9.976791567420994511e+01,2.001009100856198764e+00
2.269000000000000000e+03,9.976739078267642924e+01,2.001011385740018689e+00
2.269500000000000000e+03,9.976685758417436034e+01,2.001013706796870739e+00
2.270000000000000000e+03,9.976631599269410344e+01,2.001016064401745176e+00
2.270500000000000000e+03,9.976576591886960443e+01,2.001018458944260114e+00
2.271000000000000000e+03,9.976520726989463128e+01,2.001020890829027454e+00
2.271500000000000000e+03,9.976463994943529201e+01,2.001023360476034352e+00
2.272000000000000000e+03,9.976406385753901418e+01,2.001025868321039347e+00
2.272500000000000000e+03,9.976347889053977269e+01,2.001028414815988032e+00
2.273000000000000000e+03,9.976288494095955173e+01,2.001031000429440709e+00
2.273500000000000000e+03,9.976228189740592711e+01,2.001033625647019143e+00
2.274000000000000000e+03,9.976166964446585439e+01,2.001036290971872411e+00
2.274500000000000000e+03,9.976104806259534996e+01,2.001038996925154301e+00
2.275000000000000000e+03,9.976041702800520738e+01,2.001041744046525572e+00
2.275500000000000000e+03,9.975977641254262096e+01,2.001044532894667771e+00
2.276000000000000000e+03,9.975912608356857447e+01,2.001047364047820132e+00
2.276500000000000000e+03,9.975846590383099510e+01,2.001050238104330248e+00
2.277000000000000000e+03,9.975779573133360145e+01,2.001053155683230056e+00
2.277500000000000000e+03,9.975711541920033198e+01,2.001056117424823810e+00
2.278000000000000000e+03,9.975642481553522600e+01,2.001059123991301369e+00
2.278500000000000000e+03,9.975572376327789925e+01,2.001062176067368359e+00
2.279000000000000000e+03,9.975501210005417363e+01,2.001065274360898094e+00
2.279500000000000000e+03,9.975428965802217363e+01,2.001068419603603488e+00
2.280000000000000000e+03,9.975355626371353424e+01,2.001071612551728940e+00
2.280500000000000000e+03,9.975281173786966349e+01,2.001074853986765323e+00
2.281000000000000000e+03,9.975205589527320171e+01,2.001078144716186724e+00
2.281500000000000000e+03,9.975128854457427963e+01,2.001081485574207619e+00
2.282000000000000000e+03,9.975050948811168894e+01,2.001084877422563135e+00
2.282500000000000000e+03,9.974971852172890863e+01,2.001088321151313298e+00
2.283000000000000000e+03,9.974891543458468846e+01,2.001091817679668594e+00
2.283500000000000000e+03,9.974810000895838868e+01,2.001095367956840398e+00
2.284000000000000000e+03,9.974727202004976334e+01,2.001098972962915834e+00
2.284500000000000000e+03,9.974643123577320125e+01,2.001102633709754830e+00
2.285000000000000000e+03,9.974557741654633958e+01,2.001106351241913384e+00
2.285500000000000000e+03,9.974471031507293617e+01,2.001110126637592579e+00
2.286000000000000000e+03,9.974382967612000073e+01,2.001113961009610254e+00
2.286500000000000000e+03,9.974293523628888636e+01,2.001117855506402865e+00
2.287000000000000000e+03,9.974202672378058310e+01,2.001121811313048227e+00
2.287500000000000000e+03,9.974110385815484392e+01,2.001125829652319776e+00
2.288000000000000000e+03,9.974016635008322851e+01,2.001129911785763049e+00
2.288500000000000000e+03,9.973921390109583740e+01,2.001134059014805011e+00
2.289000000000000000e+03,9.973824620332194968e+01,2.001138272681884267e+00
2.289500000000000000e+03,9.973726293922405262e+01,2.001142554171615462e+00
2.290000000000000000e+03,9.973626378132561854e+01,2.001146904911976332e+00
2.290500000000000000e+03,9.973524839193225944e+01,2.001151326375529838e+00
2.291000000000000000e+03,9.973421642284633037e+01,2.001155820080668502e+00
2.291500000000000000e+03,9.973316751507486799e+01,2.001160387592892054e+00
2.292000000000000000e+03,9.973210129853084993e+01,2.001165030526113942e+00
2.292500000000000000e+03,9.973101739172754776e+01,2.001169750543996706e+00
2.293000000000000000e+03,9.972991540146621503e+01,2.001174549361318000e+00
2.293500000000000000e+03,9.972879492251666989e+01,2.001179428745368138e+00
2.294000000000000000e+03,9.972765553729112753e+01,2.001184390517374734e+00
2.294500000000000000e+03,9.972649681551079937e+01,2.001189436553963308e+00
2.295000000000000000e+03,9.972531831386561407e+01,2.001194568788644546e+00
2.295500000000000000e+03,9.972411957566677643e+01,2.001199789213334856e+00
2.296000000000000000e+03,9.972290013049214963e+01,2.001205099879908023e+00
2.296500000000000000e+03,9.972165949382447536e+01,2.001210502901778820e+00
2.297000000000000000e+03,9.972039716668247422e+01,2.001216000455517285e+00
2.297500000000000000e+03,9.971911263524452806e+01,2.001221594782498059e+00
2.298000000000000000e+03,9.971780537046528536e+01,2.001227288190575937e+00
2.298500000000000000e+03,9.971647482768493376e+01,2.001233083055800499e+00
2.299000000000000000e+03,9.971512044623111137e+01,2.001238981824157825e+00
2.299500000000000000e+03,9.971374164901369852e+01,2.001244987013345522e+00
2.300000000000000000e+03,9.971233784211213447e+01,2.001251101214583272e+00
2.300500000000000000e+03,9.971090841435561458e+01,2.001257327094450034e+00
2.301000000000000000e+03,9.970945273689594046e+01,2.001263667396759427e+00
2.301500000000000000e+03,9.970797016277313674e+01,2.001270124944462214e+00
2.302000000000000000e+03,9.970646002647386297e+01,2.001276702641583416e+00
2.302500000000000000e+03,9.970492164348269171e+01,2.001283403475192291e+00
2.303000000000000000e+03,9.970335430982613900e+01,2.001290230517401181e+00
2.303500000000000000e+03,9.970175730160971739e+01,2.001297186927398553e+00
2.304000000000000000e+03,9.970012987454791187e+01,2.001304275953512235e+00
2.304500000000000000e+03,9.969847126348723521e+01,2.001311500935304188e+00
2.305000000000000000e+03,9.969678068192229148e+01,2.001318865305696360e+00
2.305500000000000000e+03,9.969505732150521737e+01,2.001326372593125846e+00
2.306000000000000000e+03,9.969330035154825964e+01,2.001334026423731594e+00
2.306500000000000000e+03,9.969150891851982976e+01,2.001341830523570398e+00
2.307000000000000000e+03,9.968968214553406426e+01,2.001349788720863110e+00
2.307500000000000000e+03,9.968781913183397592e+01,2.001357904948265709e+00
2.308000000000000000e+03,9.968591895226846589e+01,2.001366183245175456e+00
2.308500000000000000e+03,9.968398065676313990e+01,2.001374627760059255e+00
2.309000000000000000e+03,9.968200326978528381e+01,2.001383242752809544e+00
2.309500000000000000e+03,9.967998578980302682e+01,2.001392032597130388e+00
2.310000000000000000e+03,9.967792718873886315e+01,2.001401001782945777e+00
2.310500000000000000e+03,9.967582641141797239e+01,2.001410154918833673e+00
2.311000000000000000e+03,9.967368237501106876e+01,2.001419496734484049e+00
2.311500000000000000e+03,9.967149396847247544e+01,2.001429032083182680e+00
2.312000000000000000e+03,9.966926005197335314e+01,2.001438765944313136e+00
2.312500000000000000e+03,9.966697945633042366e+01,2.001448703425883657e+00
2.313000000000000000e+03,9.966465098243043030e+01,2.001458849767072223e+00
2.313500000000000000e+03,9.966227340065054818e+01,2.001469210340793392e+00
2.314000000000000000e+03,9.965984545027514230e+01,2.001479790656279789e+00
2.314500000000000000e+03,9.965736583890898714e+01,2.001490596361684471e+00
2.315000000000000000e+03,9.965483324188747360e+01,2.001501633246696610e+00
2.315500000000000000e+03,9.965224630168388842e+01,2.001512907245172279e+00
2.316000000000000000e+03,9.964960362731426358e+01,2.001524424437779004e+00
2.316500000000000000e+03,9.964690379374006568e+01,2.001536191054651415e+00
2.317000000000000000e+03,9.964414534126913736e+01,2.001548213478056670e+00
2.317500000000000000e+03,9.964132677495518919e+01,2.001560498245070541e+00
2.318000000000000000e+03,9.963844656399633948e+01,2.001573052050258816e+00
2.318500000000000000e+03,9.963550314113298612e+01,2.001585881748364937e+00
2.319000000000000000e+03,9.963249490204550796e+01,2.001598994357001171e+00
2.319500000000000000e+03,9.962942020475222193e+01,2.001612397059342907e+00
2.320000000000000000e+03,9.962627736900805075e+01,2.001626097206821164e+00
2.320500000000000000e+03,9.962306467570429902e+01,2.001640102321815995e+00
2.321000000000000000e+03,9.961978036627007782e+01,2.001654420100343668e+00
2.321500000000000000e+03,9.961642264207593200e+01,2.001669058414740299e+00
2.322000000000000000e+03,9.961298966383999698e+01,2.001684025316336601e+00
2.322500000000000000e+03,9.960947955103743823e+01,2.001699329038122421e+00
2.323000000000000000e+03,9.960589038131347195e+01,2.001714977997401057e+00
2.323500000000000000e+03,9.960222018990076265e+01,2.001730980798428483e+00
2.324000000000000000e+03,9.959846696904159558e+01,2.001747346235033476e+00
2.324500000000000000e+03,9.959462866741547771e+01,2.001764083293223084e+00
2.325000000000000000e+03,9.959070318957273571e+01,2.001781201153762790e+00
2.325500000000000000e+03,9.958668839537476458e+01,2.001798709194735792e+00
2.326000000000000000e+03,9.958258209944156647e+01,2.001816616994073428e+00
2.326500000000000000e+03,9.957838207060711966e+01,2.001834934332056726e+00
2.327000000000000000e+03,9.957408603138338776e+01,2.001853671193788653e+00
2.327500000000000000e+03,9.956969165743345229e+01,2.001872837771628610e+00
2.328000000000000000e+03,9.956519657705473492e+01,2.001892444467590515e+00
2.328500000000000000e+03,9.956059837067262208e+01,2.001912501895703134e+00
2.329000000000000000e+03,9.955589457034564305e+01,2.001933020884322900e+00
2.329500000000000000e+03,9.955108265928244293e+01,2.001954012478406320e+00
2.330000000000000000e+03,9.954616007137181555e+01,2.001975487941726417e+00
2.330500000000000000e+03,9.954112419072602336e+01,2.001997458759044779e+00
2.331000000000000000e+03,9.953597235123859832e+01,2.002019936638222308e+00
2.331500000000000000e+03,9.953070183615709254e+01,2.002042933512275358e+00
2.332000000000000000e+03,9.952530987767173087e+01,2.002066461541368803e+00
2.332500000000000000e+03,9.951979365652067600e+01,2.002090533114745163e+00
2.333000000000000000e+03,9.951415030161274444e+01,2.002115160852585785e+00
2.333500000000000000e+03,9.950837688966836936e+01,2.002140357607800070e+00
2.334000000000000000e+03,9.950247044487962000e+01,2.002166136467741886e+00
2.334500000000000000e+03,9.949642793859013068e+01,2.002192510755846477e+00
2.335000000000000000e+03,9.949024628899572065e+01,2.002219494033185665e+00
2.335500000000000000e+03,9.948392236086662876e+01,2.002247100099943111e+00
2.336000000000000000e+03,9.947745296529211601e+01,2.002275342996793217e+00
2.336500000000000000e+03,9.947083485944830272e+01,2.002304237006197418e+00
2.337000000000000000e+03,9.946406474639023543e+01,2.002333796653598785e+00
2.337500000000000000e+03,9.945713927486870887e+01,2.002364036708522921e+00
2.338000000000000000e+03,9.945005503917317924e+01,2.002394972185572719e+00
2.338500000000000000e+03,9.944280857900108117e+01,2.002426618345321430e+00
2.339000000000000000e+03,9.943539637935494113e+01,2.002458990695094698e+00
2.339500000000000000e+03,9.942781487046775624e+01,2.002492104989640254e+00
2.340000000000000000e+03,9.942006042775763319e+01,2.002525977231683463e+00
2.340500000000000000e+03,9.941212937181262532e+01,2.002560623672361650e+00
2.341000000000000000e+03,9.940401796840646398e+01,2.002596060811536294e+00
2.341500000000000000e+03,9.939572242854616491e+01,2.002632305397979540e+00
2.342000000000000000e+03,9.938723890855224852e+01,2.002669374429428828e+00
2.342500000000000000e+03,9.937856351017249779e+01,2.002707285152512728e+00
2.343000000000000000e+03,9.936969228073002114e+01,2.002746055062536001e+00
2.343500000000000000e+03,9.936062121330640196e+01,2.002785701903126103e+00
2.344000000000000000e+03,9.935134624696087258e+01,2.002826243665739803e+00
2.344500000000000000e+03,9.934186326698619496e+01,2.002867698589017920e+00
2.345000000000000000e+03,9.933216810520202955e+01,2.002910085157994846e+00
2.345500000000000000e+03,9.932225654028655981e+01,2.002953422103155745e+00
2.346000000000000000e+03,9.931212429814729603e+01,2.002997728399332988e+00
2.346500000000000000e+03,9.930176705233147061e+01,2.003043023264450717e+00
2.347000000000000000e+03,9.929118042447697690e+01,2.003089326158102423e+00
2.347500000000000000e+03,9.928035998480450530e+01,2.003136656779967772e+00
2.348000000000000000e+03,9.926930125265150195e+01,2.003185035068058895e+00
2.348500000000000000e+03,9.925799969704857517e+01,2.003234481196798811e+00
2.349000000000000000e+03,9.924645073733910294e+01,2.003285015574927108e+00
2.349500000000000000e+03,9.923464974384243931e+01,2.003336658843230200e+00
2.350000000000000000e+03,9.922259203856147280e+01,2.003389431872093951e+00
2.350500000000000000e+03,9.921027289593500598e+01,2.003443355758876443e+00
2.351000000000000000e+03,9.919768754363545327e+01,2.003498451825100002e+00
2.351500000000000000e+03,9.918483116341222683e+01,2.003554741613458479e+00
2.352000000000000000e+03,9.917169889198162025e+01,2.003612246884637571e+00
2.352500000000000000e+03,9.915828582196306229e+01,2.003670989613950404e+00
2.353000000000000000e+03,9.914458700286257908e+01,2.003730991987780374e+00
2.353500000000000000e+03,9.913059744210353585e+01,2.003792276399836148e+00
2.354000000000000000e+03,9.911631210610501341e+01,2.003854865447213029e+00
2.354500000000000000e+03,9.910172592140810366e+01,2.003918781926261605e+00
2.355000000000000000e+03,9.908683377585023777e+01,2.003984048828261866e+00
2.355500000000000000e+03,9.907163051978787394e+01,2.004050689334901492e+00
2.356000000000000000e+03,9.905611096736735988e+01,2.004118726813560958e+00
2.356500000000000000e+03,9.904026989784441071e+01,2.004188184812398354e+00
2.357000000000000000e+03,9.902410205695190371e+01,2.004259087055241917e+00
2.357500000000000000e+03,9.900760215831608946e+01,2.004331457436282271e+00
2.358000000000000000e+03,9.899076488492107728e+01,2.004405320014571057e+00
2.358500000000000000e+03,9.897358489062156650e+01,2.004480699008320155e+00
2.359000000000000000e+03,9.895605680170342566e+01,2.004557618789008622e+00
2.359500000000000000e+03,9.893817521849200602e+01,2.004636103875292008e+00
2.360000000000000000e+03,9.891993471700779139e+01,2.004716178926719383e+00
2.360500000000000000e+03,9.890132985066902904e+01,2.004797868737255406e+00
2.361000000000000000e+03,9.888235515204100068e+01,2.004881198228614547e+00
2.361500000000000000e+03,9.886300513463113759e+01,2.004966192443401685e+00
2.362000000000000000e+03,9.884327429472976689e+01,2.005052876538066187e+00
2.362500000000000000e+03,9.882315711329560770e+01,2.005141275775673027e+00
2.363000000000000000e+03,9.880264805788534943e+01,2.005231415518486493e+00
2.363500000000000000e+03,9.878174158462667265e+01,2.005323321220375377e+00
2.364000000000000000e+03,9.876043214023364669e+01,2.005417018419041408e+00
2.364500000000000000e+03,9.873871416406383617e+01,2.005512532728071839e+00
2.365000000000000000e+03,9.871658209021597941e+01,2.005609889828821046e+00
2.365500000000000000e+03,9.869403034966713051e+01,2.005709115462126491e+00
2.366000000000000000e+03,9.867105337244832697e+01,2.005810235419859922e+00
2.366500000000000000e+03,9.864764558985746135e+01,2.005913275536320928e+00
2.367000000000000000e+03,9.862380143670809218e+01,2.006018261679474612e+00
2.367500000000000000e+03,9.859951535361277308e+01,2.006125219742043608e+00
2.368000000000000000e+03,9.857478178929974888e+01,2.006234175632450434e+00
2.368500000000000000e+03,9.854959520296104358e+01,2.006345155265627511e+00
2.369000000000000000e+03,9.852395006663097377e+01,2.006458184553687740e+00
2.369500000000000000e+03,9.849784086759278523e+01,2.006573289396475168e+00
2.370000000000000000e+03,9.847126211081233293e+01,2.006690495671988650e+00
2.370500000000000000e+03,9.844420832139638833e+01,2.006809829226696706e+00
2.371000000000000000e+03,9.841667404707425248e+01,2.006931315865742693e+00
2.371500000000000000e+03,9.838865386070037289e+01,2.007054981343051381e+00
2.372000000000000000e+03,9.836014236277598854e+01,2.007180851351343165e+00
2.372500000000000000e+03,9.833113418398797023e+01,2.007308951512064343e+00
2.373000000000000000e+03,9.830162398776226951e+01,2.007439307365240122e+00
2.373500000000000000e+03,9.827160647283025696e+01,2.007571944359262339e+00
2.374000000000000000e+03,9.824107637580509333e+01,2.007706887840614129e+00
2.374500000000000000e+03,9.821002847376635714e+01,2.007844163043547514e+00
2.375000000000000000e+03,9.817845758684997293e+01,2.007983795079719247e+00
2.375500000000000000e+03,9.814635858084137965e+01,2.008125808927794687e+00
2.376000000000000000e+03,9.811372636976911110e+01,2.008270229423028574e+00
2.376500000000000000e+03,9.808055591849635846e+01,2.008417081246835156e+00
2.377000000000000000e+03,9.804684224530780057e+01,2.008566388916357859e+00
2.377500000000000000e+03,9.801258042448898777e+01,2.008718176774043407e+00
2.378000000000000000e+03,9.797776558889569287e+01,2.008872468977237258e+00
2.378500000000000000e+03,9.794239293251015965e+01,2.009029289487810122e+00
2.379000000000000000e+03,9.790645771298179056e+01,2.009188662061821784e+00
2.379500000000000000e+03,9.786995525414913288e+01,2.009350610239238666e+00
2.380000000000000000e+03,9.783288094854057704e+01,2.009515157333713109e+00
2.380500000000000000e+03,9.779523025985058382e+01,2.009682326422437715e+00
2.381000000000000000e+03,9.775699872538883994e+01,2.009852140336082726e+00
2.381500000000000000e+03,9.771818195849930078e+01,2.010024621648831111e+00
2.382000000000000000e+03,9.767877565094622128e+01,2.010199792668522445e+00
2.382500000000000000e+03,9.763877557526447504e+01,2.010377675426913147e+00
2.383000000000000000e+03,9.759817758707106350e+01,2.010558291670071274e+00
2.383500000000000000e+03,9.755697762733518630e+01,2.010741662848906763e+00
2.384000000000000000e+03,9.751517172460418692e+01,2.010927810109859770e+00
2.384500000000000000e+03,9.747275599718233252e+01,2.011116754285747987e+00
2.385000000000000000e+03,9.742972665526018261e+01,2.011308515886790715e+00
2.385500000000000000e+03,9.738608000299173284e+01,2.011503115091814564e+00
2.386000000000000000e+03,9.734181244051700332e+01,2.011700571739653221e+00
2.386500000000000000e+03,9.729692046592757038e+01,2.011900905320749722e+00
2.387000000000000000e+03,9.725140067717312320e+01,2.012104134968973668e+00
2.387500000000000000e+03,9.720524977390667232e+01,2.012310279453652040e+00
2.388000000000000000e+03,9.715846455926667602e+01,2.012519357171835832e+00
2.388500000000000000e+03,9.711104194159432268e+01,2.012731386140793166e+00
2.389000000000000000e+03,9.706297893608450522e+01,2.012946383990747989e+00
2.389500000000000000e+03,9.701427266636920876e+01,2.013164367957863021e+00
2.390000000000000000e+03,9.696492036603227405e+01,2.013385354877469613e+00
2.390500000000000000e+03,9.691491938005488294e+01,2.013609361177552959e+00
2.391000000000000000e+03,9.686426716619122601e+01,2.013836402872486886e+00
2.391500000000000000e+03,9.681296129627457958e+01,2.014066495557023106e+00
2.392000000000000000e+03,9.676099945745362163e+01,2.014299654400533157e+00
2.392500000000000000e+03,9.670837945336035091e+01,2.014535894141495032e+00
2.393000000000000000e+03,9.665509920521019183e+01,2.014775229082220953e+00
2.393500000000000000e+03,9.660115675283640257e+01,2.015017673083824068e+00
2.394000000000000000e+03,9.654655025566077597e+01,2.015263239561403186e+00
2.394500000000000000e+03,9.649127799360340418e+01,2.015511941479442015e+00
2.395000000000000000e+03,9.643533836793515945e+01,2.015763791347402023e+00
2.395500000000000000e+03,9.637872990207669943e+01,2.016018801215491596e+00
2.396000000000000000e+03,9.632145124234899924e+01,2.016276982670594187e+00
2.396500000000000000e+03,9.626350115868100943e+01,2.016538346832317696e+00
2.397000000000000000e+03,9.620487854528089144e+01,2.016802904349150882e+00
2.397500000000000000e+03,9.614558242127824883e+01,2.017070665394681495e+00
2.398000000000000000e+03,9.608561193134561051e+01,2.017341639663841502e+00
2.398500000000000000e+03,9.602496634630890071e+01,2.017615836369137661e+00
2.399000000000000000e+03,9.596364506375702774e+01,2.017893264236817252e+00
2.399500000000000000e+03,9.590164760866277049e+01,2.018173931502913909e+00
2.400000000000000000e+03,9.583897363402778069e+01,2.018457845909114035e+00
2.400500000000000000e+03,9.577562292156629553e+01,2.018745014698378526e+00
2.401000000000000000e+03,9.571159538244346265e+01,2.019035444610238539e+00
2.401500000000000000e+03,9.564689105808562886e+01,2.019329141875696010e+00
2.402000000000000000e+03,9.558151012108213251e+01,2.019626112211625024e+00
2.402500000000000000e+03,9.551545287619920543e+01,2.019926360814586541e+00
2.403000000000000000e+03,9.544871976152893467e+01,2.020229892353941903e+00
2.403500000000000000e+03,9.538131134979815329e+01,2.020536710964154103e+00
2.404000000000000000e+03,9.531322834986427495e+01,2.020846820236140928e+00
2.404500000000000000e+03,9.524447160842700555e+01,2.021160223207547624e+00
2.405000000000000000e+03,9.517504211198757957e+01,2.021476922351790328e+00
2.405500000000000000e+03,9.510494098908949923e+01,2.021796919565696626e+00
2.406000000000000000e+03,9.503416951287722725e+01,2.022120216155581129e+00
2.406500000000000000e+03,9.496272910401211220e+01,2.022446812821559359e+00
2.407000000000000000e+03,9.489062133398746823e+01,2.022776709639894310e+00
2.407500000000000000e+03,9.481784792888792879e+01,2.023109906043166095e+00
2.408000000000000000e+03,9.474441077364087960e+01,2.023446400798022182e+00
2.408500000000000000e+03,9.467031191681115843e+01,2.023786191980259552e+00
2.409000000000000000e+03,9.459555357599325021e+01,2.024129276946979861e+00
2.409500000000000000e+03,9.452013814385853152e+01,2.024475652305520956e+00
2.410000000000000000e+03,9.444406819491869953e+01,2.024825313878873434e+00
2.410500000000000000e+03,9.436734649306920630e+01,2.025178256667256704e+00
2.411000000000000000e+03,9.428997599998088219e+01,2.025534474805521512e+00
2.411500000000000000e+03,9.421195988441044733e+01,2.025893961516014308e+00
2.412000000000000000e+03,9.413330153250436183e+01,2.026256709056541538e+00
2.412500000000000000e+03,9.405400455917377656e+01,2.026622708663024408e+00
2.413000000000000000e+03,9.397407282062094680e+01,2.026991950486451088e+00
2.413500000000000000e+03,9.389351042810103820e+01,2.027364423523682291e+00
2.414000000000000000e+03,9.381232176300547110e+01,2.027740115541680321e+00
2.414500000000000000e+03,9.373051149335532273e+01,2.028119012994691772e+00
2.415000000000000000e+03,9.364808459179552358e+01,2.028501100933920220e+00
2.415500000000000000e+03,9.356504635518162161e+01,2.028886362909198660e+00
2.416000000000000000e+03,9.348140242585222381e+01,2.029274780862178940e+00
2.416500000000000000e+03,9.339715881467994052e+01,2.029666335010532396e+00
2.417000000000000000e+03,9.331232192599334496e+01,2.030061003722671842e+00
2.417500000000000000e+03,9.322689858446054245e+01,2.030458763382492648e+00
2.418000000000000000e+03,9.314089606402255583e+01,2.030859588243651537e+00
2.418500000000000000e+03,9.305432211896035710e+01,2.031263450272907889e+00
2.419000000000000000e+03,9.296718501717418803e+01,2.031670318982072398e+00
2.419500000000000000e+03,9.287949357574657938e+01,2.032080161248146943e+00
2.420000000000000000e+03,9.279125719885149692e+01,2.032492941121267993e+00
2.420500000000000000e+03,9.270248591806128502e+01,2.032908619620112045e+00
2.421000000000000000e+03,9.261319043508930804e+01,2.033327154514495305e+00
2.421500000000000000e+03,9.252338216699102702e+01,2.033748500094955336e+00
2.422000000000000000e+03,9.243307329382702164e+01,2.034172606929195659e+00
2.422500000000000000e+03,9.234227680877029343e+01,2.034599421605376879e+00
2.423000000000000000e+03,9.225100657061544496e+01,2.035028886462354247e+00
2.423500000000000000e+03,9.215927735861880876e+01,2.035460939307090378e+00
2.424000000000000000e+03,9.206710492956685243e+01,2.035895513119633460e+00
2.424500000000000000e+03,9.197450607693436098e+01,2.036332535746227634e+00
2.425000000000000000e+03,9.188149869195409281e+01,2.036771929581305596e+00
2.425500000000000000e+03,9.178810182637570847e+01,2.037213611239341304e+00
2.426000000000000000e+03,9.169433575664355374e+01,2.037657491217783168e+00
2.426500000000000000e+03,9.160022204917056854e+01,2.038103473552535849e+00
2.427000000000000000e+03,9.150578362632941776e+01,2.038551455467765283e+00
2.427500000000000000e+03,9.141104483272124526e+01,2.039001327022087473e+00
2.428000000000000000e+03,9.131603150121907220e+01,2.039452970753551586e+00
2.428500000000000000e+03,9.122077101821514589e+01,2.039906261326157377e+00
2.429000000000000000e+03,9.112529238743279336e+01,2.040361065181020450e+00
2.429500000000000000e+03,9.102962629159132746e+01,2.040817240195677229e+00
2.430000000000000000e+03,9.093380515114071727e+01,2.041274635355397660e+00
2.430500000000000000e+03,9.083786317921058640e+01,2.041733090440772003e+00
2.431000000000000000e+03,9.074183643184828441e+01,2.042192435736217337e+00
2.431500000000000000e+03,9.064576285255357391e+01,2.042652491764421541e+00
2.432000000000000000e+03,9.054968231005574353e+01,2.043113069052095998e+00
2.432500000000000000e+03,9.045363662822435913e+01,2.043573967932730717e+00
2.433000000000000000e+03,9.035766960695941918e+01,2.044034978392325286e+00
2.433500000000000000e+03,9.026182703287318532e+01,2.044495879964282725e+00
2.434000000000000000e+03,9.016615667855667482e+01,2.044956441679828707e+00
2.434500000000000000e+03,9.007070828922181249e+01,2.045416422080366559e+00
2.435000000000000000e+03,8.997553355552796006e+01,2.045875569298174046e+00
2.435500000000000000e+03,8.988068607144110445e+01,2.046333621211699594e+00
2.436000000000000000e+03,8.978622127604049297e+01,2.046790305681451816e+00
2.436500000000000000e+03,8.969219637827863778e+01,2.047245340872076103e+00
2.437000000000000000e+03,8.959867026382484312e+01,2.047698435665648908e+00
2.437500000000000000e+03,8.950570338327420927e+01,2.048149290170503178e+00
2.438000000000000000e+03,8.941335762119159369e+01,2.048597596329005732e+00
2.438500000000000000e+03,8.932169614567744986e+01,2.049043038626638502e+00
2.439000000000000000e+03,8.923078323839372672e+01,2.049485294903508059e+00
2.439500000000000000e+03,8.914068410526948583e+01,2.049924037267976562e+00
2.440000000000000000e+03,8.905146466841569008e+01,2.050358933110567605e+00
2.440500000000000000e+03,8.896319134011278607e+01,2.050789646214567163e+00
2.441000000000000000e+03,8.887593078008949021e+01,2.051215837957929722e+00
2.441500000000000000e+03,8.878974963767876716e+01,2.051637168599172778e+00
2.442000000000000000e+03,8.870471428081248177e+01,2.052053298637979584e+00
2.442500000000000000e+03,8.862089051418892893e+01,2.052463890239239142e+00
2.443000000000000000e+03,8.853834328931057485e+01,2.052868608707318465e+00
2.443500000000000000e+03,8.845713640943139922e+01,2.053267123995491605e+00
2.444000000000000000e+03,8.837733223276480032e+01,2.053659112233737094e+00
2.444500000000000000e+03,8.829899137757290362e+01,2.054044257256590011e+00
2.445000000000000000e+03,8.822217243297762934e+01,2.054422252111476332e+00
2.445500000000000000e+03,8.814693167949060637e+01,2.054792800526975771e+00
2.446000000000000000e+03,8.807332282334780871e+01,2.055155618319873589e+00
2.446500000000000000e+03,8.800139674874534990e+01,2.055510434719618473e+00
2.447000000000000000e+03,8.793120129200113411e+01,2.055856993589047832e+00
2.447500000000000000e+03,8.786278104150986223e+01,2.056195054520881360e+00
2.448000000000000000e+03,8.779617716711348407e+01,2.056524393790621907e+00
2.448500000000000000e+03,8.773142728217912634e+01,2.056844805148079214e+00
2.449000000000000000e+03,8.766856534126341671e+01,2.057156100431755785e+00
2.449500000000000000e+03,8.760762157575480558e+01,2.057458109992768680e+00
2.450000000000000000e+03,8.754862246933093672e+01,2.057750682917768525e+00
2.450500000000000000e+03,8.749159077445769128e+01,2.058033687043443472e+00
2.451000000000000000e+03,8.743654557050585652e+01,2.058307008758521128e+00
2.451500000000000000e+03,8.738350236337963395e+01,2.058570552592727143e+00
2.452000000000000000e+03,8.733247322585913253e+01,2.058824240595748645e+00
2.452500000000000000e+03,8.728346697716878566e+01,2.059068011512871887e+00
2.453000000000000000e+03,8.723648939961177007e+01,2.059301819767498376e+00
2.453500000000000000e+03,8.719154348947242283e+01,2.059525634264128602e+00
2.454000000000000000e+03,8.714862973879749575e+01,2.059739437028542675e+00
2.454500000000000000e+03,8.710774644413513101e+01,2.059943221704760408e+00
2.455000000000000000e+03,8.706889003784772285e+01,2.060136991930871186e+00
2.455500000000000000e+03,8.703205543723044002e+01,2.060320759617901398e+00
2.456000000000000000e+03,8.699723640636507582e+01,2.060494543157576075e+00
2.456500000000000000e+03,8.696442592542530292e+01,2.060658365586020224e+00
2.457000000000000000e+03,8.693361656202226584e+01,2.060812252731217598e+00
2.457500000000000000e+03,8.690480083914174259e+01,2.060956231372311542e+00
2.458000000000000000e+03,8.687797159427002214e+01,2.061090327438691805e+00
2.458500000000000000e+03,8.685312232443303060e+01,2.061214564276205863e+00
2.459000000000000000e+03,8.683024751207659619e+01,2.061328961006851479e+00
2.459500000000000000e+03,8.680934292698800903e+01,2.061433531006946041e+00
2.460000000000000000e+03,8.679040589979481979e+01,2.061528280527055834e+00
2.460500000000000000e+03,8.677343556296784755e+01,2.061613207474988663e+00
2.461000000000000000e+03,8.675843305569618735e+01,2.061688300380872807e+00
2.461500000000000000e+03,8.674540168948462338e+01,2.061753537560861549e+00
2.462000000000000000e+03,8.673434707184264880e+01,2.061808886493313064e+00
2.462500000000000000e+03,8.672527718598286128e+01,2.061854303418442669e+00
2.463000000000000000e+03,8.671820242501921427e+01,2.061889733169459227e+00
2.463500000000000000e+03,8.671313557974755781e+01,2.061915109240105792e+00
2.464000000000000000e+03,8.671009177969644099e+01,2.061930354090365736e+00
2.464500000000000000e+03,8.670908838774987260e+01,2.061935379688862646e+00
2.465000000000000000e+03,8.671014484926166688e+01,2.061930088287252882e+00
2.465500000000000000e+03,8.671328249719586267e+01,2.061914373418679780e+00
2.466000000000000000e+03,8.671852431543533157e+01,2.061888121109151761e+00
2.466500000000000000e+03,8.672589466299237415e+01,2.061851211287613506e+00
2.467000000000000000e+03,8.673541896242598170e+01,2.061803519377461313e+00
2.467500000000000000e+03,8.674712335630981386e+01,2.061744918049424946e+00
2.468000000000000000e+03,8.676103433609767990e+01,2.061675279113100334e+00
2.468500000000000000e+03,8.677717834818540155e+01,2.061594475522038117e+00
2.469000000000000000e+03,8.679558138236616571e+01,2.061502383465227517e+00
2.469500000000000000e+03,8.681626854820466122e+01,2.061398884516094654e+00
2.470000000000000000e+03,8.683926364511000884e+01,2.061283867808834547e+00
2.470500000000000000e+03,8.686458873205644693e+01,2.061157232211040302e+00
2.471000000000000000e+03,8.689226370297748758e+01,2.061018888461242149e+00
2.471500000000000000e+03,8.692230587383930640e+01,2.060868761240131075e+00
2.472000000000000000e+03,8.695472958727563650e+01,2.060706791144953254e+00
2.472500000000000000e+03,8.698954584044034277e+01,2.060532936537841753e+00
2.473000000000000000e+03,8.702676194140437360e+01,2.060347175240649698e+00
2.473500000000000000e+03,8.706638119899429284e+01,2.060149506051213830e+00
2.474000000000000000e+03,8.710840265044851094e+01,2.059939950058792046e+00
2.474500000000000000e+03,8.715282083066038865e+01,2.059718551739709635e+00
2.475000000000000000e+03,8.719962558610103542e+01,2.059485379817884265e+00
2.475500000000000000e+03,8.724880193577777732e+01,2.059240527878845928e+00
2.476000000000000000e+03,8.730032998080881157e+01,2.058984114730013637e+00
2.476500000000000000e+03,8.735418486339290212e+01,2.058716284504245486e+00
2.477000000000000000e+03,8.741033677514769806e+01,2.058437206507933936e+00
2.477500000000000000e+03,8.746875101399763253e+01,2.058147074819104638e+00
2.478000000000000000e+03,8.752938808803187953e+01,2.057846107644929035e+00
2.478500000000000000e+03,8.759220386404096814e+01,2.057534546451781576e+00
2.479000000000000000e+03,8.765714975779405904e+01,2.057212654884280401e+00
2.479500000000000000e+03,8.772417296254931784e+01,2.056880717492655997e+00
2.480000000000000000e+03,8.779321671181000397e+01,2.056539038290200683e+00
2.480500000000000000e+03,8.786422057195440516e+01,2.056187939164415113e+00
2.481000000000000000e+03,8.793712076008642953e+01,2.055827758166815844e+00
2.481500000000000000e+03,8.801185048227310403e+01,2.055458847707127834e+00
2.482000000000000000e+03,8.808834028725956955e+01,2.055081572677822876e+00
2.482500000000000000e+03,8.816651843077114847e+01,2.054696308534683435e+00
2.483000000000000000e+03,8.824631124562488083e+01,2.054303439358295069e+00
2.483500000000000000e+03,8.832764351306688866e+01,2.053903355920201790e+00
2.484000000000000000e+03,8.841043883101914957e+01,2.053496453775880859e+00
2.484500000000000000e+03,8.849461997524657875e+01,2.053083131404836781e+00
2.485000000000000000e+03,8.858010924983200596e+01,2.052663788416015933e+00
2.485500000000000000e+03,8.866682882375954478e+01,2.052238823834465098e+00
2.486000000000000000e+03,8.875470105084308159e+01,2.051808634482786164e+00
2.486500000000000000e+03,8.884364877068604471e+01,2.051373613468521206e+00
2.487000000000000000e+03,8.893359558880882787e+01,2.050934148786193845e+00
2.487500000000000000e+03,8.902446613452198676e+01,2.050490622040413324e+00
2.488000000000000000e+03,8.911618629554860149e+01,2.050043407294203757e+00
2.488500000000000000e+03,8.920868342879988688e+01,2.049592870044658621e+00
2.489000000000000000e+03,8.930188654707917806e+01,2.049139366326100387e+00
2.489500000000000000e+03,8.939572648182645764e+01,2.048683241939229127e+00
2.490000000000000000e+03,8.949013602231558195e+01,2.048224831803220791e+00
2.490500000000000000e+03,8.958505003197707595e+01,2.047764459426461237e+00
2.491000000000000000e+03,8.968040554274182341e+01,2.047302436490506139e+00
2.491500000000000000e+03,8.977614182848351732e+01,2.046839062541002008e+00
2.492000000000000000e+03,8.987220045878356700e+01,2.046374624778614315e+00
2.492500000000000000e+03,8.996852533435185251e+01,2.045909397942532237e+00
2.493000000000000000e+03,9.006506270551403759e+01,2.045443644278808204e+00
2.493500000000000000e+03,9.016176117522243771e+01,2.044977613585614140e+00
2.494000000000000000e+03,9.025857168806771824e+01,2.044511543327491410e+00
2.494500000000000000e+03,9.035544750676439207e+01,2.044045658810751842e+00
2.495000000000000000e+03,9.045234417755889922e+01,2.043580173412391066e+00
2.495500000000000000e+03,9.054921948596751236e+01,2.043115288855149814e+00
2.496000000000000000e+03,9.064603340419533595e+01,2.042651195521706597e+00
2.496500000000000000e+03,9.074274803152120228e+01,2.042188072801383925e+00
2.497000000000000000e+03,9.083932752885746709e+01,2.041726089463172578e+00
2.497500000000000000e+03,9.093573804861274823e+01,2.041265404049358523e+00
2.498000000000000000e+03,9.103194766089970358e+01,2.040806165284489548e+00
2.498500000000000000e+03,9.112792627704330073e+01,2.040348512494903233e+00
2.499000000000000000e+03,9.122364557125705176e+01,2.039892576034521898e+00
2.499500000000000000e+03,9.131907890126792893e+01,2.039438477713055864e+00
2.500000000000000000e+03,9.141420122858670538e+01,2.038986331223238579e+00
2.500500000000000000e+03,9.150898903903892290e+01,2.038536242564108925e+00
2.501000000000000000e+03,9.160342026409402649e+01,2.038088310457787600e+00
2.501500000000000000e+03,9.169747420345747457e+01,2.037642626757549369e+00
2.502000000000000000e+03,9.179113144932195212e+01,2.037199276845364171e+00
2.502500000000000000e+03,9.188437381261030623e+01,2.036758340017379876e+00
2.503000000000000000e+03,9.197718425148461563e+01,2.036319889856138321e+00
2.503500000000000000e+03,9.206954680234234445e+01,2.035883994588564505e+00
2.504000000000000000e+03,9.216144651347211436e+01,2.035450717429013512e+00
2.504500000000000000e+03,9.225286938149828586e+01,2.035020116906884446e+00
2.505000000000000000e+03,9.234380229070471557e+01,2.034592247178483415e+00
2.505500000000000000e+03,9.243423295529339612e+01,2.034167158322992996e+00
2.506000000000000000e+03,9.252414986460405544e+01,2.033744896622556197e+00
2.506500000000000000e+03,9.261354223129372087e+01,2.033325504826589913e+00
2.507000000000000000e+03,9.270239994245339687e+01,2.032909022400566368e+00
2.507500000000000000e+03,9.279071351361899644e+01,2.032495485759580056e+00
2.508000000000000000e+03,9.287847404561780706e+01,2.032084928487094988e+00
2.508500000000000000e+03,9.296567318417794468e+01,2.031677381539322091e+00
2.509000000000000000e+03,9.305230308221756275e+01,2.031272873435734372e+00
2.509500000000000000e+03,9.313835636472127533e+01,2.030871430436251401e+00
2.510000000000000000e+03,9.322382609610497184e+01,2.030473076705660684e+00
2.510500000000000000e+03,9.330870574996481537e+01,2.030077834465857656e+00
2.511000000000000000e+03,9.339298918110270620e+01,2.029685724136499392e+00
2.511500000000000000e+03,9.347667059971873016e+01,2.029296764464665781e+00
2.512000000000000000e+03,9.355974454765936343e+01,2.028910972644130783e+00
2.512500000000000000e+03,9.364220587661114337e+01,2.028528364424832642e+00
2.513000000000000000e+03,9.372404972812968538e+01,2.028148954213125688e+00
2.513500000000000000e+03,9.380527151539567399e+01,2.027772755163379959e+00
2.514000000000000000e+03,9.388586690659202816e+01,2.027399779261491286e+00
2.514500000000000000e+03,9.396583180979850169e+01,2.027030037400827212e+00
2.515000000000000000e+03,9.404516235930350376e+01,2.026663539451138085e+00
2.515500000000000000e+03,9.412385490323623571e+01,2.026300294320919626e+00
2.516000000000000000e+03,9.420190599242552310e+01,2.025940310013716772e+00
2.516500000000000000e+03,9.427931237039609869e+01,2.025583593678808469e+00
2.517000000000000000e+03,9.435607096441644615e+01,2.025230151656720601e+00
2.517500000000000000e+03,9.443217887751646344e+01,2.024879989519968948e+00
2.518000000000000000e+03,9.450763338139749692e+01,2.024533112109426547e+00
2.518500000000000000e+03,9.458243191016063633e+01,2.024189523566680027e+00
2.519000000000000000e+03,9.465657205478382252e+01,2.023849227362724879e+00
2.519500000000000000e+03,9.473005155828171553e+01,2.023512226323321173e+00
2.520000000000000000e+03,9.480286831148617921e+01,2.023178522651321032e+00
2.520500000000000000e+03,9.487502034938908935e+01,2.022848117946250301e+00
2.521000000000000000e+03,9.494650584799255455e+01,2.022521013221415753e+00
2.521500000000000000e+03,9.501732312161529137e+01,2.022197208918782074e+00
2.522000000000000000e+03,9.508747062060707833e+01,2.021876704921861556e+00
2.522500000000000000e+03,9.515694692942649624e+01,2.021559500566819434e+00
2.523000000000000000e+03,9.522575076504028857e+01,2.021245594652010702e+00
2.523500000000000000e+03,9.529388097560536153e+01,2.020934985446122045e+00
2.524000000000000000e+03,9.536133653939771193e+01,2.020627670695097411e+00
2.524500000000000000e+03,9.542811656395457476e+01,2.020323647628003538e+00
2.525000000000000000e+03,9.549422028539919438e+01,2.020022912961986439e+00
2.525500000000000000e+03,9.555964706791975516e+01,2.019725462906441837e+00
2.526000000000000000e+03,9.562439640337605340e+01,2.019431293166539465e+00
2.526500000000000000e+03,9.568846791101015015e+01,2.019140398946197568e+00
2.527000000000000000e+03,9.575186133723869375e+01,2.018852774950622653e+00
2.527500000000000000e+03,9.581457655550686070e+01,2.018568415388499737e+00
2.528000000000000000e+03,9.587661356618551167e+01,2.018287313973927688e+00
2.528500000000000000e+03,9.593797249649480818e+01,2.018009463928164937e+00
2.529000000000000000e+03,9.599865360043907003e+01,2.017734857981267282e+00
2.529500000000000000e+03,9.605865725873934480e+01,2.017463488373673286e+00
2.530000000000000000e+03,9.611798397875118383e+01,2.017195346857793670e+00
2.530500000000000000e+03,9.617663439435666817e+01,2.016930424699657998e+00
2.531000000000000000e+03,9.623460926582076524e+01,2.016668712680662612e+00
2.531500000000000000e+03,9.629190947960341873e+01,2.016410201099457122e+00
2.532000000000000000e+03,9.634853604811952721e+01,2.016154879774004094e+00
2.532500000000000000e+03,9.640449010944004726e+01,2.015902738043847453e+00
2.533000000000000000e+03,9.645977292692866456e+01,2.015653764772605605e+00
2.533500000000000000e+03,9.651438588880864700e+01,2.015407948350721234e+00
2.534000000000000000e+03,9.656833050765601456e+01,2.015165276698482444e+00
2.534500000000000000e+03,9.662160841981514636e+01,2.014925737269327222e+00
2.535000000000000000e+03,9.667422138473442317e+01,2.014689317053449447e+00
2.535500000000000000e+03,9.672617128421914856e+01,2.014456002581716643e+00
2.536000000000000000e+03,9.677746012160062605e+01,2.014225779929895488e+00
2.536500000000000000e+03,9.682809002081971528e+01,2.013998634723208614e+00
2.537000000000000000e+03,9.687806322542458304e+01,2.013774552141208041e+00
2.537500000000000000e+03,9.692738209748218026e+01,2.013553516922976794e+00
2.538000000000000000e+03,9.697604911640381431e+01,2.013335513372654706e+00
2.538500000000000000e+03,9.702406687768504412e+01,2.013120525365283964e+00
2.539000000000000000e+03,9.707143809156109171e+01,2.012908536352975730e+00
2.539500000000000000e+03,9.711816558157876500e+01,2.012699529371389850e+00
2.540000000000000000e+03,9.716425228308629869e+01,2.012493487046518315e+00
2.540500000000000000e+03,9.720970124164296067e+01,2.012290391601771589e+00
2.541000000000000000e+03,9.725451561135024292e+01,2.012090224865357602e+00
2.541500000000000000e+03,9.729869865310672594e+01,2.011892968277940508e+00
2.542000000000000000e+03,9.734225373278906090e+01,2.011698602900575228e+00
2.542500000000000000e+03,9.738518431936141440e+01,2.011507109422904005e+00
2.543000000000000000e+03,9.742749398291596208e+01,2.011318468171606089e+00
2.543500000000000000e+03,9.746918639264734452e+01,2.011132659119087673e+00
2.544000000000000000e+03,9.751026531476357206e+01,2.010949661892401874e+00
2.544500000000000000e+03,9.755073461033681781e+01,2.010769455782386306e+00
2.545000000000000000e+03,9.759059823309648607e+01,2.010592019753004056e+00
2.545500000000000000e+03,9.762986022716819434e+01,2.010417332450881833e+00
2.546000000000000000e+03,9.766852472476145408e+01,2.010245372215021753e+00
2.546500000000000000e+03,9.770659594380920510e+01,2.010076117086687653e+00
2.547000000000000000e+03,9.774407818556267102e+01,2.009909544819439731e+00
2.547500000000000000e+03,9.778097583214436384e+01,2.009745632889314848e+00
2.548000000000000000e+03,9.781729334406281851e+01,2.009584358505136503e+00
2.548500000000000000e+03,9.785303525769197108e+01,2.009425698618935385e+00
2.549000000000000000e+03,9.788820618271859075e+01,2.009269629936480062e+00
2.549500000000000000e+03,9.792281079956090650e+01,2.009116128927894707e+00
2.550000000000000000e+03,9.795685385676161161e+01,2.008965171838355435e+00
2.550500000000000000e+03,9.799034016835834393e+01,2.008816734698852802e+00
2.551000000000000000e+03,9.802327461123481100e+01,2.008670793337009375e+00
2.551500000000000000e+03,9.805566212245565794e+01,2.008527323387936381e+00
2.552000000000000000e+03,9.808750769658811919e+01,2.008386300305123662e+00
2.552500000000000000e+03,9.811881638301323960e+01,2.008247699371343398e+00
2.553000000000000000e+03,9.814959328322996157e+01,2.008111495709567595e+00
2.553500000000000000e+03,9.817984354815469317e+01,2.007977664293872255e+00
2.554000000000000000e+03,9.820957237541912832e+01,2.007846179960337096e+00
2.554500000000000000e+03,9.823878500666938862e+01,2.007717017417911975e+00
2.555000000000000000e+03,9.826748672486878888e+01,2.007590151259250000e+00
2.555500000000000000e+03,9.829568285160719654e+01,2.007465555971496673e+00
2.556000000000000000e+03,9.832337874441923020e+01,2.007343205947022646e+00
2.556500000000000000e+03,9.835057979411399742e+01,2.007223075494088960e+00
2.557000000000000000e+03,9.837729142211871647e+01,2.007105138847444348e+00
2.557500000000000000e+03,9.840351907783855268e+01,2.006989370178833720e+00
2.558000000000000000e+03,9.842926823603475839e+01,2.006875743607420937e+00
2.558500000000000000e+03,9.845454439422363180e+01,2.006764233210108106e+00
2.559000000000000000e+03,9.847935307009809947e+01,2.006654813031750528e+00
2.559500000000000000e+03,9.850369979897399730e+01,2.006547457095257059e+00
2.560000000000000000e+03,9.852759013126311061e+01,2.006442139411567904e+00
2.560500000000000000e+03,9.855102962997467841e+01,2.006338833989504966e+00
2.561000000000000000e+03,9.857402386824719542e+01,2.006237514845485848e+00
2.561500000000000000e+03,9.859657842691224516e+01,2.006138156013097085e+00
2.562000000000000000e+03,9.861869889209185658e+01,2.006040731552522161e+00
2.562500000000000000e+03,9.864039085283106090e+01,2.005945215559815864e+00
2.563000000000000000e+03,9.866165989876699882e+01,2.005851582176017889e+00
2.563500000000000000e+03,9.868251161783591385e+01,2.005759805596107448e+00
2.564000000000000000e+03,9.870295159401950968e+01,2.005669860077789579e+00
2.564500000000000000e+03,9.872298540513156695e+01,2.005581719950108255e+00
2.565000000000000000e+03,9.874261862064631146e+01,2.005495359621885854e+00
2.565500000000000000e+03,9.876185679956930130e+01,2.005410753589979223e+00
2.566000000000000000e+03,9.878070548835192710e+01,2.005327876447358104e+00
2.566500000000000000e+03,9.879917021885042061e+01,2.005246702890993049e+00
2.567000000000000000e+03,9.881725650633018176e+01,2.005167207729556367e+00
2.567500000000000000e+03,9.883496984751621994e+01,2.005089365890932562e+00
2.568000000000000000e+03,9.885231571869029210e+01,2.005013152429530709e+00
2.568500000000000000e+03,9.886929957383544831e+01,2.004938542533407642e+00
2.569000000000000000e+03,9.888592684282841105e+01,2.004865511531187305e+00
2.569500000000000000e+03,9.890220292968042770e+01,2.004794034898783828e+00
2.570000000000000000e+03,9.891813321082678101e+01,2.004724088265925186e+00
2.570500000000000000e+03,9.893372303346549756e+01,2.004655647422474374e+00
2.571000000000000000e+03,9.894897771394533947e+01,2.004588688324547174e+00
2.571500000000000000e+03,9.896390253620344879e+01,2.004523187100430981e+00
2.572000000000000000e+03,9.897850275025270150e+01,2.004459120056297117e+00
2.572500000000000000e+03,9.899278357071882795e+01,2.004396463681713758e+00
2.573000000000000000e+03,9.900675017542745593e+01,2.004335194654952357e+00
2.573500000000000000e+03,9.902040770404092029e+01,2.004275289848094666e+00
2.574000000000000000e+03,9.903376125674475361e+01,2.004216726331938592e+00
2.574500000000000000e+03,9.904681589298387223e+01,2.004159481380699770e+00
2.575000000000000000e+03,9.905957663024810245e+01,2.004103532476518179e+00
2.575500000000000000e+03,9.907204844290684775e+01,2.004048857313760479e+00
2.576000000000000000e+03,9.908423626109265570e+01,2.003995433803129611e+00
2.576500000000000000e+03,9.909614496963335739e+01,2.003943240075577670e+00
2.577000000000000000e+03,9.910777940703228239e+01,2.003892254486022928e+00
2.577500000000000000e+03,9.911914436449627885e+01,2.003842455616876794e+00
2.578000000000000000e+03,9.913024458501099900e+01,2.003793822281378922e+00
2.578500000000000000e+03,9.914108476246285306e+01,2.003746333526748025e+00
2.579000000000000000e+03,9.915166954080734740e+01,2.003699968637141282e+00
2.579500000000000000e+03,9.916200351328286899e+01,2.003654707136436564e+00
2.580000000000000000e+03,9.917209122166966040e+01,2.003610528790831680e+00
2.580500000000000000e+03,9.918193715559303314e+01,2.003567413611265113e+00
2.581000000000000000e+03,9.919154575187033629e+01,2.003525341855663999e+00
2.581500000000000000e+03,9.920092139390088448e+01,2.003484294031018464e+00
2.582000000000000000e+03,9.921006841109813479e+01,2.003444250895289436e+00
2.582500000000000000e+03,9.921899107836324561e+01,2.003405193459149025e+00
2.583000000000000000e+03,9.922769361559942070e+01,2.003367102987559711e+00
2.583500000000000000e+03,9.923618018726602941e+01,2.003329961001194981e+00
2.584000000000000000e+03,9.924445490197167885e+01,2.003293749277704094e+00
2.584500000000000000e+03,9.925252181210561275e+01,2.003258449852825418e+00
2.585000000000000000e+03,9.926038491350610116e+01,2.003224045021350985e+00
2.585500000000000000e+03,9.926804814516542308e+01,2.003190517337950283e+00
2.586000000000000000e+03,9.927551538897013472e+01,2.003157849617846598e+00
2.586500000000000000e+03,9.928279046947588427e+01,2.003126024937365024e+00
2.587000000000000000e+03,9.928987715371582112e+01,2.003095026634340137e+00
2.587500000000000000e+03,9.929677915104143437e+01,2.003064838308401541e+00
2.588000000000000000e+03,9.930350011299522350e+01,2.003035443821127082e+00
2.588500000000000000e+03,9.931004363321375195e+01,2.003006827296085035e+00
2.589000000000000000e+03,9.931641324736050080e+01,2.002978973118749728e+00
2.589500000000000000e+03,9.932261243308722953e+01,2.002951865936311027e+00
2.590000000000000000e+03,9.932864461002306200e+01,2.002925490657373242e+00
2.590500000000000000e+03,9.933451313978993369e+01,2.002899832451551454e+00
2.591000000000000000e+03,9.934022132604391686e+01,2.002874876748964361e+00
2.591500000000000000e+03,9.934577241454074681e+01,2.002850609239635205e+00
2.592000000000000000e+03,9.935116959322509445e+01,2.002827015872798544e+00
2.592500000000000000e+03,9.935641599234217836e+01,2.002804082856122658e+00
2.593000000000000000e+03,9.936151468457086366e+01,2.002781796654844459e+00
2.593500000000000000e+03,9.936646868517703979e+01,2.002760143990830244e+00
2.594000000000000000e+03,9.937128095218656654e+01,2.002739111841559172e+00
2.594500000000000000e+03,9.937595438657628222e+01,2.002718687439037026e+00
2.595000000000000000e+03,9.938049183248249108e+01,2.002698858268644688e+00
2.595500000000000000e+03,9.938489607742563692e+01,2.002679612067923109e+00
2.596000000000000000e+03,9.938916985255015391e+01,2.002660936825304550e+00
2.596500000000000000e+03,9.939331583287859928e+01,2.002642820778785193e+00
2.597000000000000000e+03,9.939733663757893112e+01,2.002625252414551582e+00
2.597500000000000000e+03,9.940123483024395057e+01,2.002608220465563971e+00
2.598000000000000000e+03,9.940501291918185700e+01,2.002591713910094384e+00
2.598500000000000000e+03,9.940867335771712021e+01,2.002575721970231815e+00
2.599000000000000000e+03,9.941221854450029127e+01,2.002560234110352777e+00
2.599500000000000000e+03,9.941565082382616936e+01,2.002545240035563889e+00
2.600000000000000000e+03,9.941897248595903136e+01,2.002530729690120470e+00
2.600500000000000000e+03,9.942218576746421377e+01,2.002516693255823821e+00
2.601000000000000000e+03,9.942529285154479624e+01,2.002503121150404297e+00
2.601500000000000000e+03,9.942829586838271894e+01,2.002490004025887949e+00
2.602000000000000000e+03,9.943119689548322526e+01,2.002477332766958718e+00
2.602500000000000000e+03,9.943399795802164931e+01,2.002465098489312645e+00
2.603000000000000000e+03,9.943670102919180920e+01,2.002453292538014296e+00
2.603500000000000000e+03,9.943930803055494039e+01,2.002441906485852741e+00
2.604000000000000000e+03,9.944182083238824532e+01,2.002430932131708641e+00
2.604500000000000000e+03,9.944424125403233461e+01,2.002420361498925772e+00
2.605000000000000000e+03,9.944657106423653659e+01,2.002410186833702976e+00
2.605500000000000000e+03,9.944881198150113732e+01,2.002400400603499442e+00
2.606000000000000000e+03,9.945096567441594004e+01,2.002390995495463066e+00
2.606500000000000000e+03,9.945303376199404966e+01,2.002381964414882809e+00
2.607000000000000000e+03,9.945501781400020036e+01,2.002373300483671681e+00
2.607500000000000000e+03,9.945691935127265992e+01,2.002364997038877714e+00
2.608000000000000000e+03,9.945873984603807116e+01,2.002357047631232234e+00
2.608500000000000000e+03,9.946048072221826430e+01,2.002349446023739876e+00
2.609000000000000000e+03,9.946214335572838650e+01,2.002342186190301909e+00
2.609500000000000000e+03,9.946372907476549585e+01,2.002335262314395514e+00
2.610000000000000000e+03,9.946523916008680999e+01,2.002328668787790367e+00
2.610500000000000000e+03,9.946667484527696956e+01,2.002322400209327835e+00
2.611000000000000000e+03,9.946803731700354945e+01,2.002316451383743701e+00
2.611500000000000000e+03,9.946932771525996486e+01,2.002310817320558822e+00
2.612000000000000000e+03,9.947054713359526090e+01,2.002305493233021760e+00
2.612500000000000000e+03,9.947169661932989015e+01,2.002300474537121122e+00
2.613000000000000000e+03,9.947277717375695261e+01,2.002295756850661856e+00
2.613500000000000000e+03,9.947378975232801679e+01,2.002291335992411270e+00
2.614000000000000000e+03,9.947473526482311001e+01,2.002287207981317430e+00
2.614500000000000000e+03,9.947561457550398245e+01,2.002283369035803062e+00
2.615000000000000000e+03,9.947642850325014763e+01,2.002279815573135391e+00
2.615500000000000000e+03,9.947717782167707412e+01,2.002276544208881237e+00
2.616000000000000000e+03,9.947786325923577522e+01,2.002273551756437620e+00
2.616500000000000000e+03,9.947848549929328499e+01,2.002270835226655166e+00
2.617000000000000000e+03,9.947904518019352338e+01,2.002268391827545901e+00
2.617500000000000000e+03,9.947954289529776872e+01,2.002266218964082967e+00
2.618000000000000000e+03,9.947997919300426872e+01,2.002264314238092702e+00
2.618500000000000000e+03,9.948035457674643567e+01,2.002262675448242213e+00
2.619000000000000000e+03,9.948066950496910010e+01,2.002261300590126858e+00
2.619500000000000000e+03,9.948092439108216922e+01,2.002260187856455431e+00
2.620000000000000000e+03,9.948111960339140580e+01,2.002259335637338378e+00
2.620500000000000000e+03,9.948125546500546079e+01,2.002258742520682588e+00
2.621000000000000000e+03,9.948133225371903166e+01,2.002258407292688336e+00
2.621500000000000000e+03,9.948135020187140753e+01,2.002258328938462117e+00
2.622000000000000000e+03,9.948130949617997487e+01,2.002258506642732971e+00
2.622500000000000000e+03,9.948121027754841350e+01,2.002258939790686920e+00
2.623000000000000000e+03,9.948105264084874477e+01,2.002259627968915545e+00
2.623500000000000000e+03,9.948083663467718907e+01,2.002260570966478248e+00
2.624000000000000000e+03,9.948056226108316480e+01,2.002261768776088857e+00
2.624500000000000000e+03,9.948022947527105941e+01,2.002263221595416809e+00
2.625000000000000000e+03,9.947983818527450239e+01,2.002264929828514450e+00
2.625500000000000000e+03,9.947938825160248655e+01,2.002266894087367355e+00
2.626000000000000000e+03,9.947887948685722392e+01,2.002269115193572091e+00
2.626500000000000000e+03,9.947831165532325315e+01,2.002271594180136116e+00
2.627000000000000000e+03,9.947768447252740032e+01,2.002274332293414449e+00
2.627500000000000000e+03,9.947699760476935182e+01,2.002277330995168914e+00
2.628000000000000000e+03,9.947625066862249810e+01,2.002280591964765932e+00
2.628500000000000000e+03,9.947544323040463610e+01,2.002284117101502670e+00
2.629000000000000000e+03,9.947457480561841692e+01,2.002287908527070837e+00
2.629500000000000000e+03,9.947364485836109793e+01,2.002291968588156390e+00
2.630000000000000000e+03,9.947265280070332949e+01,2.002296299859173345e+00
2.630500000000000000e+03,9.947159799203693353e+01,2.002300905145141474e+00
2.631000000000000000e+03,9.947047973839120516e+01,2.002305787484697230e+00
2.631500000000000000e+03,9.946929729171758083e+01,2.002310950153251223e+00
2.632000000000000000e+03,9.946804984914257375e+01,2.002316396666282472e+00
2.632500000000000000e+03,9.946673655218870636e+01,2.002322130782778764e+00
2.633000000000000000e+03,9.946535648596326951e+01,2.002328156508816459e+00
2.633500000000000000e+03,9.946390867831483718e+01,2.002334478101288617e+00
2.634000000000000000e+03,9.946239209895732358e+01,2.002341100071774793e+00
2.634500000000000000e+03,9.946080565856159694e+01,2.002348027190557378e+00
2.635000000000000000e+03,9.945914820781442245e+01,2.002355264490783604e+00
2.635500000000000000e+03,9.945741853644479136e+01,2.002362817272773210e+00
2.636000000000000000e+03,9.945561537221766457e+01,2.002370691108473544e+00
2.636500000000000000e+03,9.945373737989490337e+01,2.002378891846061215e+00
2.637000000000000000e+03,9.945178316016364306e+01,2.002387425614691185e+00
2.637500000000000000e+03,9.944975124853202431e+01,2.002396298829389742e+00
2.638000000000000000e+03,9.944764011419241001e+01,2.002405518196099354e+00
2.638500000000000000e+03,9.944544815885220146e+01,2.002415090716865631e+00
2.639000000000000000e+03,9.944317371553239582e+01,2.002425023695172168e+00
2.639500000000000000e+03,9.944081504733405552e+01,2.002435324741421496e+00
2.640000000000000000e+03,9.943837034617291692e+01,2.002446001778559470e+00
2.640500000000000000e+03,9.943583773148237981e+01,2.002457063047847097e+00
2.641000000000000000e+03,9.943321524888517615e+01,2.002468517114770474e+00
2.641500000000000000e+03,9.943050086883413030e+01,2.002480372875097725e+00
2.642000000000000000e+03,9.942769248522222370e+01,2.002492639561073595e+00
2.642500000000000000e+03,9.942478791396260362e+01,2.002505326747754832e+00
2.643000000000000000e+03,9.942178489153877763e+01,2.002518444359483230e+00
2.643500000000000000e+03,9.941868107352577510e+01,2.002532002676493228e+00
2.644000000000000000e+03,9.941547403308274511e+01,2.002546012341654080e+00
2.644500000000000000e+03,9.941216125941744508e+01,2.002560484367342575e+00
2.645000000000000000e+03,9.940874015622378579e+01,2.002575430142445434e+00
2.645500000000000000e+03,9.940520804009263145e+01,2.002590861439487835e+00
2.646000000000000000e+03,9.940156213889723347e+01,2.002606790421880945e+00
2.646500000000000000e+03,9.939779959015366728e+01,2.002623229651294690e+00
2.647000000000000000e+03,9.939391743935775025e+01,2.002640192095142879e+00
2.647500000000000000e+03,9.938991263829906586e+01,2.002657691134179352e+00
2.648000000000000000e+03,9.938578204335347266e+01,2.002675740570202922e+00
2.648500000000000000e+03,9.938152241375522067e+01,2.002694354633867135e+00
2.649000000000000000e+03,9.937713040984995416e+01,2.002713547992583720e+00
2.649500000000000000e+03,9.937260259132995088e+01,2.002733335758523747e+00
2.650000000000000000e+03,9.936793541545327457e+01,2.002753733496700494e+00
2.650500000000000000e+03,9.936312523524799190e+01,2.002774757233138025e+00
2.651000000000000000e+03,9.935816829770359959e+01,2.002796423463111264e+00
2.651500000000000000e+03,9.935306074195108295e+01,2.002818749159454903e+00
2.652000000000000000e+03,9.934779859743366615e+01,2.002841751780933599e+00
2.652500000000000000e+03,9.934237778207014458e+01,2.002865449280661903e+00
2.653000000000000000e+03,9.933679410041293067e+01,2.002889860114571263e+00
2.653500000000000000e+03,9.933104324180310130e+01,2.002915003249913006e+00
2.654000000000000000e+03,9.932512077852463506e+01,2.002940898173783513e+00
2.654500000000000000e+03,9.931902216396051131e+01,2.002967564901672493e+00
2.655000000000000000e+03,9.931274273075304393e+01,2.002995023986012146e+00
2.655500000000000000e+03,9.930627768897134899e+01,2.003023296524725883e+00
2.656000000000000000e+03,9.929962212428873158e+01,2.003052404169759715e+00
2.656500000000000000e+03,9.929277099617307556e+01,2.003082369135586127e+00
2.657000000000000000e+03,9.928571913609317789e+01,2.003113214207669301e+00
2.657500000000000000e+03,9.927846124574455189e+01,2.003144962750876168e+00
2.658000000000000000e+03,9.927099189529808143e+01,2.003177638717820397e+00
2.658500000000000000e+03,9.926330552167492272e+01,2.003211266657128231e+00
2.659000000000000000e+03,9.925539642685171771e+01,2.003245871721605287e+00
2.659500000000000000e+03,9.924725877619967207e+01,2.003281479676291887e+00
2.660000000000000000e+03,9.923888659686177505e+01,2.003318116906394497e+00
2.660500000000000000e+03,9.923027377617233924e+01,2.003355810425068828e+00
2.661000000000000000e+03,9.922141406012306675e+01,2.003394587881042188e+00
2.661500000000000000e+03,9.921230105188040227e+01,2.003434477566057748e+00
2.662000000000000000e+03,9.920292821035859276e+01,2.003475508422114970e+00
2.662500000000000000e+03,9.919328884885348430e+01,2.003517710048497324e+00
2.663000000000000000e+03,9.918337613374205830e+01,2.003561112708558412e+00
2.663500000000000000e+03,9.917318308325255316e+01,2.003605747336248299e+00
2.664000000000000000e+03,9.916270256631098334e+01,2.003651645542360082e+00
2.664500000000000000e+03,9.915192730146900146e+01,2.003698839620474015e+00
2.665000000000000000e+03,9.914084985591904342e+01,2.003747362552573463e+00
2.665500000000000000e+03,9.912946264460234147e+01,2.003797248014317134e+00
2.666000000000000000e+03,9.911775792941578800e+01,2.003848530379930715e+00
2.666500000000000000e+03,9.910572781852350488e+01,2.003901244726708164e+00
2.667000000000000000e+03,9.909336426577948487e+01,2.003955426839088005e+00
2.667500000000000000e+03,9.908065907026740149e+01,2.004011113212277095e+00
2.668000000000000000e+03,9.906760387596408179e+01,2.004068341055408542e+00
2.668500000000000000e+03,9.905419017153293737e+01,2.004127148294190253e+00
2.669000000000000000e+03,9.904040929025427431e+01,2.004187573573032122e+00
2.669500000000000000e+03,9.902625241009876333e+01,2.004249656256611445e+00
2.670000000000000000e+03,9.901171055395106180e+01,2.004313436430860573e+00
2.670500000000000000e+03,9.899677458999038038e+01,2.004378954903340393e+00
2.671000000000000000e+03,9.898143523223458828e+01,2.004446253202972539e+00
2.671500000000000000e+03,9.896568304125517557e+01,2.004515373579104587e+00
2.672000000000000000e+03,9.894950842506951005e+01,2.004586358999879359e+00
2.672500000000000000e+03,9.893290164021767907e+01,2.004659253149873699e+00
2.673000000000000000e+03,9.891585279303048139e+01,2.004734100426984078e+00
2.673500000000000000e+03,9.889835184109573163e+01,2.004810945938531042e+00
2.674000000000000000e+03,9.888038859492932886e+01,2.004889835496542982e+00
2.674500000000000000e+03,9.886195271985823751e+01,2.004970815612206358e+00
2.675000000000000000e+03,9.884303373812153382e+01,2.005053933489441498e+00
2.675500000000000000e+03,9.882362103119646690e+01,2.005139237017578679e+00
2.676000000000000000e+03,9.880370384235558845e+01,2.005226774763114950e+00
2.676500000000000000e+03,9.878327127946127462e+01,2.005316595960512149e+00
2.677000000000000000e+03,9.876231231800369414e+01,2.005408750502019277e+00
2.677500000000000000e+03,9.874081580438789274e+01,2.005503288926490324e+00
2.678000000000000000e+03,9.871877045947557860e+01,2.005600262407170487e+00
2.678500000000000000e+03,9.869616488238688135e+01,2.005699722738434332e+00
2.679000000000000000e+03,9.867298755456704384e+01,2.005801722321443048e+00
2.679500000000000000e+03,9.864922684412256615e+01,2.005906314148708791e+00
2.680000000000000000e+03,9.862487101043116411e+01,2.006013551787538152e+00
2.680500000000000000e+03,9.859990820902929443e+01,2.006123489362344969e+00
2.681000000000000000e+03,9.857432649678069936e+01,2.006236181535803631e+00
2.681500000000000000e+03,9.854811383732888430e+01,2.006351683488841076e+00
2.682000000000000000e+03,9.852125810683595830e+01,2.006470050899440416e+00
2.682500000000000000e+03,9.849374710000977018e+01,2.006591339920257067e+00
2.683000000000000000e+03,9.846556853642064766e+01,2.006715607155027836e+00
2.683500000000000000e+03,9.843671006710845006e+01,2.006842909633770766e+00
2.684000000000000000e+03,9.840715928148010505e+01,2.006973304786773937e+00
2.684500000000000000e+03,9.837690371449696158e+01,2.007106850417361255e+00
2.685000000000000000e+03,9.834593085415069424e+01,2.007243604673447201e+00
2.685500000000000000e+03,9.831422814922575526e+01,2.007383626017875677e+00
2.686000000000000000e+03,9.828178301734560307e+01,2.007526973197551357e+00
2.686500000000000000e+03,9.824858285329908369e+01,2.007673705211375115e+00
2.687000000000000000e+03,9.821461503764237477e+01,2.007823881276992850e+00
2.687500000000000000e+03,9.817986694557161798e+01,2.007977560796377681e+00
2.688000000000000000e+03,9.814432595605950382e+01,2.008134803320255735e+00
2.688500000000000000e+03,9.810797946124914404e+01,2.008295668511414611e+00
2.689000000000000000e+03,9.807081487609698911e+01,2.008460216106901619e+00
2.689500000000000000e+03,9.803281964825573880e+01,2.008628505879160198e+00
2.690000000000000000e+03,9.799398126818741162e+01,2.008800597596125392e+00
2.690500000000000000e+03,9.795428727949537517e+01,2.008976550980324571e+00
2.691000000000000000e+03,9.791372528946357079e+01,2.009156425667024237e+00
2.691500000000000000e+03,9.787228297978954572e+01,2.009340281161466013e+00
2.692000000000000000e+03,9.782994811749762221e+01,2.009528176795248200e+00
2.692500000000000000e+03,9.778670856601681294e+01,2.009720171681903533e+00
2.693000000000000000e+03,9.774255229640742471e+01,2.009916324671734422e+00
2.693500000000000000e+03,9.769746739871921193e+01,2.010116694305968288e+00
2.694000000000000000e+03,9.765144209346297544e+01,2.010321338770301391e+00
2.694500000000000000e+03,9.760446474317623711e+01,2.010530315847903537e+00
2.695000000000000000e+03,9.755652386406310939e+01,2.010743682871956484e+00
2.695500000000000000e+03,9.750760813768702917e+01,2.010961496677813543e+00
2.696000000000000000e+03,9.745770642269468453e+01,2.011183813554851874e+00
2.696500000000000000e+03,9.740680776654809847e+01,2.011410689198120494e+00
2.697000000000000000e+03,9.735490141724125124e+01,2.011642178659862168e+00
2.697500000000000000e+03,9.730197683497713967e+01,2.011878336301010872e+00
2.698000000000000000e+03,9.724802370378007765e+01,2.012119215742759426e+00
2.698500000000000000e+03,9.719303194301772919e+01,2.012364869818299873e+00
2.699000000000000000e+03,9.713699171880702465e+01,2.012615350524835645e+00
2.699500000000000000e+03,9.707989345527735736e+01,2.012870708975975642e+00
2.700000000000000000e+03,9.702172784566475627e+01,2.013130995354606601e+00
2.700500000000000000e+03,9.696248586321006258e+01,2.013396258866364086e+00
2.701000000000000000e+03,9.690215877183483428e+01,2.013666547693793163e+00
2.701500000000000000e+03,9.684073813656831931e+01,2.013941908951320858e+00
2.702000000000000000e+03,9.677821583369986058e+01,2.014222388641130568e+00
2.702500000000000000e+03,9.671458406063123903e+01,2.014508031610055205e+00
2.703000000000000000e+03,9.664983534540452581e+01,2.014798881507576578e+00
2.703500000000000000e+03,9.658396255588246504e+01,2.015094980745038455e+00
2.704000000000000000e+03,9.651695890855908999e+01,2.015396370456150166e+00
2.704500000000000000e+03,9.644881797698072035e+01,2.015703090458877078e+00
2.705000000000000000e+03,9.637953369975897999e+01,2.016015179218785036e+00
2.705500000000000000e+03,9.630910038816018925e+01,2.016332673813903575e+00
2.706000000000000000e+03,9.623751273325815703e+01,2.016655609901169655e+00
2.706500000000000000e+03,9.616476581264042522e+01,2.016984021684481654e+00
2.707000000000000000e+03,9.609085509666205382e+01,2.017317941884395172e+00
2.707500000000000000e+03,9.601577645424475804e+01,2.017657401709466836e+00
2.708000000000000000e+03,9.593952615822415453e+01,2.018002430829228810e+00
2.708500000000000000e+03,9.586210089025307468e+01,2.018353057348759361e+00
2.709000000000000000e+03,9.578349774527464433e+01,2.018709307784789520e+00
2.709500000000000000e+03,9.570371423558555080e+01,2.019071207043245941e+00
2.710000000000000000e+03,9.562274829451689584e+01,2.019438778398114920e+00
2.710500000000000000e+03,9.554059827976830377e+01,2.019812043471458374e+00
2.711000000000000000e+03,9.545726297643960834e+01,2.020191022214382404e+00
2.711500000000000000e+03,9.537274159981400601e+01,2.020575732888714615e+00
2.712000000000000000e+03,9.528703379795749129e+01,2.020966192049090893e+00
2.712500000000000000e+03,9.520013965421048852e+01,2.021362414525100348e+00
2.713000000000000000e+03,9.511205968966071111e+01,2.021764413403084326e+00
2.713500000000000000e+03,9.502279486569948119e+01,2.022172200007106291e+00
2.714000000000000000e+03,9.493234658677900484e+01,2.022585783878552146e+00
2.714500000000000000e+03,9.484071670350377303e+01,2.023005172753731706e+00
2.715000000000000000e+03,9.474790751620685114e+01,2.023430372538777444e+00
2.715500000000000000e+03,9.465392177918019456e+01,2.023861387281036261e+00
2.716000000000000000e+03,9.455876270574829334e+01,2.024298219136059895e+00
2.716500000000000000e+03,9.446243397439529588e+01,2.024740868329185428e+00
2.717000000000000000e+03,9.436493973617923814e+01,2.025189333110588574e+00
2.717500000000000000e+03,9.426628462369018280e+01,2.025643609702573844e+00
2.718000000000000000e+03,9.416647376183550477e+01,2.026103692237722242e+00
2.718500000000000000e+03,9.406551278076162248e+01,2.026569572686396370e+00
2.719000000000000000e+03,9.396340783125035045e+01,2.027041240771945141e+00
2.719500000000000000e+03,9.386016560295713873e+01,2.027518683871798011e+00
2.720000000000000000e+03,9.375579334588911706e+01,2.028001886902482731e+00
2.720500000000000000e+03,9.365029889555270870e+01,2.028490832186426118e+00
2.721000000000000000e+03,9.354369070223251015e+01,2.028985499298224582e+00
2.721500000000000000e+03,9.343597786489662838e+01,2.029485864887897506e+00
2.722000000000000000e+03,9.332717017025633766e+01,2.029991902478443411e+00
2.722500000000000000e+03,9.321727813754129954e+01,2.030503582234844284e+00
2.723000000000000000e+03,9.310631306958389075e+01,2.031020870701465419e+00
2.723500000000000000e+03,9.299428711083758969e+01,2.031543730504634659e+00
2.724000000000000000e+03,9.288121331298381733e+01,2.032072120016985117e+00
2.724500000000000000e+03,9.276710570880889861e+01,2.032605992979994447e+00
2.725000000000000000e+03,9.265197939505621605e+01,2.033145298080995200e+00
2.725500000000000000e+03,9.253585062497856484e+01,2.033689978480785587e+00
2.726000000000000000e+03,9.241873691132886393e+01,2.034239971287867377e+00
2.726500000000000000e+03,9.230065714053557713e+01,2.034795206975252846e+00
2.727000000000000000e+03,9.218163169880787677e+01,2.035355608735727184e+00
2.727500000000000000e+03,9.206168261090532212e+01,2.035921091771466962e+00
2.728000000000000000e+03,9.194083369228546587e+01,2.036491562513949027e+00
2.728500000000000000e+03,9.181911071530785762e+01,2.037066917770225416e+00
2.729000000000000000e+03,9.169654159012361561e+01,2.037647043791801060e+00
2.729500000000000000e+03,9.157315656081229349e+01,2.038231815262655289e+00
2.730000000000000000e+03,9.144898841724234728e+01,2.038821094203304707e+00
2.730500000000000000e+03,9.132407272302326362e+01,2.039414728788300657e+00
2.731000000000000000e+03,9.119844805978578961e+01,2.040012552075158858e+00
2.731500000000000000e+03,9.107215628786880757e+01,2.040614380643476888e+00
2.732000000000000000e+03,9.094524282330398535e+01,2.041220013143898449e+00
2.732500000000000000e+03,9.081775693077166522e+01,2.041829228757650494e+00
2.733000000000000000e+03,9.068975203194908374e+01,2.042441785568651635e+00
2.733500000000000000e+03,9.056128602838489883e+01,2.043057418851635720e+00
2.734000000000000000e+03,9.043242163770793240e+01,2.043675839281418494e+00
2.734500000000000000e+03,9.030322674161261887e+01,2.044296731070328388e+00
2.735000000000000000e+03,9.017377474365616763e+01,2.044919750042969664e+00
2.735500000000000000e+03,9.004414493445175083e+01,2.045544521659880655e+00
2.736000000000000000e+03,8.991442286134710571e+01,2.046170639004316616e+00
2.736500000000000000e+03,8.978470069913652196e+01,2.046797660749315018e+00
2.737000000000000000e+03,8.965507761776835594e+01,2.047425109125428300e+00
2.737500000000000000e+03,8.952566014237694958e+01,2.048052467912992558e+00
2.738000000000000000e+03,8.939656250028974682e+01,2.048679180486607798e+00
2.738500000000000000e+03,8.926790694893919920e+01,2.049304647943541724e+00
2.739000000000000000e+03,8.913982407784595807e+01,2.049928227352110000e+00
2.739500000000000000e+03,8.901245307704175502e+01,2.050549230160633396e+00
2.740000000000000000e+03,8.888594196347295906e+01,2.051166920812331984e+00
2.740500000000000000e+03,8.876044775608028203e+01,2.051780515616410394e+00
2.741000000000000000e+03,8.863613658940153073e+01,2.052389181930518891e+00
2.741500000000000000e+03,8.851318375471375077e+01,2.052992037714665763e+00
2.742000000000000000e+03,8.839177365694608568e+01,2.053588151521285265e+00
2.742500000000000000e+03,8.827209967489359599e+01,2.054176542990379328e+00
2.743000000000000000e+03,8.815436391169095032e+01,2.054756183922158197e+00
2.743500000000000000e+03,8.803877682212400657e+01,2.055326000002063225e+00
2.744000000000000000e+03,8.792555670323778827e+01,2.055884873254081313e+00
2.744500000000000000e+03,8.781492903492458879e+01,2.056431645297399413e+00
2.745000000000000000e+03,8.770712565784181436e+01,2.056965121478117275e+00
2.745500000000000000e+03,8.760238377721630343e+01,2.057484075941444779e+00
2.746000000000000000e+03,8.750094478294678879e+01,2.057987257699912753e+00
2.746500000000000000e+03,8.740305287901661302e+01,2.058473397739104538e+00
2.747000000000000000e+03,8.730895351866129772e+01,2.058941217183768657e+00
2.747500000000000000e+03,8.721889164605659062e+01,2.059389436523634043e+00
2.748000000000000000e+03,8.713310975051898311e+01,2.059816785869633016e+00
2.748500000000000000e+03,8.705184574530531449e+01,2.060222016177862159e+00
2.749000000000000000e+03,8.697533068995400640e+01,2.060603911340945782e+00
2.749500000000000000e+03,8.690378638254330212e+01,2.060961301005634905e+00
2.750000000000000000e+03,8.683742285598242461e+01,2.061293073932887410e+00
2.750500000000000000e+03,8.677643582014839296e+01,2.061598191674313796e+00
2.751000000000000000e+03,8.672100409891021400e+01,2.061875702299099000e+00
2.751500000000000000e+03,8.667128711736462776e+01,2.062124753870912208e+00
2.752000000000000000e+03,8.662742249944585637e+01,2.062344607347742720e+00
2.752500000000000000e+03,8.658952383897805305e+01,2.062534648561645145e+00
2.753000000000000000e+03,8.655767870778998940e+01,2.062694398932462203e+00
2.753500000000000000e+03,8.653194696238269046e+01,2.062823524581434143e+00
2.754000000000000000e+03,8.651235940566095906e+01,2.062921843538157773e+00
2.754500000000000000e+03,8.649891685240942252e+01,2.062989330777577734e+00
2.755000000000000000e+03,8.649158963672080347e+01,2.063026120881355840e+00
2.755500000000000000e+03,8.649031758686632543e+01,2.063032508187882641e+00
2.756000000000000000e+03,8.649501047872399795e+01,2.063008944373988740e+00
2.756500000000000000e+03,8.650554896357091650e+01,2.062956033495121577e+00
2.757000000000000000e+03,8.652178595061978683e+01,2.062874524594782155e+00
2.757500000000000000e+03,8.654354840997376641e+01,2.062765302073763518e+00
2.758000000000000000e+03,8.657063954848428011e+01,2.062629374080819922e+00
2.758500000000000000e+03,8.660284130001186043e+01,2.062467859245075807e+00
2.759000000000000000e+03,8.663991706333717957e+01,2.062281972113948481e+00
2.759500000000000000e+03,8.668161461578065996e+01,2.062073007686862969e+00
2.760000000000000000e+03,8.672766912858453736e+01,2.061842325444068980e+00
2.760500000000000000e+03,8.677780621119865145e+01,2.061591333262047687e+00
2.761000000000000000e+03,8.683174491551814356e+01,2.061321471583946963e+00
2.761500000000000000e+03,8.688920063742030209e+01,2.061034198177665644e+00
2.762000000000000000e+03,8.694988786111100865e+01,2.060730973768595931e+00
2.762500000000000000e+03,8.701352270123713595e+01,2.060413248781866269e+00
2.763000000000000000e+03,8.707982520785897407e+01,2.060082451373461687e+00
2.763500000000000000e+03,8.714852140965587068e+01,2.059739976873836920e+00
2.764000000000000000e+03,8.721934508067063518e+01,2.059387178714171096e+00
2.764500000000000000e+03,8.729203922508953895e+01,2.059025360856391096e+00
2.765000000000000000e+03,8.736635728271005519e+01,2.058655771704954951e+00
2.765500000000000000e+03,8.744206406467415604e+01,2.058279599442178753e+00
2.766000000000000000e+03,8.751893643464593708e+01,2.057897968699983871e+00
2.766500000000000000e+03,8.759676375487481437e+01,2.057511938459342549e+00
2.767000000000000000e+03,8.767534811956610952e+01,2.057122501054028163e+00
2.767500000000000000e+03,8.775450439978682482e+01,2.056730582146873765e+00
2.768000000000000000e+03,8.783406012490682713e+01,2.056337041543803590e+00
2.768500000000000000e+03,8.791385522547730602e+01,2.055942674712505802e+00
2.769000000000000000e+03,8.799374166164579947e+01,2.055548214877842561e+00
2.769500000000000000e+03,8.807358295986453811e+01,2.055154335574051139e+00
2.770000000000000000e+03,8.815325367891924202e+01,2.054761653543641486e+00
2.770500000000000000e+03,8.823263882432331684e+01,2.054370731883948142e+00
2.771000000000000000e+03,8.831163322800578896e+01,2.053982083353908195e+00
2.771500000000000000e+03,8.839014090806479373e+01,2.053596173765316557e+00
2.772000000000000000e+03,8.846807442123898113e+01,2.053213425394203817e+00
2.772500000000000000e+03,8.854535421872465406e+01,2.052834220358735084e+00
2.773000000000000000e+03,8.862190801407638219e+01,2.052458903920018951e+00
2.773500000000000000e+03,8.869767017020197386e+01,2.052087787671248442e+00
2.774000000000000000e+03,8.877258111091202863e+01,2.051721152588671160e+00
2.774500000000000000e+03,8.884658676111605757e+01,2.051359251924929072e+00
2.775000000000000000e+03,8.891963801856982741e+01,2.051002313931410193e+00
2.775500000000000000e+03,8.899169025906392960e+01,2.050650544401396935e+00
2.776000000000000000e+03,8.906270287609073932e+01,2.050304129030089406e+00
2.776500000000000000e+03,8.913263885532342101e+01,2.049963235591107047e+00
2.777000000000000000e+03,8.920146438367007136e+01,2.049628015931870273e+00
2.777500000000000000e+03,8.926914849221512327e+01,2.049298607792465532e+00
2.778000000000000000e+03,8.933566273201181218e+01,2.048975136454273649e+00
2.778500000000000000e+03,8.940098088143179211e+01,2.048657716225823933e+00
2.779000000000000000e+03,8.946507868359485371e+01,2.048346451774190502e+00
2.779500000000000000e+03,8.952793361228376057e+01,2.048041439310721579e+00
2.780000000000000000e+03,8.958952466468252851e+01,2.047742767640154504e+00
2.780500000000000000e+03,8.964983217925374959e+01,2.047450519082191889e+00
2.781000000000000000e+03,8.970883767708133405e+01,2.047164770274470413e+00
2.781500000000000000e+03,8.976652372504302946e+01,2.046885592865610004e+00
2.782000000000000000e+03,8.982287381923501357e+01,2.046613054106639851e+00
2.782500000000000000e+03,8.987787228714405785e+01,2.046347217348703840e+00
2.783000000000000000e+03,8.993150420714542292e+01,2.046088142454442593e+00
2.783500000000000000e+03,8.998375534399472997e+01,2.045835886129977244e+00
2.784000000000000000e+03,9.003461209907339935e+01,2.045590502183888937e+00
2.784500000000000000e+03,9.008406147424081212e+01,2.045352041719104896e+00
2.785000000000000000e+03,9.013209104823540940e+01,2.045120553263093388e+00
2.785500000000000000e+03,9.017868896465429884e+01,2.044896082841324958e+00
2.786000000000000000e+03,9.022384393062000640e+01,2.044678673998508334e+00
2.786500000000000000e+03,9.026754522531638258e+01,2.044468367771731465e+00
2.787000000000000000e+03,9.030978271763933662e+01,2.044265202619286459e+00
2.787500000000000000e+03,9.035054689226177516e+01,2.044069214308664506e+00
2.788000000000000000e+03,9.038982888345455535e+01,2.043880435766973758e+00
2.788500000000000000e+03,9.042762051603466489e+01,2.043698896896857242e+00
2.789000000000000000e+03,9.046391435282811244e+01,2.043524624360893771e+00
2.789500000000000000e+03,9.049870374803469986e+01,2.043357641337419928e+00
2.790000000000000000e+03,9.053198290586612984e+01,2.043197967250793834e+00
2.790500000000000000e+03,9.056374694379428547e+01,2.043045617479232856e+00
2.791000000000000000e+03,9.059399195969184859e+01,2.042900603043626084e+00
2.791500000000000000e+03,9.062271510207183667e+01,2.042762930281050604e+00
2.792000000000000000e+03,9.064991464253316167e+01,2.042632600507185092e+00
2.792500000000000000e+03,9.067559004939512590e+01,2.042509609672396031e+00
2.793000000000000000e+03,9.069974206135179884e+01,2.042393948016981486e+00
2.793500000000000000e+03,9.072237275979705373e+01,2.042285599731910928e+00
2.794000000000000000e+03,9.074348563825981273e+01,2.042184542632401900e+00
2.794500000000000000e+03,9.076308566714484982e+01,2.042090747852832067e+00
2.795000000000000000e+03,9.078117935169778718e+01,2.042004179572816991e+00
2.795500000000000000e+03,9.079777478079957120e+01,2.041924794785761499e+00
2.796000000000000000e+03,9.081288166384824478e+01,2.041852543122887109e+00
2.796500000000000000e+03,9.082651135260209685e+01,2.041787366747557009e+00
2.797000000000000000e+03,9.083867684443953294e+01,2.041729200336755312e+00
2.797500000000000000e+03,9.084939276303988720e+01,2.041677971168740946e+00
2.798000000000000000e+03,9.085867531200690905e+01,2.041633599338248395e+00
2.798500000000000000e+03,9.086654219644911734e+01,2.041595998123050926e+00
2.799000000000000000e+03,9.087301250700166122e+01,2.041565074528295387e+00
2.799500000000000000e+03,9.087810656023296474e+01,2.041540730037644469e+00
2.800000000000000000e+03,9.088184568883239933e+01,2.041522861602953487e+00
2.800500000000000000e+03,9.088425197443589809e+01,2.041511362906849314e+00
2.801000000000000000e+03,9.088534791542653579e+01,2.041506125935155236e+00
2.801500000000000000e+03,9.088515602156192585e+01,2.041507042898520918e+00
2.802000000000000000e+03,9.088369832684718119e+01,2.041514008544788261e+00
2.802500000000000000e+03,9.088099581170922647e+01,2.041526922905493091e+00
2.803000000000000000e+03,9.087706772525565668e+01,2.041545694521324616e+00
2.803500000000000000e+03,9.087193079824083952e+01,2.041570244192301598e+00
2.804000000000000000e+03,9.086559833733383584e+01,2.041600509298721722e+00
2.804500000000000000e+03,9.085807919140962952e+01,2.041636448738532561e+00
2.805000000000000000e+03,9.084937658088625767e+01,2.041678048525566780e+00
2.805500000000000000e+03,9.083948678162499846e+01,2.041725328090984615e+00
2.806000000000000000e+03,9.082839765561411127e+01,2.041778347327230847e+00
2.806500000000000000e+03,9.081608702158071367e+01,2.041837214409786050e+00
2.807000000000000000e+03,9.080252085982786525e+01,2.041902094426977676e+00
2.807500000000000000e+03,9.078765134697736983e+01,2.041973218842088045e+00
2.808000000000000000e+03,9.077141471790942262e+01,2.042050895805079147e+00
2.808500000000000000e+03,9.075372895401943651e+01,2.042135521323446667e+00
2.809000000000000000e+03,9.073449129894504495e+01,2.042227591293202416e+00
2.809500000000000000e+03,9.071357560513278884e+01,2.042327714381896975e+00
2.810000000000000000e+03,9.069082951698968031e+01,2.042436625746100631e+00
2.810500000000000000e+03,9.066607149887403239e+01,2.042555201556087052e+00
2.811000000000000000e+03,9.063908771879250992e+01,2.042684474290822116e+00
2.811500000000000000e+03,9.060962880136113995e+01,2.042825648756954493e+00
2.812000000000000000e+03,9.057740646633037329e+01,2.042980118776564602e+00
2.812500000000000000e+03,9.054209007174860346e+01,2.043149484480148104e+00
2.813000000000000000e+03,9.050330308363037091e+01,2.043335570133845813e+00
2.813500000000000000e+03,9.046061949679750569e+01,2.043540442423402492e+00
2.814000000000000000e+03,9.041356023437268163e+01,2.043766429111884886e+00
2.814500000000000000e+03,9.036158955623372435e+01,2.044016137983756476e+00
2.815000000000000000e+03,9.030411150959371014e+01,2.044292475984619717e+00
2.815500000000000000e+03,9.024046645777308129e+01,2.044598668463643687e+00
2.816000000000000000e+03,9.016992772618998231e+01,2.044938278424440536e+00
2.816500000000000000e+03,9.009169840762376680e+01,2.045315225689789518e+00
2.817000000000000000e+03,9.000490837190737636e+01,2.045733805886136736e+00
2.817500000000000000e+03,8.990861152836387760e+01,2.046198709155135020e+00
2.818000000000000000e+03,8.980178339249236785e+01,2.046715038501651041e+00
2.818500000000000000e+03,8.968331901157603170e+01,2.047288327690734544e+00
2.819000000000000000e+03,8.955203130695446134e+01,2.047924558610080936e+00
2.819500000000000000e+03,8.940664989356696424e+01,2.048630178019783088e+00
2.820000000000000000e+03,8.924582043990358216e+01,2.049412113617895770e+00
2.820500000000000000e+03,8.906810463353340879e+01,2.050277789358883940e+00
2.821000000000000000e+03,8.887198081873179945e+01,2.051235139972858779e+00
2.821500000000000000e+03,8.865584537319359981e+01,2.052292624647031438e+00
2.822000000000000000e+03,8.841801489017498739e+01,2.053459239847706730e+00
2.822500000000000000e+03,8.815672923042320974e+01,2.054744531281872177e+00
2.823000000000000000e+03,8.787015550469642733e+01,2.056158605022754049e+00
2.823500000000000000e+03,8.755639304232104791e+01,2.057712137854245782e+00
2.824000000000000000e+03,8.721347939386976122e+01,2.059416386925628117e+00
2.824500000000000000e+03,8.683939740648520456e+01,2.061283198851269205e+00
2.825000000000000000e+03,8.643208339847046773e+01,2.063325018440925529e+00
2.825500000000000000e+03,8.598943644540912601e+01,2.065554897305839521e+00
2.826000000000000000e+03,8.550932877320998671e+01,2.067986502655204895e+00
2.826500000000000000e+03,8.498961723409763636e+01,2.070634126678168041e+00
2.827000000000000000e+03,8.442815581976566364e+01,2.073512696999983973e+00
2.827500000000000000e+03,8.382280914182591403e+01,2.076637788809369667e+00
2.828000000000000000e+03,8.317146678356465372e+01,2.080025639380011171e+00
2.828500000000000000e+03,8.247205839919152481e+01,2.083693165855756035e+00
2.829000000000000000e+03,8.172256940768487254e+01,2.087657987340163501e+00
2.829500000000000000e+03,8.092105709856393503e+01,2.091938452531552972e+00
2.830000000000000000e+03,8.006566693716354166e+01,2.096553674380301047e+00
2.830500000000000000e+03,7.915464882812074165e+01,2.101523573522897870e+00
2.831000000000000000e+03,7.818637306887127636e+01,2.106868932575586051e+00
2.831500000000000000e+03,7.715934570130751524e+01,2.112611463759055841e+00
2.832000000000000000e+03,7.607222295096745768e+01,2.118773892786217861e+00
2.832500000000000000e+03,7.492382443119660707e+01,2.125380062490421107e+00
2.833000000000000000e+03,7.371314478711886409e+01,2.132455060316216233e+00
2.833500000000000000e+03,7.243936346407420501e+01,2.140025374554205939e+00
2.834000000000000000e+03,7.110185231135518791e+01,2.148119085091307223e+00
2.834500000000000000e+03,6.970018077958903291e+01,2.156766095481959855e+00
2.835000000000000000e+03,6.823411854532541554e+01,2.165998414334540989e+00
2.835500000000000000e+03,6.670363550739747893e+01,2.175850495352199765e+00
2.836000000000000000e+03,6.510889925667497380e+01,2.186359646855422501e+00
2.836500000000000000e+03,6.345027033677018835e+01,2.197566523206511580e+00
2.837000000000000000e+03,6.172829590391009447e+01,2.209515712175023072e+00
2.837500000000000000e+03,5.994370277850092066e+01,2.222256433786055752e+00
2.838000000000000000e+03,5.809739138061541297e+01,2.235843367341820542e+00
2.838500000000000000e+03,5.619043267990893753e+01,2.250337623719775415e+00
2.839000000000000000e+03,5.422407108880514670e+01,2.265807879137864855e+00
2.839500000000000000e+03,5.219973719983747884e+01,2.282331683452675009e+00
2.840000000000000000e+03,5.011907540864973498e+01,2.299996949422205894e+00
2.840500000000000000e+03,4.798399273131115450e+01,2.318903617372137571e+00
2.841000000000000000e+03,4.579673641139201123e+01,2.339165469791429697e+00
2.841500000000000000e+03,4.356000900696833611e+01,2.360912039116532579e+00
2.842000000000000000e+03,4.127713018241478693e+01,2.384290504919285070e+00
2.842500000000000000e+03,3.895225382464190034e+01,2.409467408459025073e+00
2.843000000000000000e+03,3.659064652777210824e+01,2.436629916805734819e+00
2.843500000000000000e+03,3.419902788496348478e+01,2.465986238686450172e+00
2.844000000000000000e+03,3.178596326166690744e+01,2.497764622903094978e+00
2.844500000000000000e+03,2.936228499764173705e+01,2.532210150280056027e+00
2.845000000000000000e+03,2.694149854463121585e+01,2.569578251539382130e+00
2.845500000000000000e+03,2.454010823217305415e+01,2.610123526183917964e+00
2.846000000000000000e+03,2.217777864555638700e+01,2.654081955494770995e+00
2.846500000000000000e+03,1.987724092137786158e+01,2.701643898398421673e+00
2.847000000000000000e+03,1.766386935353487786e+01,2.752914156091334164e+00
2.847500000000000000e+03,1.556490050481352228e+01,2.807853651104085024e+00
2.848000000000000000e+03,1.360834257960978277e+01,2.866194766226659585e+00
2.848500000000000000e+03,1.182170900086497056e+01,2.927319735299601877e+00
2.849000000000000000e+03,1.023077327391420965e+01,2.990091539708941148e+00
2.849500000000000000e+03,8.858545557545440374e+00,3.052637577005020031e+00
2.850000000000000000e+03,7.724596955602393678e+00,3.112124171388470195e+00
2.850500000000000000e+03,6.844724961226532400e+00,3.164643998256281066e+00
2.851000000000000000e+03,6.230819207867128284e+00,3.205454849959294528e+00
2.851500000000000000e+03,5.890718396513079824e+00,3.229831738045475298e+00
2.852000000000000000e+03,5.827887925749379860e+00,3.234488808600162635e+00
2.852500000000000000e+03,6.040881326811629037e+00,3.218899695907199821e+00
2.853000000000000000e+03,6.522715106969670273e+00,3.185571589770167744e+00
2.853500000000000000e+03,7.260405271867341526e+00,3.139039136541883046e+00
2.854000000000000000e+03,8.234926759996014312e+00,3.084340259016513652e+00
2.854500000000000000e+03,9.421758214931401199e+00,3.025868044999975748e+00
2.855000000000000000e+03,1.079201013937722564e+01,2.966897655304878256e+00
2.855500000000000000e+03,1.231397582600419582e+01,2.909601703322358013e+00
2.856000000000000000e+03,1.395485062544977950e+01,2.855274807895529232e+00
2.856500000000000000e+03,1.568235785087995282e+01,2.804588640335071492e+00
2.857000000000000000e+03,1.746608229623655006e+01,2.757804497875174565e+00
2.857500000000000000e+03,1.927840762631713289e+01,2.714928841162637774e+00
2.858000000000000000e+03,2.109504530402446676e+01,2.675819537583986829e+00
2.858500000000000000e+03,2.289520795686540566e+01,2.640255407427440915e+00
2.859000000000000000e+03,2.466151315690865431e+01,2.607980279908384880e+00
2.859500000000000000e+03,2.637970974358387366e+01,2.578729987313283623e+00
2.860000000000000000e+03,2.803830783686669292e+01,2.552248200380379473e+00
2.860500000000000000e+03,2.962817497215854701e+01,2.528295099243253574e+00
2.861000000000000000e+03,3.114214109173903466e+01,2.506651532026034079e+00
2.861500000000000000e+03,3.257463825728193285e+01,2.487120398446955427e+00
2.862000000000000000e+03,3.392138842733054105e+01,2.469526380059555049e+00
2.862500000000000000e+03,3.517914459935124682e+01,2.453714724864290986e+00
2.863000000000000000e+03,3.634548651091659366e+01,2.439549513418662219e+00
2.863500000000000000e+03,3.741867120448719675e+01,2.426911639038181967e+00
2.864000000000000000e+03,3.839754041645711169e+01,2.415696593803598802e+00
2.864500000000000000e+03,3.928149040505896039e+01,2.405812042717740518e+00
2.865000000000000000e+03,4.007051498278963209e+01,2.397175076016349049e+00
2.865500000000000000e+03,4.076533851394255947e+01,2.389708946958817304e+00
2.866000000000000000e+03,4.136766132156311926e+01,2.383339030804986436e+00
2.866500000000000000e+03,4.188054313937570328e+01,2.377987694688892262e+00
2.867000000000000000e+03,4.230894706582666487e+01,2.373567782732789677e+00
2.867500000000000000e+03,4.266045076096965971e+01,2.369974559998462293e+00
2.868000000000000000e+03,4.294609502984852156e+01,2.367076319238758053e+00
2.868500000000000000e+03,4.318127407919534022e+01,2.364704547796115719e+00
2.869000000000000000e+03,4.338647426446949851e+01,2.362645640714288398e+00
2.869500000000000000e+03,4.358755398101769885e+01,2.360637501763518387e+00
2.870000000000000000e+03,4.381517229677162106e+01,2.358375476167732465e+00
2.870500000000000000e+03,4.410299875422922611e+01,2.355531879962152964e+00
2.871000000000000000e+03,4.448456059995259437e+01,2.351790694855374397e+00
2.871500000000000000e+03,4.498903253649447720e+01,2.346893345989346624e+00
2.872000000000000000e+03,4.563682391752238487e+01,2.340684587809715111e+00
2.872500000000000000e+03,4.643618385262101356e+01,2.333143477991325820e+00
2.873000000000000000e+03,4.738192928304629703e+01,2.324387259782046744e+00
2.873500000000000000e+03,4.845674723016851715e+01,2.314645742229087588e+00
2.874000000000000000e+03,4.963463086711043815e+01,2.304215203621740926e+00
2.874500000000000000e+03,5.088535458429571889e+01,2.293407194842825181e+00
2.875000000000000000e+03,5.217877597541450285e+01,2.282506112919933994e+00
2.875500000000000000e+03,5.348811394381350226e+01,2.271742715588540573e+00
2.876000000000000000e+03,5.479189351236158956e+01,2.261283690845441008e+00
2.876500000000000000e+03,5.607468236766414549e+01,2.251233177778189987e+00
2.877000000000000000e+03,5.732694713498830197e+01,2.241641185344300347e+00
2.877500000000000000e+03,5.854435793716154279e+01,2.232514952595461288e+00
2.878000000000000000e+03,5.972676655644949761e+01,2.223830996130249815e+00
2.878500000000000000e+03,6.087697406756611684e+01,2.215546942610978398e+00
2.879000000000000000e+03,6.199935247693026952e+01,2.207612846262465567e+00
2.879500000000000000e+03,6.309841199729373784e+01,2.199981570541774900e+00
2.880000000000000000e+03,6.417748289386105398e+01,2.192617320377687751e+00
2.880500000000000000e+03,6.523774053127064576e+01,2.185501088891631749e+00
2.881000000000000000e+03,6.627777417943801197e+01,2.178632085011593222e+00
2.881500000000000000e+03,6.729376617798263283e+01,2.172025165194994223e+00
2.882000000000000000e+03,6.828016707113529549e+01,2.165705424903769050e+00
2.882500000000000000e+03,6.923062119392267277e+01,2.159701771524741076e+00
2.883000000000000000e+03,7.013887758105187231e+01,2.154041188329849810e+00
2.883500000000000000e+03,7.099950055593637899e+01,2.148744706302949670e+00
2.884000000000000000e+03,7.180831092405830418e+01,2.143825288632644988e+00
2.884500000000000000e+03,7.256258277633375542e+01,2.139287267492242073e+00
2.885000000000000000e+03,7.326106655788143485e+01,2.135126763028410757e+00
2.885500000000000000e+03,7.390391166732267436e+01,2.131332574181979300e+00
2.886000000000000000e+03,7.449254020692231393e+01,2.127887215965544421e+00
2.886500000000000000e+03,7.502949515001701286e+01,2.124767975771605588e+00
2.887000000000000000e+03,7.551826214144526261e+01,2.121948012765400904e+00
2.887500000000000000e+03,7.596304981211136464e+01,2.119397607258062699e+00
2.888000000000000000e+03,7.636851113438575567e+01,2.117085676235473723e+00
2.888500000000000000e+03,7.673939832432220953e+01,2.114981610212645524e+00
2.889000000000000000e+03,7.708016408157303090e+01,2.113057369527146179e+00
2.889500000000000000e+03,7.739454699631728829e+01,2.111289637415763032e+00
2.890000000000000000e+03,7.768519966713427038e+01,2.109661713697768004e+00
2.890500000000000000e+03,7.795342445996180913e+01,2.108164801688765078e+00
2.891000000000000000e+03,7.819906781487105718e+01,2.106798423989648228e+00
2.891500000000000000e+03,7.842059177432639672e+01,2.105569884767834576e+00
2.892000000000000000e+03,7.861530176459976360e+01,2.104492914200461140e+00
2.892500000000000000e+03,7.877967709266084739e+01,2.103585803638110541e+00
2.893000000000000000e+03,7.890973595700297949e+01,2.102869409825464331e+00
2.893500000000000000e+03,7.900137230535852950e+01,2.102365364665655267e+00
2.894000000000000000e+03,7.905062173988162044e+01,2.102094709955201424e+00
2.894500000000000000e+03,7.905383830686145075e+01,2.102077038887733895e+00
2.895000000000000000e+03,7.900778513434400452e+01,2.102330112832300646e+00
2.895500000000000000e+03,7.890965522098410645e+01,2.102869854171462993e+00
2.896000000000000000e+03,7.875704393048692964e+01,2.103710593051574929e+00
2.896500000000000000e+03,7.854789398826380875e+01,2.104865454691954074e+00
2.897000000000000000e+03,7.828042973564467388e+01,2.106346798863463210e+00
2.897500000000000000e+03,7.795309233416939776e+01,2.108166652033470534e+00
2.898000000000000000e+03,7.756448293774812441e+01,2.110337098267089040e+00
2.898500000000000000e+03,7.711331719715008148e+01,2.112870614351045617e+00
2.899000000000000000e+03,7.659839194153659037e+01,2.115780347576897036e+00
2.899500000000000000e+03,7.601856333900971663e+01,2.119080342307714027e+00
2.900000000000000000e+03,7.537273502479024501e+01,2.122785725346184815e+00
2.900500000000000000e+03,7.465985436152635657e+01,2.126912861584200343e+00
2.901000000000000000e+03,7.387891496963931104e+01,2.131479491495990253e+00
2.901500000000000000e+03,7.302896380095756967e+01,2.136504861466161476e+00
2.902000000000000000e+03,7.210911123928721622e+01,2.142009857181441213e+00
2.902500000000000000e+03,7.111854294682513000e+01,2.148017149628335343e+00
2.903000000000000000e+03,7.005653241055863134e+01,2.154551362768104106e+00
2.903500000000000000e+03,6.892245336956932533e+01,2.161639271765183778e+00
2.904000000000000000e+03,6.771579152427887038e+01,2.169310040737013168e+00
2.904500000000000000e+03,6.643615515033195607e+01,2.177595509352967085e+00
2.905000000000000000e+03,6.508328447535404848e+01,2.186530538194786821e+00
2.905500000000000000e+03,6.365705994165517723e+01,2.196153423531563398e+00
2.906000000000000000e+03,6.215750979002892507e+01,2.206506392954127982e+00
2.906500000000000000e+03,6.058481777932819057e+01,2.217636193997838845e+00
2.907000000000000000e+03,5.893933232527179200e+01,2.229594788219595003e+00
2.907500000000000000e+03,5.722157892178133665e+01,2.242440162826520478e+00
2.908000000000000000e+03,5.543227841750291418e+01,2.256237270355526459e+00
2.908500000000000000e+03,5.357237456759748540e+01,2.271059103323816331e+00
2.909000000000000000e+03,5.164307525354657002e+01,2.286987904169373031e+00
2.909500000000000000e+03,4.964591280860033606e+01,2.304116499791686756e+00
2.910000000000000000e+03,4.758282988151263737e+01,2.322549732845650361e+00
2.910500000000000000e+03,4.545629798444953451e+01,2.342405936635528096e+00
2.911000000000000000e+03,4.326947590882335959e+01,2.363818365057445359e+00
2.911500000000000000e+03,4.102641394560549060e+01,2.386936442372557643e+00
2.912000000000000000e+03,3.873230645470429323e+01,2.411926640614590944e+00
2.912500000000000000e+03,3.639378871608663957e+01,2.438972730540718281e+00
2.913000000000000000e+03,3.401926305663963035e+01,2.468275098539481682e+00
2.913500000000000000e+03,3.161922328548146766e+01,2.500048802556007033e+00
2.914000000000000000e+03,2.920652600036490298e+01,2.534520097548782935e+00
2.914500000000000000e+03,2.679653520621100427e+01,2.571921356646615919e+00
2.915000000000000000e+03,2.440704925917441415e+01,2.612484722341073429e+00
2.915500000000000000e+03,2.205791658670314348e+01,2.656435509920659133e+00
2.916000000000000000e+03,1.977027117176297111e+01,2.703987373802532179e+00
2.916500000000000000e+03,1.756537972840767736e+01,2.755342457191653605e+00
2.917000000000000000e+03,1.546318836310838662e+01,2.810700953772180988e+00
2.917500000000000000e+03,1.348076787865278447e+01,2.870285369227727479e+00
2.918000000000000000e+03,1.163094617576338408e+01,2.934384954042110749e+00
2.918500000000000000e+03,9.921439944865511507e+00,3.003425292087109177e+00
2.919000000000000000e+03,8.354728972134523701e+00,3.078067634078859527e+00
2.919500000000000000e+03,6.928764365194481911e+00,3.159344207989129849e+00
2.920000000000000000e+03,5.638414546362383817e+00,3.248842997180404701e+00
2.920500000000000000e+03,4.477394081686924210e+00,3.348974679132306065e+00
2.921000000000000000e+03,3.440338222360040277e+00,3.463398859497062166e+00
2.921500000000000000e+03,2.524690693301906208e+00,3.597791820880147373e+00
2.922000000000000000e+03,1.732138927597901557e+00,3.761417277982956442e+00
2.922500000000000000e+03,1.069420716843424657e+00,3.970851406991210197e+00
2.923000000000000000e+03,5.484093648936720911e-01,4.260895137604408411e+00
2.923500000000000000e+03,1.854522361484782778e-01,4.731767925661928942e+00
2.924000000000000000e+03,0.000000000000000000e+00,4.000000000000000000e+00
2.924500000000000000e+03,1.263695116253416018e-02,5.898357692905105587e+00
2.925000000000000000e+03,2.427135486727536318e-01,4.614905979953270787e+00
2.925500000000000000e+03,7.058778758653403429e-01,4.151270429862602640e+00
2.926000000000000000e+03,1.411869968480701232e+00,3.850205299439827922e+00
2.926500000000000000e+03,2.362941969007323451e+00,3.626546943983106175e+00
2.927000000000000000e+03,3.553174142657837820e+00,3.449383507021783313e+00
2.927500000000000000e+03,4.968784167680212249e+00,3.303749867577526089e+00
2.928000000000000000e+03,6.589324396443103637e+00,3.181159111344975088e+00
2.928500000000000000e+03,8.389494615750933804e+00,3.076264200339523747e+00
2.929000000000000000e+03,1.034121607147386612e+01,2.985428387540270290e+00
2.929500000000000000e+03,1.241562848884906600e+01,2.906031291225766644e+00
2.930000000000000000e+03,1.458476091533717067e+01,2.836100685774392893e+00
2.930500000000000000e+03,1.682274643624420207e+01,2.774103101003214000e+00
2.931000000000000000e+03,1.910656059001438223e+01,2.718817484123069672e+00
2.931500000000000000e+03,2.141634052517221676e+01,2.669254736375311854e+00
2.932000000000000000e+03,2.373538134608277517e+01,2.624603786268393968e+00
2.932500000000000000e+03,2.604991441660253315e+01,2.584193699176676517e+00
2.933000000000000000e+03,2.834876095806259855e+01,2.547465918105666471e+00
2.933500000000000000e+03,3.062293373793572471e+01,2.513953205369830357e+00
2.934000000000000000e+03,3.286523757483091401e+01,2.483263223962795418e+00
2.934500000000000000e+03,3.506990002948167273e+01,2.455065472119819070e+00
2.935000000000000000e+03,3.723224868792954823e+01,2.429080733234536549e+00
2.935500000000000000e+03,3.934844096705904093e+01,2.405072470237992643e+00
2.936000000000000000e+03,4.141524570585961840e+01,2.382839757741431974e+00
2.936500000000000000e+03,4.342987202684813752e+01,2.362211450354914977e+00
2.937000000000000000e+03,4.538983918208086266e+01,2.343041355976221318e+00
2.937500000000000000e+03,4.729288062025936767e+01,2.325204232201917076e+00
2.938000000000000000e+03,4.913687579531341498e+01,2.308592460147134595e+00
2.938500000000000000e+03,5.091980391808713335e+01,2.293113277395772531e+00
2.939000000000000000e+03,5.263971469677679949e+01,2.278686473230561393e+00
2.939500000000000000e+03,5.429471197741144550e+01,2.265242466375484653e+00
2.940000000000000000e+03,5.588294700488565780e+01,2.252720699297078077e+00
2.940500000000000000e+03,5.740261873999513398e+01,2.241068294389712889e+00
2.941000000000000000e+03,5.885197927493410930e+01,2.230238926639963370e+00
2.941500000000000000e+03,6.022934288868441399e+01,2.220191875022597738e+00
2.942000000000000000e+03,6.153309768150846537e+01,2.210891221233720838e+00
2.942500000000000000e+03,6.276171903422042675e+01,2.202305169660437656e+00
2.943000000000000000e+03,6.391378436380006178e+01,2.194405466919322478e+00
2.943500000000000000e+03,6.498798880281987067e+01,2.187166903029122977e+00
2.944000000000000000e+03,6.598316152606886931e+01,2.180566879447969342e+00
2.944500000000000000e+03,6.689828249301251617e+01,2.174585031909040289e+00
2.945000000000000000e+03,6.773249937808822096e+01,2.169202898318274730e+00
2.945500000000000000e+03,6.848514443065928958e+01,2.164403624003623516e+00
2.946000000000000000e+03,6.915575095088689750e+01,2.160171698383545724e+00
2.946500000000000000e+03,6.974406899497876111e+01,2.156492718696262134e+00
2.947000000000000000e+03,7.025007984163320884e+01,2.153353177831978105e+00
2.947500000000000000e+03,7.067400866994974251e+01,2.150740274556731002e+00
2.948000000000000000e+03,7.101633482749271309e+01,2.148641745513284462e+00
2.948500000000000000e+03,7.127779901693455145e+01,2.147045719318517953e+00
2.949000000000000000e+03,7.145940671441073277e+01,2.145940593811261454e+00
2.949500000000000000e+03,7.156242716946616156e+01,2.145314937970097535e+00
2.950000000000000000e+03,7.158838744739161086e+01,2.145157420101889922e+00
2.950500000000000000e+03,7.153906118929320712e+01,2.145456763418035706e+00
2.951000000000000000e+03,7.141645212325198600e+01,2.146201728794126851e+00
2.951500000000000000e+03,7.122277291559048251e+01,2.147381121949371696e+00
2.952000000000000000e+03,7.096042077776425572e+01,2.148983817909710492e+00
2.952500000000000000e+03,7.063195243874071139e+01,2.150998788628462055e+00
2.953000000000000000e+03,7.024006277879080073e+01,2.153415108940361478e+00
2.953500000000000000e+03,6.978757374659389257e+01,2.156221900209443820e+00
2.954000000000000000e+03,6.927744330367673342e+01,2.159408148409789341e+00
2.954500000000000000e+03,6.871280817802251306e+01,2.162962302204281428e+00
2.955000000000000000e+03,6.809707914640513593e+01,2.166871515661416225e+00
2.955500000000000000e+03,6.743411305999239858e+01,2.171120350262832233e+00
2.956000000000000000e+03,6.672849087550801528e+01,2.175688696996233240e+00
2.956500000000000000e+03,6.598593336724053415e+01,2.180548635853486239e+00
2.957000000000000000e+03,6.521388192126082117e+01,2.185659947211580079e+00
2.957500000000000000e+03,6.442225432543153829e+01,2.190964082000566027e+00
2.958000000000000000e+03,6.362434590532728862e+01,2.196376669427950290e+00
2.958500000000000000e+03,6.283777580184663947e+01,2.201779195593870586e+00
2.959000000000000000e+03,6.208527411998823453e+01,2.207011397034732703e+00
2.959500000000000000e+03,6.139498392582785868e+01,2.211867110004158476e+00
2.960000000000000000e+03,6.079986126296937243e+01,2.216097411727192323e+00
2.960500000000000000e+03,6.033578229532916737e+01,2.219425051964903695e+00
2.961000000000000000e+03,6.003820400529083656e+01,2.221572307805482538e+00
2.961500000000000000e+03,5.993770117532582020e+01,2.222299917813732151e+00
2.962000000000000000e+03,6.005528584785781732e+01,2.221448761557860418e+00
2.962500000000000000e+03,6.039880296174312235e+01,2.218971668535509867e+00
2.963000000000000000e+03,6.096157218887503859e+01,2.214943841141088665e+00
2.963500000000000000e+03,6.172375011015168411e+01,2.209547695657027244e+00
2.964000000000000000e+03,6.265593854174277055e+01,2.203037760205618589e+00
2.964500000000000000e+03,6.372386893822083209e+01,2.195697864265893529e+00
2.965000000000000000e+03,6.489286912406535635e+01,2.187803023850134476e+00
2.965500000000000000e+03,6.613120610839092706e+01,2.179593556512076091e+00
2.966000000000000000e+03,6.741198220415893161e+01,2.171262902535269212e+00
2.966500000000000000e+03,6.871373797195036559e+01,2.162956425546772365e+00
2.967000000000000000e+03,7.002015283041198757e+01,2.154776945651360798e+00
2.967500000000000000e+03,7.131926011111038122e+01,2.146793170983626098e+00
2.968000000000000000e+03,7.260250253006657317e+01,2.139048409378866644e+00
2.968500000000000000e+03,7.386383229647397286e+01,2.131568163486623035e+00
2.969000000000000000e+03,7.509895601393776587e+01,2.124366100286609882e+00
2.969500000000000000e+03,7.630475397696545770e+01,2.117448403570071136e+00
2.970000000000000000e+03,7.747886390442235438e+01,2.110816756095127200e+00
2.970500000000000000e+03,7.861940166717050715e+01,2.104470265700806308e+00
2.971000000000000000e+03,7.972478729743941983e+01,2.098406630763856473e+00
2.971500000000000000e+03,8.079364698582500637e+01,2.092622787585235233e+00
2.972000000000000000e+03,8.182476682613400953e+01,2.087115223615651605e+00
2.972500000000000000e+03,8.281707957118858587e+01,2.081880088352841440e+00
2.973000000000000000e+03,8.376967060977955271e+01,2.076913192240976258e+00
2.973500000000000000e+03,8.468179342365118600e+01,2.072209952899346064e+00
2.974000000000000000e+03,8.555288791799151227e+01,2.067765325857782166e+00
2.974500000000000000e+03,8.638259735895626079e+01,2.063573741690426289e+00
2.975000000000000000e+03,8.717078135349761681e+01,2.059629061207272738e+00
2.975500000000000000e+03,8.791752351830160706e+01,2.055924553722461301e+00
2.976000000000000000e+03,8.862313332969260671e+01,2.052452899263339070e+00
2.976500000000000000e+03,8.928814222168571746e+01,2.049206213111767205e+00
2.977000000000000000e+03,8.991329437778681211e+01,2.046176089712257173e+00
2.977500000000000000e+03,9.049953289731386974e+01,2.043353662348858624e+00
2.978000000000000000e+03,9.104798214808900525e+01,2.040729674818662076e+00
2.978500000000000000e+03,9.155992717286771665e+01,2.038294561436925445e+00
2.979000000000000000e+03,9.203679101778402583e+01,2.036038531980406852e+00
2.979500000000000000e+03,9.248011081299083003e+01,2.033951658535985363e+00
2.980000000000000000e+03,9.289151337036695111e+01,2.032023961622916541e+00
2.980500000000000000e+03,9.327269097975275258e+01,2.030245493369033927e+00
2.981000000000000000e+03,9.362537799080865852e+01,2.028606415925416684e+00
2.981500000000000000e+03,9.395132866793312587e+01,2.027097073689358986e+00
2.982000000000000000e+03,9.425229670524396397e+01,2.025708058265286660e+00
2.982500000000000000e+03,9.453001669099577953e+01,2.024430265423732056e+00
2.983000000000000000e+03,9.478618771875275684e+01,2.023254943617271095e+00
2.983500000000000000e+03,9.502245925824927042e+01,2.022173733878229740e+00
2.984000000000000000e+03,9.524041932362069929e+01,2.021178701155295965e+00
2.984500000000000000e+03,9.544158491150945167e+01,2.020262357344758897e+00
2.985000000000000000e+03,9.562739462689913239e+01,2.019417676437256226e+00
2.985500000000000000e+03,9.579920337044994483e+01,2.018638102333315754e+00
2.986000000000000000e+03,9.595827892729764130e+01,2.017917549981828707e+00
2.986500000000000000e+03,9.610580027315306495e+01,2.017250400566553914e+00
2.987000000000000000e+03,9.624285739829842612e+01,2.016631491508903640e+00
2.987500000000000000e+03,9.637045244275977041e+01,2.016056102073155554e+00
2.988000000000000000e+03,9.648950193548421339e+01,2.015519935355734038e+00
2.988500000000000000e+03,9.660083993565864091e+01,2.015019097416433702e+00
2.989000000000000000e+03,9.670522188426238586e+01,2.014550074269739088e+00
2.989500000000000000e+03,9.680332898747616355e+01,2.014109707402023108e+00
2.990000000000000000e+03,9.689577296966469078e+01,2.013695168418700998e+00
2.990500000000000000e+03,9.698310105139258042e+01,2.013303933357470488e+00
2.991000000000000000e+03,9.706580102650981701e+01,2.012933757132437940e+00
2.991500000000000000e+03,9.714430633105841650e+01,2.012582648501826554e+00
2.992000000000000000e+03,9.721900101502751568e+01,2.012248845881206005e+00
2.992500000000000000e+03,9.729022454536318776e+01,2.011930794256664434e+00
2.993000000000000000e+03,9.735827638477272217e+01,2.011627123389415406e+00
2.993500000000000000e+03,9.742342030551158416e+01,2.011336627446090208e+00
2.994000000000000000e+03,9.748588841035243036e+01,2.011058246138035077e+00
2.994500000000000000e+03,9.754588484424353112e+01,2.010791047408721166e+00
2.995000000000000000e+03,9.760358918976530163e+01,2.010534211670921945e+00
2.995500000000000000e+03,9.765915954744308181e+01,2.010287017564473366e+00
2.996000000000000000e+03,9.771273530836720056e+01,2.010048829180893115e+00
2.996500000000000000e+03,9.776443963153248262e+01,2.009819084682367585e+00
2.997000000000000000e+03,9.781438164198600305e+01,2.009597286229086066e+00
2.997500000000000000e+03,9.786265836841856469e+01,2.009382991119978534e+00
2.998000000000000000e+03,9.790935644041373109e+01,2.009175804046918756e+00
2.998500000000000000e+03,9.795455356633303268e+01,2.008975370360770007e+00
2.999000000000000000e+03,9.799831981291842453e+01,2.008781370248662324e+00
2.999500000000000000e+03,9.804071870726843940e+01,2.008593513724970858e+00
3.000000000000000000e+03,9.808180818101970999e+01,2.008411536343190917e+00
3.000500000000000000e+03,9.812164137544857567e+01,2.008235195541703266e+00
3.001000000000000000e+03,9.816026732489329731e+01,2.008064267542992276e+00
3.001500000000000000e+03,9.819773153446560343e+01,2.007898544732838797e+00
3.002000000000000000e+03,9.823407646653582503e+01,2.007737833453092424e+00
3.002500000000000000e+03,9.826934194899037323e+01,2.007581952148639104e+00
3.003000000000000000e+03,9.830356551681420285e+01,2.007430729815930626e+00
3.003500000000000000e+03,9.833678269717324838e+01,2.007284004706841429e+00
3.004000000000000000e+03,9.836902724688323474e+01,2.007141623247545414e+00
3.004500000000000000e+03,9.840033134996488684e+01,2.007003439137570844e+00
3.005000000000000000e+03,9.843072578190756872e+01,2.006869312599100841e+00
3.005500000000000000e+03,9.846024004629667559e+01,2.006739109751004779e+00
3.006000000000000000e+03,9.848890248860141128e+01,2.006612702085975197e+00
3.006500000000000000e+03,9.851674039116626602e+01,2.006489966032576788e+00
3.007000000000000000e+03,9.854378005279252761e+01,2.006370782586962775e+00
3.007500000000000000e+03,9.857004685573070901e+01,2.006255037001584807e+00
3.008000000000000000e+03,9.859556532241938953e+01,2.006142618520400323e+00
3.008500000000000000e+03,9.862035916389497459e+01,2.006033420151934088e+00
3.009000000000000000e+03,9.864445132144942363e+01,2.005927338473105337e+00
3.009500000000000000e+03,9.866786400282236968e+01,2.005824273458051810e+00
3.010000000000000000e+03,9.869061871397219932e+01,2.005724128327247779e+00
3.010500000000000000e+03,9.871273628727081473e+01,2.005626809413120881e+00
3.011000000000000000e+03,9.873423690680212417e+01,2.005532226039106192e+00
3.011500000000000000e+03,9.875514013131000013e+01,2.005440290409678195e+00
3.012000000000000000e+03,9.877546491523226280e+01,2.005350917509388875e+00
3.012500000000000000e+03,9.879522962816852782e+01,2.005264025009333650e+00
3.013000000000000000e+03,9.881445207305893064e+01,2.005179533179793250e+00
3.013500000000000000e+03,9.883314950329308601e+01,2.005097364808045679e+00
3.014000000000000000e+03,9.885133863892373540e+01,2.005017445120552466e+00
3.014500000000000000e+03,9.886903568212244409e+01,2.004939701708887245e+00
3.015000000000000000e+03,9.888625633198664389e+01,2.004864064458894646e+00
3.015500000000000000e+03,9.890301579878418181e+01,2.004790465482682915e+00
3.016000000000000000e+03,9.891932881770371466e+01,2.004718839053123425e+00
3.016500000000000000e+03,9.893520966216490820e+01,2.004649121540598600e+00
3.017000000000000000e+03,9.895067215673199712e+01,2.004581251351791771e+00
3.017500000000000000e+03,9.896572968966449935e+01,2.004515168870347530e+00
3.018000000000000000e+03,9.898039522513316513e+01,2.004450816399264035e+00
3.018500000000000000e+03,9.899468131512286106e+01,2.004388138104908013e+00
3.019000000000000000e+03,9.900860011104067837e+01,2.004327079962555214e+00
3.019500000000000000e+03,9.902216337504381727e+01,2.004267589703378594e+00
3.020000000000000000e+03,9.903538249109917047e+01,2.004209616762818502e+00
3.020500000000000000e+03,9.904826847578482329e+01,2.004153112230279365e+00
3.021000000000000000e+03,9.906083198884171281e+01,2.004098028800104014e+00
3.021500000000000000e+03,9.907308334348263656e+01,2.004044320723783912e+00
3.022000000000000000e+03,9.908503251646455112e+01,2.003991943763363537e+00
3.022500000000000000e+03,9.909668915792977373e+01,2.003940855146018496e+00
3.023000000000000000e+03,9.910806260102046394e+01,2.003891013519759845e+00
3.023500000000000000e+03,9.911916187127067701e+01,2.003842378910253519e+00
3.024000000000000000e+03,9.912999569577991110e+01,2.003794912678722451e+00
3.024500000000000000e+03,9.914057251217141697e+01,2.003748577480908732e+00
3.025000000000000000e+03,9.915090047733865219e+01,2.003703337227075831e+00
3.025500000000000000e+03,9.916098747598300633e+01,2.003659157043031325e+00
3.026000000000000000e+03,9.917084112894562509e+01,2.003616003232149279e+00
3.026500000000000000e+03,9.918046880133628918e+01,2.003573843238372287e+00
3.027000000000000000e+03,9.918987761046214757e+01,2.003532645610182517e+00
3.027500000000000000e+03,9.919907443355889143e+01,2.003492379965511549e+00
3.028000000000000000e+03,9.920806591532735297e+01,2.003453016957587707e+00
3.028500000000000000e+03,9.921685847527811575e+01,2.003414528241690196e+00
3.029000000000000000e+03,9.922545831488677948e+01,2.003376886442803428e+00
3.029500000000000000e+03,9.923387142456290633e+01,2.003340065124148417e+00
3.030000000000000000e+03,9.924210359043519247e+01,2.003304038756581917e+00
3.030500000000000000e+03,9.925016040095562175e+01,2.003268782688841121e+00
3.031000000000000000e+03,9.925804725332579892e+01,2.003234273118619679e+00
3.031500000000000000e+03,9.926576935974793514e+01,2.003200487064465740e+00
3.032000000000000000e+03,9.927333175350356953e+01,2.003167402338472236e+00
3.032500000000000000e+03,9.928073929486305360e+01,2.003134997519760763e+00
3.033000000000000000e+03,9.928799667682856978e+01,2.003103251928727513e+00
3.033500000000000000e+03,9.929510843071393822e+01,2.003072145602046383e+00
3.034000000000000000e+03,9.930207893156396892e+01,2.003041659268411046e+00
3.034500000000000000e+03,9.930891240341671278e+01,2.003011774324993333e+00
3.035000000000000000e+03,9.931561292441148225e+01,2.002982472814616610e+00
3.035500000000000000e+03,9.932218443174585332e+01,2.002953737403610823e+00
3.036000000000000000e+03,9.932863072648468972e+01,2.002925551360351442e+00
3.036500000000000000e+03,9.933495547822442973e+01,2.002897898534452104e+00
3.037000000000000000e+03,9.934116222961566223e+01,2.002870763336606519e+00
3.037500000000000000e+03,9.934725440074717540e+01,2.002844130719054316e+00
3.038000000000000000e+03,9.935323529339464699e+01,2.002817986156668617e+00
3.038500000000000000e+03,9.935910809513700315e+01,2.002792315628635578e+00
3.039000000000000000e+03,9.936487588334368581e+01,2.002767105600721464e+00
3.039500000000000000e+03,9.937054162903586985e+01,2.002742343008109938e+00
3.040000000000000000e+03,9.937610820062464256e+01,2.002718015238793559e+00
3.040500000000000000e+03,9.938157836752942842e+01,2.002694110117502646e+00
3.041000000000000000e+03,9.938695480367945834e+01,2.002670615890166150e+00
3.041500000000000000e+03,9.939224009090136747e+01,2.002647521208879233e+00
3.042000000000000000e+03,9.939743672219604775e+01,2.002624815117371337e+00
3.042500000000000000e+03,9.940254710490752643e+01,2.002602487036958312e+00
3.043000000000000000e+03,9.940757356378674103e+01,2.002580526752965717e+00
3.043500000000000000e+03,9.941251834395336573e+01,2.002558924401609541e+00
3.044000000000000000e+03,9.941738361375819011e+01,2.002537670457320118e+00
3.044500000000000000e+03,9.942217146754900625e+01,2.002516755720500807e+00
3.045000000000000000e+03,9.942688392834277522e+01,2.002496171305701900e+00
3.045500000000000000e+03,9.943152295040665933e+01,2.002475908630205748e+00
3.046000000000000000e+03,9.943609042175056345e+01,2.002455959403002694e+00
3.046500000000000000e+03,9.944058816653404165e+01,2.002436315614151585e+00
3.047000000000000000e+03,9.944501794738964406e+01,2.002416969524511980e+00
3.047500000000000000e+03,9.944938146766574505e+01,2.002397913655835193e+00
3.048000000000000000e+03,9.945368037359077107e+01,2.002379140781205269e+00
3.048500000000000000e+03,9.945791625636174160e+01,2.002360643915814808e+00
3.049000000000000000e+03,9.946209065415897044e+01,2.002342416308074302e+00
3.049500000000000000e+03,9.946620505408959900e+01,2.002324451431030550e+00
3.050000000000000000e+03,9.947026089406197968e+01,2.002306742974098608e+00
3.050500000000000000e+03,9.947425956459325391e+01,2.002289284835086391e+00
3.051000000000000000e+03,9.947820241055197243e+01,2.002272071112510599e+00
3.051500000000000000e+03,9.948209073283831572e+01,2.002255096098186637e+00
3.052000000000000000e+03,9.948592579000332137e+01,2.002238354270089005e+00
3.052500000000000000e+03,9.948970879980974757e+01,2.002221840285475007e+00
3.053000000000000000e+03,9.949344094073589417e+01,2.002205548974253624e+00
3.053500000000000000e+03,9.949712335342478298e+01,2.002189475332603941e+00
3.054000000000000000e+03,9.950075714208003319e+01,2.002173614516824518e+00
3.054500000000000000e+03,9.950434337581060618e+01,2.002157961837409239e+00
3.055000000000000000e+03,9.950788308992591169e+01,2.002142512753347869e+00
3.055500000000000000e+03,9.951137728718303777e+01,2.002127262866631341e+00
3.056000000000000000e+03,9.951482693898766740e+01,2.002112207916965314e+00
3.056500000000000000e+03,9.951823298655033057e+01,2.002097343776684024e+00
3.057000000000000000e+03,9.952159634199952620e+01,2.002082666445846648e+00
3.057500000000000000e+03,9.952491788945316387e+01,2.002068172047527739e+00
3.058000000000000000e+03,9.952819848604970332e+01,2.002053856823277300e+00
3.058500000000000000e+03,9.953143896294065485e+01,2.002039717128755392e+00
3.059000000000000000e+03,9.953464012624542079e+01,2.002025749429532819e+00
3.059500000000000000e+03,9.953780275797019783e+01,2.002011950297050369e+00
3.060000000000000000e+03,9.954092761689183533e+01,2.001998316404730804e+00
3.060500000000000000e+03,9.954401543940822705e+01,2.001984844524241414e+00
3.061000000000000000e+03,9.954706694035625958e+01,2.001971531521895553e+00
3.061500000000000000e+03,9.955008281379836887e+01,2.001958374355198522e+00
3.062000000000000000e+03,9.955306373377921147e+01,2.001945370069518226e+00
3.062500000000000000e+03,9.955601035505307550e+01,2.001932515794890843e+00
3.063000000000000000e+03,9.955892331378346682e+01,2.001919808742944173e+00
3.063500000000000000e+03,9.956180322821570883e+01,2.001907246203945334e+00
3.064000000000000000e+03,9.956465069932347944e+01,2.001894825543955925e+00
3.064500000000000000e+03,9.956746631143047921e+01,2.001882544202103986e+00
3.065000000000000000e+03,9.957025063280791244e+01,2.001870399687958546e+00
3.065500000000000000e+03,9.957300421624887576e+01,2.001858389579006303e+00
3.066000000000000000e+03,9.957572759962030773e+01,2.001846511518226013e+00
3.066500000000000000e+03,9.957842130639355105e+01,2.001834763211761015e+00
3.067000000000000000e+03,9.958108584615419545e+01,2.001823142426678359e+00
3.067500000000000000e+03,9.958372171509202531e+01,2.001811646988816307e+00
3.068000000000000000e+03,9.958632939647179683e+01,2.001800274780720645e+00
3.068500000000000000e+03,9.958890936108572589e+01,2.001789023739653395e+00
3.069000000000000000e+03,9.959146206768805598e+01,2.001777891855688996e+00
3.069500000000000000e+03,9.959398796341284310e+01,2.001766877169877112e+00
3.070000000000000000e+03,9.959648748417511399e+01,2.001755977772483153e+00
3.070500000000000000e+03,9.959896105505652031e+01,2.001745191801294066e+00
3.071000000000000000e+03,9.960140909067570192e+01,2.001734517439994754e+00
3.071500000000000000e+03,9.960383199554416933e+01,2.001723952916602656e+00
3.072000000000000000e+03,9.960623016440820265e+01,2.001713496501971168e+00
3.072500000000000000e+03,9.960860398257734971e+01,2.001703146508343689e+00
3.073000000000000000e+03,9.961095382624000649e+01,2.001692901287972060e+00
3.073500000000000000e+03,9.961328006276666258e+01,2.001682759231782516e+00
3.074000000000000000e+03,9.961558305100110999e+01,2.001672718768101600e+00
3.074500000000000000e+03,9.961786314154042543e+01,2.001662778361423811e+00
3.075000000000000000e+03,9.962012067700386808e+01,2.001652936511232994e+00
3.075500000000000000e+03,9.962235599229128979e+01,2.001643191750869466e+00
3.076000000000000000e+03,9.962456941483137030e+01,2.001633542646439334e+00
3.076500000000000000e+03,9.962676126482030270e+01,2.001623987795767778e+00
3.077000000000000000e+03,9.962893185545105723e+01,2.001614525827392299e+00
3.077500000000000000e+03,9.963108149313370632e+01,2.001605155399598157e+00
3.078000000000000000e+03,9.963321047770732264e+01,2.001595875199485342e+00
3.078500000000000000e+03,9.963531910264347857e+01,2.001586683942078615e+00
3.079000000000000000e+03,9.963740765524201493e+01,2.001577580369467313e+00
3.079500000000000000e+03,9.963947641681920686e+01,2.001568563249979782e+00
3.080000000000000000e+03,9.964152566288859703e+01,2.001559631377390680e+00
3.080500000000000000e+03,9.964355566333503589e+01,2.001550783570155811e+00
3.081000000000000000e+03,9.964556668258198613e+01,2.001542018670679823e+00
3.081500000000000000e+03,9.964755897975234689e+01,2.001533335544610548e+00
3.082000000000000000e+03,9.964953280882335207e+01,2.001524733080158214e+00
3.082500000000000000e+03,9.965148841877544328e+01,2.001516210187443079e+00
3.083000000000000000e+03,9.965342605373555784e+01,2.001507765797866600e+00
3.083500000000000000e+03,9.965534595311508781e+01,2.001499398863507029e+00
3.084000000000000000e+03,9.965724835174259510e+01,2.001491108356534987e+00
3.084500000000000000e+03,9.965913347999159555e+01,2.001482893268656138e+00
3.085000000000000000e+03,9.966100156390368170e+01,2.001474752610567176e+00
3.085500000000000000e+03,9.966285282530694190e+01,2.001466685411440682e+00
3.086000000000000000e+03,9.966468748193018712e+01,2.001458690718419753e+00
3.086500000000000000e+03,9.966650574751288616e+01,2.001450767596138380e+00
3.087000000000000000e+03,9.966830783191122123e+01,2.001442915126255606e+00
3.087500000000000000e+03,9.967009394120013610e+01,2.001435132407006545e+00
3.088000000000000000e+03,9.967186427777195945e+01,2.001427418552771620e+00
3.088500000000000000e+03,9.967361904043124810e+01,2.001419772693660004e+00
3.089000000000000000e+03,9.967535842448648964e+01,2.001412193975105946e+00
3.089500000000000000e+03,9.967708262183842294e+01,2.001404681557482856e+00
3.090000000000000000e+03,9.967879182106534586e+01,2.001397234615728049e+00
3.090500000000000000e+03,9.968048620750543876e+01,2.001389852338981701e+00
3.091000000000000000e+03,9.968216596333623158e+01,2.001382533930239127e+00
3.091500000000000000e+03,9.968383126765137092e+01,2.001375278606013275e+00
3.092000000000000000e+03,9.968548229653480064e+01,2.001368085596008761e+00
3.092500000000000000e+03,9.968711922313235618e+01,2.001360954142807902e+00
3.093000000000000000e+03,9.968874221772108513e+01,2.001353883501568287e+00
3.093500000000000000e+03,9.969035144777618029e+01,2.001346872939726129e+00
3.094000000000000000e+03,9.969194707803575284e+01,2.001339921736715599e+00
3.094500000000000000e+03,9.969352927056344527e+01,2.001333029183690382e+00
3.095000000000000000e+03,9.969509818480911179e+01,2.001326194583260332e+00
3.095500000000000000e+03,9.969665397766745230e+01,2.001319417249232568e+00
3.096000000000000000e+03,9.969819680353487001e+01,2.001312696506363231e+00
3.096500000000000000e+03,9.969972681436446749e+01,2.001306031690115450e+00
3.097000000000000000e+03,9.970124415971939413e+01,2.001299422146424867e+00
3.097500000000000000e+03,9.970274898682454534e+01,2.001292867231473593e+00
3.098000000000000000e+03,9.970424144061657046e+01,2.001286366311470832e+00
3.098500000000000000e+03,9.970572166379253076e+01,2.001279918762438825e+00
3.099000000000000000e+03,9.970718979685698002e+01,2.001273523970005908e+00
3.099500000000000000e+03,9.970864597816773767e+01,2.001267181329207556e+00
3.100000000000000000e+03,9.971009034398018400e+01,2.001260890244289659e+00
3.100500000000000000e+03,9.971152302849043281e+01,2.001254650128520662e+00
3.101000000000000000e+03,9.971294416387711124e+01,2.001248460404008611e+00
3.101500000000000000e+03,9.971435388034207392e+01,2.001242320501519512e+00
3.102000000000000000e+03,9.971575230614988072e+01,2.001236229860309024e+00
3.102500000000000000e+03,9.971713956766618026e+01,2.001230187927949267e+00
3.103000000000000000e+03,9.971851578939511285e+01,2.001224194160168057e+00
3.103500000000000000e+03,9.971988109401556244e+01,2.001218248020687707e+00
3.104000000000000000e+03,9.972123560241655582e+01,2.001212348981071809e+00
3.104500000000000000e+03,9.972257943373161027e+01,2.001206496520571587e+00
3.105000000000000000e+03,9.972391270537221430e+01,2.001200690125982451e+00
3.105500000000000000e+03,9.972523553306045585e+01,2.001194929291497893e+00
3.106000000000000000e+03,9.972654803086075503e+01,2.001189213518572707e+00
3.106500000000000000e+03,9.972785031121078703e+01,2.001183542315785324e+00
3.107000000000000000e+03,9.972914248495168010e+01,2.001177915198706359e+00
3.107500000000000000e+03,9.973042466135733264e+01,2.001172331689769823e+00
3.108000000000000000e+03,9.973169694816310482e+01,2.001166791318147453e+00
3.108500000000000000e+03,9.973295945159377140e+01,2.001161293619625692e+00
3.109000000000000000e+03,9.973421227639077813e+01,2.001155838136486231e+00
3.109500000000000000e+03,9.973545552583878759e+01,2.001150424417389218e+00
3.110000000000000000e+03,9.973668930179175618e+01,2.001145052017260451e+00
3.110500000000000000e+03,9.973791370469818673e+01,2.001139720497178143e+00
3.111000000000000000e+03,9.973912883362586967e+01,2.001134429424267225e+00
3.111500000000000000e+03,9.974033478628614091e+01,2.001129178371589212e+00
3.112000000000000000e+03,9.974153165905740082e+01,2.001123966918043617e+00
3.112500000000000000e+03,9.974271954700823528e+01,2.001118794648262256e+00
3.113000000000000000e+03,9.974389854391996835e+01,2.001113661152513323e+00
3.113500000000000000e+03,9.974506874230867481e+01,2.001108566026603697e+00
3.114000000000000000e+03,9.974623023344670969e+01,2.001103508871784342e+00
3.114500000000000000e+03,9.974738310738383973e+01,2.001098489294657501e+00
3.115000000000000000e+03,9.974852745296783496e+01,2.001093506907087427e+00
3.115500000000000000e+03,9.974966335786456284e+01,2.001088561326111570e+00
3.116000000000000000e+03,9.975079090857782660e+01,2.001083652173852645e+00
3.116500000000000000e+03,9.975191019046857832e+01,2.001078779077436920e+00
3.117000000000000000e+03,9.975302128777383359e+01,2.001073941668908063e+00
3.117500000000000000e+03,9.975412428362520245e+01,2.001069139585148537e+00
3.118000000000000000e+03,9.975521926006695139e+01,2.001064372467799224e+00
3.118500000000000000e+03,9.975630629807378114e+01,2.001059639963181702e+00
3.119000000000000000e+03,9.975738547756814967e+01,2.001054941722221425e+00
3.119500000000000000e+03,9.975845687743731105e+01,2.001050277400375332e+00
3.120000000000000000e+03,9.975952057554997054e+01,2.001045646657555466e+00
3.120500000000000000e+03,9.976057664877261288e+01,2.001041049158061025e+00
3.121000000000000000e+03,9.976162517298553212e+01,2.001036484570504648e+00
3.121500000000000000e+03,9.976266622309846355e+01,2.001031952567746686e+00
3.122000000000000000e+03,9.976369987306600251e+01,2.001027452826826369e+00
3.122500000000000000e+03,9.976472619590263946e+01,2.001022985028894752e+00
3.123000000000000000e+03,9.976574526369759610e+01,2.001018548859152979e+00
3.123500000000000000e+03,9.976675714762922098e+01,2.001014144006785234e+00
3.124000000000000000e+03,9.976776191797928561e+01,2.001009770164899226e+00
3.124500000000000000e+03,9.976875964414686848e+01,2.001005427030463135e+00
3.125000000000000000e+03,9.976975039466202588e+01,2.001001114304246986e+00
3.125500000000000000e+03,9.977073423719924961e+01,2.000996831690763589e+00
3.126000000000000000e+03,9.977171123859056934e+01,2.000992578898210805e+00
3.126500000000000000e+03,9.977268146483848454e+01,2.000988355638413818e+00
3.127000000000000000e+03,9.977364498112865476e+01,2.000984161626772728e+00
3.127500000000000000e+03,9.977460185184227726e+01,2.000979996582203935e+00
3.128000000000000000e+03,9.977555214056832256e+01,2.000975860227090397e+00
3.128500000000000000e+03,9.977649591011554264e+01,2.000971752287226568e+00
3.129000000000000000e+03,9.977743322252418068e+01,2.000967672491768212e+00
3.129500000000000000e+03,9.977836413907751023e+01,2.000963620573181334e+00
3.130000000000000000e+03,9.977928872031320395e+01,2.000959596267192886e+00
3.130500000000000000e+03,9.978020702603447489e+01,2.000955599312741029e+00
3.131000000000000000e+03,9.978111911532091938e+01,2.000951629451928948e+00
3.131500000000000000e+03,9.978202504653937410e+01,2.000947686429976891e+00
3.132000000000000000e+03,9.978292487735431848e+01,2.000943769995174648e+00
3.132500000000000000e+03,9.978381866473836226e+01,2.000939879898838925e+00
3.133000000000000000e+03,9.978470646498232099e+01,2.000936015895266706e+00
3.133500000000000000e+03,9.978558833370523473e+01,2.000932177741693074e+00
3.134000000000000000e+03,9.978646432586420190e+01,2.000928365198245462e+00
3.134500000000000000e+03,9.978733449576400005e+01,2.000924578027905021e+00
3.135000000000000000e+03,9.978819889706655033e+01,2.000920815996463098e+00
3.135500000000000000e+03,9.978905758280028238e+01,2.000917078872479493e+00
3.136000000000000000e+03,9.978991060536920088e+01,2.000913366427245599e+00
3.136500000000000000e+03,9.979075801656195210e+01,2.000909678434741767e+00
3.137000000000000000e+03,9.979159986756062040e+01,2.000906014671599564e+00
3.137500000000000000e+03,9.979243620894941103e+01,2.000902374917065352e+00
3.138000000000000000e+03,9.979326709072321933e+01,2.000898758952960765e+00
3.138500000000000000e+03,9.979409256229600089e+01,2.000895166563646299e+00
3.139000000000000000e+03,9.979491267250901387e+01,2.000891597535987110e+00
3.139500000000000000e+03,9.979572746963891916e+01,2.000888051659315714e+00
3.140000000000000000e+03,9.979653700140579531e+01,2.000884528725396017e+00
3.140500000000000000e+03,9.979734131498096872e+01,2.000881028528392225e+00
3.141000000000000000e+03,9.979814045699467329e+01,2.000877550864832877e+00
3.141500000000000000e+03,9.979893447354368163e+01,2.000874095533577091e+00
3.142000000000000000e+03,9.979972341019873738e+01,2.000870662335783923e+00
3.142500000000000000e+03,9.980050731201190217e+01,2.000867251074879505e+00
3.143000000000000000e+03,9.980128622352373213e+01,2.000863861556524181e+00
3.143500000000000000e+03,9.980206018877039753e+01,2.000860493588583200e+00
3.144000000000000000e+03,9.980282925129063187e+01,2.000857146981095624e+00
3.144500000000000000e+03,9.980359345413263839e+01,2.000853821546243694e+00
3.145000000000000000e+03,9.980435283986074069e+01,2.000850517098324843e+00
3.145500000000000000e+03,9.980510745056216138e+01,2.000847233453721064e+00
3.146000000000000000e+03,9.980585732785338848e+01,2.000843970430870034e+00
3.146500000000000000e+03,9.980660251288674090e+01,2.000840727850238920e+00
3.147000000000000000e+03,9.980734304635660692e+01,2.000837505534295957e+00
3.147500000000000000e+03,9.980807896850566863e+01,2.000834303307481576e+00
3.148000000000000000e+03,9.980881031913105517e+01,2.000831120996184431e+00
3.148500000000000000e+03,9.980953713759033974e+01,2.000827958428712972e+00
3.149000000000000000e+03,9.981025946280743710e+01,2.000824815435269688e+00
3.149500000000000000e+03,9.981097733327848687e+01,2.000821691847926687e+00
3.150000000000000000e+03,9.981169078707753783e+01,2.000818587500600376e+00
3.150500000000000000e+03,9.981239986186223234e+01,2.000815502229025711e+00
3.151000000000000000e+03,9.981310459487934850e+01,2.000812435870732653e+00
3.151500000000000000e+03,9.981380502297025714e+01,2.000809388265022193e+00
3.152000000000000000e+03,9.981450118257632198e+01,2.000806359252942812e+00
3.152500000000000000e+03,9.981519310974415760e+01,2.000803348677267390e+00
3.153000000000000000e+03,9.981588084013090167e+01,2.000800356382470113e+00
3.153500000000000000e+03,9.981656440900933092e+01,2.000797382214703379e+00
3.154000000000000000e+03,9.981724385127287746e+01,2.000794426021777817e+00
3.154500000000000000e+03,9.981791920144065955e+01,2.000791487653138745e+00
3.155000000000000000e+03,9.981859049366229897e+01,2.000788566959843973e+00
3.155500000000000000e+03,9.981925776172286646e+01,2.000785663794545588e+00
3.156000000000000000e+03,9.981992103904748603e+01,2.000782778011466423e+00
3.156500000000000000e+03,9.982058035870613821e+01,2.000779909466380957e+00
3.157000000000000000e+03,9.982123575341816490e+01,2.000777058016595333e+00
3.157500000000000000e+03,9.982188725555685949e+01,2.000774223520926043e+00
3.158000000000000000e+03,9.982253489715391481e+01,2.000771405839682160e+00
3.158500000000000000e+03,9.982317870990381437e+01,2.000768604834645803e+00
3.159000000000000000e+03,9.982381872516815235e+01,2.000765820369052150e+00
3.159500000000000000e+03,9.982445497397991119e+01,2.000763052307571233e+00
3.160000000000000000e+03,9.982508748704768209e+01,2.000760300516290613e+00
3.160500000000000000e+03,9.982571629475971520e+01,2.000757564862695848e+00
3.161000000000000000e+03,9.982634142718811177e+01,2.000754845215654054e+00
3.161500000000000000e+03,9.982696291409273215e+01,2.000752141445394372e+00
3.162000000000000000e+03,9.982758078492521747e+01,2.000749453423492863e+00
3.162500000000000000e+03,9.982819506883281235e+01,2.000746781022854748e+00
3.163000000000000000e+03,9.982880579466230131e+01,2.000744124117697087e+00
3.163500000000000000e+03,9.982941299096368937e+01,2.000741482583531905e+00
3.164000000000000000e+03,9.983001668599393952e+01,2.000738856297151980e+00
3.164500000000000000e+03,9.983061690772071017e+01,2.000736245136612634e+00
3.165000000000000000e+03,9.983121368382587946e+01,2.000733648981217083e+00
3.165500000000000000e+03,9.983180704170914055e+01,2.000731067711500000e+00
3.166000000000000000e+03,9.983239700849155440e+01,2.000728501209213750e+00
3.166500000000000000e+03,9.983298361101888929e+01,2.000725949357311073e+00
3.167000000000000000e+03,9.983356687586514511e+01,2.000723412039932647e+00
3.167500000000000000e+03,9.983414682933583606e+01,2.000720889142390657e+00
3.168000000000000000e+03,9.983472349747133023e+01,2.000718380551154141e+00
3.168500000000000000e+03,9.983529690605008966e+01,2.000715886153836554e+00
3.169000000000000000e+03,9.983586708059189618e+01,2.000713405839180670e+00
3.169500000000000000e+03,9.983643404636099206e+01,2.000710939497043483e+00
3.170000000000000000e+03,9.983699782836923475e+01,2.000708487018384663e+00
3.170500000000000000e+03,9.983755845137910967e+01,2.000706048295253225e+00
3.171000000000000000e+03,9.983811593990684230e+01,2.000703623220771110e+00
3.171500000000000000e+03,9.983867031822531146e+01,2.000701211689124293e+00
3.172000000000000000e+03,9.983922161036703358e+01,2.000698813595547243e+00
3.172500000000000000e+03,9.983976984012706168e+01,2.000696428836310492e+00
3.173000000000000000e+03,9.984031503106582761e+01,2.000694057308709972e+00
3.173500000000000000e+03,9.984085720651195572e+01,2.000691698911051919e+00
3.174000000000000000e+03,9.984139638956506246e+01,2.000689353542643101e+00
3.174500000000000000e+03,9.984193260309851325e+01,2.000687021103777052e+00
3.175000000000000000e+03,9.984246586976206572e+01,2.000684701495724305e+00
3.175500000000000000e+03,9.984299621198458397e+01,2.000682394620718174e+00
3.176000000000000000e+03,9.984352365197666757e+01,2.000680100381945881e+00
3.176500000000000000e+03,9.984404821173318112e+01,2.000677818683535225e+00
3.177000000000000000e+03,9.984456991303586904e+01,2.000675549430544375e+00
3.177500000000000000e+03,9.984508877745585664e+01,2.000673292528950764e+00
3.178000000000000000e+03,9.984560482635612289e+01,2.000671047885640430e+00
3.178500000000000000e+03,9.984611808089393037e+01,2.000668815408396473e+00
3.179000000000000000e+03,9.984662856202326964e+01,2.000666595005890169e+00
3.179500000000000000e+03,9.984713629049726080e+01,2.000664386587668098e+00
3.180000000000000000e+03,9.984764128687041307e+01,2.000662190064144585e+00
3.180500000000000000e+03,9.984814357150104058e+01,2.000660005346589276e+00
3.181000000000000000e+03,9.984864316455349353e+01,2.000657832347119136e+00
3.181500000000000000e+03,9.984914008600038926e+01,2.000655670978687350e+00
3.182000000000000000e+03,9.984963435562488598e+01,2.000653521155073555e+00
3.182500000000000000e+03,9.985012599302284286e+01,2.000651382790874511e+00
3.183000000000000000e+03,9.985061501760498004e+01,2.000649255801495663e+00
3.183500000000000000e+03,9.985110144859903869e+01,2.000647140103140043e+00
3.184000000000000000e+03,9.985158530505181318e+01,2.000645035612801159e+00
3.184500000000000000e+03,9.985206660583132532e+01,2.000642942248251455e+00
3.185000000000000000e+03,9.985254536962877125e+01,2.000640859928035642e+00
3.185500000000000000e+03,9.985302161496062467e+01,2.000638788571460047e+00
3.186000000000000000e+03,9.985349536017055527e+01,2.000636728098585948e+00
3.186500000000000000e+03,9.985396662343144669e+01,2.000634678430219360e+00
3.187000000000000000e+03,9.985443542274731499e+01,2.000632639487902154e+00
3.187500000000000000e+03,9.985490177595518446e+01,2.000630611193906283e+00
3.188000000000000000e+03,9.985536570072706297e+01,2.000628593471222239e+00
3.188500000000000000e+03,9.985582721457168986e+01,2.000626586243554161e+00
3.189000000000000000e+03,9.985628633483649708e+01,2.000624589435308298e+00
3.189500000000000000e+03,9.985674307870930022e+01,2.000622602971589004e+00
3.190000000000000000e+03,9.985719746322016022e+01,2.000620626778187638e+00
3.190500000000000000e+03,9.985764950524313122e+01,2.000618660781576796e+00
3.191000000000000000e+03,9.985809922149802276e+01,2.000616704908900978e+00
3.191500000000000000e+03,9.985854662855204822e+01,2.000614759087971706e+00
3.192000000000000000e+03,9.985899174282160118e+01,2.000612823247256866e+00
3.192500000000000000e+03,9.985943458057387545e+01,2.000610897315877157e+00
3.193000000000000000e+03,9.985987515792858460e+01,2.000608981223594984e+00
3.193500000000000000e+03,9.986031349085946829e+01,2.000607074900810023e+00
3.194000000000000000e+03,9.986074959519602601e+01,2.000605178278551222e+00
3.194500000000000000e+03,9.986118348662505184e+01,2.000603291288470142e+00
3.195000000000000000e+03,9.986161518069218346e+01,2.000601413862833411e+00
3.195500000000000000e+03,9.986204469280350793e+01,2.000599545934516943e+00
3.196000000000000000e+03,9.986247203822701124e+01,2.000597687436999284e+00
3.196500000000000000e+03,9.986289723209415570e+01,2.000595838304353613e+00
3.197000000000000000e+03,9.986332028940131522e+01,2.000593998471242863e+00
3.197500000000000000e+03,9.986374122501129591e+01,2.000592167872912608e+00
3.198000000000000000e+03,9.986416005365471449e+01,2.000590346445184853e+00
3.198500000000000000e+03,9.986457678993150466e+01,2.000588534124451368e+00
3.199000000000000000e+03,9.986499144831228136e+01,2.000586730847668360e+00
3.199500000000000000e+03,9.986540404313977604e+01,2.000584936552349369e+00
3.200000000000000000e+03,9.986581458863014404e+01,2.000583151176560381e+00
3.200500000000000000e+03,9.986622309887442839e+01,2.000581374658912281e+00
3.201000000000000000e+03,9.986662958783978183e+01,2.000579606938557742e+00
3.201500000000000000e+03,9.986703406937090222e+01,2.000577847955181898e+00
3.202000000000000000e+03,9.986743655719126878e+01,2.000576097648998797e+00
3.202500000000000000e+03,9.986783706490444956e+01,2.000574355960746953e+00
3.203000000000000000e+03,9.986823560599543725e+01,2.000572622831680025e+00
3.203500000000000000e+03,9.986863219383178603e+01,2.000570898203565040e+00
3.204000000000000000e+03,9.986902684166500421e+01,2.000569182018674397e+00
3.204500000000000000e+03,9.986941956263162012e+01,2.000567474219782316e+00
3.205000000000000000e+03,9.986981036975457471e+01,2.000565774750158177e+00
3.205500000000000000e+03,9.987019927594425894e+01,2.000564083553562966e+00
3.206000000000000000e+03,9.987058629399980703e+01,2.000562400574240840e+00
3.206500000000000000e+03,9.987097143661017640e+01,2.000560725756918679e+00
3.207000000000000000e+03,9.987135471635541251e+01,2.000559059046796762e+00
3.207500000000000000e+03,9.987173614570768621e+01,2.000557400389546547e+00
3.208000000000000000e+03,9.987211573703245904e+01,2.000555749731304456e+00
3.208500000000000000e+03,9.987249350258959169e+01,2.000554107018666983e+00
3.209000000000000000e+03,9.987286945453446663e+01,2.000552472198687148e+00
3.209500000000000000e+03,9.987324360491905395e+01,2.000550845218868279e+00
3.210000000000000000e+03,9.987361596569294875e+01,2.000549226027160010e+00
3.210500000000000000e+03,9.987398654870447956e+01,2.000547614571953847e+00
3.211000000000000000e+03,9.987435536570175998e+01,2.000546010802077834e+00
3.211500000000000000e+03,9.987472242833365499e+01,2.000544414666793447e+00
3.212000000000000000e+03,9.987508774815086099e+01,2.000542826115789818e+00
3.212500000000000000e+03,9.987545133660692898e+01,2.000541245099178855e+00
3.213000000000000000e+03,9.987581320505917404e+01,2.000539671567493460e+00
3.213500000000000000e+03,9.987617336476974117e+01,2.000538105471680428e+00
3.214000000000000000e+03,9.987653182690655740e+01,2.000536546763097778e+00
3.214500000000000000e+03,9.987688860254426970e+01,2.000534995393510318e+00
3.215000000000000000e+03,9.987724370266521134e+01,2.000533451315084754e+00
3.215500000000000000e+03,9.987759713816033980e+01,2.000531914480387030e+00
3.216000000000000000e+03,9.987794891983013201e+01,2.000530384842376552e+00
3.216500000000000000e+03,9.987829905838556499e+01,2.000528862354403525e+00
3.217000000000000000e+03,9.987864756444893999e+01,2.000527346970204956e+00
3.217500000000000000e+03,9.987899444855487729e+01,2.000525838643899768e+00
3.218000000000000000e+03,9.987933972115105519e+01,2.000524337329985691e+00
3.218500000000000000e+03,9.987968339259923312e+01,2.000522842983335270e+00
3.219000000000000000e+03,9.988002547317600488e+01,2.000521355559192305e+00
3.219500000000000000e+03,9.988036597307370812e+01,2.000519875013168303e+00
3.220000000000000000e+03,9.988070490240124855e+01,2.000518401301237592e+00
3.220500000000000000e+03,9.988104227118492418e+01,2.000516934379735545e+00
3.221000000000000000e+03,9.988137808936926376e+01,2.000515474205353250e+00
3.221500000000000000e+03,9.988171236681780840e+01,2.000514020735135290e+00
3.222000000000000000e+03,9.988204511331394997e+01,2.000512573926474857e+00
3.222500000000000000e+03,9.988237633856172693e+01,2.000511133737112868e+00
3.223000000000000000e+03,9.988270605218654907e+01,2.000509700125130408e+00
3.223500000000000000e+03,9.988303426373606442e+01,2.000508273048950070e+00
3.224000000000000000e+03,9.988336098268084129e+01,2.000506852467328400e+00
3.224500000000000000e+03,9.988368621841516415e+01,2.000505438339355457e+00
3.225000000000000000e+03,9.988400998025778676e+01,2.000504030624451257e+00
3.225500000000000000e+03,9.988433227745267118e+01,2.000502629282359557e+00
3.226000000000000000e+03,9.988465311916968403e+01,2.000501234273149631e+00
3.226500000000000000e+03,9.988497251450537817e+01,2.000499845557208278e+00
3.227000000000000000e+03,9.988529047248363213e+01,2.000498463095240709e+00
3.227500000000000000e+03,9.988560700205643172e+01,2.000497086848263883e+00
3.228000000000000000e+03,9.988592211210452376e+01,2.000495716777606958e+00
3.228500000000000000e+03,9.988623581143814079e+01,2.000494352844905066e+00
3.229000000000000000e+03,9.988654810879759793e+01,2.000492995012098429e+00
3.229500000000000000e+03,9.988685901285411717e+01,2.000491643241428807e+00
3.230000000000000000e+03,9.988716853221032466e+01,2.000490297495436831e+00
3.230500000000000000e+03,9.988747667540103237e+01,2.000488957736958451e+00
3.231000000000000000e+03,9.988778345089384914e+01,2.000487623929122272e+00
3.231500000000000000e+03,9.988808886708980594e+01,2.000486296035347333e+00
3.232000000000000000e+03,9.988839293232403804e+01,2.000484974019340889e+00
3.232500000000000000e+03,9.988869565486636759e+01,2.000483657845092633e+00
3.233000000000000000e+03,9.988899704292195736e+01,2.000482347476876033e+00
3.233500000000000000e+03,9.988929710463190759e+01,2.000481042879242555e+00
3.234000000000000000e+03,9.988959584807386705e+01,2.000479744017021222e+00
3.234500000000000000e+03,9.988989328126267253e+01,2.000478450855313728e+00
3.235000000000000000e+03,9.989018941215088887e+01,2.000477163359493993e+00
3.235500000000000000e+03,9.989048424862941999e+01,2.000475881495204167e+00
3.236000000000000000e+03,9.989077779852809158e+01,2.000474605228352409e+00
3.236500000000000000e+03,9.989107006961626212e+01,2.000473334525111113e+00
3.237000000000000000e+03,9.989136106960330608e+01,2.000472069351913795e+00
3.237500000000000000e+03,9.989165080613926762e+01,2.000470809675451989e+00
3.238000000000000000e+03,9.989193928681535795e+01,2.000469555462673910e+00
3.238500000000000000e+03,9.989222651916453799e+01,2.000468306680781794e+00
3.239000000000000000e+03,9.989251251066204418e+01,2.000467063297229675e+00
3.239500000000000000e+03,9.989279726872592846e+01,2.000465825279720278e+00
3.240000000000000000e+03,9.989308080071762674e+01,2.000464592596203239e+00
3.240500000000000000e+03,9.989336311394239942e+01,2.000463365214872447e+00
3.241000000000000000e+03,9.989364421564995666e+01,2.000462143104165147e+00
3.241500000000000000e+03,9.989392411303491315e+01,2.000460926232757064e+00
3.242000000000000000e+03,9.989420281323728545e+01,2.000459714569562841e+00
3.242500000000000000e+03,9.989448032334304628e+01,2.000458508083732934e+00
3.243000000000000000e+03,9.989475665038459340e+01,2.000457306744650054e+00
3.243500000000000000e+03,9.989503180134123284e+01,2.000456110521929620e+00
3.244000000000000000e+03,9.989530578313967624e+01,2.000454919385414421e+00
3.244500000000000000e+03,9.989557860265455247e+01,2.000453733305176396e+00
3.245000000000000000e+03,9.989585026670883394e+01,2.000452552251510863e+00
3.245500000000000000e+03,9.989612078207434820e+01,2.000451376194936515e+00
3.246000000000000000e+03,9.989639015547221845e+01,2.000450205106193646e+00
3.246500000000000000e+03,9.989665839357334676e+01,2.000449038956239711e+00
3.247000000000000000e+03,9.989692550299886875e+01,2.000447877716251099e+00
3.247500000000000000e+03,9.989719149032056578e+01,2.000446721357617363e+00
3.248000000000000000e+03,9.989745636206139068e+01,2.000445569851942107e+00
3.248500000000000000e+03,9.989772012469583728e+01,2.000444423171038988e+00
3.249000000000000000e+03,9.989798278465039516e+01,2.000443281286932162e+00
3.249500000000000000e+03,9.989824434830403277e+01,2.000442144171851844e+00
3.250000000000000000e+03,9.989850482198853854e+01,2.000441011798233859e+00
3.250500000000000000e+03,9.989876421198903245e+01,2.000439884138717428e+00
3.251000000000000000e+03,9.989902252454432130e+01,2.000438761166144275e+00
3.251500000000000000e+03,9.989927976584735347e+01,2.000437642853554632e+00
3.252000000000000000e+03,9.989953594204561682e+01,2.000436529174187683e+00
3.252500000000000000e+03,9.989979105924150815e+01,2.000435420101478456e+00
3.253000000000000000e+03,9.990004512349280219e+01,2.000434315609057823e+00
3.253500000000000000e+03,9.990029814081300685e+01,2.000433215670747167e+00
3.254000000000000000e+03,9.990055011717178957e+01,2.000432120260561053e+00
3.254500000000000000e+03,9.990080105849530412e+01,2.000431029352702339e+00
3.255000000000000000e+03,9.990105097066663120e+01,2.000429942921562176e+00
3.255500000000000000e+03,9.990129985952614788e+01,2.000428860941717346e+00
3.256000000000000000e+03,9.990154773087191131e+01,2.000427783387928926e+00
3.256500000000000000e+03,9.990179459045999977e+01,2.000426710235140959e+00
3.257000000000000000e+03,9.990204044400492478e+01,2.000425641458479120e+00
3.257500000000000000e+03,9.990228529717995798e+01,2.000424577033248053e+00
3.258000000000000000e+03,9.990252915561754321e+01,2.000423516934930479e+00
3.258500000000000000e+03,9.990277202490958075e+01,2.000422461139186314e+00
3.259000000000000000e+03,9.990301391060785363e+01,2.000421409621848667e+00
3.259500000000000000e+03,9.990325481822435449e+01,2.000420362358926063e+00
3.260000000000000000e+03,9.990349475323158401e+01,2.000419319326597112e+00
3.260500000000000000e+03,9.990373372106300565e+01,2.000418280501211843e+00
3.261000000000000000e+03,9.990397172711325879e+01,2.000417245859289039e+00
3.261500000000000000e+03,9.990420877673858513e+01,2.000416215377514462e+00
3.262000000000000000e+03,9.990444487525714123e+01,2.000415189032739960e+00
3.262500000000000000e+03,9.990468002794926861e+01,2.000414166801982141e+00
3.263000000000000000e+03,9.990491424005791998e+01,2.000413148662420149e+00
3.263500000000000000e+03,9.990514751678892935e+01,2.000412134591395219e+00
3.264000000000000000e+03,9.990537986331131037e+01,2.000411124566409349e+00
3.264500000000000000e+03,9.990561128475761166e+01,2.000410118565122630e+00
3.265000000000000000e+03,9.990584178622421518e+01,2.000409116565352363e+00
3.265500000000000000e+03,9.990607137277164895e+01,2.000408118545073055e+00
3.266000000000000000e+03,9.990630004942488540e+01,2.000407124482414201e+00
3.266500000000000000e+03,9.990652782117366826e+01,2.000406134355657173e+00
3.267000000000000000e+03,9.990675469297276834e+01,2.000405148143237000e+00
3.267500000000000000e+03,9.990698066974235303e+01,2.000404165823739255e+00
3.268000000000000000e+03,9.990720575636819945e+01,2.000403187375899616e+00
3.268500000000000000e+03,9.990742995770203549e+01,2.000402212778600752e+00
3.269000000000000000e+03,9.990765327856185252e+01,2.000401242010873215e+00
3.269500000000000000e+03,9.990787572373210423e+01,2.000400275051894106e+00
3.270000000000000000e+03,9.990809729796407623e+01,2.000399311880984410e+00
3.270500000000000000e+03,9.990831800597614176e+01,2.000398352477607666e+00
3.271000000000000000e+03,9.990853785245400331e+01,2.000397396821371743e+00
3.271500000000000000e+03,9.990875684205101948e+01,2.000396444892023062e+00
3.272000000000000000e+03,9.990897497938843230e+01,2.000395496669449713e+00
3.272500000000000000e+03,9.990919226905567996e+01,2.000394552133677450e+00
3.273000000000000000e+03,9.990940871561063830e+01,2.000393611264869698e+00
3.273500000000000000e+03,9.990962432357986245e+01,2.000392674043326213e+00
3.274000000000000000e+03,9.990983909745889946e+01,2.000391740449481759e+00
3.274500000000000000e+03,9.991005304171250145e+01,2.000390810463905211e+00
3.275000000000000000e+03,9.991026616077493827e+01,2.000389884067299118e+00
3.275500000000000000e+03,9.991047845905018221e+01,2.000388961240496144e+00
3.276000000000000000e+03,9.991068994091220645e+01,2.000388041964460850e+00
3.276500000000000000e+03,9.991090061070519823e+01,2.000387126220287914e+00
3.277000000000000000e+03,9.991111047274387147e+01,2.000386213989199469e+00
3.277500000000000000e+03,9.991131953131360888e+01,2.000385305252545098e+00
3.278000000000000000e+03,9.991152779067081724e+01,2.000384399991801843e+00
3.278500000000000000e+03,9.991173525504306951e+01,2.000383498188571529e+00
3.279000000000000000e+03,9.991194192862941748e+01,2.000382599824579888e+00
3.279500000000000000e+03,9.991214781560056224e+01,2.000381704881677436e+00
3.280000000000000000e+03,9.991235292009913849e+01,2.000380813341835040e+00
3.280500000000000000e+03,9.991255724623989920e+01,2.000379925187146135e+00
3.281000000000000000e+03,9.991276079810998567e+01,2.000379040399824504e+00
3.281500000000000000e+03,9.991296357976914067e+01,2.000378158962203390e+00
3.282000000000000000e+03,9.991316559524992158e+01,2.000377280856732831e+00
3.282500000000000000e+03,9.991336684855789940e+01,2.000376406065982771e+00
3.283000000000000000e+03,9.991356734367195713e+01,2.000375534572637282e+00
3.283500000000000000e+03,9.991376708454440347e+01,2.000374666359497677e+00
3.284000000000000000e+03,9.991396607510127126e+01,2.000373801409478514e+00
3.284500000000000000e+03,9.991416431924248798e+01,2.000372939705608921e+00
3.285000000000000000e+03,9.991436182084211737e+01,2.000372081231030386e+00
3.285500000000000000e+03,9.991455858374850152e+01,2.000371225968996303e+00
3.286000000000000000e+03,9.991475461178457351e+01,2.000370373902870202e+00
3.286500000000000000e+03,9.991494990874797111e+01,2.000369525016127081e+00
3.287000000000000000e+03,9.991514447841127833e+01,2.000368679292349849e+00
3.287500000000000000e+03,9.991533832452222441e+01,2.000367836715230219e+00
3.288000000000000000e+03,9.991553145080386855e+01,2.000366997268566926e+00
3.288500000000000000e+03,9.991572386095482727e+01,2.000366160936265292e+00
3.289000000000000000e+03,9.991591555864945917e+01,2.000365327702336771e+00
3.289500000000000000e+03,9.991610654753800702e+01,2.000364497550897624e+00
3.290000000000000000e+03,9.991629683124689620e+01,2.000363670466166699e+00
3.290500000000000000e+03,9.991648641337880576e+01,2.000362846432468089e+00
3.291000000000000000e+03,9.991667529751295262e+01,2.000362025434226254e+00
3.291500000000000000e+03,9.991686348720520527e+01,2.000361207455969126e+00
3.292000000000000000e+03,9.991705098598835377e+01,2.000360392482323668e+00
3.292500000000000000e+03,9.991723779737218081e+01,2.000359580498017653e+00
3.293000000000000000e+03,9.991742392484374591e+01,2.000358771487877441e+00
3.293500000000000000e+03,9.991760937186751335e+01,2.000357965436828867e+00
3.294000000000000000e+03,9.991779414188553687e+01,2.000357162329893246e+00
3.294500000000000000e+03,9.991797823831763026e+01,2.000356362152190925e+00
3.295000000000000000e+03,9.991816166456155202e+01,2.000355564888936843e+00
3.295500000000000000e+03,9.991834442399320437e+01,2.000354770525442305e+00
3.296000000000000000e+03,9.991852651996676116e+01,2.000353979047111874e+00
3.296500000000000000e+03,9.991870795581482412e+01,2.000353190439444706e+00
3.297000000000000000e+03,9.991888873484866451e+01,2.000352404688033214e+00
3.297500000000000000e+03,9.991906886035833679e+01,2.000351621778561295e+00
3.298000000000000000e+03,9.991924833561283492e+01,2.000350841696805659e+00
3.298500000000000000e+03,9.991942716386029133e+01,2.000350064428633168e+00
3.299000000000000000e+03,9.991960534832813323e+01,2.000349289960000387e+00
3.299500000000000000e+03,9.991978289222321052e+01,2.000348518276954035e+00
3.300000000000000000e+03,9.991995979873198053e+01,2.000347749365630090e+00
3.300500000000000000e+03,9.992013607102067851e+01,2.000346983212251573e+00
3.301000000000000000e+03,9.992031171223544561e+01,2.000346219803129877e+00
3.301500000000000000e+03,9.992048672550251354e+01,2.000345459124662550e+00
3.302000000000000000e+03,9.992066111392830408e+01,2.000344701163333294e+00
3.302500000000000000e+03,9.992083488059967067e+01,2.000343945905711074e+00
3.303000000000000000e+03,9.992100802858395525e+01,2.000343193338450565e+00
3.303500000000000000e+03,9.992118056092918721e+01,2.000342443448289931e+00
3.304000000000000000e+03,9.992135248066425390e+01,2.000341696222049936e+00
3.304500000000000000e+03,9.992152379079897173e+01,2.000340951646635279e+00
3.305000000000000000e+03,9.992169449432431350e+01,2.000340209709033257e+00
3.305500000000000000e+03,9.992186459421249367e+01,2.000339470396311548e+00
3.306000000000000000e+03,9.992203409341715314e+01,2.000338733695619098e+00
3.306500000000000000e+03,9.992220299487347290e+01,2.000337999594185234e+00
3.307000000000000000e+03,9.992237130149830193e+01,2.000337268079320108e+00
3.307500000000000000e+03,9.992253901619034195e+01,2.000336539138411140e+00
3.308000000000000000e+03,9.992270614183027533e+01,2.000335812758925247e+00
3.308500000000000000e+03,9.992287268128083610e+01,2.000335088928407501e+00
3.309000000000000000e+03,9.992303863738703740e+01,2.000334367634479804e+00
3.309500000000000000e+03,9.992320401297625665e+01,2.000333648864840885e+00
3.310000000000000000e+03,9.992336881085836353e+01,2.000332932607265857e+00
3.310500000000000000e+03,9.992353303382587626e+01,2.000332218849604882e+00
3.311000000000000000e+03,9.992369668465407528e+01,2.000331507579784063e+00
3.311500000000000000e+03,9.992385976610111697e+01,2.000330798785803221e+00
3.312000000000000000e+03,9.992402228090821836e+01,2.000330092455735898e+00
3.312500000000000000e+03,9.992418423179972820e+01,2.000329388577730239e+00
3.313000000000000000e+03,9.992434562148328325e+01,2.000328687140005890e+00
3.313500000000000000e+03,9.992450645264990783e+01,2.000327988130855328e+00
3.314000000000000000e+03,9.992466672797414162e+01,2.000327291538642083e+00
3.314500000000000000e+03,9.992482645011422449e+01,2.000326597351802072e+00
3.315000000000000000e+03,9.992498562171211063e+01,2.000325905558840933e+00
3.315500000000000000e+03,9.992514424539366757e+01,2.000325216148334917e+00
3.316000000000000000e+03,9.992530232376878985e+01,2.000324529108929106e+00
3.316500000000000000e+03,9.992545985943147002e+01,2.000323844429338749e+00
3.317000000000000000e+03,9.992561685495996926e+01,2.000323162098346597e+00
3.317500000000000000e+03,9.992577331291690257e+01,2.000322482104804678e+00
3.318000000000000000e+03,9.992592923584936671e+01,2.000321804437631190e+00
3.318500000000000000e+03,9.992608462628905386e+01,2.000321129085812721e+00
3.319000000000000000e+03,9.992623948675235113e+01,2.000320456038401584e+00
3.319500000000000000e+03,9.992639381974046842e+01,2.000319785284516705e+00
3.320000000000000000e+03,9.992654762773956634e+01,2.000319116813341846e+00
3.320500000000000000e+03,9.992670091322081305e+01,2.000318450614126498e+00
3.321000000000000000e+03,9.992685367864054058e+01,2.000317786676185428e+00
3.321500000000000000e+03,9.992700592644034430e+01,2.000317124988895578e+00
3.322000000000000000e+03,9.992715765904718239e+01,2.000316465541700062e+00
3.322500000000000000e+03,9.992730887887348956e+01,2.000315808324102829e+00
3.323000000000000000e+03,9.992745958831727648e+01,2.000315153325672668e+00
3.323500000000000000e+03,9.992760978976222930e+01,2.000314500536039652e+00
3.324000000000000000e+03,9.992775948557782328e+01,2.000313849944895139e+00
3.324500000000000000e+03,9.992790867811945077e+01,2.000313201541993990e+00
3.325000000000000000e+03,9.992805736972846375e+01,2.000312555317149243e+00
3.325500000000000000e+03,9.992820556273231603e+01,2.000311911260236553e+00
3.326000000000000000e+03,9.992835325944466263e+01,2.000311269361191080e+00
3.326500000000000000e+03,9.992850046216545934e+01,2.000310629610007496e+00
3.327000000000000000e+03,9.992864717318103374e+01,2.000309991996739978e+00
3.327500000000000000e+03,9.992879339476422729e+01,2.000309356511500436e+00
3.328000000000000000e+03,9.992893912917446642e+01,2.000308723144460732e+00
3.328500000000000000e+03,9.992908437865784776e+01,2.000308091885850015e+00
3.329000000000000000e+03,9.992922914544725188e+01,2.000307462725955165e+00
3.329500000000000000e+03,9.992937343176244269e+01,2.000306835655119020e+00
3.330000000000000000e+03,9.992951723981015277e+01,2.000306210663742590e+00
3.330500000000000000e+03,9.992966057178415440e+01,2.000305587742282842e+00
3.331000000000000000e+03,9.992980342986541586e+01,2.000304966881252255e+00
3.331500000000000000e+03,9.992994581622210148e+01,2.000304348071219707e+00
3.332000000000000000e+03,9.993008773300975633e+01,2.000303731302807364e+00
3.332500000000000000e+03,9.993022918237132046e+01,2.000303116566694239e+00
3.333000000000000000e+03,9.993037016643727100e+01,2.000302503853612635e+00
3.333500000000000000e+03,9.993051068732565057e+01,2.000301893154348587e+00
3.334000000000000000e+03,9.993065074714225204e+01,2.000301284459742313e+00
3.334500000000000000e+03,9.993079034798060434e+01,2.000300677760686874e+00
3.335000000000000000e+03,9.993092949192211449e+01,2.000300073048128180e+00
3.335500000000000000e+03,9.993106818103612454e+01,2.000299470313064987e+00
3.336000000000000000e+03,9.993120641738005361e+01,2.000298869546547120e+00
3.336500000000000000e+03,9.993134420299938370e+01,2.000298270739677253e+00
3.337000000000000000e+03,9.993148153992785865e+01,2.000297673883608685e+00
3.337500000000000000e+03,9.993161843018744150e+01,2.000297078969546671e+00
3.338000000000000000e+03,9.993175487578852767e+01,2.000296485988745321e+00
3.338500000000000000e+03,9.993189087872993071e+01,2.000295894932510254e+00
3.339000000000000000e+03,9.993202644099899601e+01,2.000295305792197276e+00
3.339500000000000000e+03,9.993216156457167187e+01,2.000294718559211038e+00
3.340000000000000000e+03,9.993229625141260897e+01,2.000294133225005488e+00
3.340500000000000000e+03,9.993243050347521717e+01,2.000293549781083868e+00
3.341000000000000000e+03,9.993256432270177925e+01,2.000292968218997824e+00
3.341500000000000000e+03,9.993269771102345089e+01,2.000292388530346965e+00
3.342000000000000000e+03,9.993283067036044542e+01,2.000291810706778861e+00
3.342500000000000000e+03,9.993296320262200538e+01,2.000291234739988600e+00
3.343000000000000000e+03,9.993309530970655885e+01,2.000290660621719230e+00
3.343500000000000000e+03,9.993322699350174787e+01,2.000290088343759098e+00
3.344000000000000000e+03,9.993335825588451371e+01,2.000289517897944513e+00
3.344500000000000000e+03,9.993348909872116792e+01,2.000288949276157524e+00
3.345000000000000000e+03,9.993361952386749181e+01,2.000288382470325921e+00
3.345500000000000000e+03,9.993374953316877907e+01,2.000287817472423235e+00
3.346000000000000000e+03,9.993387912845989263e+01,2.000287254274468740e+00
3.346500000000000000e+03,9.993400831156540676e+01,2.000286692868526117e+00
3.347000000000000000e+03,9.993413708429959286e+01,2.000286133246703901e+00
3.347500000000000000e+03,9.993426544846654735e+01,2.000285575401154592e+00
3.348000000000000000e+03,9.993439340586022013e+01,2.000285019324075986e+00
3.348500000000000000e+03,9.993452095826454240e+01,2.000284465007707624e+00
3.349000000000000000e+03,9.993464810745344096e+01,2.000283912444334788e+00
3.349500000000000000e+03,9.993477485519089498e+01,2.000283361626284062e+00
3.350000000000000000e+03,9.993490120323107817e+01,2.000282812545925992e+00
3.350500000000000000e+03,9.993502715331834452e+01,2.000282265195673315e+00
3.351000000000000000e+03,9.993515270718735621e+01,2.000281719567980954e+00
3.351500000000000000e+03,9.993527786656311207e+01,2.000281175655346466e+00
3.352000000000000000e+03,9.993540263316101857e+01,2.000280633450307821e+00
3.352500000000000000e+03,9.993552700868697514e+01,2.000280092945446064e+00
3.353000000000000000e+03,9.993565099483741676e+01,2.000279554133382209e+00
3.353500000000000000e+03,9.993577459329935664e+01,2.000279017006778570e+00
3.354000000000000000e+03,9.993589780575054249e+01,2.000278481558337873e+00
3.354500000000000000e+03,9.993602063385937129e+01,2.000277947780803700e+00
3.355000000000000000e+03,9.993614307928511664e+01,2.000277415666959158e+00
3.355500000000000000e+03,9.993626514367784353e+01,2.000276885209627320e+00
3.356000000000000000e+03,9.993638682867857881e+01,2.000276356401670341e+00
3.356500000000000000e+03,9.993650813591929705e+01,2.000275829235990788e+00
3.357000000000000000e+03,9.993662906702301996e+01,2.000275303705528973e+00
3.357500000000000000e+03,9.993674962360388747e+01,2.000274779803264735e+00
3.358000000000000000e+03,9.993686980726717195e+01,2.000274257522216104e+00
3.358500000000000000e+03,9.993698961960937766e+01,2.000273736855439299e+00
3.359000000000000000e+03,9.993710906221828338e+01,2.000273217796028291e+00
3.359500000000000000e+03,9.993722813667297089e+01,2.000272700337115683e+00
3.360000000000000000e+03,9.993734684454396699e+01,2.000272184471870496e+00
3.360500000000000000e+03,9.993746518739321516e+01,2.000271670193499052e+00
3.361000000000000000e+03,9.993758316677414655e+01,2.000271157495245422e+00
3.361500000000000000e+03,9.993770078423179370e+01,2.000270646370389649e+00
3.362000000000000000e+03,9.993781804130279056e+01,2.000270136812248634e+00
3.362500000000000000e+03,9.993793493951541507e+01,2.000269628814175693e+00
3.363000000000000000e+03,9.993805148038970287e+01,2.000269122369559671e+00
3.363500000000000000e+03,9.993816766543747576e+01,2.000268617471824939e+00
3.364000000000000000e+03,9.993828349616235585e+01,2.000268114114432283e+00
3.364500000000000000e+03,9.993839897405990769e+01,2.000267612290877128e+00
3.365000000000000000e+03,9.993851410061756724e+01,2.000267111994690428e+00
3.365500000000000000e+03,9.993862887731484079e+01,2.000266613219437328e+00
3.366000000000000000e+03,9.993874330562323394e+01,2.000266115958718505e+00
3.366500000000000000e+03,9.993885738700635102e+01,2.000265620206167938e+00
3.367000000000000000e+03,9.993897112291998042e+01,2.000265125955454248e+00
3.367500000000000000e+03,9.993908451481208033e+01,2.000264633200280251e+00
3.368000000000000000e+03,9.993919756412287825e+01,2.000264141934382511e+00
3.368500000000000000e+03,9.993931027228491359e+01,2.000263652151530014e+00
3.369000000000000000e+03,9.993942264072305193e+01,2.000263163845526826e+00
3.369500000000000000e+03,9.993953467085458442e+01,2.000262677010208101e+00
3.370000000000000000e+03,9.993964636408924207e+01,2.000262191639443188e+00
3.370500000000000000e+03,9.993975772182926676e+01,2.000261707727133853e+00
3.371000000000000000e+03,9.993986874546945387e+01,2.000261225267213838e+00
3.371500000000000000e+03,9.993997943639718073e+01,2.000260744253649747e+00
3.372000000000000000e+03,9.994008979599247766e+01,2.000260264680439271e+00
3.372500000000000000e+03,9.994019982562807058e+01,2.000259786541612517e+00
3.373000000000000000e+03,9.994030952666943790e+01,2.000259309831231125e+00
3.373500000000000000e+03,9.994041890047481047e+01,2.000258834543387820e+00
3.374000000000000000e+03,9.994052794839529952e+01,2.000258360672207303e+00
3.374500000000000000e+03,9.994063667177483978e+01,2.000257888211844470e+00
3.375000000000000000e+03,9.994074507195034585e+01,2.000257417156484863e+00
3.375500000000000000e+03,9.994085315025166949e+01,2.000256947500345550e+00
3.376000000000000000e+03,9.994096090800168497e+01,2.000256479237672913e+00
3.376500000000000000e+03,9.994106834651633164e+01,2.000256012362744862e+00
3.377000000000000000e+03,9.994117546710464239e+01,2.000255546869867285e+00
3.377500000000000000e+03,9.994128227106881468e+01,2.000255082753378044e+00
3.378000000000000000e+03,9.994138875970422475e+01,2.000254620007642981e+00
3.378500000000000000e+03,9.994149493429947029e+01,2.000254158627059020e+00
3.379000000000000000e+03,9.994160079613646985e+01,2.000253698606050179e+00
3.379500000000000000e+03,9.994170634649043450e+01,2.000253239939071559e+00
3.380000000000000000e+03,9.994181158662992459e+01,2.000252782620605796e+00
3.380500000000000000e+03,9.994191651781692087e+01,2.000252326645165279e+00
3.381000000000000000e+03,9.994202114130686709e+01,2.000251872007289933e+00
3.381500000000000000e+03,9.994212545834867001e+01,2.000251418701548545e+00
3.382000000000000000e+03,9.994222947018477043e+01,2.000250966722538326e+00
3.382500000000000000e+03,9.994233317805120009e+01,2.000250516064883577e+00
3.383000000000000000e+03,9.994243658317758161e+01,2.000250066723237019e+00
3.383500000000000000e+03,9.994253968678717115e+01,2.000249618692278908e+00
3.384000000000000000e+03,9.994264249009695789e+01,2.000249171966717032e+00
3.384500000000000000e+03,9.994274499431762138e+01,2.000248726541286270e+00
3.385000000000000000e+03,9.994284720065364525e+01,2.000248282410748590e+00
3.385500000000000000e+03,9.994294911030330297e+01,2.000247839569893493e+00
3.386000000000000000e+03,9.994305072445870053e+01,2.000247398013536237e+00
3.386500000000000000e+03,9.994315204430586164e+01,2.000246957736519615e+00
3.387000000000000000e+03,9.994325307102471356e+01,2.000246518733711731e+00
3.387500000000000000e+03,9.994335380578914396e+01,2.000246081000008669e+00
3.388000000000000000e+03,9.994345424976704351e+01,2.000245644530330935e+00
3.388500000000000000e+03,9.994355440412036273e+01,2.000245209319625683e+00
3.389000000000000000e+03,9.994365427000508362e+01,2.000244775362866267e+00
3.389500000000000000e+03,9.994375384857131905e+01,2.000244342655051355e+00
3.390000000000000000e+03,9.994385314096334127e+01,2.000243911191204038e+00
3.390500000000000000e+03,9.994395214831956764e+01,2.000243480966374499e+00
3.391000000000000000e+03,9.994405087177268854e+01,2.000243051975636899e+00
3.391500000000000000e+03,9.994414931244961053e+01,2.000242624214090714e+00
3.392000000000000000e+03,9.994424747147152743e+01,2.000242197676860290e+00
3.392500000000000000e+03,9.994434534995399133e+01,2.000241772359094838e+00
3.393000000000000000e+03,9.994444294900686998e+01,2.000241348255967555e+00
3.393500000000000000e+03,9.994454026973447469e+01,2.000240925362676947e+00
3.394000000000000000e+03,9.994463731323550348e+01,2.000240503674444170e+00
3.394500000000000000e+03,9.994473408060314057e+01,2.000240083186516138e+00
3.395000000000000000e+03,9.994483057292507056e+01,2.000239663894163300e+00
3.395500000000000000e+03,9.994492679128350687e+01,2.000239245792678755e+00
3.396000000000000000e+03,9.994502273675520598e+01,2.000238828877380914e+00
3.396500000000000000e+03,9.994511841041153843e+01,2.000238413143610838e+00
3.397000000000000000e+03,9.994521381331851728e+01,2.000237998586732679e+00
3.397500000000000000e+03,9.994530894653679809e+01,2.000237585202134127e+00
3.398000000000000000e+03,9.994540381112176419e+01,2.000237172985225964e+00
3.398500000000000000e+03,9.994549840812346986e+01,2.000236761931442508e+00
3.399000000000000000e+03,9.994559273858679660e+01,2.000236352036239396e+00
3.399500000000000000e+03,9.994568680355136792e+01,2.000235943295096241e+00
3.400000000000000000e+03,9.994578060405166298e+01,2.000235535703514422e+00
3.400500000000000000e+03,9.994587414111698820e+01,2.000235129257018407e+00
3.401000000000000000e+03,9.994596741577156251e+01,2.000234723951154425e+00
3.401500000000000000e+03,9.994606042903450316e+01,2.000234319781490466e+00
3.402000000000000000e+03,9.994615318191988251e+01,2.000233916743617613e+00
3.402500000000000000e+03,9.994624567543674232e+01,2.000233514833147819e+00
3.403000000000000000e+03,9.994633791058916472e+01,2.000233114045714355e+00
3.403500000000000000e+03,9.994642988837622966e+01,2.000232714376974030e+00
3.404000000000000000e+03,9.994652160979211430e+01,2.000232315822602747e+00
3.404500000000000000e+03,9.994661307582606469e+01,2.000231918378299500e+00
3.405000000000000000e+03,9.994670428746248092e+01,2.000231522039783272e+00
3.405500000000000000e+03,9.994679524568090301e+01,2.000231126802795245e+00
3.406000000000000000e+03,9.994688595145608190e+01,2.000230732663096589e+00
3.406500000000000000e+03,9.994697640575793685e+01,2.000230339616469788e+00
3.407000000000000000e+03,9.994706660955168331e+01,2.000229947658717755e+00
3.407500000000000000e+03,9.994715656379777613e+01,2.000229556785664276e+00
3.408000000000000000e+03,9.994724626945196633e+01,2.000229166993153562e+00
3.408500000000000000e+03,9.994733572746535799e+01,2.000228778277049368e+00
3.409000000000000000e+03,9.994742493878436562e+01,2.000228390633236764e+00
3.409500000000000000e+03,9.994751390435084204e+01,2.000228004057620357e+00
3.410000000000000000e+03,9.994760262510202153e+01,2.000227618546124742e+00
3.410500000000000000e+03,9.994769110197056250e+01,2.000227234094694495e+00
3.411000000000000000e+03,9.994777933588461849e+01,2.000226850699293735e+00
3.411500000000000000e+03,9.994786732776780980e+01,2.000226468355906562e+00
3.412000000000000000e+03,9.994795507853928029e+01,2.000226087060535729e+00
3.412500000000000000e+03,9.994804258911372585e+01,2.000225706809204862e+00
3.413000000000000000e+03,9.994812986040140856e+01,2.000225327597955349e+00
3.413500000000000000e+03,9.994821689330818515e+01,2.000224949422848564e+00
3.414000000000000000e+03,9.994830368873554960e+01,2.000224572279964086e+00
3.414500000000000000e+03,9.994839024758060475e+01,2.000224196165401924e+00
3.415000000000000000e+03,9.994847657073619018e+01,2.000223821075279407e+00
3.415500000000000000e+03,9.994856265909076853e+01,2.000223447005733401e+00
3.416000000000000000e+03,9.994864851352859603e+01,2.000223073952919428e+00
3.416500000000000000e+03,9.994873413492963721e+01,2.000222701913010326e+00
3.417000000000000000e+03,9.994881952416965021e+01,2.000222330882199362e+00
3.417500000000000000e+03,9.994890468212017254e+01,2.000221960856695791e+00
3.418000000000000000e+03,9.994898960964859214e+01,2.000221591832728851e+00
3.418500000000000000e+03,9.994907430761813316e+01,2.000221223806545545e+00
3.419000000000000000e+03,9.994915877688787020e+01,2.000220856774409306e+00
3.419500000000000000e+03,9.994924301831279934e+01,2.000220490732603551e+00
3.420000000000000000e+03,9.994932703274383812e+01,2.000220125677427685e+00
3.420500000000000000e+03,9.994941082102782559e+01,2.000219761605200208e+00
3.421000000000000000e+03,9.994949438400759334e+01,2.000219398512256053e+00
3.421500000000000000e+03,9.994957772252195127e+01,2.000219036394948358e+00
3.422000000000000000e+03,9.994966083740571605e+01,2.000218675249647138e+00
3.422500000000000000e+03,9.994974372948976793e+01,2.000218315072739284e+00
3.423000000000000000e+03,9.994982639960099391e+01,2.000217955860629893e+00
3.423500000000000000e+03,9.994990884856242985e+01,2.000217597609740050e+00
3.424000000000000000e+03,9.994999107719316100e+01,2.000217240316509049e+00
3.424500000000000000e+03,9.995007308630843568e+01,2.000216883977391724e+00
3.425000000000000000e+03,9.995015487671963683e+01,2.000216528588859788e+00
3.425500000000000000e+03,9.995023644923431050e+01,2.000216174147402715e+00
3.426000000000000000e+03,9.995031780465620841e+01,2.000215820649525078e+00
3.426500000000000000e+03,9.995039894378530221e+01,2.000215468091749660e+00
3.427000000000000000e+03,9.995047986741779766e+01,2.000215116470613452e+00
3.427500000000000000e+03,9.995056057634613467e+01,2.000214765782671655e+00
3.428000000000000000e+03,9.995064107135908671e+01,2.000214416024494568e+00
3.428500000000000000e+03,9.995072135324167562e+01,2.000214067192668921e+00
3.429000000000000000e+03,9.995080142277527102e+01,2.000213719283797431e+00
3.429500000000000000e+03,9.995088128073757616e+01,2.000213372294498360e+00
3.430000000000000000e+03,9.995096092790267051e+01,2.000213026221406398e+00
3.430500000000000000e+03,9.995104036504100975e+01,2.000212681061171782e+00
3.431000000000000000e+03,9.995111959291945425e+01,2.000212336810460290e+00
3.431500000000000000e+03,9.995119861230129743e+01,2.000211993465952798e+00
3.432000000000000000e+03,9.995127742394628001e+01,2.000211651024346171e+00
3.432500000000000000e+03,9.995135602861057578e+01,2.000211309482352817e+00
3.433000000000000000e+03,9.995143442704689107e+01,2.000210968836699799e+00
3.433500000000000000e+03,9.995151262000442216e+01,2.000210629084130165e+00
3.434000000000000000e+03,9.995159060822888364e+01,2.000210290221401177e+00
3.434500000000000000e+03,9.995166839246252266e+01,2.000209952245286082e+00
3.435000000000000000e+03,9.995174597344418999e+01,2.000209615152571896e+00
3.435500000000000000e+03,9.995182335190929734e+01,2.000209278940062063e+00
3.436000000000000000e+03,9.995190052858986007e+01,2.000208943604572909e+00
3.436500000000000000e+03,9.995197750421449712e+01,2.000208609142937188e+00
3.437000000000000000e+03,9.995205427950851629e+01,2.000208275552000980e+00
3.437500000000000000e+03,9.995213085519382901e+01,2.000207942828625907e+00
3.438000000000000000e+03,9.995220723198907820e+01,2.000207610969687355e+00
3.438500000000000000e+03,9.995228341060956723e+01,2.000207279972075369e+00
3.439000000000000000e+03,9.995235939176734519e+01,2.000206949832694203e+00
3.439500000000000000e+03,9.995243517617116424e+01,2.000206620548461878e+00
3.440000000000000000e+03,9.995251076452653649e+01,2.000206292116311513e+00
3.440500000000000000e+03,9.995258615753576237e+01,2.000205964533189551e+00
3.441000000000000000e+03,9.995266135589793066e+01,2.000205637796056202e+00
3.441500000000000000e+03,9.995273636030891851e+01,2.000205311901886773e+00
3.442000000000000000e+03,9.995281117146141980e+01,2.000204986847668565e+00
3.442500000000000000e+03,9.995288579004500207e+01,2.000204662630404417e+00
3.443000000000000000e+03,9.995296021674607800e+01,2.000204339247109164e+00
3.443500000000000000e+03,9.995303445224793393e+01,2.000204016694812736e+00
3.444000000000000000e+03,9.995310849723072977e+01,2.000203694970557944e+00
3.444500000000000000e+03,9.995318235237158433e+01,2.000203374071400919e+00
3.445000000000000000e+03,9.995325601834450424e+01,2.000203053994410674e+00
3.445500000000000000e+03,9.995332949582045501e+01,2.000202734736670873e+00
3.446000000000000000e+03,9.995340278546737522e+01,2.000202416295276731e+00
3.446500000000000000e+03,9.995347588795016236e+01,2.000202098667338557e+00
3.447000000000000000e+03,9.995354880393071539e+01,2.000201781849977323e+00
3.447500000000000000e+03,9.995362153406796324e+01,2.000201465840329540e+00
3.448000000000000000e+03,9.995369407901783632e+01,2.000201150635542380e+00
3.448500000000000000e+03,9.995376643943330919e+01,2.000200836232777668e+00
3.449000000000000000e+03,9.995383861596445740e+01,2.000200522629208777e+00
3.449500000000000000e+03,9.995391060925838644e+01,2.000200209822021957e+00
3.450000000000000000e+03,9.995398241995931699e+01,2.000199897808417671e+00
3.450500000000000000e+03,9.995405404870857069e+01,2.000199586585606149e+00
3.451000000000000000e+03,9.995412549614461284e+01,2.000199276150812722e+00
3.451500000000000000e+03,9.995419676290302391e+01,2.000198966501273823e+00
3.452000000000000000e+03,9.995426784961654221e+01,2.000198657634238320e+00
3.452500000000000000e+03,9.995433875691510650e+01,2.000198349546967513e+00
3.453000000000000000e+03,9.995440948542579918e+01,2.000198042236735585e+00
3.453500000000000000e+03,9.995448003577294571e+01,2.000197735700827817e+00
3.454000000000000000e+03,9.995455040857805784e+01,2.000197429936541926e+00
3.454500000000000000e+03,9.995462060445989039e+01,2.000197124941188509e+00
3.455000000000000000e+03,9.995469062403445548e+01,2.000196820712089263e+00
3.455500000000000000e+03,9.995476046791500835e+01,2.000196517246577876e+00
3.456000000000000000e+03,9.995483013671210415e+01,2.000196214541999584e+00
3.456500000000000000e+03,9.995489963103356956e+01,2.000195912595712500e+00
3.457000000000000000e+03,9.995496895148453120e+01,2.000195611405085394e+00
3.457500000000000000e+03,9.995503809866747247e+01,2.000195310967499029e+00
3.458000000000000000e+03,9.995510707318217669e+01,2.000195011280346158e+00
3.458500000000000000e+03,9.995517587562578399e+01,2.000194712341030634e+00
3.459000000000000000e+03,9.995524450659281968e+01,2.000194414146967414e+00
3.459500000000000000e+03,9.995531296667515164e+01,2.000194116695583446e+00
3.460000000000000000e+03,9.995538125646207561e+01,2.000193819984316779e+00
3.460500000000000000e+03,9.995544937654027251e+01,2.000193524010617452e+00
3.461000000000000000e+03,9.995551732749383689e+01,2.000193228771945275e+00
3.461500000000000000e+03,9.995558510990430534e+01,2.000192934265772493e+00
3.462000000000000000e+03,9.995565272435068493e+01,2.000192640489581564e+00
3.462500000000000000e+03,9.995572017140939636e+01,2.000192347440867380e+00
3.463000000000000000e+03,9.995578745165437340e+01,2.000192055117133716e+00
3.463500000000000000e+03,9.995585456565703453e+01,2.000191763515897225e+00
3.464000000000000000e+03,9.995592151398628289e+01,2.000191472634684331e+00
3.464500000000000000e+03,9.995598829720853473e+01,2.000191182471032114e+00
3.465000000000000000e+03,9.995605491588774782e+01,2.000190893022489647e+00
3.465500000000000000e+03,9.995612137058540725e+01,2.000190604286615326e+00
3.466000000000000000e+03,9.995618766186058224e+01,2.000190316260979095e+00
3.466500000000000000e+03,9.995625379026988355e+01,2.000190028943161114e+00
3.467000000000000000e+03,9.995631975636747768e+01,2.000189742330751752e+00
3.467500000000000000e+03,9.995638556070518632e+01,2.000189456421352041e+00
3.468000000000000000e+03,9.995645120383238691e+01,2.000189171212574557e+00
3.468500000000000000e+03,9.995651668629608366e+01,2.000188886702040314e+00
3.469000000000000000e+03,9.995658200864093601e+01,2.000188602887381872e+00
3.469500000000000000e+03,9.995664717140921596e+01,2.000188319766241563e+00
3.470000000000000000e+03,9.995671217514085072e+01,2.000188037336272373e+00
3.470500000000000000e+03,9.995677702037347956e+01,2.000187755595137062e+00
3.471000000000000000e+03,9.995684170764235432e+01,2.000187474540508603e+00
3.471500000000000000e+03,9.995690623748048154e+01,2.000187194170069738e+00
3.472000000000000000e+03,9.995697061041853715e+01,2.000186914481513867e+00
3.472500000000000000e+03,9.995703482698490916e+01,2.000186635472543273e+00
3.473000000000000000e+03,9.995709888770574025e+01,2.000186357140870896e+00
3.473500000000000000e+03,9.995716279310489938e+01,2.000186079484219892e+00
3.474000000000000000e+03,9.995722654370399596e+01,2.000185802500321852e+00
3.474500000000000000e+03,9.995729014002242252e+01,2.000185526186919471e+00
3.475000000000000000e+03,9.995735358257734049e+01,2.000185250541763882e+00
3.475500000000000000e+03,9.995741687188369440e+01,2.000184975562616874e+00
3.476000000000000000e+03,9.995748000845422609e+01,2.000184701247249563e+00
3.476500000000000000e+03,9.995754299279948896e+01,2.000184427593442393e+00
3.477000000000000000e+03,9.995760582542787631e+01,2.000184154598985131e+00
3.477500000000000000e+03,9.995766850684556459e+01,2.000183882261676871e+00
3.478000000000000000e+03,9.995773103755664124e+01,2.000183610579326920e+00
3.478500000000000000e+03,9.995779341806297680e+01,2.000183339549753470e+00
3.479000000000000000e+03,9.995785564886438124e+01,2.000183069170783146e+00
3.479500000000000000e+03,9.995791773045849027e+01,2.000182799440253234e+00
3.480000000000000000e+03,9.995797966334083640e+01,2.000182530356009458e+00
3.480500000000000000e+03,9.995804144800486313e+01,2.000182261915906423e+00
3.481000000000000000e+03,9.995810308494192498e+01,2.000181994117808060e+00
3.481500000000000000e+03,9.995816457464127325e+01,2.000181726959588069e+00
3.482000000000000000e+03,9.995822591759012710e+01,2.000181460439127701e+00
3.482500000000000000e+03,9.995828711427361668e+01,2.000181194554318864e+00
3.483000000000000000e+03,9.995834816517484001e+01,2.000180929303060573e+00
3.483500000000000000e+03,9.995840907077484871e+01,2.000180664683262055e+00
3.484000000000000000e+03,9.995846983155267651e+01,2.000180400692840976e+00
3.484500000000000000e+03,9.995853044798533915e+01,2.000180137329723440e+00
3.485000000000000000e+03,9.995859092054784867e+01,2.000179874591844875e+00
3.485500000000000000e+03,9.995865124971321336e+01,2.000179612477148261e+00
3.486000000000000000e+03,9.995871143595246622e+01,2.000179350983586790e+00
3.486500000000000000e+03,9.995877147973465071e+01,2.000179090109121205e+00
3.487000000000000000e+03,9.995883138152686342e+01,2.000178829851720685e+00
3.487500000000000000e+03,9.995889114179422563e+01,2.000178570209363293e+00
3.488000000000000000e+03,9.995895076099992593e+01,2.000178311180036417e+00
3.488500000000000000e+03,9.995901023960523446e+01,2.000178052761733660e+00
3.489000000000000000e+03,9.995906957806944604e+01,2.000177794952458843e+00
3.489500000000000000e+03,9.995912877685000808e+01,2.000177537750223777e+00
3.490000000000000000e+03,9.995918783640239269e+01,2.000177281153047826e+00
3.490500000000000000e+03,9.995924675718022456e+01,2.000177025158960120e+00
3.491000000000000000e+03,9.995930553963520993e+01,2.000176769765995566e+00
3.491500000000000000e+03,9.995936418421722180e+01,2.000176514972199726e+00
3.492000000000000000e+03,9.995942269137421476e+01,2.000176260775625270e+00
3.492500000000000000e+03,9.995948106155231017e+01,2.000176007174331971e+00
3.493000000000000000e+03,9.995953929519576775e+01,2.000175754166389375e+00
3.493500000000000000e+03,9.995959739274704248e+01,2.000175501749873685e+00
3.494000000000000000e+03,9.995965535464671348e+01,2.000175249922870435e+00
3.494500000000000000e+03,9.995971318133356931e+01,2.000174998683471372e+00
3.495000000000000000e+03,9.995977087324456534e+01,2.000174748029777128e+00
3.495500000000000000e+03,9.995982843081488056e+01,2.000174497959896325e+00
3.496000000000000000e+03,9.995988585447787500e+01,2.000174248471945138e+00
3.496500000000000000e+03,9.995994314466513231e+01,2.000173999564047289e+00
3.497000000000000000e+03,9.996000030180647400e+01,2.000173751234334052e+00
3.497500000000000000e+03,9.996005732632993102e+01,2.000173503480945580e+00
3.498000000000000000e+03,9.996011421866178637e+01,2.000173256302028246e+00
3.498500000000000000e+03,9.996017097922657513e+01,2.000173009695736415e+00
3.499000000000000000e+03,9.996022760844709865e+01,2.000172763660232889e+00
3.499500000000000000e+03,9.996028410674441034e+01,2.000172518193686688e+00
3.500000000000000000e+03,9.996034047453787252e+01,2.000172273294274827e+00
3.500500000000000000e+03,9.996039671224507117e+01,2.000172028960182757e+00
3.501000000000000000e+03,9.996045282028194379e+01,2.000171785189602147e+00
3.501500000000000000e+03,9.996050879906272257e+01,2.000171541980731771e+00
3.502000000000000000e+03,9.996056464899992022e+01,2.000171299331779284e+00
3.502500000000000000e+03,9.996062037050440097e+01,2.000171057240958117e+00
3.503000000000000000e+03,9.996067596398532373e+01,2.000170815706490135e+00
3.503500000000000000e+03,9.996073142985021320e+01,2.000170574726603423e+00
3.504000000000000000e+03,9.996078676850493139e+01,2.000170334299533614e+00
3.504500000000000000e+03,9.996084198035367763e+01,2.000170094423524336e+00
3.505000000000000000e+03,9.996089706579901701e+01,2.000169855096825433e+00
3.505500000000000000e+03,9.996095202524190881e+01,2.000169616317693411e+00
3.506000000000000000e+03,9.996100685908164962e+01,2.000169378084393212e+00
3.506500000000000000e+03,9.996106156771593021e+01,2.000169140395195999e+00
3.507000000000000000e+03,9.996111615154086394e+01,2.000168903248379593e+00
3.507500000000000000e+03,9.996117061095092993e+01,2.000168666642229809e+00
3.508000000000000000e+03,9.996122494633902988e+01,2.000168430575038236e+00
3.508500000000000000e+03,9.996127915809647391e+01,2.000168195045104014e+00
3.509000000000000000e+03,9.996133324661299469e+01,2.000167960050733384e+00
3.509500000000000000e+03,9.996138721227677593e+01,2.000167725590238366e+00
3.510000000000000000e+03,9.996144105547442393e+01,2.000167491661938968e+00
3.510500000000000000e+03,9.996149477659099603e+01,2.000167258264160974e+00
3.511000000000000000e+03,9.996154837601000054e+01,2.000167025395237719e+00
3.511500000000000000e+03,9.996160185411339683e+01,2.000166793053508307e+00
3.512000000000000000e+03,9.996165521128163789e+01,2.000166561237319840e+00
3.512500000000000000e+03,9.996170844789364196e+01,2.000166329945024746e+00
3.513000000000000000e+03,9.996176156432680671e+01,2.000166099174982115e+00
3.513500000000000000e+03,9.996181456095703766e+01,2.000165868925558588e+00
3.514000000000000000e+03,9.996186743815870557e+01,2.000165639195127021e+00
3.514500000000000000e+03,9.996192019630473169e+01,2.000165409982065601e+00
3.515000000000000000e+03,9.996197283576651671e+01,2.000165181284760507e+00
3.515500000000000000e+03,9.996202535691399760e+01,2.000164953101603249e+00
3.516000000000000000e+03,9.996207776011563340e+01,2.000164725430992885e+00
3.516500000000000000e+03,9.996213004573840522e+01,2.000164498271333802e+00
3.517000000000000000e+03,9.996218221414788729e+01,2.000164271621037049e+00
3.517500000000000000e+03,9.996223426570813331e+01,2.000164045478519892e+00
3.518000000000000000e+03,9.996228620078180427e+01,2.000163819842205815e+00
3.518500000000000000e+03,9.996233801973008326e+01,2.000163594710525850e+00
3.519000000000000000e+03,9.996238972291277491e+01,2.000163370081914582e+00
3.519500000000000000e+03,9.996244131068823435e+01,2.000163145954815480e+00
3.520000000000000000e+03,9.996249278341336719e+01,2.000162922327676895e+00
3.520500000000000000e+03,9.996254414144371481e+01,2.000162699198952954e+00
3.521000000000000000e+03,9.996259538513341170e+01,2.000162476567104441e+00
3.521500000000000000e+03,9.996264651483517127e+01,2.000162254430598807e+00
3.522000000000000000e+03,9.996269753090035692e+01,2.000162032787907940e+00
3.522500000000000000e+03,9.996274843367889673e+01,2.000161811637511278e+00
3.523000000000000000e+03,9.996279922351938296e+01,2.000161590977893589e+00
3.523500000000000000e+03,9.996284990076902943e+01,2.000161370807545413e+00
3.524000000000000000e+03,9.996290046577368571e+01,2.000161151124963954e+00
3.524500000000000000e+03,9.996295091887782291e+01,2.000160931928650854e+00
3.525000000000000000e+03,9.996300126042461898e+01,2.000160713217115749e+00
3.525500000000000000e+03,9.996305149075584495e+01,2.000160494988871829e+00
3.526000000000000000e+03,9.996310161021196450e+01,2.000160277242440277e+00
3.526500000000000000e+03,9.996315161913211966e+01,2.000160059976346272e+00
3.527000000000000000e+03,9.996320151785411667e+01,2.000159843189121656e+00
3.527500000000000000e+03,9.996325130671442594e+01,2.000159626879303598e+00
3.528000000000000000e+03,9.996330098604823888e+01,2.000159411045435931e+00
3.528500000000000000e+03,9.996335055618942533e+01,2.000159195686066482e+00
3.529000000000000000e+03,9.996340001747056192e+01,2.000158980799750186e+00
3.529500000000000000e+03,9.996344937022290367e+01,2.000158766385047304e+00
3.530000000000000000e+03,9.996349861477646925e+01,2.000158552440523430e+00
3.530500000000000000e+03,9.996354775145994154e+01,2.000158338964749039e+00
3.531000000000000000e+03,9.996359678060076703e+01,2.000158125956301713e+00
3.531500000000000000e+03,9.996364570252512749e+01,2.000157913413763477e+00
3.532000000000000000e+03,9.996369451755789726e+01,2.000157701335722127e+00
3.532500000000000000e+03,9.996374322602272855e+01,2.000157489720771231e+00
3.533000000000000000e+03,9.996379182824203724e+01,2.000157278567508357e+00
3.533500000000000000e+03,9.996384032453694601e+01,2.000157067874538619e+00
3.534000000000000000e+03,9.996388871522738384e+01,2.000156857640471131e+00
3.534500000000000000e+03,9.996393700063200072e+01,2.000156647863921222e+00
3.535000000000000000e+03,9.996398518106828135e+01,2.000156438543508219e+00
3.535500000000000000e+03,9.996403325685241725e+01,2.000156229677858111e+00
3.536000000000000000e+03,9.996408122829943466e+01,2.000156021265601769e+00
3.536500000000000000e+03,9.996412909572312344e+01,2.000155813305374952e+00
3.537000000000000000e+03,9.996417685943607978e+01,2.000155605795819191e+00
3.537500000000000000e+03,9.996422451974972034e+01,2.000155398735580903e+00
3.538000000000000000e+03,9.996427207697421125e+01,2.000155192123311831e+00
3.538500000000000000e+03,9.996431953141858173e+01,2.000154985957669052e+00
3.539000000000000000e+03,9.996436688339065313e+01,2.000154780237313634e+00
3.539500000000000000e+03,9.996441413319708147e+01,2.000154574960913756e+00
3.540000000000000000e+03,9.996446128114335750e+01,2.000154370127141146e+00
3.540500000000000000e+03,9.996450832753379245e+01,2.000154165734673306e+00
3.541000000000000000e+03,9.996455527267151808e+01,2.000153961782192180e+00
3.541500000000000000e+03,9.996460211685855768e+01,2.000153758268385928e+00
3.542000000000000000e+03,9.996464886039575504e+01,2.000153555191945820e+00
3.542500000000000000e+03,9.996469550358280287e+01,2.000153352551569785e+00
3.543000000000000000e+03,9.996474204671827124e+01,2.000153150345960196e+00
3.543500000000000000e+03,9.996478849009957912e+01,2.000152948573823863e+00
3.544000000000000000e+03,9.996483483402305126e+01,2.000152747233873374e+00
3.544500000000000000e+03,9.996488107878383289e+01,2.000152546324825753e+00
3.545000000000000000e+03,9.996492722467600345e+01,2.000152345845402468e+00
3.545500000000000000e+03,9.996497327199250549e+01,2.000152145794330316e+00
3.546000000000000000e+03,9.996501922102517312e+01,2.000151946170340977e+00
3.546500000000000000e+03,9.996506507206473202e+01,2.000151746972171019e+00
3.547000000000000000e+03,9.996511082540082782e+01,2.000151548198561002e+00
3.547500000000000000e+03,9.996515648132199772e+01,2.000151349848257265e+00
3.548000000000000000e+03,9.996520204011568467e+01,2.000151151920010140e+00
3.548500000000000000e+03,9.996524750206828003e+01,2.000150954412575288e+00
3.549000000000000000e+03,9.996529286746505250e+01,2.000150757324711925e+00
3.549500000000000000e+03,9.996533813659024759e+01,2.000150560655185483e+00
3.550000000000000000e+03,9.996538330972700237e+01,2.000150364402764946e+00
3.550500000000000000e+03,9.996542838715738810e+01,2.000150168566224185e+00
3.551000000000000000e+03,9.996547336916246707e+01,2.000149973144341509e+00
3.551500000000000000e+03,9.996551825602219310e+01,2.000149778135900558e+00
3.552000000000000000e+03,9.996556304801551107e+01,2.000149583539688525e+00
3.552500000000000000e+03,9.996560774542027161e+01,2.000149389354498375e+00
3.553000000000000000e+03,9.996565234851334480e+01,2.000149195579125738e+00
3.553500000000000000e+03,9.996569685757053492e+01,2.000149002212372462e+00
3.554000000000000000e+03,9.996574127286660882e+01,2.000148809253044391e+00
3.554500000000000000e+03,9.996578559467532443e+01,2.000148616699951365e+00
3.555000000000000000e+03,9.996582982326941647e+01,2.000148424551907667e+00
3.555500000000000000e+03,9.996587395892061068e+01,2.000148232807732906e+00
3.556000000000000000e+03,9.996591800189959542e+01,2.000148041466250692e+00
3.556500000000000000e+03,9.996596195247607852e+01,2.000147850526287741e+00
3.557000000000000000e+03,9.996600581091875881e+01,2.000147659986677429e+00
3.557500000000000000e+03,9.996604957749532616e+01,2.000147469846255355e+00
3.558000000000000000e+03,9.996609325247248989e+01,2.000147280103862446e+00
3.558500000000000000e+03,9.996613683611596457e+01,2.000147090758344515e+00
3.559000000000000000e+03,9.996618032869048420e+01,2.000146901808550037e+00
3.559500000000000000e+03,9.996622373045980225e+01,2.000146713253332820e+00
3.560000000000000000e+03,9.996626704168669164e+01,2.000146525091551108e+00
3.560500000000000000e+03,9.996631026263297315e+01,2.000146337322066703e+00
3.561000000000000000e+03,9.996635339355945860e+01,2.000146149943746288e+00
3.561500000000000000e+03,9.996639643472605030e+01,2.000145962955459655e+00
3.562000000000000000e+03,9.996643938639165583e+01,2.000145776356082372e+00
3.562500000000000000e+03,9.996648224881424483e+01,2.000145590144492225e+00
3.563000000000000000e+03,9.996652502225082060e+01,2.000145404319572773e+00
3.563500000000000000e+03,9.996656770695746275e+01,2.000145218880211129e+00
3.564000000000000000e+03,9.996661030318931296e+01,2.000145033825297958e+00
3.564500000000000000e+03,9.996665281120054658e+01,2.000144849153728810e+00
3.565000000000000000e+03,9.996669523124442946e+01,2.000144664864402788e+00
3.565500000000000000e+03,9.996673756357328955e+01,2.000144480956222992e+00
3.566000000000000000e+03,9.996677980843854527e+01,2.000144297428097406e+00
3.566500000000000000e+03,9.996682196609067717e+01,2.000144114278936680e+00
3.567000000000000000e+03,9.996686403677925625e+01,2.000143931507655903e+00
3.567500000000000000e+03,9.996690602075292986e+01,2.000143749113175051e+00
3.568000000000000000e+03,9.996694791825947846e+01,2.000143567094417207e+00
3.568500000000000000e+03,9.996698972954571616e+01,2.000143385450309008e+00
3.569000000000000000e+03,9.996703145485761866e+01,2.000143204179781975e+00
3.569500000000000000e+03,9.996707309444022371e+01,2.000143023281770294e+00
3.570000000000000000e+03,9.996711464853768803e+01,2.000142842755213923e+00
3.570500000000000000e+03,9.996715611739328722e+01,2.000142662599054599e+00
3.571000000000000000e+03,9.996719750124941584e+01,2.000142482812239386e+00
3.571500000000000000e+03,9.996723880034757315e+01,2.000142303393718457e+00
3.572000000000000000e+03,9.996728001492840576e+01,2.000142124342445538e+00
3.572500000000000000e+03,9.996732114523163659e+01,2.000141945657379239e+00
3.573000000000000000e+03,9.996736219149619274e+01,2.000141767337480836e+00
3.573500000000000000e+03,9.996740315396009180e+01,2.000141589381716045e+00
3.574000000000000000e+03,9.996744403286048453e+01,2.000141411789054136e+00
3.574500000000000000e+03,9.996748482843368322e+01,2.000141234558467929e+00
3.575000000000000000e+03,9.996752554091514753e+01,2.000141057688934243e+00
3.575500000000000000e+03,9.996756617053948446e+01,2.000140881179433006e+00
3.576000000000000000e+03,9.996760671754044836e+01,2.000140705028948584e+00
3.576500000000000000e+03,9.996764718215094092e+01,2.000140529236468456e+00
3.577000000000000000e+03,9.996768756460306804e+01,2.000140353800984538e+00
3.577500000000000000e+03,9.996772786512805453e+01,2.000140178721490969e+00
3.578000000000000000e+03,9.996776808395631519e+01,2.000140003996987215e+00
3.578500000000000000e+03,9.996780822131744060e+01,2.000139829626474519e+00
3.579000000000000000e+03,9.996784827744019708e+01,2.000139655608959455e+00
3.579500000000000000e+03,9.996788825255249833e+01,2.000139481943450814e+00
3.580000000000000000e+03,9.996792814688149065e+01,2.000139308628961388e+00
3.580500000000000000e+03,9.996796796065348190e+01,2.000139135664508405e+00
3.581000000000000000e+03,9.996800769409395571e+01,2.000138963049110874e+00
3.581500000000000000e+03,9.996804734742762832e+01,2.000138790781792686e+00
3.582000000000000000e+03,9.996808692087839177e+01,2.000138618861580841e+00
3.582500000000000000e+03,9.996812641466931382e+01,2.000138447287505450e+00
3.583000000000000000e+03,9.996816582902272330e+01,2.000138276058600173e+00
3.583500000000000000e+03,9.996820516416009639e+01,2.000138105173903114e+00
3.584000000000000000e+03,9.996824442030217028e+01,2.000137934632454595e+00
3.584500000000000000e+03,9.996828359766887218e+01,2.000137764433298493e+00
3.585000000000000000e+03,9.996832269647933344e+01,2.000137594575482236e+00
3.585500000000000000e+03,9.996836171695194651e+01,2.000137425058057694e+00
3.586000000000000000e+03,9.996840065930429375e+01,2.000137255880078069e+00
3.586500000000000000e+03,9.996843952375320441e+01,2.000137087040601891e+00
3.587000000000000000e+03,9.996847831051472610e+01,2.000136918538689468e+00
3.587500000000000000e+03,9.996851701980416749e+01,2.000136750373405548e+00
3.588000000000000000e+03,9.996855565183602721e+01,2.000136582543817543e+00
3.588500000000000000e+03,9.996859420682409336e+01,2.000136415048996419e+00
3.589000000000000000e+03,9.996863268498137245e+01,2.000136247888016694e+00
3.589500000000000000e+03,9.996867108652013201e+01,2.000136081059955107e+00
3.590000000000000000e+03,9.996870941165187219e+01,2.000135914563893280e+00
3.590500000000000000e+03,9.996874766058736839e+01,2.000135748398915059e+00
3.591000000000000000e+03,9.996878583353664283e+01,2.000135582564106951e+00
3.591500000000000000e+03,9.996882393070899298e+01,2.000135417058560350e+00
3.592000000000000000e+03,9.996886195231294892e+01,2.000135251881367981e+00
3.592500000000000000e+03,9.996889989855633019e+01,2.000135087031627013e+00
3.593000000000000000e+03,9.996893776964623157e+01,2.000134922508437718e+00
3.593500000000000000e+03,9.996897556578899469e+01,2.000134758310903038e+00
3.594000000000000000e+03,9.996901328719027902e+01,2.000134594438129021e+00
3.594500000000000000e+03,9.996905093405497666e+01,2.000134430889225268e+00
3.595000000000000000e+03,9.996908850658731183e+01,2.000134267663304488e+00
3.595500000000000000e+03,9.996912600499074131e+01,2.000134104759482057e+00
3.596000000000000000e+03,9.996916342946803979e+01,2.000133942176876900e+00
3.596500000000000000e+03,9.996920078022128564e+01,2.000133779914611054e+00
3.597000000000000000e+03,9.996923805745183245e+01,2.000133617971808775e+00
3.597500000000000000e+03,9.996927526136032327e+01,2.000133456347598315e+00
3.598000000000000000e+03,9.996931239214671905e+01,2.000133295041111037e+00
3.598500000000000000e+03,9.996934945001029860e+01,2.000133134051480077e+00
3.599000000000000000e+03,9.996938643514960177e+01,2.000132973377843459e+00
3.599500000000000000e+03,9.996942334776251471e+01,2.000132813019340539e+00
3.600000000000000000e+03,9.996946018804621303e+01,2.000132652975114667e+00
3.600500000000000000e+03,9.996949695619723286e+01,2.000132493244311416e+00
3.601000000000000000e+03,9.996953365241135714e+01,2.000132333826080355e+00
3.601500000000000000e+03,9.996957027688375774e+01,2.000132174719572831e+00
3.602000000000000000e+03,9.996960682980889601e+01,2.000132015923944184e+00
3.602500000000000000e+03,9.996964331138055115e+01,2.000131857438351535e+00
3.603000000000000000e+03,9.996967972179184869e+01,2.000131699261955998e+00
3.603500000000000000e+03,9.996971606123526044e+01,2.000131541393921353e+00
3.604000000000000000e+03,9.996975232990254767e+01,2.000131383833413601e+00
3.604500000000000000e+03,9.996978852798487480e+01,2.000131226579602295e+00
3.605000000000000000e+03,9.996982465567268150e+01,2.000131069631660097e+00
3.605500000000000000e+03,9.996986071315579636e+01,2.000130912988761001e+00
3.606000000000000000e+03,9.996989670062338007e+01,2.000130756650083885e+00
3.606500000000000000e+03,9.996993261826392541e+01,2.000130600614809406e+00
3.607000000000000000e+03,9.996996846626531408e+01,2.000130444882120440e+00
3.607500000000000000e+03,9.997000424481474568e+01,2.000130289451204302e+00
3.608000000000000000e+03,9.997003995409879451e+01,2.000130134321249198e+00
3.608500000000000000e+03,9.997007559430338119e+01,2.000129979491448218e+00
3.609000000000000000e+03,9.997011116561382948e+01,2.000129824960994895e+00
3.609500000000000000e+03,9.997014666821476681e+01,2.000129670729087206e+00
3.610000000000000000e+03,9.997018210229023794e+01,2.000129516794925344e+00
3.610500000000000000e+03,9.997021746802363396e+01,2.000129363157712614e+00
3.611000000000000000e+03,9.997025276559773488e+01,2.000129209816654541e+00
3.611500000000000000e+03,9.997028799519468123e+01,2.000129056770958869e+00
3.612000000000000000e+03,9.997032315699600247e+01,2.000128904019837339e+00
3.612500000000000000e+03,9.997035825118258856e+01,2.000128751562503915e+00
3.613000000000000000e+03,9.997039327793474683e+01,2.000128599398174334e+00
3.613500000000000000e+03,9.997042823743214512e+01,2.000128447526068776e+00
3.614000000000000000e+03,9.997046312985384020e+01,2.000128295945407864e+00
3.614500000000000000e+03,9.997049795537830619e+01,2.000128144655417106e+00
3.615000000000000000e+03,9.997053271418336351e+01,2.000127993655322900e+00
3.615500000000000000e+03,9.997056740644627837e+01,2.000127842944354750e+00
3.616000000000000000e+03,9.997060203234369169e+01,2.000127692521746159e+00
3.616500000000000000e+03,9.997063659205164754e+01,2.000127542386730628e+00
3.617000000000000000e+03,9.997067108574557892e+01,2.000127392538546545e+00
3.617500000000000000e+03,9.997070551360035040e+01,2.000127242976434072e+00
3.618000000000000000e+03,9.997073987579022969e+01,2.000127093699635150e+00
3.618500000000000000e+03,9.997077417248888764e+01,2.000126944707395715e+00
3.619000000000000000e+03,9.997080840386941247e+01,2.000126795998963036e+00
3.619500000000000000e+03,9.997084257010428132e+01,2.000126647573587935e+00
3.620000000000000000e+03,9.997087667136544553e+01,2.000126499430523008e+00
3.620500000000000000e+03,9.997091070782424538e+01,2.000126351569023520e+00
3.621000000000000000e+03,9.997094467965142428e+01,2.000126203988347839e+00
3.621500000000000000e+03,9.997097858701717144e+01,2.000126056687755671e+00
3.622000000000000000e+03,9.997101243009112181e+01,2.000125909666510271e+00
3.622500000000000000e+03,9.997104620904231354e+01,2.000125762923876671e+00
3.623000000000000000e+03,9.997107992403921628e+01,2.000125616459123457e+00
3.623500000000000000e+03,9.997111357524975972e+01,2.000125470271519657e+00
3.624000000000000000e+03,9.997114716284127667e+01,2.000125324360339185e+00
3.624500000000000000e+03,9.997118068698057414e+01,2.000125178724856401e+00
3.625000000000000000e+03,9.997121414783387650e+01,2.000125033364349658e+00
3.625500000000000000e+03,9.997124754556683968e+01,2.000124888278098201e+00
3.626000000000000000e+03,9.997128088034462223e+01,2.000124743465384380e+00
3.626500000000000000e+03,9.997131415233175744e+01,2.000124598925493657e+00
3.627000000000000000e+03,9.997134736169228120e+01,2.000124454657713269e+00
3.627500000000000000e+03,9.997138050858966096e+01,2.000124310661332228e+00
3.628000000000000000e+03,9.997141359318682419e+01,2.000124166935642211e+00
3.628500000000000000e+03,9.997144661564615831e+01,2.000124023479938451e+00
3.629000000000000000e+03,9.997147957612951075e+01,2.000123880293517065e+00
3.629500000000000000e+03,9.997151247479817471e+01,2.000123737375677280e+00
3.630000000000000000e+03,9.997154531181293180e+01,2.000123594725720100e+00
3.630500000000000000e+03,9.997157808733400941e+01,2.000123452342949637e+00
3.631000000000000000e+03,9.997161080152112334e+01,2.000123310226670892e+00
3.631500000000000000e+03,9.997164345453342094e+01,2.000123168376193306e+00
3.632000000000000000e+03,9.997167604652956641e+01,2.000123026790827208e+00
3.632500000000000000e+03,9.997170857766766972e+01,2.000122885469884704e+00
3.633000000000000000e+03,9.997174104810534345e+01,2.000122744412681453e+00
3.633500000000000000e+03,9.997177345799964598e+01,2.000122603618534889e+00
3.634000000000000000e+03,9.997180580750715251e+01,2.000122463086764224e+00
3.634500000000000000e+03,9.997183809678386979e+01,2.000122322816691778e+00
3.635000000000000000e+03,9.997187032598536405e+01,2.000122182807641646e+00
3.635500000000000000e+03,9.997190249526660466e+01,2.000122043058939703e+00
3.636000000000000000e+03,9.997193460478212046e+01,2.000121903569915371e+00
3.636500000000000000e+03,9.997196665468590027e+01,2.000121764339898522e+00
3.637000000000000000e+03,9.997199864513142131e+01,2.000121625368222578e+00
3.637500000000000000e+03,9.997203057627164924e+01,2.000121486654223180e+00
3.638000000000000000e+03,9.997206244825909494e+01,2.000121348197236859e+00
3.638500000000000000e+03,9.997209426124570086e+01,2.000121209996603255e+00
3.639000000000000000e+03,9.997212601538296894e+01,2.000121072051664672e+00
3.639500000000000000e+03,9.997215771082186109e+01,2.000120934361764746e+00
3.640000000000000000e+03,9.997218934771287024e+01,2.000120796926249334e+00
3.640500000000000000e+03,9.997222092620600620e+01,2.000120659744466955e+00
3.641000000000000000e+03,9.997225244645073872e+01,2.000120522815767465e+00
3.641500000000000000e+03,9.997228390859611125e+01,2.000120386139503381e+00
3.642000000000000000e+03,9.997231531279062722e+01,2.000120249715029441e+00
3.642500000000000000e+03,9.997234665918234953e+01,2.000120113541702160e+00
3.643000000000000000e+03,9.997237794791881527e+01,2.000119977618880274e+00
3.643500000000000000e+03,9.997240917914712099e+01,2.000119841945924293e+00
3.644000000000000000e+03,9.997244035301383747e+01,2.000119706522198282e+00
3.644500000000000000e+03,9.997247146966510911e+01,2.000119571347065861e+00
3.645000000000000000e+03,9.997250252924658298e+01,2.000119436419895091e+00
3.645500000000000000e+03,9.997253353190340874e+01,2.000119301740054478e+00
3.646000000000000000e+03,9.997256447778030974e+01,2.000119167306915635e+00
3.646500000000000000e+03,9.997259536702149774e+01,2.000119033119851508e+00
3.647000000000000000e+03,9.997262619977074394e+01,2.000118899178237264e+00
3.647500000000000000e+03,9.997265697617133640e+01,2.000118765481450289e+00
3.648000000000000000e+03,9.997268769636612262e+01,2.000118632028870191e+00
3.648500000000000000e+03,9.997271836049745275e+01,2.000118498819877910e+00
3.649000000000000000e+03,9.997274896870723637e+01,2.000118365853856606e+00
3.649500000000000000e+03,9.997277952113694255e+01,2.000118233130192102e+00
3.650000000000000000e+03,9.997281001792754296e+01,2.000118100648271557e+00
3.650500000000000000e+03,9.997284045921956874e+01,2.000117968407483904e+00
3.651000000000000000e+03,9.997287084515313893e+01,2.000117836407220295e+00
3.651500000000000000e+03,9.997290117586784675e+01,2.000117704646874550e+00
3.652000000000000000e+03,9.997293145150288751e+01,2.000117573125841375e+00
3.652500000000000000e+03,9.997296167219700180e+01,2.000117441843518140e+00
3.653000000000000000e+03,9.997299183808847545e+01,2.000117310799303549e+00
3.653500000000000000e+03,9.997302194931515373e+01,2.000117179992598970e+00
3.654000000000000000e+03,9.997305200601442721e+01,2.000117049422807103e+00
3.654500000000000000e+03,9.997308200832324587e+01,2.000116919089332868e+00
3.655000000000000000e+03,9.997311195637814762e+01,2.000116788991582517e+00
3.655500000000000000e+03,9.997314185031521561e+01,2.000116659128965413e+00
3.656000000000000000e+03,9.997317169027007822e+01,2.000116529500891804e+00
3.656500000000000000e+03,9.997320147637796595e+01,2.000116400106773717e+00
3.657000000000000000e+03,9.997323120877364033e+01,2.000116270946026287e+00
3.657500000000000000e+03,9.997326088759146501e+01,2.000116142018064647e+00
3.658000000000000000e+03,9.997329051296533464e+01,2.000116013322307484e+00
3.658500000000000000e+03,9.997332008502876022e+01,2.000115884858174820e+00
3.659000000000000000e+03,9.997334960391479797e+01,2.000115756625088004e+00
3.659500000000000000e+03,9.997337906975610622e+01,2.000115628622471053e+00
3.660000000000000000e+03,9.997340848268487434e+01,2.000115500849748873e+00
3.660500000000000000e+03,9.997343784283290802e+01,2.000115373306349031e+00
3.661000000000000000e+03,9.997346715033158659e+01,2.000115245991700874e+00
3.661500000000000000e+03,9.997349640531187731e+01,2.000115118905234635e+00
3.662000000000000000e+03,9.997352560790432108e+01,2.000114992046383211e+00
3.662500000000000000e+03,9.997355475823904669e+01,2.000114865414581722e+00
3.663000000000000000e+03,9.997358385644575662e+01,2.000114739009265730e+00
3.663500000000000000e+03,9.997361290265376965e+01,2.000114612829873906e+00
3.664000000000000000e+03,9.997364189699197823e+01,2.000114486875845365e+00
3.664500000000000000e+03,9.997367083958887690e+01,2.000114361146622777e+00
3.665000000000000000e+03,9.997369973057251968e+01,2.000114235641648364e+00
3.665500000000000000e+03,9.997372857007061953e+01,2.000114110360368347e+00
3.666000000000000000e+03,9.997375735821040621e+01,2.000113985302229391e+00
3.666500000000000000e+03,9.997378609511878267e+01,2.000113860466679938e+00
3.667000000000000000e+03,9.997381478092219709e+01,2.000113735853170205e+00
3.667500000000000000e+03,9.997384341574674238e+01,2.000113611461153074e+00
3.668000000000000000e+03,9.997387199971807092e+01,2.000113487290081427e+00
3.668500000000000000e+03,9.997390053296146561e+01,2.000113363339411698e+00
3.669000000000000000e+03,9.997392901560181144e+01,2.000113239608601212e+00
3.669500000000000000e+03,9.997395744776359550e+01,2.000113116097108179e+00
3.670000000000000000e+03,9.997398582957092117e+01,2.000112992804393919e+00
3.670500000000000000e+03,9.997401416114749395e+01,2.000112869729921083e+00
3.671000000000000000e+03,9.997404244261663564e+01,2.000112746873153213e+00
3.671500000000000000e+03,9.997407067410129855e+01,2.000112624233556069e+00
3.672000000000000000e+03,9.997409885572399446e+01,2.000112501810597632e+00
3.672500000000000000e+03,9.997412698760692251e+01,2.000112379603746771e+00
3.673000000000000000e+03,9.997415506987184131e+01,2.000112257612474131e+00
3.673500000000000000e+03,9.997418310264016839e+01,2.000112135836252136e+00
3.674000000000000000e+03,9.997421108603292339e+01,2.000112014274554983e+00
3.674500000000000000e+03,9.997423902017074226e+01,2.000111892926858648e+00
3.675000000000000000e+03,9.997426690517389147e+01,2.000111771792640436e+00
3.675500000000000000e+03,9.997429474116228221e+01,2.000111650871378544e+00
3.676000000000000000e+03,9.997432252825541354e+01,2.000111530162554718e+00
3.676500000000000000e+03,9.997435026657242929e+01,2.000111409665650708e+00
3.677000000000000000e+03,9.997437795623213219e+01,2.000111289380150481e+00
3.677500000000000000e+03,9.997440559735289867e+01,2.000111169305539338e+00
3.678000000000000000e+03,9.997443319005277829e+01,2.000111049441304356e+00
3.678500000000000000e+03,9.997446073444943693e+01,2.000110929786934388e+00
3.679000000000000000e+03,9.997448823066019941e+01,2.000110810341919176e+00
3.679500000000000000e+03,9.997451567880197842e+01,2.000110691105751126e+00
3.680000000000000000e+03,9.997454307899137405e+01,2.000110572077923532e+00
3.680500000000000000e+03,9.997457043134458843e+01,2.000110453257931020e+00
3.681000000000000000e+03,9.997459773597749688e+01,2.000110334645270438e+00
3.681500000000000000e+03,9.997462499300559102e+01,2.000110216239439964e+00
3.682000000000000000e+03,9.997465220254400720e+01,2.000110098039939110e+00
3.682500000000000000e+03,9.997467936470754069e+01,2.000109980046268721e+00
3.683000000000000000e+03,9.997470647961063150e+01,2.000109862257932303e+00
3.683500000000000000e+03,9.997473354736733597e+01,2.000109744674433365e+00
3.684000000000000000e+03,9.997476056809138356e+01,2.000109627295278081e+00
3.684500000000000000e+03,9.997478754189617689e+01,2.000109510119973955e+00
3.685000000000000000e+03,9.997481446889470647e+01,2.000109393148029380e+00
3.685500000000000000e+03,9.997484134919967858e+01,2.000109276378954970e+00
3.686000000000000000e+03,9.997486818292343003e+01,2.000109159812262227e+00
3.686500000000000000e+03,9.997489497017792814e+01,2.000109043447465318e+00
3.687000000000000000e+03,9.997492171107482761e+01,2.000108927284078408e+00
3.687500000000000000e+03,9.997494840572542785e+01,2.000108811321617885e+00
3.688000000000000000e+03,9.997497505424068720e+01,2.000108695559601912e+00
3.688500000000000000e+03,9.997500165673122297e+01,2.000108579997549096e+00
3.689000000000000000e+03,9.997502821330732559e+01,2.000108464634981154e+00
3.689500000000000000e+03,9.997505472407893024e+01,2.000108349471419800e+00
3.690000000000000000e+03,9.997508118915563102e+01,2.000108234506388971e+00
3.690500000000000000e+03,9.997510760864672363e+01,2.000108119739413937e+00
3.691000000000000000e+03,9.997513398266113427e+01,2.000108005170020409e+00
3.691500000000000000e+03,9.997516031130747649e+01,2.000107890797737653e+00
3.692000000000000000e+03,9.997518659469400859e+01,2.000107776622094491e+00
3.692500000000000000e+03,9.997521283292867622e+01,2.000107662642621964e+00
3.693000000000000000e+03,9.997523902611909818e+01,2.000107548858852446e+00
3.693500000000000000e+03,9.997526517437256643e+01,2.000107435270319645e+00
3.694000000000000000e+03,9.997529127779603186e+01,2.000107321876559041e+00
3.694500000000000000e+03,9.997531733649614694e+01,2.000107208677107007e+00
3.695000000000000000e+03,9.997534335057919463e+01,2.000107095671501689e+00
3.695500000000000000e+03,9.997536932015118794e+01,2.000106982859282567e+00
3.696000000000000000e+03,9.997539524531777033e+01,2.000106870239990009e+00
3.696500000000000000e+03,9.997542112618431531e+01,2.000106757813167047e+00
3.697000000000000000e+03,9.997544696285582688e+01,2.000106645578356712e+00
3.697500000000000000e+03,9.997547275543702483e+01,2.000106533535104258e+00
3.698000000000000000e+03,9.997549850403228788e+01,2.000106421682956270e+00
3.698500000000000000e+03,9.997552420874571055e+01,2.000106310021459777e+00
3.699000000000000000e+03,9.997554986968104629e+01,2.000106198550164471e+00
3.699500000000000000e+03,9.997557548694173590e+01,2.000106087268620492e+00
3.700000000000000000e+03,9.997560106063090757e+01,2.000105976176380196e+00
3.700500000000000000e+03,9.997562659085140524e+01,2.000105865272996386e+00
3.701000000000000000e+03,9.997565207770573181e+01,2.000105754558023197e+00
3.701500000000000000e+03,9.997567752129609175e+01,2.000105644031017427e+00
3.702000000000000000e+03,9.997570292172439110e+01,2.000105533691535875e+00
3.702500000000000000e+03,9.997572827909220905e+01,2.000105423539136673e+00
3.703000000000000000e+03,9.997575359350084057e+01,2.000105313573380172e+00
3.703500000000000000e+03,9.997577886505125377e+01,2.000105203793827613e+00
3.704000000000000000e+03,9.997580409384414679e+01,2.000105094200041123e+00
3.704500000000000000e+03,9.997582927997986246e+01,2.000104984791585050e+00
3.705000000000000000e+03,9.997585442355850205e+01,2.000104875568024188e+00
3.705500000000000000e+03,9.997587952467982575e+01,2.000104766528924660e+00
3.706000000000000000e+03,9.997590458344332376e+01,2.000104657673854813e+00
3.706500000000000000e+03,9.997592959994815942e+01,2.000104549002383436e+00
3.707000000000000000e+03,9.997595457429321186e+01,2.000104440514081094e+00
3.707500000000000000e+03,9.997597950657707599e+01,2.000104332208519242e+00
3.708000000000000000e+03,9.997600439689803409e+01,2.000104224085270221e+00
3.708500000000000000e+03,9.997602924535408420e+01,2.000104116143909039e+00
3.709000000000000000e+03,9.997605405204294016e+01,2.000104008384010701e+00
3.709500000000000000e+03,9.997607881706201738e+01,2.000103900805151991e+00
3.710000000000000000e+03,9.997610354050840442e+01,2.000103793406911024e+00
3.710500000000000000e+03,9.997612822247897668e+01,2.000103686188866803e+00
3.711000000000000000e+03,9.997615286307026849e+01,2.000103579150599664e+00
3.711500000000000000e+03,9.997617746237851577e+01,2.000103472291691720e+00
3.712000000000000000e+03,9.997620202049971283e+01,2.000103365611725525e+00
3.712500000000000000e+03,9.997622653752954136e+01,2.000103259110285858e+00
3.713000000000000000e+03,9.997625101356341304e+01,2.000103152786957494e+00
3.713500000000000000e+03,9.997627544869642691e+01,2.000103046641327875e+00
3.714000000000000000e+03,9.997629984302344042e+01,2.000102940672983998e+00
3.714500000000000000e+03,9.997632419663898418e+01,2.000102834881515523e+00
3.715000000000000000e+03,9.997634850963737563e+01,2.000102729266513002e+00
3.715500000000000000e+03,9.997637278211257694e+01,2.000102623827567427e+00
3.716000000000000000e+03,9.997639701415832292e+01,2.000102518564272014e+00
3.716500000000000000e+03,9.997642120586806413e+01,2.000102413476220420e+00
3.717000000000000000e+03,9.997644535733495275e+01,2.000102308563007636e+00
3.717500000000000000e+03,9.997646946865187090e+01,2.000102203824230429e+00
3.718000000000000000e+03,9.997649353991147336e+01,2.000102099259486454e+00
3.718500000000000000e+03,9.997651757120607385e+01,2.000101994868373811e+00
3.719000000000000000e+03,9.997654156262775871e+01,2.000101890650492820e+00
3.719500000000000000e+03,9.997656551426831584e+01,2.000101786605444687e+00
3.720000000000000000e+03,9.997658942621930578e+01,2.000101682732831510e+00
3.720500000000000000e+03,9.997661329857196222e+01,2.000101579032256716e+00
3.721000000000000000e+03,9.997663713141729147e+01,2.000101475503325066e+00
3.721500000000000000e+03,9.997666092484601563e+01,2.000101372145641765e+00
3.722000000000000000e+03,9.997668467894860100e+01,2.000101268958814682e+00
3.722500000000000000e+03,9.997670839381524388e+01,2.000101165942450798e+00
3.723000000000000000e+03,9.997673206953587055e+01,2.000101063096160203e+00
3.723500000000000000e+03,9.997675570620016572e+01,2.000100960419552987e+00
3.724000000000000000e+03,9.997677930389751566e+01,2.000100857912240571e+00
3.724500000000000000e+03,9.997680286271706507e+01,2.000100755573835709e+00
3.725000000000000000e+03,9.997682638274770284e+01,2.000100653403952045e+00
3.725500000000000000e+03,9.997684986407804786e+01,2.000100551402204552e+00
3.726000000000000000e+03,9.997687330679647744e+01,2.000100449568209093e+00
3.726500000000000000e+03,9.997689671099108466e+01,2.000100347901583309e+00
3.727000000000000000e+03,9.997692007674973524e+01,2.000100246401944837e+00
3.727500000000000000e+03,9.997694340416001069e+01,2.000100145068913537e+00
3.728000000000000000e+03,9.997696669330925090e+01,2.000100043902109714e+00
3.728500000000000000e+03,9.997698994428454000e+01,2.000099942901154559e+00
3.729000000000000000e+03,9.997701315717272053e+01,2.000099842065671485e+00
3.729500000000000000e+03,9.997703633206036500e+01,2.000099741395284347e+00
3.730000000000000000e+03,9.997705946903380436e+01,2.000099640889617003e+00
3.730500000000000000e+03,9.997708256817909955e+01,2.000099540548296417e+00
3.731000000000000000e+03,9.997710562958209835e+01,2.000099440370949111e+00
3.731500000000000000e+03,9.997712865332836429e+01,2.000099340357203825e+00
3.732000000000000000e+03,9.997715163950323358e+01,2.000099240506688858e+00
3.732500000000000000e+03,9.997717458819180081e+01,2.000099140819035171e+00
3.733000000000000000e+03,9.997719749947887635e+01,2.000099041293874169e+00
3.733500000000000000e+03,9.997722037344908586e+01,2.000098941930837704e+00
3.734000000000000000e+03,9.997724321018675653e+01,2.000098842729559845e+00
3.734500000000000000e+03,9.997726600977598821e+01,2.000098743689675107e+00
3.735000000000000000e+03,9.997728877230065336e+01,2.000098644810818449e+00
3.735500000000000000e+03,9.997731149784436866e+01,2.000098546092627494e+00
3.736000000000000000e+03,9.997733418649049497e+01,2.000098447534738977e+00
3.736500000000000000e+03,9.997735683832219422e+01,2.000098349136792297e+00
3.737000000000000000e+03,9.997737945342235832e+01,2.000098250898427299e+00
3.737500000000000000e+03,9.997740203187363761e+01,2.000098152819284270e+00
3.738000000000000000e+03,9.997742457375846925e+01,2.000098054899005273e+00
3.738500000000000000e+03,9.997744707915902040e+01,2.000097957137233262e+00
3.739000000000000000e+03,9.997746954815725928e+01,2.000097859533612521e+00
3.739500000000000000e+03,9.997749198083486988e+01,2.000097762087787334e+00
3.740000000000000000e+03,9.997751437727336565e+01,2.000097664799404207e+00
3.740500000000000000e+03,9.997753673755397585e+01,2.000097567668109644e+00
3.741000000000000000e+03,9.997755906175771656e+01,2.000097470693551927e+00
3.741500000000000000e+03,9.997758134996536228e+01,2.000097373875379780e+00
3.742000000000000000e+03,9.997760360225746012e+01,2.000097277213243263e+00
3.742500000000000000e+03,9.997762581871435827e+01,2.000097180706793765e+00
3.743000000000000000e+03,9.997764799941610647e+01,2.000097084355683119e+00
3.743500000000000000e+03,9.997767014444259814e+01,2.000096988159563605e+00
3.744000000000000000e+03,9.997769225387344250e+01,2.000096892118090164e+00
3.744500000000000000e+03,9.997771432778806400e+01,2.000096796230917739e+00
3.745000000000000000e+03,9.997773636626563132e+01,2.000096700497701274e+00
3.745500000000000000e+03,9.997775836938511418e+01,2.000096604918098375e+00
3.746000000000000000e+03,9.997778033722521229e+01,2.000096509491767538e+00
3.746500000000000000e+03,9.997780226986445484e+01,2.000096414218366370e+00
3.747000000000000000e+03,9.997782416738112943e+01,2.000096319097555586e+00
3.747500000000000000e+03,9.997784602985326785e+01,2.000096224128995903e+00
3.748000000000000000e+03,9.997786785735873138e+01,2.000096129312348925e+00
3.748500000000000000e+03,9.997788964997512551e+01,2.000096034647277143e+00
3.749000000000000000e+03,9.997791140777985675e+01,2.000095940133444827e+00
3.749500000000000000e+03,9.997793313085009004e+01,2.000095845770516245e+00
3.750000000000000000e+03,9.997795481926277716e+01,2.000095751558156998e+00
3.750500000000000000e+03,9.997797647309468516e+01,2.000095657496034018e+00
3.751000000000000000e+03,9.997799809242232527e+01,2.000095563583814684e+00
3.751500000000000000e+03,9.997801967732199557e+01,2.000095469821166816e+00
3.752000000000000000e+03,9.997804122786979519e+01,2.000095376207760456e+00
3.752500000000000000e+03,9.997806274414161010e+01,2.000095282743265646e+00
3.753000000000000000e+03,9.997808422621308466e+01,2.000095189427353759e+00
3.753500000000000000e+03,9.997810567415966432e+01,2.000095096259697058e+00
3.754000000000000000e+03,9.997812708805660975e+01,2.000095003239967806e+00
3.754500000000000000e+03,9.997814846797892585e+01,2.000094910367841372e+00
3.755000000000000000e+03,9.997816981400143277e+01,2.000094817642991352e+00
3.755500000000000000e+03,9.997819112619872328e+01,2.000094725065094448e+00
3.756000000000000000e+03,9.997821240464520542e+01,2.000094632633827363e+00
3.756500000000000000e+03,9.997823364941504565e+01,2.000094540348867245e+00
3.757000000000000000e+03,9.997825486058222566e+01,2.000094448209893017e+00
3.757500000000000000e+03,9.997827603822051401e+01,2.000094356216584490e+00
3.758000000000000000e+03,9.997829718240348029e+01,2.000094264368621477e+00
3.758500000000000000e+03,9.997831829320445252e+01,2.000094172665685122e+00
3.759000000000000000e+03,9.997833937069660237e+01,2.000094081107457900e+00
3.759500000000000000e+03,9.997836041495287418e+01,2.000093989693623175e+00
3.760000000000000000e+03,9.997838142604598488e+01,2.000093898423864314e+00
3.760500000000000000e+03,9.997840240404849510e+01,2.000093807297866455e+00
3.761000000000000000e+03,9.997842334903272388e+01,2.000093716315315184e+00
3.761500000000000000e+03,9.997844426107080551e+01,2.000093625475896975e+00
3.762000000000000000e+03,9.997846514023467535e+01,2.000093534779299631e+00
3.762500000000000000e+03,9.997848598659604136e+01,2.000093444225211403e+00
3.763000000000000000e+03,9.997850680022645520e+01,2.000093353813320984e+00
3.763500000000000000e+03,9.997852758119724115e+01,2.000093263543319289e+00
3.764000000000000000e+03,9.997854832957952453e+01,2.000093173414896341e+00
3.764500000000000000e+03,9.997856904544424594e+01,2.000093083427744833e+00
3.765000000000000000e+03,9.997858972886213280e+01,2.000092993581556566e+00
3.765500000000000000e+03,9.997861037990372779e+01,2.000092903876025563e+00
3.766000000000000000e+03,9.997863099863936043e+01,2.000092814310845846e+00
3.766500000000000000e+03,9.997865158513920392e+01,2.000092724885713213e+00
3.767000000000000000e+03,9.997867213947318987e+01,2.000092635600323021e+00
3.767500000000000000e+03,9.997869266171109359e+01,2.000092546454372400e+00
3.768000000000000000e+03,9.997871315192246300e+01,2.000092457447559369e+00
3.768500000000000000e+03,9.997873361017668969e+01,2.000092368579581947e+00
3.769000000000000000e+03,9.997875403654292370e+01,2.000092279850139931e+00
3.769500000000000000e+03,9.997877443109018714e+01,2.000092191258933561e+00
3.770000000000000000e+03,9.997879479388727475e+01,2.000092102805663963e+00
3.770500000000000000e+03,9.997881512500276813e+01,2.000092014490032710e+00
3.771000000000000000e+03,9.997883542450510674e+01,2.000091926311742707e+00
3.771500000000000000e+03,9.997885569246253112e+01,2.000091838270497302e+00
3.772000000000000000e+03,9.997887592894305442e+01,2.000091750366001175e+00
3.772500000000000000e+03,9.997889613401454767e+01,2.000091662597959008e+00
3.773000000000000000e+03,9.997891630774468297e+01,2.000091574966077701e+00
3.773500000000000000e+03,9.997893645020091924e+01,2.000091487470063267e+00
3.774000000000000000e+03,9.997895656145057330e+01,2.000091400109623052e+00
3.774500000000000000e+03,9.997897664156074882e+01,2.000091312884466177e+00
3.775000000000000000e+03,9.997899669059836469e+01,2.000091225794301764e+00
3.775500000000000000e+03,9.997901670863018353e+01,2.000091138838839377e+00
3.776000000000000000e+03,9.997903669572272634e+01,2.000091052017789917e+00
3.776500000000000000e+03,9.997905665194240044e+01,2.000090965330865611e+00
3.777000000000000000e+03,9.997907657735539999e+01,2.000090878777777803e+00
3.777500000000000000e+03,9.997909647202772021e+01,2.000090792358240499e+00
3.778000000000000000e+03,9.997911633602518577e+01,2.000090706071967261e+00
3.778500000000000000e+03,9.997913616941347925e+01,2.000090619918672985e+00
3.779000000000000000e+03,9.997915597225804163e+01,2.000090533898073009e+00
3.779500000000000000e+03,9.997917574462418600e+01,2.000090448009884003e+00
3.780000000000000000e+03,9.997919548657702649e+01,2.000090362253822196e+00
3.780500000000000000e+03,9.997921519818147829e+01,2.000090276629606478e+00
3.781000000000000000e+03,9.997923487950232868e+01,2.000090191136955298e+00
3.781500000000000000e+03,9.997925453060413759e+01,2.000090105775587546e+00
3.782000000000000000e+03,9.997927415155132280e+01,2.000090020545223446e+00
3.782500000000000000e+03,9.997929374240811740e+01,2.000089935445584111e+00
3.783000000000000000e+03,9.997931330323856969e+01,2.000089850476391096e+00
3.783500000000000000e+03,9.997933283410655747e+01,2.000089765637367289e+00
3.784000000000000000e+03,9.997935233507581643e+01,2.000089680928235136e+00
3.784500000000000000e+03,9.997937180620984066e+01,2.000089596348718857e+00
3.785000000000000000e+03,9.997939124757202478e+01,2.000089511898543559e+00
3.785500000000000000e+03,9.997941065922555026e+01,2.000089427577433909e+00
3.786000000000000000e+03,9.997943004123342803e+01,2.000089343385116791e+00
3.786500000000000000e+03,9.997944939365852690e+01,2.000089259321318647e+00
3.787000000000000000e+03,9.997946871656348833e+01,2.000089175385767692e+00
3.787500000000000000e+03,9.997948801001085428e+01,2.000089091578191702e+00
3.788000000000000000e+03,9.997950727406295357e+01,2.000089007898320226e+00
3.788500000000000000e+03,9.997952650878195868e+01,2.000088924345882813e+00
3.789000000000000000e+03,9.997954571422985737e+01,2.000088840920609901e+00
3.789500000000000000e+03,9.997956489046849526e+01,2.000088757622233704e+00
3.790000000000000000e+03,9.997958403755954748e+01,2.000088674450485549e+00
3.790500000000000000e+03,9.997960315556450439e+01,2.000088591405098537e+00
3.791000000000000000e+03,9.997962224454470004e+01,2.000088508485805772e+00
3.791500000000000000e+03,9.997964130456131215e+01,2.000088425692341687e+00
3.792000000000000000e+03,9.997966033567533373e+01,2.000088343024441606e+00
3.792500000000000000e+03,9.997967933794762985e+01,2.000088260481840408e+00
3.793000000000000000e+03,9.997969831143885244e+01,2.000088178064275191e+00
3.793500000000000000e+03,9.997971725620952554e+01,2.000088095771482610e+00
3.794000000000000000e+03,9.997973617232000265e+01,2.000088013603200210e+00
3.794500000000000000e+03,9.997975505983046673e+01,2.000087931559166865e+00
3.795000000000000000e+03,9.997977391880094444e+01,2.000087849639121895e+00
3.795500000000000000e+03,9.997979274929132032e+01,2.000087767842805064e+00
3.796000000000000000e+03,9.997981155136127995e+01,2.000087686169956580e+00
3.796500000000000000e+03,9.997983032507038104e+01,2.000087604620317538e+00
3.797000000000000000e+03,9.997984907047799652e+01,2.000087523193630812e+00
3.797500000000000000e+03,9.997986778764337146e+01,2.000087441889638828e+00
3.798000000000000000e+03,9.997988647662556616e+01,2.000087360708084461e+00
3.798500000000000000e+03,9.997990513748349883e+01,2.000087279648711469e+00
3.799000000000000000e+03,9.997992377027591715e+01,2.000087198711265835e+00
3.799500000000000000e+03,9.997994237506141246e+01,2.000087117895491762e+00
3.800000000000000000e+03,9.997996095189843402e+01,2.000087037201135676e+00
3.800500000000000000e+03,9.997997950084526053e+01,2.000086956627944446e+00
3.801000000000000000e+03,9.997999802196002861e+01,2.000086876175665385e+00
3.801500000000000000e+03,9.998001651530070433e+01,2.000086795844047138e+00
3.802000000000000000e+03,9.998003498092511165e+01,2.000086715632837464e+00
3.802500000000000000e+03,9.998005341889091824e+01,2.000086635541786784e+00
3.803000000000000000e+03,9.998007182925563541e+01,2.000086555570644631e+00
3.803500000000000000e+03,9.998009021207663238e+01,2.000086475719161871e+00
3.804000000000000000e+03,9.998010856741109365e+01,2.000086395987089816e+00
3.804500000000000000e+03,9.998012689531608999e+01,2.000086316374181106e+00
3.805000000000000000e+03,9.998014519584853588e+01,2.000086236880187496e+00
3.805500000000000000e+03,9.998016346906516105e+01,2.000086157504863404e+00
3.806000000000000000e+03,9.998018171502259577e+01,2.000086078247962806e+00
3.806500000000000000e+03,9.998019993377725712e+01,2.000085999109239676e+00
3.807000000000000000e+03,9.998021812538549113e+01,2.000085920088450209e+00
3.807500000000000000e+03,9.998023628990341649e+01,2.000085841185349711e+00
3.808000000000000000e+03,9.998025442738705237e+01,2.000085762399695266e+00
3.808500000000000000e+03,9.998027253789226165e+01,2.000085683731244401e+00
3.809000000000000000e+03,9.998029062147473667e+01,2.000085605179754200e+00
3.809500000000000000e+03,9.998030867819007028e+01,2.000085526744983966e+00
3.810000000000000000e+03,9.998032670809365641e+01,2.000085448426693002e+00
3.810500000000000000e+03,9.998034471124077527e+01,2.000085370224640613e+00
3.811000000000000000e+03,9.998036268768655077e+01,2.000085292138587434e+00
3.811500000000000000e+03,9.998038063748595050e+01,2.000085214168294545e+00
3.812000000000000000e+03,9.998039856069382836e+01,2.000085136313524359e+00
3.812500000000000000e+03,9.998041645736486771e+01,2.000085058574038399e+00
3.813000000000000000e+03,9.998043432755360982e+01,2.000084980949599966e+00
3.813500000000000000e+03,9.998045217131446805e+01,2.000084903439973250e+00
3.814000000000000000e+03,9.998046998870168522e+01,2.000084826044921549e+00
3.814500000000000000e+03,9.998048777976940471e+01,2.000084748764209941e+00
3.815000000000000000e+03,9.998050554457158512e+01,2.000084671597604391e+00
3.815500000000000000e+03,9.998052328316207138e+01,2.000084594544870420e+00
3.816000000000000000e+03,9.998054099559455210e+01,2.000084517605775325e+00
3.816500000000000000e+03,9.998055868192257378e+01,2.000084440780085959e+00
3.817000000000000000e+03,9.998057634219955503e+01,2.000084364067570064e+00
3.817500000000000000e+03,9.998059397647877233e+01,2.000084287467997157e+00
3.818000000000000000e+03,9.998061158481336008e+01,2.000084210981135424e+00
3.818500000000000000e+03,9.998062916725631055e+01,2.000084134606754827e+00
3.819000000000000000e+03,9.998064672386048812e+01,2.000084058344625770e+00
3.819500000000000000e+03,9.998066425467860086e+01,2.000083982194519105e+00
3.820000000000000000e+03,9.998068175976322891e+01,2.000083906156206570e+00
3.820500000000000000e+03,9.998069923916681034e+01,2.000083830229460347e+00
3.821000000000000000e+03,9.998071669294168373e+01,2.000083754414052617e+00
3.821500000000000000e+03,9.998073412113998870e+01,2.000083678709757340e+00
3.822000000000000000e+03,9.998075152381376540e+01,2.000083603116348474e+00
3.822500000000000000e+03,9.998076890101492609e+01,2.000083527633599978e+00
3.823000000000000000e+03,9.998078625279524090e+01,2.000083452261287142e+00
3.823500000000000000e+03,9.998080357920632366e+01,2.000083376999185703e+00
3.824000000000000000e+03,9.998082088029967451e+01,2.000083301847071837e+00
3.824500000000000000e+03,9.998083815612665148e+01,2.000083226804722614e+00
3.825000000000000000e+03,9.998085540673849891e+01,2.000083151871915543e+00
3.825500000000000000e+03,9.998087263218631904e+01,2.000083077048427693e+00
3.826000000000000000e+03,9.998088983252104356e+01,2.000083002334038795e+00
3.826500000000000000e+03,9.998090700779354734e+01,2.000082927728527249e+00
3.827000000000000000e+03,9.998092415805449207e+01,2.000082853231672786e+00
3.827500000000000000e+03,9.998094128335448261e+01,2.000082778843256026e+00
3.828000000000000000e+03,9.998095838374392486e+01,2.000082704563058034e+00
3.828500000000000000e+03,9.998097545927315366e+01,2.000082630390859428e+00
3.829000000000000000e+03,9.998099250999234755e+01,2.000082556326443051e+00
3.829500000000000000e+03,9.998100953595152873e+01,2.000082482369590409e+00
3.830000000000000000e+03,9.998102653720064836e+01,2.000082408520085675e+00
3.830500000000000000e+03,9.998104351378948706e+01,2.000082334777712134e+00
3.831000000000000000e+03,9.998106046576769756e+01,2.000082261142253515e+00
3.831500000000000000e+03,9.998107739318483311e+01,2.000082187613495321e+00
3.832000000000000000e+03,9.998109429609029064e+01,2.000082114191222171e+00
3.832500000000000000e+03,9.998111117453335339e+01,2.000082040875220901e+00
3.833000000000000000e+03,9.998112802856319092e+01,2.000081967665277016e+00
3.833500000000000000e+03,9.998114485822880226e+01,2.000081894561177798e+00
3.834000000000000000e+03,9.998116166357910117e+01,2.000081821562710971e+00
3.834500000000000000e+03,9.998117844466288773e+01,2.000081748669664261e+00
3.835000000000000000e+03,9.998119520152877726e+01,2.000081675881826726e+00
3.835500000000000000e+03,9.998121193422531405e+01,2.000081603198987423e+00
3.836000000000000000e+03,9.998122864280090027e+01,2.000081530620935411e+00
3.836500000000000000e+03,9.998124532730381020e+01,2.000081458147461966e+00
3.837000000000000000e+03,9.998126198778221863e+01,2.000081385778357035e+00
3.837500000000000000e+03,9.998127862428412982e+01,2.000081313513411896e+00
3.838000000000000000e+03,9.998129523685746278e+01,2.000081241352419159e+00
3.838500000000000000e+03,9.998131182555000862e+01,2.000081169295170547e+00
3.839000000000000000e+03,9.998132839040943054e+01,2.000081097341459557e+00
3.839500000000000000e+03,9.998134493148326385e+01,2.000081025491078801e+00
3.840000000000000000e+03,9.998136144881894438e+01,2.000080953743823109e+00
3.840500000000000000e+03,9.998137794246376586e+01,2.000080882099485979e+00
3.841000000000000000e+03,9.998139441246489412e+01,2.000080810557863131e+00
3.841500000000000000e+03,9.998141085886942392e+01,2.000080739118750284e+00
3.842000000000000000e+03,9.998142728172426530e+01,2.000080667781942712e+00
3.842500000000000000e+03,9.998144368107624302e+01,2.000080596547237910e+00
3.843000000000000000e+03,9.998146005697206817e+01,2.000080525414432042e+00
3.843500000000000000e+03,9.998147640945832393e+01,2.000080454383323048e+00
3.844000000000000000e+03,9.998149273858147978e+01,2.000080383453709310e+00
3.844500000000000000e+03,9.998150904438786313e+01,2.000080312625389656e+00
3.845000000000000000e+03,9.998152532692373029e+01,2.000080241898162470e+00
3.845500000000000000e+03,9.998154158623516707e+01,2.000080171271827911e+00
3.846000000000000000e+03,9.998155782236818823e+01,2.000080100746185696e+00
3.846500000000000000e+03,9.998157403536866639e+01,2.000080030321036872e+00
3.847000000000000000e+03,9.998159022528236051e+01,2.000079959996182932e+00
3.847500000000000000e+03,9.998160639215493006e+01,2.000079889771424924e+00
3.848000000000000000e+03,9.998162253603189242e+01,2.000079819646565227e+00
3.848500000000000000e+03,9.998163865695866548e+01,2.000079749621406666e+00
3.849000000000000000e+03,9.998165475498056765e+01,2.000079679695752066e+00
3.849500000000000000e+03,9.998167083014276102e+01,2.000079609869405584e+00
3.850000000000000000e+03,9.998168688249035085e+01,2.000079540142170931e+00
3.850500000000000000e+03,9.998170291206827187e+01,2.000079470513853153e+00
3.851000000000000000e+03,9.998171891892137353e+01,2.000079400984256850e+00
3.851500000000000000e+03,9.998173490309440581e+01,2.000079331553188400e+00
3.852000000000000000e+03,9.998175086463197658e+01,2.000079262220453291e+00
3.852500000000000000e+03,9.998176680357859425e+01,2.000079192985858345e+00
3.853000000000000000e+03,9.998178271997865352e+01,2.000079123849210827e+00
3.853500000000000000e+03,9.998179861387644962e+01,2.000079054810318446e+00
3.854000000000000000e+03,9.998181448531616411e+01,2.000078985868988912e+00
3.854500000000000000e+03,9.998183033434183642e+01,2.000078917025030822e+00
3.855000000000000000e+03,9.998184616099743494e+01,2.000078848278253218e+00
3.855500000000000000e+03,9.998186196532680015e+01,2.000078779628465586e+00
3.856000000000000000e+03,9.998187774737367306e+01,2.000078711075478299e+00
3.856500000000000000e+03,9.998189350718165258e+01,2.000078642619101288e+00
3.857000000000000000e+03,9.998190924479428077e+01,2.000078574259145814e+00
3.857500000000000000e+03,9.998192496025494336e+01,2.000078505995423139e+00
3.858000000000000000e+03,9.998194065360695504e+01,2.000078437827745415e+00
3.858500000000000000e+03,9.998195632489347418e+01,2.000078369755924790e+00
3.859000000000000000e+03,9.998197197415761650e+01,2.000078301779774304e+00
3.859500000000000000e+03,9.998198760144232722e+01,2.000078233899106994e+00
3.860000000000000000e+03,9.998200320679049469e+01,2.000078166113736344e+00
3.860500000000000000e+03,9.998201879024485095e+01,2.000078098423477169e+00
3.861000000000000000e+03,9.998203435184807120e+01,2.000078030828143838e+00
3.861500000000000000e+03,9.998204989164270273e+01,2.000077963327551611e+00
3.862000000000000000e+03,9.998206540967116496e+01,2.000077895921516191e+00
3.862500000000000000e+03,9.998208090597582043e+01,2.000077828609853281e+00
3.863000000000000000e+03,9.998209638059886117e+01,2.000077761392379916e+00
3.863500000000000000e+03,9.998211183358245080e+01,2.000077694268912243e+00
3.864000000000000000e+03,9.998212726496858238e+01,2.000077627239268629e+00
3.864500000000000000e+03,9.998214267479917794e+01,2.000077560303266555e+00
3.865000000000000000e+03,9.998215806311604581e+01,2.000077493460724387e+00
3.865500000000000000e+03,9.998217342996089485e+01,2.000077426711460937e+00
3.866000000000000000e+03,9.998218877537534865e+01,2.000077360055295461e+00
3.866500000000000000e+03,9.998220409940087450e+01,2.000077293492047659e+00
3.867000000000000000e+03,9.998221940207889702e+01,2.000077227021537229e+00
3.867500000000000000e+03,9.998223468345069875e+01,2.000077160643585650e+00
3.868000000000000000e+03,9.998224994355747697e+01,2.000077094358013063e+00
3.868500000000000000e+03,9.998226518244032945e+01,2.000077028164641391e+00
3.869000000000000000e+03,9.998228040014024032e+01,2.000076962063292552e+00
3.869500000000000000e+03,9.998229559669809419e+01,2.000076896053788911e+00
3.870000000000000000e+03,9.998231077215467621e+01,2.000076830135952832e+00
3.870500000000000000e+03,9.998232592655068629e+01,2.000076764309608013e+00
3.871000000000000000e+03,9.998234105992671061e+01,2.000076698574577705e+00
3.871500000000000000e+03,9.998235617232322170e+01,2.000076632930686937e+00
3.872000000000000000e+03,9.998237126378062101e+01,2.000076567377758963e+00
3.872500000000000000e+03,9.998238633433919631e+01,2.000076501915619254e+00
3.873000000000000000e+03,9.998240138403913591e+01,2.000076436544093728e+00
3.873500000000000000e+03,9.998241641292051440e+01,2.000076371263007413e+00
3.874000000000000000e+03,9.998243142102334957e+01,2.000076306072187116e+00
3.874500000000000000e+03,9.998244640838750286e+01,2.000076240971459196e+00
3.875000000000000000e+03,9.998246137505280728e+01,2.000076175960650460e+00
3.875500000000000000e+03,9.998247632105892535e+01,2.000076111039589488e+00
3.876000000000000000e+03,9.998249124644547692e+01,2.000076046208103087e+00
3.876500000000000000e+03,9.998250615125195395e+01,2.000075981466020281e+00
3.877000000000000000e+03,9.998252103551776315e+01,2.000075916813169652e+00
3.877500000000000000e+03,9.998253589928224017e+01,2.000075852249380670e+00
3.878000000000000000e+03,9.998255074258456432e+01,2.000075787774482361e+00
3.878500000000000000e+03,9.998256556546387230e+01,2.000075723388305526e+00
3.879000000000000000e+03,9.998258036795917292e+01,2.000075659090680080e+00
3.879500000000000000e+03,9.998259515010940390e+01,2.000075594881437269e+00
3.880000000000000000e+03,9.998260991195340353e+01,2.000075530760407894e+00
3.880500000000000000e+03,9.998262465352989636e+01,2.000075466727423645e+00
3.881000000000000000e+03,9.998263937487752173e+01,2.000075402782317546e+00
3.881500000000000000e+03,9.998265407603483368e+01,2.000075338924921287e+00
3.882000000000000000e+03,9.998266875704028678e+01,2.000075275155067889e+00
3.882500000000000000e+03,9.998268341793225034e+01,2.000075211472590819e+00
3.883000000000000000e+03,9.998269805874896576e+01,2.000075147877323545e+00
3.883500000000000000e+03,9.998271267952864605e+01,2.000075084369100864e+00
3.884000000000000000e+03,9.998272728030933365e+01,2.000075020947756688e+00
3.884500000000000000e+03,9.998274186112904260e+01,2.000074957613126259e+00
3.885000000000000000e+03,9.998275642202564484e+01,2.000074894365044820e+00
3.885500000000000000e+03,9.998277096303698386e+01,2.000074831203348502e+00
3.886000000000000000e+03,9.998278548420073264e+01,2.000074768127872993e+00
3.886500000000000000e+03,9.998279998555453574e+01,2.000074705138454867e+00
3.887000000000000000e+03,9.998281446713590981e+01,2.000074642234931144e+00
3.887500000000000000e+03,9.998282892898230045e+01,2.000074579417139287e+00
3.888000000000000000e+03,9.998284337113105380e+01,2.000074516684916759e+00
3.888500000000000000e+03,9.998285779361943071e+01,2.000074454038101912e+00
3.889000000000000000e+03,9.998287219648460677e+01,2.000074391476533542e+00
3.889500000000000000e+03,9.998288657976364391e+01,2.000074329000050000e+00
3.890000000000000000e+03,9.998290094349353296e+01,2.000074266608490525e+00
3.890500000000000000e+03,9.998291528771117953e+01,2.000074204301695691e+00
3.891000000000000000e+03,9.998292961245338972e+01,2.000074142079504735e+00
3.891500000000000000e+03,9.998294391775689860e+01,2.000074079941758232e+00
3.892000000000000000e+03,9.998295820365831332e+01,2.000074017888297195e+00
3.892500000000000000e+03,9.998297247019419842e+01,2.000073955918962643e+00
3.893000000000000000e+03,9.998298671740099053e+01,2.000073894033596922e+00
3.893500000000000000e+03,9.998300094531508364e+01,2.000073832232041049e+00
3.894000000000000000e+03,9.998301515397274386e+01,2.000073770514137816e+00
3.894500000000000000e+03,9.998302934341016623e+01,2.000073708879729573e+00
3.895000000000000000e+03,9.998304351366346054e+01,2.000073647328660442e+00
3.895500000000000000e+03,9.998305766476863710e+01,2.000073585860773218e+00
3.896000000000000000e+03,9.998307179676163514e+01,2.000073524475911579e+00
3.896500000000000000e+03,9.998308590967830867e+01,2.000073463173920096e+00
3.897000000000000000e+03,9.998310000355441218e+01,2.000073401954643781e+00
3.897500000000000000e+03,9.998311407842562915e+01,2.000073340817926759e+00
3.898000000000000000e+03,9.998312813432754353e+01,2.000073279763614931e+00
3.898500000000000000e+03,9.998314217129565407e+01,2.000073218791554197e+00
3.899000000000000000e+03,9.998315618936537419e+01,2.000073157901590459e+00
3.899500000000000000e+03,9.998317018857206051e+01,2.000073097093570507e+00
3.900000000000000000e+03,9.998318416895095595e+01,2.000073036367340240e+00
3.900500000000000000e+03,9.998319813053723237e+01,2.000072975722747781e+00
3.901000000000000000e+03,9.998321207336594796e+01,2.000072915159640807e+00
3.901500000000000000e+03,9.998322599747211825e+01,2.000072854677866552e+00
3.902000000000000000e+03,9.998323990289067353e+01,2.000072794277273580e+00
3.902500000000000000e+03,9.998325378965641619e+01,2.000072733957710902e+00
3.903000000000000000e+03,9.998326765780410597e+01,2.000072673719027083e+00
3.903500000000000000e+03,9.998328150736841735e+01,2.000072613561072021e+00
3.904000000000000000e+03,9.998329533838392535e+01,2.000072553483694726e+00
3.904500000000000000e+03,9.998330915088513393e+01,2.000072493486746428e+00
3.905000000000000000e+03,9.998332294490644756e+01,2.000072433570076136e+00
3.905500000000000000e+03,9.998333672048222809e+01,2.000072373733535969e+00
3.906000000000000000e+03,9.998335047764672368e+01,2.000072313976976268e+00
3.906500000000000000e+03,9.998336421643409722e+01,2.000072254300249153e+00
3.907000000000000000e+03,9.998337793687845476e+01,2.000072194703206296e+00
3.907500000000000000e+03,9.998339163901378868e+01,2.000072135185699373e+00
3.908000000000000000e+03,9.998340532287404869e+01,2.000072075747581835e+00
3.908500000000000000e+03,9.998341898849308507e+01,2.000072016388706242e+00
3.909000000000000000e+03,9.998343263590466279e+01,2.000071957108925602e+00
3.909500000000000000e+03,9.998344626514247580e+01,2.000071897908093810e+00
3.910000000000000000e+03,9.998345987624013276e+01,2.000071838786064760e+00
3.910500000000000000e+03,9.998347346923117129e+01,2.000071779742693234e+00
3.911000000000000000e+03,9.998348704414902954e+01,2.000071720777833129e+00
3.911500000000000000e+03,9.998350060102708881e+01,2.000071661891339669e+00
3.912000000000000000e+03,9.998351413989864511e+01,2.000071603083068528e+00
3.912500000000000000e+03,9.998352766079692344e+01,2.000071544352875375e+00
3.913000000000000000e+03,9.998354116375503509e+01,2.000071485700615881e+00
3.913500000000000000e+03,9.998355464880606291e+01,2.000071427126146606e+00
3.914000000000000000e+03,9.998356811598299032e+01,2.000071368629324553e+00
3.914500000000000000e+03,9.998358156531870122e+01,2.000071310210006281e+00
3.915000000000000000e+03,9.998359499684603691e+01,2.000071251868049238e+00
3.915500000000000000e+03,9.998360841059773918e+01,2.000071193603311315e+00
3.916000000000000000e+03,9.998362180660647880e+01,2.000071135415650403e+00
3.916500000000000000e+03,9.998363518490485546e+01,2.000071077304925282e+00
3.917000000000000000e+03,9.998364854552539782e+01,2.000071019270994288e+00
3.917500000000000000e+03,9.998366188850052083e+01,2.000070961313716644e+00
3.918000000000000000e+03,9.998367521386262524e+01,2.000070903432951575e+00
3.918500000000000000e+03,9.998368852164396969e+01,2.000070845628558747e+00
3.919000000000000000e+03,9.998370181187677019e+01,2.000070787900398717e+00
3.919500000000000000e+03,9.998371508459320012e+01,2.000070730248331152e+00
3.920000000000000000e+03,9.998372833982529073e+01,2.000070672672217054e+00
3.920500000000000000e+03,9.998374157760503067e+01,2.000070615171917865e+00
3.921000000000000000e+03,9.998375479796435172e+01,2.000070557747294142e+00
3.921500000000000000e+03,9.998376800093507200e+01,2.000070500398208218e+00
3.922000000000000000e+03,9.998378118654898117e+01,2.000070443124521979e+00
3.922500000000000000e+03,9.998379435483774103e+01,2.000070385926097316e+00
3.923000000000000000e+03,9.998380750583299914e+01,2.000070328802797004e+00
3.923500000000000000e+03,9.998382063956627519e+01,2.000070271754484263e+00
3.924000000000000000e+03,9.998383375606903201e+01,2.000070214781022759e+00
3.924500000000000000e+03,9.998384685537268979e+01,2.000070157882274824e+00
3.925000000000000000e+03,9.998385993750855505e+01,2.000070101058105454e+00
3.925500000000000000e+03,9.998387300250789167e+01,2.000070044308378758e+00
3.926000000000000000e+03,9.998388605040184984e+01,2.000069987632958846e+00
3.926500000000000000e+03,9.998389908122155134e+01,2.000069931031710713e+00
3.927000000000000000e+03,9.998391209499803267e+01,2.000069874504500245e+00
3.927500000000000000e+03,9.998392509176224507e+01,2.000069818051191550e+00
3.928000000000000000e+03,9.998393807154506874e+01,2.000069761671651847e+00
3.928500000000000000e+03,9.998395103437734122e+01,2.000069705365746575e+00
3.929000000000000000e+03,9.998396398028978638e+01,2.000069649133342065e+00
3.929500000000000000e+03,9.998397690931308546e+01,2.000069592974305088e+00
3.930000000000000000e+03,9.998398982147783443e+01,2.000069536888503308e+00
3.930500000000000000e+03,9.998400271681457241e+01,2.000069480875803052e+00
3.931000000000000000e+03,9.998401559535375327e+01,2.000069424936072870e+00
3.931500000000000000e+03,9.998402845712578824e+01,2.000069369069180425e+00
3.932000000000000000e+03,9.998404130216096064e+01,2.000069313274993821e+00
3.932500000000000000e+03,9.998405413048953960e+01,2.000069257553381608e+00
3.933000000000000000e+03,9.998406694214170898e+01,2.000069201904213223e+00
3.933500000000000000e+03,9.998407973714756736e+01,2.000069146327357217e+00
3.934000000000000000e+03,9.998409251553717070e+01,2.000069090822683471e+00
3.934500000000000000e+03,9.998410527734046127e+01,2.000069035390061423e+00
3.935000000000000000e+03,9.998411802258736714e+01,2.000068980029361398e+00
3.935500000000000000e+03,9.998413075130771688e+01,2.000068924740454168e+00
3.936000000000000000e+03,9.998414346353125381e+01,2.000068869523209614e+00
3.936500000000000000e+03,9.998415615928770706e+01,2.000068814377499393e+00
3.937000000000000000e+03,9.998416883860667781e+01,2.000068759303194277e+00
3.937500000000000000e+03,9.998418150151772466e+01,2.000068704300165923e+00
3.938000000000000000e+03,9.998419414805034933e+01,2.000068649368286877e+00
3.938500000000000000e+03,9.998420677823396829e+01,2.000068594507428354e+00
3.939000000000000000e+03,9.998421939209795539e+01,2.000068539717463789e+00
3.939500000000000000e+03,9.998423198967157077e+01,2.000068484998264839e+00
3.940000000000000000e+03,9.998424457098404616e+01,2.000068430349705828e+00
3.940500000000000000e+03,9.998425713606452803e+01,2.000068375771658857e+00
3.941000000000000000e+03,9.998426968494212019e+01,2.000068321263998250e+00
3.941500000000000000e+03,9.998428221764584123e+01,2.000068266826597885e+00
3.942000000000000000e+03,9.998429473420462443e+01,2.000068212459331640e+00
3.942500000000000000e+03,9.998430723464737468e+01,2.000068158162074727e+00
3.943000000000000000e+03,9.998431971900291160e+01,2.000068103934701025e+00
3.943500000000000000e+03,9.998433218729998373e+01,2.000068049777086188e+00
3.944000000000000000e+03,9.998434463956728280e+01,2.000067995689105427e+00
3.944500000000000000e+03,9.998435707583342946e+01,2.000067941670634397e+00
3.945000000000000000e+03,9.998436949612698754e+01,2.000067887721548754e+00
3.945500000000000000e+03,9.998438190047644980e+01,2.000067833841725484e+00
3.946000000000000000e+03,9.998439428891025216e+01,2.000067780031040243e+00
3.946500000000000000e+03,9.998440666145674527e+01,2.000067726289370018e+00
3.947000000000000000e+03,9.998441901814422295e+01,2.000067672616591796e+00
3.947500000000000000e+03,9.998443135900093637e+01,2.000067619012583453e+00
3.948000000000000000e+03,9.998444368405505145e+01,2.000067565477221976e+00
3.948500000000000000e+03,9.998445599333466305e+01,2.000067512010385684e+00
3.949000000000000000e+03,9.998446828686782339e+01,2.000067458611952897e+00
3.949500000000000000e+03,9.998448056468249945e+01,2.000067405281801491e+00
3.950000000000000000e+03,9.998449282680662975e+01,2.000067352019810230e+00
3.950500000000000000e+03,9.998450507326803915e+01,2.000067298825858320e+00
3.951000000000000000e+03,9.998451730409452409e+01,2.000067245699825413e+00
3.951500000000000000e+03,9.998452951931380994e+01,2.000067192641590275e+00
3.952000000000000000e+03,9.998454171895356524e+01,2.000067139651033443e+00
3.952500000000000000e+03,9.998455390304138746e+01,2.000067086728034571e+00
3.953000000000000000e+03,9.998456607160480303e+01,2.000067033872474198e+00
3.953500000000000000e+03,9.998457822467129574e+01,2.000066981084232864e+00
3.954000000000000000e+03,9.998459036226827834e+01,2.000066928363191554e+00
3.954500000000000000e+03,9.998460248442309251e+01,2.000066875709231695e+00
3.955000000000000000e+03,9.998461459116302308e+01,2.000066823122234272e+00
3.955500000000000000e+03,9.998462668251531227e+01,2.000066770602081156e+00
3.956000000000000000e+03,9.998463875850711702e+01,2.000066718148654665e+00
3.956500000000000000e+03,9.998465081916553743e+01,2.000066665761836671e+00
3.957000000000000000e+03,9.998466286451763096e+01,2.000066613441509489e+00
3.957500000000000000e+03,9.998467489459035562e+01,2.000066561187556324e+00
3.958000000000000000e+03,9.998468690941064096e+01,2.000066508999859938e+00
3.958500000000000000e+03,9.998469890900535972e+01,2.000066456878303978e+00
3.959000000000000000e+03,9.998471089340129936e+01,2.000066404822772093e+00
3.959500000000000000e+03,9.998472286262520470e+01,2.000066352833147487e+00
3.960000000000000000e+03,9.998473481670373531e+01,2.000066300909314698e+00
3.960500000000000000e+03,9.998474675566353653e+01,2.000066249051157818e+00
3.961000000000000000e+03,9.998475867953115426e+01,2.000066197258561829e+00
3.961500000000000000e+03,9.998477058833309172e+01,2.000066145531411266e+00
3.962000000000000000e+03,9.998478248209579533e+01,2.000066093869591555e+00
3.962500000000000000e+03,9.998479436084562622e+01,2.000066042272987676e+00
3.963000000000000000e+03,9.998480622460891709e+01,2.000065990741485944e+00
3.963500000000000000e+03,9.998481807341192962e+01,2.000065939274971338e+00
3.964000000000000000e+03,9.998482990728085440e+01,2.000065887873331061e+00
3.964500000000000000e+03,9.998484172624186783e+01,2.000065836536450536e+00
3.965000000000000000e+03,9.998485353032103262e+01,2.000065785264217411e+00
3.965500000000000000e+03,9.998486531954436884e+01,2.000065734056517552e+00
3.966000000000000000e+03,9.998487709393786815e+01,2.000065682913239051e+00
3.966500000000000000e+03,9.998488885352742273e+01,2.000065631834269109e+00
3.967000000000000000e+03,9.998490059833889632e+01,2.000065580819494926e+00
3.967500000000000000e+03,9.998491232839808163e+01,2.000065529868805037e+00
3.968000000000000000e+03,9.998492404373071452e+01,2.000065478982087086e+00
3.968500000000000000e+03,9.998493574436248821e+01,2.000065428159229608e+00
3.969000000000000000e+03,9.998494743031901066e+01,2.000065377400122024e+00
3.969500000000000000e+03,9.998495910162584721e+01,2.000065326704652424e+00
3.970000000000000000e+03,9.998497075830850633e+01,2.000065276072710230e+00
3.970500000000000000e+03,9.998498240039246809e+01,2.000065225504184863e+00
3.971000000000000000e+03,9.998499402790308466e+01,2.000065174998966189e+00
3.971500000000000000e+03,9.998500564086573661e+01,2.000065124556944074e+00
3.972000000000000000e+03,9.998501723930567664e+01,2.000065074178007940e+00
3.972500000000000000e+03,9.998502882324814323e+01,2.000065023862049429e+00
3.973000000000000000e+03,9.998504039271830379e+01,2.000064973608958407e+00
3.973500000000000000e+03,9.998505194774128313e+01,2.000064923418625629e+00
3.974000000000000000e+03,9.998506348834212076e+01,2.000064873290943179e+00
3.974500000000000000e+03,9.998507501454582780e+01,2.000064823225801369e+00
3.975000000000000000e+03,9.998508652637735850e+01,2.000064773223092285e+00
3.975500000000000000e+03,9.998509802386161027e+01,2.000064723282707568e+00
3.976000000000000000e+03,9.998510950702340949e+01,2.000064673404539306e+00
3.976500000000000000e+03,9.998512097588752567e+01,2.000064623588480472e+00
3.977000000000000000e+03,9.998513243047871413e+01,2.000064573834422710e+00
3.977500000000000000e+03,9.998514387082163068e+01,2.000064524142259881e+00
3.978000000000000000e+03,9.998515529694088855e+01,2.000064474511884072e+00
3.978500000000000000e+03,9.998516670886107249e+01,2.000064424943188701e+00
3.979000000000000000e+03,9.998517810660668204e+01,2.000064375436068076e+00
3.979500000000000000e+03,9.998518949020215985e+01,2.000064325990414726e+00
3.980000000000000000e+03,9.998520085967190596e+01,2.000064276606123848e+00
3.980500000000000000e+03,9.998521221504029199e+01,2.000064227283088858e+00
3.981000000000000000e+03,9.998522355633160430e+01,2.000064178021204953e+00
3.981500000000000000e+03,9.998523488357007238e+01,2.000064128820365994e+00
3.982000000000000000e+03,9.998524619677988312e+01,2.000064079680467177e+00
3.982500000000000000e+03,9.998525749598516654e+01,2.000064030601403697e+00
3.983000000000000000e+03,9.998526878121002426e+01,2.000063981583071193e+00
3.983500000000000000e+03,9.998528005247847261e+01,2.000063932625364860e+00
3.984000000000000000e+03,9.998529130981447111e+01,2.000063883728181224e+00
3.984500000000000000e+03,9.998530255324196503e+01,2.000063834891415482e+00
3.985000000000000000e+03,9.998531378278480020e+01,2.000063786114964159e+00
3.985500000000000000e+03,9.998532499846682242e+01,2.000063737398724228e+00
3.986000000000000000e+03,9.998533620031176383e+01,2.000063688742592216e+00
3.986500000000000000e+03,9.998534738834337077e+01,2.000063640146465094e+00
3.987000000000000000e+03,9.998535856258527588e+01,2.000063591610239833e+00
3.987500000000000000e+03,9.998536972306109760e+01,2.000063543133814292e+00
3.988000000000000000e+03,9.998538086979439754e+01,2.000063494717085888e+00
3.988500000000000000e+03,9.998539200280868045e+01,2.000063446359952479e+00
3.989000000000000000e+03,9.998540312212739423e+01,2.000063398062312370e+00
3.989500000000000000e+03,9.998541422777394416e+01,2.000063349824063419e+00
3.990000000000000000e+03,9.998542531977167869e+01,2.000063301645104819e+00
3.990500000000000000e+03,9.998543639814390360e+01,2.000063253525334872e+00
3.991000000000000000e+03,9.998544746291386787e+01,2.000063205464652771e+00
3.991500000000000000e+03,9.998545851410476359e+01,2.000063157462957708e+00
3.992000000000000000e+03,9.998546955173974027e+01,2.000063109520149318e+00
3.992500000000000000e+03,9.998548057584190474e+01,2.000063061636126793e+00
3.993000000000000000e+03,9.998549158643430701e+01,2.000063013810790213e+00
3.993500000000000000e+03,9.998550258353992604e+01,2.000062966044039658e+00
3.994000000000000000e+03,9.998551356718171235e+01,2.000062918335775652e+00
3.994500000000000000e+03,9.998552453738257384e+01,2.000062870685898719e+00
3.995000000000000000e+03,9.998553549416536157e+01,2.000062823094308939e+00
3.995500000000000000e+03,9.998554643755285554e+01,2.000062775560908168e+00
3.996000000000000000e+03,9.998555736756782153e+01,2.000062728085596930e+00
3.996500000000000000e+03,9.998556828423294007e+01,2.000062680668277082e+00
3.997000000000000000e+03,9.998557918757087748e+01,2.000062633308850035e+00
3.997500000000000000e+03,9.998559007760421480e+01,2.000062586007217202e+00
3.998000000000000000e+03,9.998560095435551887e+01,2.000062538763281328e+00
3.998500000000000000e+03,9.998561181784728547e+01,2.000062491576944268e+00
3.999000000000000000e+03,9.998562266810196775e+01,2.000062444448108323e+00
3.999500000000000000e+03,9.998563350514197623e+01,2.000062397376676682e+00
