Wavenumber(cm-1),Absorbance(A.U.)
4.000000000000000000e+02,0.000000000000000000e+00
4.010000000000000000e+02,0.000000000000000000e+00
4.020000000000000000e+02,0.000000000000000000e+00
4.030000000000000000e+02,0.000000000000000000e+00
4.040000000000000000e+02,0.000000000000000000e+00
4.050000000000000000e+02,0.000000000000000000e+00
4.060000000000000000e+02,0.000000000000000000e+00
4.070000000000000000e+02,0.000000000000000000e+00
4.080000000000000000e+02,0.000000000000000000e+00
4.090000000000000000e+02,0.000000000000000000e+00
4.100000000000000000e+02,0.000000000000000000e+00
4.110000000000000000e+02,0.000000000000000000e+00
4.120000000000000000e+02,0.000000000000000000e+00
4.130000000000000000e+02,0.000000000000000000e+00
4.140000000000000000e+02,0.000000000000000000e+00
4.150000000000000000e+02,0.000000000000000000e+00
4.160000000000000000e+02,0.000000000000000000e+00
4.170000000000000000e+02,0.000000000000000000e+00
4.180000000000000000e+02,0.000000000000000000e+00
4.190000000000000000e+02,0.000000000000000000e+00
4.200000000000000000e+02,0.000000000000000000e+00
4.210000000000000000e+02,0.000000000000000000e+00
4.220000000000000000e+02,0.000000000000000000e+00
4.230000000000000000e+02,0.000000000000000000e+00
4.240000000000000000e+02,0.000000000000000000e+00
4.250000000000000000e+02,0.000000000000000000e+00
4.260000000000000000e+02,0.000000000000000000e+00
4.270000000000000000e+02,0.000000000000000000e+00
4.280000000000000000e+02,0.000000000000000000e+00
4.290000000000000000e+02,0.000000000000000000e+00
4.300000000000000000e+02,0.000000000000000000e+00
4.310000000000000000e+02,0.000000000000000000e+00
4.320000000000000000e+02,0.000000000000000000e+00
4.330000000000000000e+02,0.000000000000000000e+00
4.340000000000000000e+02,0.000000000000000000e+00
4.350000000000000000e+02,0.000000000000000000e+00
4.360000000000000000e+02,0.000000000000000000e+00
4.370000000000000000e+02,0.000000000000000000e+00
4.380000000000000000e+02,0.000000000000000000e+00
4.390000000000000000e+02,0.000000000000000000e+00
4.400000000000000000e+02,0.000000000000000000e+00
4.410000000000000000e+02,0.000000000000000000e+00
4.420000000000000000e+02,0.000000000000000000e+00
4.430000000000000000e+02,0.000000000000000000e+00
4.440000000000000000e+02,0.000000000000000000e+00
4.450000000000000000e+02,0.000000000000000000e+00
4.460000000000000000e+02,0.000000000000000000e+00
4.470000000000000000e+02,0.000000000000000000e+00
4.480000000000000000e+02,0.000000000000000000e+00
4.490000000000000000e+02,0.000000000000000000e+00
4.500000000000000000e+02,0.000000000000000000e+00
4.510000000000000000e+02,0.000000000000000000e+00
4.520000000000000000e+02,0.000000000000000000e+00
4.530000000000000000e+02,0.000000000000000000e+00
4.540000000000000000e+02,0.000000000000000000e+00
4.550000000000000000e+02,0.000000000000000000e+00
4.560000000000000000e+02,0.000000000000000000e+00
4.570000000000000000e+02,0.000000000000000000e+00
4.580000000000000000e+02,0.000000000000000000e+00
4.590000000000000000e+02,0.000000000000000000e+00
4.600000000000000000e+02,0.000000000000000000e+00
4.610000000000000000e+02,0.000000000000000000e+00
4.620000000000000000e+02,0.000000000000000000e+00
4.630000000000000000e+02,0.000000000000000000e+00
4.640000000000000000e+02,0.000000000000000000e+00
4.650000000000000000e+02,0.000000000000000000e+00
4.660000000000000000e+02,0.000000000000000000e+00
4.670000000000000000e+02,0.000000000000000000e+00
4.680000000000000000e+02,0.000000000000000000e+00
4.690000000000000000e+02,0.000000000000000000e+00
4.700000000000000000e+02,0.000000000000000000e+00
4.710000000000000000e+02,0.000000000000000000e+00
4.720000000000000000e+02,0.000000000000000000e+00
4.730000000000000000e+02,0.000000000000000000e+00
4.740000000000000000e+02,0.000000000000000000e+00
4.750000000000000000e+02,0.000000000000000000e+00
4.760000000000000000e+02,2.220446049250313081e-16
4.770000000000000000e+02,2.220446049250313081e-16
4.780000000000000000e+02,2.220446049250313081e-16
4.790000000000000000e+02,2.220446049250313081e-16
4.800000000000000000e+02,4.440892098500626162e-16
4.810000000000000000e+02,6.661338147750939243e-16
4.820000000000000000e+02,8.881784197001252323e-16
4.830000000000000000e+02,1.332267629550187849e-15
4.840000000000000000e+02,1.998401444325281773e-15
4.850000000000000000e+02,2.886579864025407005e-15
4.860000000000000000e+02,3.996802888650563546e-15
4.870000000000000000e+02,5.773159728050814010e-15
4.880000000000000000e+02,8.437694987151189707e-15
4.890000000000000000e+02,1.199040866595169064e-14
4.900000000000000000e+02,1.709743457922741072e-14
4.910000000000000000e+02,2.442490654175344389e-14
4.920000000000000000e+02,3.463895836830488406e-14
4.930000000000000000e+02,4.929390229335695039e-14
4.940000000000000000e+02,6.972200594645983074e-14
4.950000000000000000e+02,9.836575998178886948e-14
4.960000000000000000e+02,1.387778780781445676e-13
4.970000000000000000e+02,1.951772077291025198e-13
4.980000000000000000e+02,2.740030424774886342e-13
4.990000000000000000e+02,3.836930773104541004e-13
5.000000000000000000e+02,5.360156762890255777e-13
5.010000000000000000e+02,7.471800955727303517e-13
5.020000000000000000e+02,1.039168751049146522e-12
5.030000000000000000e+02,1.442401753593003377e-12
5.040000000000000000e+02,1.997513265905581648e-12
5.050000000000000000e+02,2.759792394613214128e-12
5.060000000000000000e+02,3.804956349995336495e-12
5.070000000000000000e+02,5.234035427292837994e-12
5.080000000000000000e+02,7.184031147744462942e-12
5.090000000000000000e+02,9.838574399623212230e-12
5.100000000000000000e+02,1.344391264979094558e-11
5.110000000000000000e+02,1.832978213656133448e-11
5.120000000000000000e+02,2.493560913308101590e-11
5.130000000000000000e+02,3.384714730714222242e-11
5.140000000000000000e+02,4.584155277598256362e-11
5.150000000000000000e+02,6.194822432803448464e-11
5.160000000000000000e+02,8.352873948069827748e-11
5.170000000000000000e+02,1.123765525079534200e-10
5.180000000000000000e+02,1.508522196047579200e-10
5.190000000000000000e+02,2.020514866529765641e-10
5.200000000000000000e+02,2.700273338263059486e-10
5.210000000000000000e+02,3.600706399708997196e-10
5.220000000000000000e+02,4.790745578020505491e-10
5.230000000000000000e+02,6.359941462363849496e-10
5.240000000000000000e+02,8.424383413085934080e-10
5.250000000000000000e+02,1.113417580356212966e-09
5.260000000000000000e+02,1.468293486794891578e-09
5.270000000000000000e+02,1.931979909386427607e-09
5.280000000000000000e+02,2.536455268042914213e-09
5.290000000000000000e+02,3.322666142224761643e-09
5.300000000000000000e+02,4.342912918176011772e-09
5.310000000000000000e+02,5.663832958191505895e-09
5.320000000000000000e+02,7.370121402061613480e-09
5.330000000000000000e+02,9.569158798683474743e-09
5.340000000000000000e+02,1.239674829456305361e-08
5.350000000000000000e+02,1.602421262347775155e-08
5.360000000000000000e+02,2.066714666071334250e-08
5.370000000000000000e+02,2.659617859279705954e-08
5.380000000000000000e+02,3.415016980312657324e-08
5.390000000000000000e+02,4.375235085340989372e-08
5.400000000000000000e+02,5.593000040882145640e-08
5.410000000000000000e+02,7.133836543715688094e-08
5.420000000000000000e+02,9.078965979014697041e-08
5.430000000000000000e+02,1.152881119459436832e-07
5.440000000000000000e+02,1.460721998913783182e-07
5.450000000000000000e+02,1.846653943093912176e-07
5.460000000000000000e+02,2.329369428455407842e-07
5.470000000000000000e+02,2.931744589318441285e-07
5.480000000000000000e+02,3.681703426572369153e-07
5.490000000000000000e+02,4.613243531625954574e-07
5.500000000000000000e+02,5.767649673416030964e-07
5.510000000000000000e+02,7.194925151221553961e-07
5.520000000000000000e+02,8.955474568583809969e-07
5.530000000000000000e+02,1.112207581144275537e-06
5.540000000000000000e+02,1.378218334124881039e-06
5.550000000000000000e+02,1.704060956120301284e-06
5.560000000000000000e+02,2.102263578107610442e-06
5.570000000000000000e+02,2.587760928207671896e-06
5.580000000000000000e+02,3.178308797924245255e-06
5.590000000000000000e+02,3.894959920147655907e-06
5.600000000000000000e+02,4.762608389663469666e-06
5.610000000000000000e+02,5.810610220091660949e-06
5.620000000000000000e+02,7.073488033970676270e-06
5.630000000000000000e+02,8.591728237972162674e-06
5.640000000000000000e+02,1.041267929213773868e-05
5.650000000000000000e+02,1.259155983079907060e-05
5.660000000000000000e+02,1.519258541371470983e-05
5.670000000000000000e+02,1.829022252697320994e-05
5.680000000000000000e+02,2.197057810415792289e-05
5.690000000000000000e+02,2.633293225340338495e-05
5.700000000000000000e+02,3.149142103220370359e-05
5.710000000000000000e+02,3.757687495009598422e-05
5.720000000000000000e+02,4.473881740363339077e-05
5.730000000000000000e+02,5.314762538133344094e-05
5.740000000000000000e+02,6.299685252342257513e-05
5.750000000000000000e+02,7.450571193312605089e-05
5.760000000000000000e+02,8.792171299809581342e-05
5.770000000000000000e+02,1.035234428821141250e-04
5.780000000000000000e+02,1.216234792684733890e-04
5.790000000000000000e+02,1.425714163953983871e-04
5.800000000000000000e+02,1.667569814236546932e-04
5.810000000000000000e+02,1.946132127510491472e-04
5.820000000000000000e+02,2.266196660762886950e-04
5.830000000000000000e+02,2.633056078846784942e-04
5.840000000000000000e+02,3.052531496303689806e-04
5.850000000000000000e+02,3.531002693559770478e-04
5.860000000000000000e+02,4.075436608867999411e-04
5.870000000000000000e+02,4.693413442289351423e-04
5.880000000000000000e+02,5.393149645074313270e-04
5.890000000000000000e+02,6.183517008664374259e-04
5.900000000000000000e+02,7.074057014093693141e-04
5.910000000000000000e+02,8.074989556230427468e-04
5.920000000000000000e+02,9.197215120471113892e-04
5.930000000000000000e+02,1.045230946372432967e-03
5.940000000000000000e+02,1.185250983876784403e-03
5.950000000000000000e+02,1.341069180355036750e-03
5.960000000000000000e+02,1.514033567588279894e-03
5.970000000000000000e+02,1.705548173149162849e-03
5.980000000000000000e+02,1.917067330052812935e-03
5.990000000000000000e+02,2.150088699577112905e-03
6.000000000000000000e+02,2.406144940577448210e-03
6.010000000000000000e+02,2.686793970859691072e-03
6.020000000000000000e+02,2.993607780686247111e-03
6.030000000000000000e+02,3.328159775241257279e-03
6.040000000000000000e+02,3.692010641845655528e-03
6.050000000000000000e+02,4.086692758760168687e-03
6.060000000000000000e+02,4.513693185450140533e-03
6.070000000000000000e+02,4.974435298995327770e-03
6.080000000000000000e+02,5.470259167741575723e-03
6.090000000000000000e+02,6.002400781010885922e-03
6.100000000000000000e+02,6.571970282456485180e-03
6.110000000000000000e+02,7.179929384128813652e-03
6.120000000000000000e+02,7.827068168136941395e-03
6.130000000000000000e+02,8.513981512556334508e-03
6.140000000000000000e+02,9.241045407500481090e-03
6.150000000000000000e+02,1.000839345555437632e-02
6.160000000000000000e+02,1.081589387755554910e-02
6.170000000000000000e+02,1.166312736940544603e-02
6.180000000000000000e+02,1.254936617761903683e-02
6.190000000000000000e+02,1.347355477997358442e-02
6.200000000000000000e+02,1.443429257222206274e-02
6.210000000000000000e+02,1.542981897160133897e-02
6.220000000000000000e+02,1.645800135202701853e-02
6.230000000000000000e+02,1.751632622356380509e-02
6.240000000000000000e+02,1.860189405920475991e-02
6.250000000000000000e+02,1.971141815430210720e-02
6.260000000000000000e+02,2.084122787743347693e-02
6.270000000000000000e+02,2.198727663531951926e-02
6.280000000000000000e+02,2.314515482806234203e-02
6.290000000000000000e+02,2.431010801404198673e-02
6.300000000000000000e+02,2.547706043610564741e-02
6.310000000000000000e+02,2.664064398234411435e-02
6.320000000000000000e+02,2.779523256622562499e-02
6.330000000000000000e+02,2.893498181305109718e-02
6.340000000000000000e+02,3.005387383392998935e-02
6.350000000000000000e+02,3.114576675659930238e-02
6.360000000000000000e+02,3.220444856673609912e-02
6.370000000000000000e+02,3.322369469679387066e-02
6.380000000000000000e+02,3.419732868508784662e-02
6.390000000000000000e+02,3.511928511949924392e-02
6.400000000000000000e+02,3.598367398169477482e-02
6.410000000000000000e+02,3.678484542314319761e-02
6.420000000000000000e+02,3.751745393744254642e-02
6.430000000000000000e+02,3.817652084819855851e-02
6.440000000000000000e+02,3.875749401116435067e-02
6.450000000000000000e+02,3.925630363604537543e-02
6.460000000000000000e+02,3.966941316898497938e-02
6.470000000000000000e+02,3.999386424183026811e-02
6.480000000000000000e+02,4.022731478833097007e-02
6.490000000000000000e+02,4.036806954863947361e-02
6.500000000000000000e+02,4.041510232893896770e-02
6.510000000000000000e+02,4.036806954863947361e-02
6.520000000000000000e+02,4.022731478833097007e-02
6.530000000000000000e+02,3.999386424183026811e-02
6.540000000000000000e+02,3.966941316898497938e-02
6.550000000000000000e+02,3.925630363604537543e-02
6.560000000000000000e+02,3.875749401116435067e-02
6.570000000000000000e+02,3.817652084819855851e-02
6.580000000000000000e+02,3.751745393744254642e-02
6.590000000000000000e+02,3.678484542314319761e-02
6.600000000000000000e+02,3.598367398169477482e-02
6.610000000000000000e+02,3.511928511949924392e-02
6.620000000000000000e+02,3.419732868508784662e-02
6.630000000000000000e+02,3.322369469679387066e-02
6.640000000000000000e+02,3.220444856673609912e-02
6.650000000000000000e+02,3.114576675659930238e-02
6.660000000000000000e+02,3.005387383392998935e-02
6.670000000000000000e+02,2.893498181305109718e-02
6.680000000000000000e+02,2.779523256622562499e-02
6.690000000000000000e+02,2.664064398234411435e-02
6.700000000000000000e+02,2.547706043610564741e-02
6.710000000000000000e+02,2.431010801404198673e-02
6.720000000000000000e+02,2.314515482806234203e-02
6.730000000000000000e+02,2.198727663531951926e-02
6.740000000000000000e+02,2.084122787743347693e-02
6.750000000000000000e+02,1.971141815430210720e-02
6.760000000000000000e+02,1.860189405920475991e-02
6.770000000000000000e+02,1.751632622356380509e-02
6.780000000000000000e+02,1.645800135202701853e-02
6.790000000000000000e+02,1.542981897160133897e-02
6.800000000000000000e+02,1.443429257222206274e-02
6.810000000000000000e+02,1.347355477997358442e-02
6.820000000000000000e+02,1.254936617761903683e-02
6.830000000000000000e+02,1.166312736940544603e-02
6.840000000000000000e+02,1.081589387755554910e-02
6.850000000000000000e+02,1.000839345555437632e-02
6.860000000000000000e+02,9.241045407500481090e-03
6.870000000000000000e+02,8.513981512556334508e-03
6.880000000000000000e+02,7.827068168136941395e-03
6.890000000000000000e+02,7.179929384128813652e-03
6.900000000000000000e+02,6.571970282456485180e-03
6.910000000000000000e+02,6.002400781010885922e-03
6.920000000000000000e+02,5.470259167741575723e-03
6.930000000000000000e+02,4.974435298995327770e-03
6.940000000000000000e+02,4.513693185450140533e-03
6.950000000000000000e+02,4.086692758760168687e-03
6.960000000000000000e+02,3.692010641845655528e-03
6.970000000000000000e+02,3.328159775241257279e-03
6.980000000000000000e+02,2.993607780686247111e-03
6.990000000000000000e+02,2.686793970859691072e-03
7.000000000000000000e+02,2.406144940577448210e-03
7.010000000000000000e+02,2.150088699577112905e-03
7.020000000000000000e+02,1.917067330053034979e-03
7.030000000000000000e+02,1.705548173149162849e-03
7.040000000000000000e+02,1.514033567588279894e-03
7.050000000000000000e+02,1.341069180355036750e-03
7.060000000000000000e+02,1.185250983876784403e-03
7.070000000000000000e+02,1.045230946372432967e-03
7.080000000000000000e+02,9.197215120473334338e-04
7.090000000000000000e+02,8.074989556230427468e-04
7.100000000000000000e+02,7.074057014095913587e-04
7.110000000000000000e+02,6.183517008666594705e-04
7.120000000000000000e+02,5.393149645076533716e-04
7.130000000000000000e+02,4.693413442293792315e-04
7.140000000000000000e+02,4.075436608872440303e-04
7.150000000000000000e+02,3.531002693566431816e-04
7.160000000000000000e+02,3.052531496312571591e-04
7.170000000000000000e+02,2.633056078855666726e-04
7.180000000000000000e+02,2.266196660773989180e-04
7.190000000000000000e+02,1.946132127526034594e-04
7.200000000000000000e+02,1.667569814256530947e-04
7.210000000000000000e+02,1.425714163978408777e-04
7.220000000000000000e+02,1.216234792715820134e-04
7.230000000000000000e+02,1.035234428861109279e-04
7.240000000000000000e+02,8.792171300298079473e-05
7.250000000000000000e+02,7.450571193912125523e-05
7.260000000000000000e+02,6.299685253075004709e-05
7.270000000000000000e+02,5.314762539043726974e-05
7.280000000000000000e+02,4.473881741517971022e-05
7.290000000000000000e+02,3.757687496452888354e-05
7.300000000000000000e+02,3.149142104996727198e-05
7.310000000000000000e+02,2.633293227538580084e-05
7.320000000000000000e+02,2.197057813146940930e-05
7.330000000000000000e+02,1.829022256094603449e-05
7.340000000000000000e+02,1.519258545545909556e-05
7.350000000000000000e+02,1.259155988253546354e-05
7.360000000000000000e+02,1.041267935630862951e-05
7.370000000000000000e+02,8.591728317242086632e-06
7.380000000000000000e+02,7.073488131448257832e-06
7.390000000000000000e+02,5.810610340439836818e-06
7.400000000000000000e+02,4.762608537767221151e-06
7.410000000000000000e+02,3.894960102224231946e-06
7.420000000000000000e+02,3.178309021967251624e-06
7.430000000000000000e+02,2.587761203542982003e-06
7.440000000000000000e+02,2.102263916281543743e-06
7.450000000000000000e+02,1.704061370899623284e-06
7.460000000000000000e+02,1.378218842607026318e-06
7.470000000000000000e+02,1.112208203979392351e-06
7.480000000000000000e+02,8.955482191375097045e-07
7.490000000000000000e+02,7.194934472654068713e-07
7.500000000000000000e+02,5.767661062083817569e-07
7.510000000000000000e+02,4.613257436059114980e-07
7.520000000000000000e+02,3.681720390780185426e-07
7.530000000000000000e+02,2.931765266112051904e-07
7.540000000000000000e+02,2.329394612754498439e-07
7.550000000000000000e+02,1.846684591910729978e-07
7.560000000000000000e+02,1.460759271321165897e-07
7.570000000000000000e+02,1.152926407677057341e-07
7.580000000000000000e+02,9.079515828069872896e-08
7.590000000000000000e+02,7.134503565708882888e-08
7.600000000000000000e+02,5.593808594106519649e-08
7.610000000000000000e+02,4.376214390866550730e-08
7.620000000000000000e+02,3.416202143391444679e-08
7.630000000000000000e+02,2.661051046182194568e-08
7.640000000000000000e+02,2.068446325331763092e-08
7.650000000000000000e+02,1.604511945529907280e-08
7.660000000000000000e+02,1.242196900896885836e-08
7.670000000000000000e+02,9.599559813722180479e-09
7.680000000000000000e+02,7.406737001502960993e-09
7.690000000000000000e+02,5.707898154128088208e-09
7.700000000000000000e+02,4.395901198606111393e-09
7.710000000000000000e+02,3.386333435884125720e-09
7.720000000000000000e+02,2.612892568976121765e-09
7.730000000000000000e+02,2.023675227391663611e-09
7.740000000000000000e+02,1.578204678054362375e-09
7.750000000000000000e+02,1.245057834609042402e-09
7.760000000000000000e+02,9.999774341906686459e-10
7.770000000000000000e+02,8.243763449655716613e-10
7.780000000000000000e+02,7.041582872346907607e-10
7.790000000000000000e+02,6.287914633418267840e-10
7.800000000000000000e+02,5.905882449752652974e-10
7.810000000000000000e+02,5.841478412094147643e-10
7.820000000000000000e+02,6.059317492201898858e-10
7.830000000000000000e+02,6.539466745891786559e-10
7.840000000000000000e+02,7.275116065130760035e-10
7.850000000000000000e+02,8.270986118219525451e-10
7.860000000000000000e+02,9.542302503717792206e-10
7.870000000000000000e+02,1.111426506383850210e-09
7.880000000000000000e+02,1.302195684615981008e-09
7.890000000000000000e+02,1.531061499804309278e-09
7.900000000000000000e+02,1.803625471197278785e-09
7.910000000000000000e+02,2.126663067869571933e-09
7.920000000000000000e+02,2.508250052102312111e-09
7.930000000000000000e+02,2.957925460123078665e-09
7.940000000000000000e+02,3.486885447046006448e-09
7.950000000000000000e+02,4.108217099840771880e-09
7.960000000000000000e+02,4.837171330152045812e-09
7.970000000000000000e+02,5.691481508307560944e-09
7.980000000000000000e+02,6.691729836916238128e-09
7.990000000000000000e+02,7.861773010375827653e-09
8.000000000000000000e+02,9.229225828022435962e-09
8.010000000000000000e+02,1.082602052449033181e-08
8.020000000000000000e+02,1.268904092910361214e-08
8.030000000000000000e+02,1.486085010604654144e-08
8.040000000000000000e+02,1.739051769256150237e-08
8.050000000000000000e+02,2.033456136807387793e-08
8.060000000000000000e+02,2.375801755327699993e-08
8.070000000000000000e+02,2.773565865865634805e-08
8.080000000000000000e+02,3.235337064921850470e-08
8.090000000000000000e+02,3.770971623850982724e-08
8.100000000000000000e+02,4.391770480616230543e-08
8.110000000000000000e+02,5.110679124342709656e-08
8.120000000000000000e+02,5.942513636725266224e-08
8.130000000000000000e+02,6.904215510417088808e-08
8.140000000000000000e+02,8.015139152384165300e-08
8.150000000000000000e+02,9.297375358485737706e-08
8.160000000000000000e+02,1.077611537780853723e-07
8.170000000000000000e+02,1.248005985221567471e-07
8.180000000000000000e+02,1.444187796018070458e-07
8.190000000000000000e+02,1.669872218279522258e-07
8.200000000000000000e+02,1.929280499801677706e-07
8.210000000000000000e+02,2.227204405347293914e-07
8.220000000000000000e+02,2.569078330072471772e-07
8.230000000000000000e+02,2.961059824002632013e-07
8.240000000000000000e+02,3.410119395752531091e-07
8.250000000000000000e+02,3.924140565825240401e-07
8.260000000000000000e+02,4.512031208658839887e-07
8.270000000000000000e+02,5.183847329170987450e-07
8.280000000000000000e+02,5.950930515030705692e-07
8.290000000000000000e+02,6.826060388043231342e-07
8.300000000000000000e+02,7.823623513480981728e-07
8.310000000000000000e+02,8.959800337215995114e-07
8.320000000000000000e+02,1.025277183375195023e-06
8.330000000000000000e+02,1.172294767926018721e-06
8.340000000000000000e+02,1.339321791915537574e-06
8.350000000000000000e+02,1.528923019300520991e-06
8.360000000000000000e+02,1.743969481715623715e-06
8.370000000000000000e+02,1.987672004322149633e-06
8.380000000000000000e+02,2.263618014364254805e-06
8.390000000000000000e+02,2.575811896221580355e-06
8.400000000000000000e+02,2.928719187833550563e-06
8.410000000000000000e+02,3.327314922474400305e-06
8.420000000000000000e+02,3.777136440064055023e-06
8.430000000000000000e+02,4.284341013072179294e-06
8.440000000000000000e+02,4.855768641620628046e-06
8.450000000000000000e+02,5.499010403253734580e-06
8.460000000000000000e+02,6.222482745288360206e-06
8.470000000000000000e+02,7.035508140740276417e-06
8.480000000000000000e+02,7.948402533930476466e-06
8.490000000000000000e+02,8.972570025411741312e-06
8.500000000000000000e+02,1.012060525806823819e-05
8.510000000000000000e+02,1.140640398222814156e-05
8.520000000000000000e+02,1.284528229117398723e-05
8.530000000000000000e+02,1.445410502909361128e-05
8.540000000000000000e+02,1.625142388306244356e-05
8.550000000000000000e+02,1.825762567975175443e-05
8.560000000000000000e+02,2.049509141244243438e-05
8.570000000000000000e+02,2.298836652347979737e-05
8.580000000000000000e+02,2.576434296974738913e-05
8.590000000000000000e+02,2.885245359185439895e-05
8.600000000000000000e+02,3.228487930129197991e-05
8.610000000000000000e+02,3.609676958227225896e-05
8.620000000000000000e+02,4.032647679408363217e-05
8.630000000000000000e+02,4.501580473026400853e-05
8.640000000000000000e+02,5.021027186424831257e-05
8.650000000000000000e+02,5.595938967895008886e-05
8.660000000000000000e+02,6.231695643088563941e-05
8.670000000000000000e+02,6.934136665637247177e-05
8.680000000000000000e+02,7.709593666849201554e-05
8.690000000000000000e+02,8.564924622933567377e-05
8.700000000000000000e+02,9.507549651344149311e-05
8.710000000000000000e+02,1.054548843950620096e-04
8.720000000000000000e+02,1.168739930037521191e-04
8.730000000000000000e+02,1.294261983970645957e-04
8.740000000000000000e+02,1.432120920863422242e-04
8.750000000000000000e+02,1.583399190421275193e-04
8.760000000000000000e+02,1.749260306727062897e-04
8.770000000000000000e+02,1.930953521369627168e-04
8.780000000000000000e+02,2.129818632095048514e-04
8.790000000000000000e+02,2.347290917523725540e-04
8.800000000000000000e+02,2.584906186973157105e-04
8.810000000000000000e+02,2.844305932574453522e-04
8.820000000000000000e+02,3.127242569107568926e-04
8.830000000000000000e+02,3.435584745146158525e-04
8.840000000000000000e+02,3.771322706986879325e-04
8.850000000000000000e+02,4.136573695014966745e-04
8.860000000000000000e+02,4.533587349859757865e-04
8.870000000000000000e+02,4.964751103733178184e-04
8.880000000000000000e+02,5.432595530057149347e-04
8.890000000000000000e+02,5.939799622363128861e-04
8.900000000000000000e+02,6.489195971179917422e-04
8.910000000000000000e+02,7.083775805489800348e-04
8.920000000000000000e+02,7.726693863090439152e-04
8.930000000000000000e+02,8.421273052061639675e-04
8.940000000000000000e+02,9.171008863484431117e-04
8.950000000000000000e+02,9.979573493430482500e-04
8.960000000000000000e+02,1.085081963041911735e-03
8.970000000000000000e+02,1.178878386256521082e-03
8.980000000000000000e+02,1.279768965707361872e-03
8.990000000000000000e+02,1.388194986303048495e-03
9.000000000000000000e+02,1.504616868713837263e-03
9.010000000000000000e+02,1.629514309077872980e-03
9.020000000000000000e+02,1.763386355573937081e-03
9.030000000000000000e+02,1.906751416525409581e-03
9.040000000000000000e+02,2.060147194628436651e-03
9.050000000000000000e+02,2.224130541882640699e-03
9.060000000000000000e+02,2.399277229787166732e-03
9.070000000000000000e+02,2.586181629402384274e-03
9.080000000000000000e+02,2.785456295919752634e-03
9.090000000000000000e+02,2.997731452482943482e-03
9.100000000000000000e+02,3.223654368112782720e-03
9.110000000000000000e+02,3.463888624746003231e-03
9.120000000000000000e+02,3.719113268582763254e-03
9.130000000000000000e+02,3.990021841161262017e-03
9.140000000000000000e+02,4.277321285831137132e-03
9.150000000000000000e+02,4.581730725591981468e-03
9.160000000000000000e+02,4.903980108589056641e-03
9.170000000000000000e+02,5.244808717922211372e-03
9.180000000000000000e+02,5.604963542820362576e-03
9.190000000000000000e+02,5.985197508669104494e-03
9.200000000000000000e+02,6.386267563845748896e-03
9.210000000000000000e+02,6.808932621818364339e-03
9.220000000000000000e+02,7.253951357501176034e-03
9.230000000000000000e+02,7.722079857428232330e-03
9.240000000000000000e+02,8.214069123908540604e-03
9.250000000000000000e+02,8.730662433958480406e-03
9.260000000000000000e+02,9.272592554478764626e-03
9.270000000000000000e+02,9.840578815828671111e-03
9.280000000000000000e+02,1.043532404668923164e-02
9.290000000000000000e+02,1.105751137385846405e-02
9.300000000000000000e+02,1.170780089141043590e-02
9.310000000000000000e+02,1.238682620446929228e-02
9.320000000000000000e+02,1.309519085369759139e-02
9.330000000000000000e+02,1.383346462747447880e-02
9.340000000000000000e+02,1.460217976964917064e-02
9.350000000000000000e+02,1.540182709169291009e-02
9.360000000000000000e+02,1.623285199904400677e-02
9.370000000000000000e+02,1.709565044243221976e-02
9.380000000000000000e+02,1.799056480600902397e-02
9.390000000000000000e+02,1.891787974516101478e-02
9.400000000000000000e+02,1.987781798797771948e-02
9.410000000000000000e+02,2.087053611546085818e-02
9.420000000000000000e+02,2.189612033670851332e-02
9.430000000000000000e+02,2.295458227647673155e-02
9.440000000000000000e+02,2.404585479371812440e-02
9.450000000000000000e+02,2.516978785090184800e-02
9.460000000000000000e+02,2.632614445515568669e-02
9.470000000000000000e+02,2.751459669349798354e-02
9.480000000000000000e+02,2.873472188566750241e-02
9.490000000000000000e+02,2.998599887929054297e-02
9.500000000000000000e+02,3.126780451333210920e-02
9.510000000000000000e+02,3.257941027696231728e-02
9.520000000000000000e+02,3.391997919210676393e-02
9.530000000000000000e+02,3.528856294902582569e-02
9.540000000000000000e+02,3.668409932526417450e-02
9.550000000000000000e+02,3.810540991920996490e-02
9.560000000000000000e+02,3.955119823027541948e-02
9.570000000000000000e+02,4.102004811833448450e-02
9.580000000000000000e+02,4.251042267549709486e-02
9.590000000000000000e+02,4.402066354354050581e-02
9.600000000000000000e+02,4.554899071031215385e-02
9.610000000000000000e+02,4.709350281814650430e-02
9.620000000000000000e+02,4.865217801675125742e-02
9.630000000000000000e+02,5.022287539209013829e-02
9.640000000000000000e+02,5.180333700148542775e-02
9.650000000000000000e+02,5.339119054343255399e-02
9.660000000000000000e+02,5.498395268845635009e-02
9.670000000000000000e+02,5.657903309468670372e-02
9.680000000000000000e+02,5.817373912867052077e-02
9.690000000000000000e+02,5.976528130826475049e-02
9.700000000000000000e+02,6.135077948021683270e-02
9.710000000000000000e+02,6.292726974026363607e-02
9.720000000000000000e+02,6.449171209824866580e-02
9.730000000000000000e+02,6.604099888487757752e-02
9.740000000000000000e+02,6.757196389033603978e-02
9.750000000000000000e+02,6.908139221811460118e-02
9.760000000000000000e+02,7.056603083005885679e-02
9.770000000000000000e+02,7.202259975096314548e-02
9.780000000000000000e+02,7.344780389302840717e-02
9.790000000000000000e+02,7.483834545229339774e-02
9.800000000000000000e+02,7.619093682083177832e-02
9.810000000000000000e+02,7.750231395021467407e-02
9.820000000000000000e+02,7.876925009357860219e-02
9.830000000000000000e+02,7.998856984578539553e-02
9.840000000000000000e+02,8.115716339372802679e-02
9.850000000000000000e+02,8.227200088201502837e-02
9.860000000000000000e+02,8.333014679318195839e-02
9.870000000000000000e+02,8.432877423641271797e-02
9.880000000000000000e+02,8.526517903463637360e-02
9.890000000000000000e+02,8.613679349694436382e-02
9.900000000000000000e+02,8.694119976167158370e-02
9.910000000000000000e+02,8.767614259530498444e-02
9.920000000000000000e+02,8.833954153370404683e-02
9.930000000000000000e+02,8.892950225500451111e-02
9.940000000000000000e+02,8.944432707803451343e-02
9.950000000000000000e+02,8.988252448610789536e-02
9.960000000000000000e+02,9.024281758363006389e-02
9.970000000000000000e+02,9.052415140196012899e-02
9.980000000000000000e+02,9.072569898134519306e-02
9.990000000000000000e+02,9.084686616728365749e-02
1.000000000000000000e+03,9.088729507227233384e-02
1.001000000000000000e+03,9.084686616728454567e-02
1.002000000000000000e+03,9.072569898134696942e-02
1.003000000000000000e+03,9.052415140196345966e-02
1.004000000000000000e+03,9.024281758363494887e-02
1.005000000000000000e+03,8.988252448611611101e-02
1.006000000000000000e+03,8.944432707804694793e-02
1.007000000000000000e+03,8.892950225502360695e-02
1.008000000000000000e+03,8.833954153373335672e-02
1.009000000000000000e+03,8.767614259534939336e-02
1.010000000000000000e+03,8.694119976173908526e-02
1.011000000000000000e+03,8.613679349704606025e-02
1.012000000000000000e+03,8.526517903478958438e-02
1.013000000000000000e+03,8.432877423664275618e-02
1.014000000000000000e+03,8.333014679352612752e-02
1.015000000000000000e+03,8.227200088252795140e-02
1.016000000000000000e+03,8.115716339448986183e-02
1.017000000000000000e+03,7.998856984691338212e-02
1.018000000000000000e+03,7.876925009524349264e-02
1.019000000000000000e+03,7.750231395266338197e-02
1.020000000000000000e+03,7.619093682442157345e-02
1.021000000000000000e+03,7.483834545753897949e-02
1.022000000000000000e+03,7.344780390066851794e-02
1.023000000000000000e+03,7.202259976205405145e-02
1.024000000000000000e+03,7.056603084610668652e-02
1.025000000000000000e+03,6.908139224125897648e-02
1.026000000000000000e+03,6.757196392360653725e-02
1.027000000000000000e+03,6.604099893254988807e-02
1.028000000000000000e+03,6.449171216633553527e-02
1.029000000000000000e+03,6.292726983719276745e-02
1.030000000000000000e+03,6.135077961776191913e-02
1.031000000000000000e+03,5.976528150281712470e-02
1.032000000000000000e+03,5.817373940297421164e-02
1.033000000000000000e+03,5.657903348019543976e-02
1.034000000000000000e+03,5.498395322852211997e-02
1.035000000000000000e+03,5.339119129760683258e-02
1.036000000000000000e+03,5.180333805129833102e-02
1.037000000000000000e+03,5.022287684878912195e-02
1.038000000000000000e+03,4.865218003162419258e-02
1.039000000000000000e+03,4.709350559624647659e-02
1.040000000000000000e+03,4.554899452863359066e-02
1.041000000000000000e+03,4.402066877500776521e-02
1.042000000000000000e+03,4.251042982050790009e-02
1.043000000000000000e+03,4.102005784608420136e-02
1.044000000000000000e+03,3.955121143269946238e-02
1.045000000000000000e+03,3.810542778113590323e-02
1.046000000000000000e+03,3.668412341531035459e-02
1.047000000000000000e+03,3.528859533694195250e-02
1.048000000000000000e+03,3.392002259968895927e-02
1.049000000000000000e+03,3.257946827141577906e-02
1.050000000000000000e+03,3.126788175409345172e-02
1.051000000000000000e+03,2.998610143189450739e-02
1.052000000000000000e+03,2.873485761934913008e-02
1.053000000000000000e+03,2.751477578293859416e-02
1.054000000000000000e+03,2.632638001120879423e-02
1.055000000000000000e+03,2.517009671036984919e-02
1.056000000000000000e+03,2.404625850441921564e-02
1.057000000000000000e+03,2.295510832103908605e-02
1.058000000000000000e+03,2.189680364689583492e-02
1.059000000000000000e+03,2.087142093848104452e-02
1.060000000000000000e+03,1.987896017726398235e-02
1.061000000000000000e+03,1.891934956066432250e-02
1.062000000000000000e+03,1.799245032317520199e-02
1.063000000000000000e+03,1.709806168482597144e-02
1.064000000000000000e+03,1.623592592705724869e-02
1.065000000000000000e+03,1.540573359890995420e-02
1.066000000000000000e+03,1.460712885916848336e-02
1.067000000000000000e+03,1.383971496264924106e-02
1.068000000000000000e+03,1.310305990111726437e-02
1.069000000000000000e+03,1.239670221123345684e-02
1.070000000000000000e+03,1.172015696336003998e-02
1.071000000000000000e+03,1.107292194586384504e-02
1.072000000000000000e+03,1.045448405957660754e-02
1.073000000000000000e+03,9.864325936178808263e-03
1.074000000000000000e+03,9.301932792267209038e-03
1.075000000000000000e+03,8.766799527586188745e-03
1.076000000000000000e+03,8.258438071189200258e-03
1.077000000000000000e+03,7.776384972963512610e-03
1.078000000000000000e+03,7.320209229892071789e-03
1.079000000000000000e+03,6.889520326476272771e-03
1.080000000000000000e+03,6.483976456876927585e-03
1.081000000000000000e+03,6.103292882483346560e-03
1.082000000000000000e+03,5.747250362829525727e-03
1.083000000000000000e+03,5.415703580171626896e-03
1.084000000000000000e+03,5.108589458779677628e-03
1.085000000000000000e+03,4.825935259388236531e-03
1.086000000000000000e+03,4.567866307660706227e-03
1.087000000000000000e+03,4.334613193466063663e-03
1.088000000000000000e+03,4.126518255800792900e-03
1.089000000000000000e+03,3.944041147067478548e-03
1.090000000000000000e+03,3.787763250876485799e-03
1.091000000000000000e+03,3.658390710511660870e-03
1.092000000000000000e+03,3.556755811567002823e-03
1.093000000000000000e+03,3.483816453049293216e-03
1.094000000000000000e+03,3.440653437414953331e-03
1.095000000000000000e+03,3.428465312520945218e-03
1.096000000000000000e+03,3.448560508260811730e-03
1.097000000000000000e+03,3.502346528498456735e-03
1.098000000000000000e+03,3.591315985515652898e-03
1.099000000000000000e+03,3.717029300036367445e-03
1.100000000000000000e+03,3.881093935319324117e-03
1.101000000000000000e+03,4.085140088865735208e-03
1.102000000000000000e+03,4.330792829829732682e-03
1.103000000000000000e+03,4.619640743776631808e-03
1.104000000000000000e+03,4.953201228304227044e-03
1.105000000000000000e+03,5.332882672197891694e-03
1.106000000000000000e+03,5.759943845959680786e-03
1.107000000000000000e+03,6.235450931149966181e-03
1.108000000000000000e+03,6.760232718176606426e-03
1.109000000000000000e+03,7.334834604864504115e-03
1.110000000000000000e+03,7.959472128974853788e-03
1.111000000000000000e+03,8.633984864275356941e-03
1.112000000000000000e+03,9.357791598927134302e-03
1.113000000000000000e+03,1.012984779389625167e-02
1.114000000000000000e+03,1.094860638456918167e-02
1.115000000000000000e+03,1.181198303740993438e-02
1.116000000000000000e+03,1.271732700186212206e-02
1.117000000000000000e+03,1.366139870221871888e-02
1.118000000000000000e+03,1.464035519138717767e-02
1.119000000000000000e+03,1.564974453499190510e-02
1.120000000000000000e+03,1.668451010710136906e-02
1.121000000000000000e+03,1.773900565550468045e-02
1.122000000000000000e+03,1.880702183319460374e-02
1.123000000000000000e+03,1.988182469281496445e-02
1.124000000000000000e+03,2.095620640293183179e-02
1.125000000000000000e+03,2.202254817135562703e-02
1.126000000000000000e+03,2.307289505548504316e-02
1.127000000000000000e+03,2.409904200904144922e-02
1.128000000000000000e+03,2.509263016704044169e-02
1.129000000000000000e+03,2.604525201710128357e-02
1.130000000000000000e+03,2.694856375790677383e-02
1.131000000000000000e+03,2.779440281914746791e-02
1.132000000000000000e+03,2.857490822705099909e-02
1.133000000000000000e+03,2.928264126137269940e-02
1.134000000000000000e+03,2.991070367861459189e-02
1.135000000000000000e+03,3.045285068574532517e-02
1.136000000000000000e+03,3.090359584953228378e-02
1.137000000000000000e+03,3.125830522574202242e-02
1.138000000000000000e+03,3.151327819232507821e-02
1.139000000000000000e+03,3.166581276844526727e-02
1.140000000000000000e+03,3.171425358865631594e-02
1.141000000000000000e+03,3.165802116523375176e-02
1.142000000000000000e+03,3.149762159354696500e-02
1.143000000000000000e+03,3.123463641372947741e-02
1.144000000000000000e+03,3.087169291272506833e-02
1.145000000000000000e+03,3.041241570922847970e-02
1.146000000000000000e+03,2.986136098608382916e-02
1.147000000000000000e+03,2.922393519862276356e-02
1.148000000000000000e+03,2.850630047514290943e-02
1.149000000000000000e+03,2.771526922381228886e-02
1.150000000000000000e+03,2.685819066049321968e-02
1.151000000000000000e+03,2.594283207151559800e-02
1.152000000000000000e+03,2.497725762666425098e-02
1.153000000000000000e+03,2.396970746753646075e-02
1.154000000000000000e+03,2.292847962571009646e-02
1.155000000000000000e+03,2.186181708729995066e-02
1.156000000000000000e+03,2.077780203059176323e-02
1.157000000000000000e+03,1.968425893729008891e-02
1.158000000000000000e+03,1.858866793091662473e-02
1.159000000000000000e+03,1.749808934241481317e-02
1.160000000000000000e+03,1.641910015573833093e-02
1.161000000000000000e+03,1.535774265580136522e-02
1.162000000000000000e+03,1.431948529610416188e-02
1.163000000000000000e+03,1.330919552987031018e-02
1.164000000000000000e+03,1.233112411077263992e-02
1.165000000000000000e+03,1.138890016953486573e-02
1.166000000000000000e+03,1.048553621152237270e-02
1.167000000000000000e+03,9.623442057138609229e-03
1.168000000000000000e+03,8.804446659743669912e-03
1.169000000000000000e+03,8.029826682358631729e-03
1.170000000000000000e+03,7.300340691641427071e-03
1.171000000000000000e+03,6.616267832153521766e-03
1.172000000000000000e+03,5.977449872301976441e-03
1.173000000000000000e+03,5.383335562000768348e-03
1.174000000000000000e+03,4.833026307573762281e-03
1.175000000000000000e+03,4.325322248366125777e-03
1.176000000000000000e+03,3.858767908738069963e-03
1.177000000000000000e+03,3.431696695563424271e-03
1.178000000000000000e+03,3.042273612276824579e-03
1.179000000000000000e+03,2.688535663278424082e-03
1.180000000000000000e+03,2.368429524821857868e-03
1.181000000000000000e+03,2.079846158230092001e-03
1.182000000000000000e+03,1.820652136613087890e-03
1.183000000000000000e+03,1.588717545582651880e-03
1.184000000000000000e+03,1.381940400507986055e-03
1.185000000000000000e+03,1.198267596606461538e-03
1.186000000000000000e+03,1.035712472876815227e-03
1.187000000000000000e+03,8.923691261168986699e-04
1.188000000000000000e+03,7.664236568458715482e-04
1.189000000000000000e+03,6.561625649172952990e-04
1.190000000000000000e+03,5.599785393002321143e-04
1.191000000000000000e+03,4.763739043871506595e-04
1.192000000000000000e+03,4.039619949600670168e-04
1.193000000000000000e+03,3.414667343994981508e-04
1.194000000000000000e+03,2.877206867542003721e-04
1.195000000000000000e+03,2.416618438851880768e-04
1.196000000000000000e+03,2.023293950126348051e-04
1.197000000000000000e+03,1.688587086356996281e-04
1.198000000000000000e+03,1.404757368805853446e-04
1.199000000000000000e+03,1.164910307498434605e-04
1.200000000000000000e+03,9.629353230611314984e-05
1.201000000000000000e+03,7.934428719780228789e-05
1.202000000000000000e+03,6.517019876706164894e-05
1.203000000000000000e+03,5.335792373140080258e-05
1.204000000000000000e+03,4.354798950845228944e-05
1.205000000000000000e+03,3.542919494425866844e-05
1.206000000000000000e+03,2.873333970065949927e-05
1.207000000000000000e+03,2.323031296946886926e-05
1.208000000000000000e+03,1.872355954768423203e-05
1.209000000000000000e+03,1.504593060452918962e-05
1.210000000000000000e+03,1.205591761666013895e-05
1.211000000000000000e+03,9.634260843105479921e-06
1.212000000000000000e+03,7.680918195918096103e-06
1.213000000000000000e+03,6.112376296663057929e-06
1.214000000000000000e+03,4.859282708435941345e-06
1.215000000000000000e+03,3.864376639128863644e-06
1.216000000000000000e+03,3.080694649604254209e-06
1.217000000000000000e+03,2.470027917089723246e-06
1.218000000000000000e+03,2.001608253809905591e-06
1.219000000000000000e+03,1.651001218405667714e-06
1.220000000000000000e+03,1.399186189798840019e-06
1.221000000000000000e+03,1.231805075718739317e-06
1.222000000000000000e+03,1.138563325620012279e-06
1.223000000000000000e+03,1.112769036692995428e-06
1.224000000000000000e+03,1.150998136356662371e-06
1.225000000000000000e+03,1.252875819091059384e-06
1.226000000000000000e+03,1.420966615484076101e-06
1.227000000000000000e+03,1.660767619648950699e-06
1.228000000000000000e+03,1.980801496825890240e-06
1.229000000000000000e+03,2.392807904039173650e-06
1.230000000000000000e+03,2.912033912672029601e-06
1.231000000000000000e+03,3.557625852357304552e-06
1.232000000000000000e+03,4.353126769496284965e-06
1.233000000000000000e+03,5.327085336626069534e-06
1.234000000000000000e+03,6.513783597839051254e-06
1.235000000000000000e+03,7.954092362760789570e-06
1.236000000000000000e+03,9.696464347008770801e-06
1.237000000000000000e+03,1.179807630102835958e-05
1.238000000000000000e+03,1.432613232799084813e-05
1.239000000000000000e+03,1.735934135682626334e-05
1.240000000000000000e+03,2.098958226315339459e-05
1.241000000000000000e+03,2.532377038511057776e-05
1.242000000000000000e+03,3.048593912868824418e-05
1.243000000000000000e+03,3.661954993927629687e-05
1.244000000000000000e+03,4.389004309257593661e-05
1.245000000000000000e+03,5.248764047705023472e-05
1.246000000000000000e+03,6.263040974552325224e-05
1.247000000000000000e+03,7.456759684898450757e-05
1.248000000000000000e+03,8.858323099758536046e-05
1.249000000000000000e+03,1.050000024427344414e-04
1.250000000000000000e+03,1.241834091467719503e-04
1.251000000000000000e+03,1.465461633178843925e-04
1.252000000000000000e+03,1.725528429572520395e-04
1.253000000000000000e+03,2.027247669718068579e-04
1.254000000000000000e+03,2.376450650489747574e-04
1.255000000000000000e+03,2.779639054097948758e-04
1.256000000000000000e+03,3.244038348027000751e-04
1.257000000000000000e+03,3.777651757308486680e-04
1.258000000000000000e+03,4.389314160335722192e-04
1.259000000000000000e+03,5.088745156833773819e-04
1.260000000000000000e+03,5.886600451547874258e-04
1.261000000000000000e+03,6.794520591675290433e-04
1.262000000000000000e+03,7.825175991749144799e-04
1.263000000000000000e+03,8.992307079092043409e-04
1.264000000000000000e+03,1.031075829836192170e-03
1.265000000000000000e+03,1.179650462767467545e-03
1.266000000000000000e+03,1.346666918422778636e-03
1.267000000000000000e+03,1.533953043672875438e-03
1.268000000000000000e+03,1.743451749824931341e-03
1.269000000000000000e+03,1.977219194900570187e-03
1.270000000000000000e+03,2.237421463649802433e-03
1.271000000000000000e+03,2.526329592289489057e-03
1.272000000000000000e+03,2.846312789862359693e-03
1.273000000000000000e+03,3.199829715851310041e-03
1.274000000000000000e+03,3.589417684412454790e-03
1.275000000000000000e+03,4.017679679409136284e-03
1.276000000000000000e+03,4.487269081391298542e-03
1.277000000000000000e+03,5.000872027820735255e-03
1.278000000000000000e+03,5.561187351140972623e-03
1.279000000000000000e+03,6.170904065716742437e-03
1.280000000000000000e+03,6.832676404091353461e-03
1.281000000000000000e+03,7.549096435355950874e-03
1.282000000000000000e+03,8.322664333509033341e-03
1.283000000000000000e+03,9.155756401372450171e-03
1.284000000000000000e+03,1.005059099573113457e-02
1.285000000000000000e+03,1.100919254166199401e-02
1.286000000000000000e+03,1.203335386833237486e-02
1.287000000000000000e+03,1.312459714461211568e-02
1.288000000000000000e+03,1.428413374041692663e-02
1.289000000000000000e+03,1.551282338846382558e-02
1.290000000000000000e+03,1.681113307074455498e-02
1.291000000000000000e+03,1.817909610403778409e-02
1.292000000000000000e+03,1.961627194869608459e-02
1.293000000000000000e+03,2.112170731406615154e-02
1.294000000000000000e+03,2.269389918142539209e-02
1.295000000000000000e+03,2.433076041022053104e-02
1.296000000000000000e+03,2.602958863443682880e-02
1.297000000000000000e+03,2.778703919161729097e-02
1.298000000000000000e+03,2.959910285562594723e-02
1.299000000000000000e+03,3.146108916366130437e-02
1.300000000000000000e+03,3.336761613596705978e-02
1.301000000000000000e+03,3.531260718060424963e-02
1.302000000000000000e+03,3.728929595280483511e-02
1.303000000000000000e+03,3.929023989599977895e-02
1.304000000000000000e+03,4.130734312681516585e-02
1.305000000000000000e+03,4.333188923655195701e-02
1.306000000000000000e+03,4.535458446471785088e-02
1.307000000000000000e+03,4.736561155448804072e-02
1.308000000000000000e+03,4.935469442484263780e-02
1.309000000000000000e+03,5.131117359005776812e-02
1.310000000000000000e+03,5.322409202610955958e-02
1.311000000000000000e+03,5.508229092896343992e-02
1.312000000000000000e+03,5.687451453714431615e-02
1.313000000000000000e+03,5.858952290779373406e-02
1.314000000000000000e+03,6.021621125108134187e-02
1.315000000000000000e+03,6.174373415356448902e-02
1.316000000000000000e+03,6.316163276977126984e-02
1.317000000000000000e+03,6.445996284687605105e-02
1.318000000000000000e+03,6.562942128444526624e-02
1.319000000000000000e+03,6.666146883427170877e-02
1.320000000000000000e+03,6.754844652781044623e-02
1.321000000000000000e+03,6.828368349243296720e-02
1.322000000000000000e+03,6.886159399175184603e-02
1.323000000000000000e+03,6.927776180544675810e-02
1.324000000000000000e+03,6.952901045199921803e-02
1.325000000000000000e+03,6.961345825065623494e-02
1.326000000000000000e+03,6.953055780870132097e-02
1.327000000000000000e+03,6.928112019328369620e-02
1.328000000000000000e+03,6.886732478425883208e-02
1.329000000000000000e+03,6.829271658025182212e-02
1.330000000000000000e+03,6.756219351231340653e-02
1.331000000000000000e+03,6.668198706896677486e-02
1.332000000000000000e+03,6.565964020648884514e-02
1.333000000000000000e+03,6.450398705471771521e-02
1.334000000000000000e+03,6.322513926994721700e-02
1.335000000000000000e+03,6.183448396489121812e-02
1.336000000000000000e+03,6.034469788993135353e-02
1.337000000000000000e+03,5.876978187911174878e-02
1.338000000000000000e+03,5.712511844457779375e-02
1.339000000000000000e+03,5.542755375532193440e-02
1.340000000000000000e+03,5.369550304623316173e-02
1.341000000000000000e+03,5.194907578355567601e-02
1.342000000000000000e+03,5.021021372155298756e-02
1.343000000000000000e+03,4.850283143593903112e-02
1.344000000000000000e+03,4.685294518477167713e-02
1.345000000000000000e+03,4.528877225564786890e-02
1.346000000000000000e+03,4.384077958375787176e-02
1.347000000000000000e+03,4.254165767071160786e-02
1.348000000000000000e+03,4.142619400324476509e-02
1.349000000000000000e+03,4.053101954172078081e-02
1.350000000000000000e+03,3.989420264499954349e-02
1.351000000000000000e+03,3.955466717209676908e-02
1.352000000000000000e+03,3.955141552486973744e-02
1.353000000000000000e+03,3.992254307595466400e-02
1.354000000000000000e+03,4.070403773276165538e-02
1.355000000000000000e+03,4.192836730203763906e-02
1.356000000000000000e+03,4.362286788310765218e-02
1.357000000000000000e+03,4.580795888072786148e-02
1.358000000000000000e+03,4.849522466417188760e-02
1.359000000000000000e+03,5.168541977421026168e-02
1.360000000000000000e+03,5.536647424839857834e-02
1.361000000000000000e+03,5.951159823817686600e-02
1.362000000000000000e+03,6.407761024152303087e-02
1.363000000000000000e+03,6.900363963475619755e-02
1.364000000000000000e+03,7.421037897894589008e-02
1.365000000000000000e+03,7.960008013133434979e-02
1.366000000000000000e+03,8.505749373110016442e-02
1.367000000000000000e+03,9.045193556531128110e-02
1.368000000000000000e+03,9.564061642860210988e-02
1.369000000000000000e+03,1.004732868018378689e-01
1.370000000000000000e+03,1.047981214807034434e-01
1.371000000000000000e+03,1.084686086146746664e-01
1.372000000000000000e+03,1.113510308436622687e-01
1.373000000000000000e+03,1.133319638509076022e-01
1.374000000000000000e+03,1.143251079378029278e-01
1.375000000000000000e+03,1.142767477963637646e-01
1.376000000000000000e+03,1.131692272026796342e-01
1.377000000000000000e+03,1.110220268806576538e-01
1.378000000000000000e+03,1.078903146519623046e-01
1.379000000000000000e+03,1.038611439838701411e-01
1.380000000000000000e+03,9.904774923293224731e-02
1.381000000000000000e+03,9.358257257993840561e-02
1.382000000000000000e+03,8.760973227097945681e-02
1.383000000000000000e+03,8.127760638015901762e-02
1.384000000000000000e+03,7.473208637889761086e-02
1.385000000000000000e+03,6.811088792462949293e-02
1.386000000000000000e+03,6.153913005110767109e-02
1.387000000000000000e+03,5.512623722911635937e-02
1.388000000000000000e+03,4.896409809168256189e-02
1.389000000000000000e+03,4.312633487887174155e-02
1.390000000000000000e+03,3.766849537283545324e-02
1.391000000000000000e+03,3.262896628506828378e-02
1.392000000000000000e+03,2.803041450742638219e-02
1.393000000000000000e+03,2.388158201486212384e-02
1.394000000000000000e+03,2.017928508273225674e-02
1.395000000000000000e+03,1.691049453058890428e-02
1.396000000000000000e+03,1.405439843204381312e-02
1.397000000000000000e+03,1.158437099653109037e-02
1.398000000000000000e+03,9.469790858385396248e-03
1.399000000000000000e+03,7.677668979263474469e-03
1.400000000000000000e+03,6.174061114429418851e-03
1.401000000000000000e+03,4.925252616829522978e-03
1.402000000000000000e+03,3.898714446467277384e-03
1.403000000000000000e+03,3.063838680468444764e-03
1.404000000000000000e+03,2.392469550988485238e-03
1.405000000000000000e+03,1.859252004072331488e-03
1.406000000000000000e+03,1.441823921196405678e-03
1.407000000000000000e+03,1.120880488703290823e-03
1.408000000000000000e+03,8.801398401925286663e-04
1.409000000000000000e+03,7.062382273450573678e-04
1.410000000000000000e+03,5.885808667447367526e-04
1.411000000000000000e+03,5.191715833103849320e-04
1.412000000000000000e+03,4.924407581285983326e-04
1.413000000000000000e+03,5.050872042287046781e-04
1.414000000000000000e+03,5.559457078767593430e-04
1.415000000000000000e+03,6.458882942335097965e-04
1.416000000000000000e+03,7.777639468895536368e-04
1.417000000000000000e+03,9.563786095891924077e-04
1.418000000000000000e+03,1.188514850344102314e-03
1.419000000000000000e+03,1.482988558108688792e-03
1.420000000000000000e+03,1.850738429908682647e-03
1.421000000000000000e+03,2.304942739871584934e-03
1.422000000000000000e+03,2.861156908519513209e-03
1.423000000000000000e+03,3.537464665546385945e-03
1.424000000000000000e+03,4.354635087672642513e-03
1.425000000000000000e+03,5.336277472079542505e-03
1.426000000000000000e+03,6.508985861532590178e-03
1.427000000000000000e+03,7.902465060452890100e-03
1.428000000000000000e+03,9.549630161876931922e-03
1.429000000000000000e+03,1.148667192667529591e-02
1.430000000000000000e+03,1.375308078972370396e-02
1.431000000000000000e+03,1.639162276769146054e-02
1.432000000000000000e+03,1.944826104552355162e-02
1.433000000000000000e+03,2.297201743926846618e-02
1.434000000000000000e+03,2.701476816799242009e-02
1.435000000000000000e+03,3.163096829583889047e-02
1.436000000000000000e+03,3.687729869051969978e-02
1.437000000000000000e+03,4.281222823800034938e-02
1.438000000000000000e+03,4.949548219648525205e-02
1.439000000000000000e+03,5.698740480021968757e-02
1.440000000000000000e+03,6.534820036482513750e-02
1.441000000000000000e+03,7.463703203100324757e-02
1.442000000000000000e+03,8.491095075354326838e-02
1.443000000000000000e+03,9.622361907072241038e-02
1.444000000000000000e+03,1.086237845216930786e-01
1.445000000000000000e+03,1.221534464099889306e-01
1.446000000000000000e+03,1.368456473090939873e-01
1.447000000000000000e+03,1.527218081264720695e-01
1.448000000000000000e+03,1.697885143587316570e-01
1.449000000000000000e+03,1.880336543723393206e-01
1.450000000000000000e+03,2.074218131445255686e-01
1.451000000000000000e+03,2.278888448569513780e-01
1.452000000000000000e+03,2.493355969992039345e-01
1.453000000000000000e+03,2.716208539878757211e-01
1.454000000000000000e+03,2.945537312106982775e-01
1.455000000000000000e+03,3.178860044186027078e-01
1.456000000000000000e+03,3.413052226150909974e-01
1.457000000000000000e+03,3.644299220728970390e-01
1.458000000000000000e+03,3.868087848720664912e-01
1.459000000000000000e+03,4.079260368917148050e-01
1.460000000000000000e+03,4.272155202164731325e-01
1.461000000000000000e+03,4.440853740695192009e-01
1.462000000000000000e+03,4.579537980924919260e-01
1.463000000000000000e+03,4.682938618703138545e-01
1.464000000000000000e+03,4.746821740827491531e-01
1.465000000000000000e+03,4.768434674131398765e-01
1.466000000000000000e+03,4.746821740405302581e-01
1.467000000000000000e+03,4.682938617833412032e-01
1.468000000000000000e+03,4.579537979556023153e-01
1.469000000000000000e+03,4.440853738747301271e-01
1.470000000000000000e+03,4.272155199526541658e-01
1.471000000000000000e+03,4.079260365440935399e-01
1.472000000000000000e+03,3.868087844215251092e-01
1.473000000000000000e+03,3.644299214950066368e-01
1.474000000000000000e+03,3.413052218788257264e-01
1.475000000000000000e+03,3.178860034846586746e-01
1.476000000000000000e+03,2.945537300293166183e-01
1.477000000000000000e+03,2.716208524960466164e-01
1.478000000000000000e+03,2.493355951170881379e-01
1.479000000000000000e+03,2.278888424833047655e-01
1.480000000000000000e+03,2.074218101508569223e-01
1.481000000000000000e+03,1.880336505954387505e-01
1.482000000000000000e+03,1.697885095911098041e-01
1.483000000000000000e+03,1.527218021040948059e-01
1.484000000000000000e+03,1.368456396955977095e-01
1.485000000000000000e+03,1.221534367762797668e-01
1.486000000000000000e+03,1.086237723194221072e-01
1.487000000000000000e+03,9.622360359754034143e-02
1.488000000000000000e+03,8.491093110715697279e-02
1.489000000000000000e+03,7.463700704774267614e-02
1.490000000000000000e+03,6.534816853643410361e-02
1.491000000000000000e+03,5.698736415956107138e-02
1.492000000000000000e+03,4.949543015822932546e-02
1.493000000000000000e+03,4.281216137335985827e-02
1.494000000000000000e+03,3.687721240444008508e-02
1.495000000000000000e+03,3.163085635903040149e-02
1.496000000000000000e+03,2.701462203219473501e-02
1.497000000000000000e+03,2.297182522857865727e-02
1.498000000000000000e+03,1.944800606441376978e-02
1.499000000000000000e+03,1.639128129055977823e-02
1.500000000000000000e+03,1.375261878810873917e-02
1.501000000000000000e+03,1.148604023627375348e-02
1.502000000000000000e+03,9.548757376286021170e-03
1.503000000000000000e+03,7.901247141995026979e-03
1.504000000000000000e+03,6.507271056898966677e-03
1.505000000000000000e+03,5.333844582465330220e-03
1.506000000000000000e+03,4.351162435877853341e-03
1.507000000000000000e+03,3.532486189381289776e-03
1.508000000000000000e+03,2.854000653077948257e-03
1.509000000000000000e+03,2.294645585873666960e-03
1.510000000000000000e+03,1.835929154429649657e-03
1.511000000000000000e+03,1.461729265995082017e-03
1.512000000000000000e+03,1.158088452318128958e-03
1.513000000000000000e+03,9.130074048839809109e-04
1.514000000000000000e+03,7.162415904398145017e-04
1.515000000000000000e+03,5.591046475446059816e-04
1.516000000000000000e+03,4.342815167834856993e-04
1.517000000000000000e+03,3.356535232406088198e-04
1.518000000000000000e+03,2.581369383727327715e-04
1.519000000000000000e+03,1.975359216552785568e-04
1.520000000000000000e+03,1.504101953917480472e-04
1.521000000000000000e+03,1.139573473081245680e-04
1.522000000000000000e+03,8.590928738216874194e-05
1.523000000000000000e+03,6.444210522982274369e-05
1.524000000000000000e+03,4.809837589569987415e-05
1.525000000000000000e+03,3.572083605174469767e-05
1.526000000000000000e+03,2.639628884670841558e-05
1.527000000000000000e+03,1.940858281668234042e-05
1.528000000000000000e+03,1.419953736814250078e-05
1.529000000000000000e+03,1.033674411687890426e-05
1.530000000000000000e+03,7.487250619053753553e-06
1.531000000000000000e+03,5.396222918063742213e-06
1.532000000000000000e+03,3.869779357401625930e-06
1.533000000000000000e+03,2.761285178287664621e-06
1.534000000000000000e+03,1.960491669672492776e-06
1.535000000000000000e+03,1.384992370789817073e-06
1.536000000000000000e+03,9.735502450869404356e-07
1.537000000000000000e+03,6.809229107229697320e-07
1.538000000000000000e+03,4.738775054580202095e-07
1.539000000000000000e+03,3.281427389811852890e-07
1.540000000000000000e+03,2.260934877096332229e-07
1.541000000000000000e+03,1.550036234920781908e-07
1.542000000000000000e+03,1.057363188117221853e-07
1.543000000000000000e+03,7.176869654124118370e-08
1.544000000000000000e+03,4.847016099596146432e-08
1.545000000000000000e+03,3.257184788552081045e-08
1.546000000000000000e+03,2.177904656619489288e-08
1.547000000000000000e+03,1.448984887630899721e-08
1.548000000000000000e+03,9.592181493545126614e-09
1.549000000000000000e+03,6.318288336970567798e-09
1.550000000000000000e+03,4.141045728545122984e-09
1.551000000000000000e+03,2.700530687960167597e-09
1.552000000000000000e+03,1.752333389504201477e-09
1.553000000000000000e+03,1.131391424991079475e-09
1.554000000000000000e+03,7.268379231817334585e-10
1.555000000000000000e+03,4.646123485940734099e-10
1.556000000000000000e+03,2.955102829105271667e-10
1.557000000000000000e+03,1.870177346319223943e-10
1.558000000000000000e+03,1.177664632479036300e-10
1.559000000000000000e+03,7.378853084105685411e-11
1.560000000000000000e+03,4.600275715915813635e-11
1.561000000000000000e+03,2.853695058036009868e-11
1.562000000000000000e+03,1.761413237488795858e-11
1.563000000000000000e+03,1.081801315194752533e-11
1.564000000000000000e+03,6.610711977828032104e-12
1.565000000000000000e+03,4.019673482957841770e-12
1.566000000000000000e+03,2.432054557743867917e-12
1.567000000000000000e+03,1.463940080270731414e-12
1.568000000000000000e+03,8.768541448489486356e-13
1.569000000000000000e+03,5.226929999935236992e-13
1.570000000000000000e+03,3.099742684753437061e-13
1.571000000000000000e+03,1.829647544582257979e-13
1.572000000000000000e+03,1.074695887837151531e-13
1.573000000000000000e+03,6.283862319378386019e-14
1.574000000000000000e+03,3.641531520770513453e-14
1.575000000000000000e+03,2.109423746787797427e-14
1.576000000000000000e+03,1.221245327087672194e-14
1.577000000000000000e+03,6.883382752675970551e-15
1.578000000000000000e+03,3.996802888650563546e-15
1.579000000000000000e+03,2.220446049250313081e-15
1.580000000000000000e+03,1.332267629550187849e-15
1.581000000000000000e+03,6.661338147750939243e-16
1.582000000000000000e+03,4.440892098500626162e-16
1.583000000000000000e+03,2.220446049250313081e-16
1.584000000000000000e+03,2.220446049250313081e-16
1.585000000000000000e+03,0.000000000000000000e+00
1.586000000000000000e+03,0.000000000000000000e+00
1.587000000000000000e+03,0.000000000000000000e+00
1.588000000000000000e+03,0.000000000000000000e+00
1.589000000000000000e+03,0.000000000000000000e+00
1.590000000000000000e+03,0.000000000000000000e+00
1.591000000000000000e+03,0.000000000000000000e+00
1.592000000000000000e+03,0.000000000000000000e+00
1.593000000000000000e+03,0.000000000000000000e+00
1.594000000000000000e+03,0.000000000000000000e+00
1.595000000000000000e+03,0.000000000000000000e+00
1.596000000000000000e+03,0.000000000000000000e+00
1.597000000000000000e+03,0.000000000000000000e+00
1.598000000000000000e+03,0.000000000000000000e+00
1.599000000000000000e+03,0.000000000000000000e+00
1.600000000000000000e+03,0.000000000000000000e+00
1.601000000000000000e+03,0.000000000000000000e+00
1.602000000000000000e+03,0.000000000000000000e+00
1.603000000000000000e+03,0.000000000000000000e+00
1.604000000000000000e+03,0.000000000000000000e+00
1.605000000000000000e+03,0.000000000000000000e+00
1.606000000000000000e+03,0.000000000000000000e+00
1.607000000000000000e+03,0.000000000000000000e+00
1.608000000000000000e+03,0.000000000000000000e+00
1.609000000000000000e+03,0.000000000000000000e+00
1.610000000000000000e+03,0.000000000000000000e+00
1.611000000000000000e+03,0.000000000000000000e+00
1.612000000000000000e+03,0.000000000000000000e+00
1.613000000000000000e+03,0.000000000000000000e+00
1.614000000000000000e+03,0.000000000000000000e+00
1.615000000000000000e+03,0.000000000000000000e+00
1.616000000000000000e+03,0.000000000000000000e+00
1.617000000000000000e+03,0.000000000000000000e+00
1.618000000000000000e+03,0.000000000000000000e+00
1.619000000000000000e+03,0.000000000000000000e+00
1.620000000000000000e+03,0.000000000000000000e+00
1.621000000000000000e+03,0.000000000000000000e+00
1.622000000000000000e+03,0.000000000000000000e+00
1.623000000000000000e+03,0.000000000000000000e+00
1.624000000000000000e+03,0.000000000000000000e+00
1.625000000000000000e+03,0.000000000000000000e+00
1.626000000000000000e+03,0.000000000000000000e+00
1.627000000000000000e+03,0.000000000000000000e+00
1.628000000000000000e+03,0.000000000000000000e+00
1.629000000000000000e+03,0.000000000000000000e+00
1.630000000000000000e+03,0.000000000000000000e+00
1.631000000000000000e+03,0.000000000000000000e+00
1.632000000000000000e+03,0.000000000000000000e+00
1.633000000000000000e+03,0.000000000000000000e+00
1.634000000000000000e+03,0.000000000000000000e+00
1.635000000000000000e+03,0.000000000000000000e+00
1.636000000000000000e+03,0.000000000000000000e+00
1.637000000000000000e+03,0.000000000000000000e+00
1.638000000000000000e+03,0.000000000000000000e+00
1.639000000000000000e+03,0.000000000000000000e+00
1.640000000000000000e+03,0.000000000000000000e+00
1.641000000000000000e+03,0.000000000000000000e+00
1.642000000000000000e+03,0.000000000000000000e+00
1.643000000000000000e+03,0.000000000000000000e+00
1.644000000000000000e+03,0.000000000000000000e+00
1.645000000000000000e+03,0.000000000000000000e+00
1.646000000000000000e+03,0.000000000000000000e+00
1.647000000000000000e+03,0.000000000000000000e+00
1.648000000000000000e+03,0.000000000000000000e+00
1.649000000000000000e+03,0.000000000000000000e+00
1.650000000000000000e+03,0.000000000000000000e+00
1.651000000000000000e+03,0.000000000000000000e+00
1.652000000000000000e+03,0.000000000000000000e+00
1.653000000000000000e+03,0.000000000000000000e+00
1.654000000000000000e+03,0.000000000000000000e+00
1.655000000000000000e+03,0.000000000000000000e+00
1.656000000000000000e+03,0.000000000000000000e+00
1.657000000000000000e+03,0.000000000000000000e+00
1.658000000000000000e+03,0.000000000000000000e+00
1.659000000000000000e+03,0.000000000000000000e+00
1.660000000000000000e+03,0.000000000000000000e+00
1.661000000000000000e+03,0.000000000000000000e+00
1.662000000000000000e+03,0.000000000000000000e+00
1.663000000000000000e+03,0.000000000000000000e+00
1.664000000000000000e+03,0.000000000000000000e+00
1.665000000000000000e+03,0.000000000000000000e+00
1.666000000000000000e+03,0.000000000000000000e+00
1.667000000000000000e+03,0.000000000000000000e+00
1.668000000000000000e+03,0.000000000000000000e+00
1.669000000000000000e+03,0.000000000000000000e+00
1.670000000000000000e+03,0.000000000000000000e+00
1.671000000000000000e+03,0.000000000000000000e+00
1.672000000000000000e+03,0.000000000000000000e+00
1.673000000000000000e+03,0.000000000000000000e+00
1.674000000000000000e+03,0.000000000000000000e+00
1.675000000000000000e+03,0.000000000000000000e+00
1.676000000000000000e+03,0.000000000000000000e+00
1.677000000000000000e+03,0.000000000000000000e+00
1.678000000000000000e+03,0.000000000000000000e+00
1.679000000000000000e+03,0.000000000000000000e+00
1.680000000000000000e+03,0.000000000000000000e+00
1.681000000000000000e+03,0.000000000000000000e+00
1.682000000000000000e+03,0.000000000000000000e+00
1.683000000000000000e+03,0.000000000000000000e+00
1.684000000000000000e+03,0.000000000000000000e+00
1.685000000000000000e+03,0.000000000000000000e+00
1.686000000000000000e+03,0.000000000000000000e+00
1.687000000000000000e+03,0.000000000000000000e+00
1.688000000000000000e+03,0.000000000000000000e+00
1.689000000000000000e+03,0.000000000000000000e+00
1.690000000000000000e+03,0.000000000000000000e+00
1.691000000000000000e+03,0.000000000000000000e+00
1.692000000000000000e+03,0.000000000000000000e+00
1.693000000000000000e+03,0.000000000000000000e+00
1.694000000000000000e+03,0.000000000000000000e+00
1.695000000000000000e+03,0.000000000000000000e+00
1.696000000000000000e+03,0.000000000000000000e+00
1.697000000000000000e+03,0.000000000000000000e+00
1.698000000000000000e+03,0.000000000000000000e+00
1.699000000000000000e+03,0.000000000000000000e+00
1.700000000000000000e+03,0.000000000000000000e+00
1.701000000000000000e+03,0.000000000000000000e+00
1.702000000000000000e+03,0.000000000000000000e+00
1.703000000000000000e+03,0.000000000000000000e+00
1.704000000000000000e+03,0.000000000000000000e+00
1.705000000000000000e+03,0.000000000000000000e+00
1.706000000000000000e+03,0.000000000000000000e+00
1.707000000000000000e+03,0.000000000000000000e+00
1.708000000000000000e+03,0.000000000000000000e+00
1.709000000000000000e+03,0.000000000000000000e+00
1.710000000000000000e+03,0.000000000000000000e+00
1.711000000000000000e+03,0.000000000000000000e+00
1.712000000000000000e+03,0.000000000000000000e+00
1.713000000000000000e+03,0.000000000000000000e+00
1.714000000000000000e+03,0.000000000000000000e+00
1.715000000000000000e+03,0.000000000000000000e+00
1.716000000000000000e+03,0.000000000000000000e+00
1.717000000000000000e+03,0.000000000000000000e+00
1.718000000000000000e+03,0.000000000000000000e+00
1.719000000000000000e+03,0.000000000000000000e+00
1.720000000000000000e+03,0.000000000000000000e+00
1.721000000000000000e+03,0.000000000000000000e+00
1.722000000000000000e+03,0.000000000000000000e+00
1.723000000000000000e+03,0.000000000000000000e+00
1.724000000000000000e+03,0.000000000000000000e+00
1.725000000000000000e+03,0.000000000000000000e+00
1.726000000000000000e+03,0.000000000000000000e+00
1.727000000000000000e+03,0.000000000000000000e+00
1.728000000000000000e+03,0.000000000000000000e+00
1.729000000000000000e+03,0.000000000000000000e+00
1.730000000000000000e+03,0.000000000000000000e+00
1.731000000000000000e+03,0.000000000000000000e+00
1.732000000000000000e+03,0.000000000000000000e+00
1.733000000000000000e+03,0.000000000000000000e+00
1.734000000000000000e+03,0.000000000000000000e+00
1.735000000000000000e+03,0.000000000000000000e+00
1.736000000000000000e+03,0.000000000000000000e+00
1.737000000000000000e+03,0.000000000000000000e+00
1.738000000000000000e+03,0.000000000000000000e+00
1.739000000000000000e+03,0.000000000000000000e+00
1.740000000000000000e+03,0.000000000000000000e+00
1.741000000000000000e+03,0.000000000000000000e+00
1.742000000000000000e+03,0.000000000000000000e+00
1.743000000000000000e+03,0.000000000000000000e+00
1.744000000000000000e+03,0.000000000000000000e+00
1.745000000000000000e+03,0.000000000000000000e+00
1.746000000000000000e+03,0.000000000000000000e+00
1.747000000000000000e+03,0.000000000000000000e+00
1.748000000000000000e+03,0.000000000000000000e+00
1.749000000000000000e+03,0.000000000000000000e+00
1.750000000000000000e+03,0.000000000000000000e+00
1.751000000000000000e+03,0.000000000000000000e+00
1.752000000000000000e+03,0.000000000000000000e+00
1.753000000000000000e+03,0.000000000000000000e+00
1.754000000000000000e+03,0.000000000000000000e+00
1.755000000000000000e+03,0.000000000000000000e+00
1.756000000000000000e+03,0.000000000000000000e+00
1.757000000000000000e+03,0.000000000000000000e+00
1.758000000000000000e+03,0.000000000000000000e+00
1.759000000000000000e+03,0.000000000000000000e+00
1.760000000000000000e+03,0.000000000000000000e+00
1.761000000000000000e+03,0.000000000000000000e+00
1.762000000000000000e+03,0.000000000000000000e+00
1.763000000000000000e+03,0.000000000000000000e+00
1.764000000000000000e+03,0.000000000000000000e+00
1.765000000000000000e+03,0.000000000000000000e+00
1.766000000000000000e+03,0.000000000000000000e+00
1.767000000000000000e+03,0.000000000000000000e+00
1.768000000000000000e+03,0.000000000000000000e+00
1.769000000000000000e+03,0.000000000000000000e+00
1.770000000000000000e+03,0.000000000000000000e+00
1.771000000000000000e+03,0.000000000000000000e+00
1.772000000000000000e+03,0.000000000000000000e+00
1.773000000000000000e+03,0.000000000000000000e+00
1.774000000000000000e+03,0.000000000000000000e+00
1.775000000000000000e+03,0.000000000000000000e+00
1.776000000000000000e+03,0.000000000000000000e+00
1.777000000000000000e+03,0.000000000000000000e+00
1.778000000000000000e+03,0.000000000000000000e+00
1.779000000000000000e+03,0.000000000000000000e+00
1.780000000000000000e+03,0.000000000000000000e+00
1.781000000000000000e+03,0.000000000000000000e+00
1.782000000000000000e+03,0.000000000000000000e+00
1.783000000000000000e+03,0.000000000000000000e+00
1.784000000000000000e+03,0.000000000000000000e+00
1.785000000000000000e+03,0.000000000000000000e+00
1.786000000000000000e+03,0.000000000000000000e+00
1.787000000000000000e+03,0.000000000000000000e+00
1.788000000000000000e+03,0.000000000000000000e+00
1.789000000000000000e+03,0.000000000000000000e+00
1.790000000000000000e+03,0.000000000000000000e+00
1.791000000000000000e+03,0.000000000000000000e+00
1.792000000000000000e+03,0.000000000000000000e+00
1.793000000000000000e+03,0.000000000000000000e+00
1.794000000000000000e+03,0.000000000000000000e+00
1.795000000000000000e+03,0.000000000000000000e+00
1.796000000000000000e+03,0.000000000000000000e+00
1.797000000000000000e+03,0.000000000000000000e+00
1.798000000000000000e+03,0.000000000000000000e+00
1.799000000000000000e+03,0.000000000000000000e+00
1.800000000000000000e+03,0.000000000000000000e+00
1.801000000000000000e+03,0.000000000000000000e+00
1.802000000000000000e+03,0.000000000000000000e+00
1.803000000000000000e+03,0.000000000000000000e+00
1.804000000000000000e+03,0.000000000000000000e+00
1.805000000000000000e+03,0.000000000000000000e+00
1.806000000000000000e+03,0.000000000000000000e+00
1.807000000000000000e+03,0.000000000000000000e+00
1.808000000000000000e+03,0.000000000000000000e+00
1.809000000000000000e+03,0.000000000000000000e+00
1.810000000000000000e+03,0.000000000000000000e+00
1.811000000000000000e+03,0.000000000000000000e+00
1.812000000000000000e+03,0.000000000000000000e+00
1.813000000000000000e+03,0.000000000000000000e+00
1.814000000000000000e+03,0.000000000000000000e+00
1.815000000000000000e+03,0.000000000000000000e+00
1.816000000000000000e+03,0.000000000000000000e+00
1.817000000000000000e+03,0.000000000000000000e+00
1.818000000000000000e+03,0.000000000000000000e+00
1.819000000000000000e+03,0.000000000000000000e+00
1.820000000000000000e+03,0.000000000000000000e+00
1.821000000000000000e+03,0.000000000000000000e+00
1.822000000000000000e+03,0.000000000000000000e+00
1.823000000000000000e+03,0.000000000000000000e+00
1.824000000000000000e+03,0.000000000000000000e+00
1.825000000000000000e+03,0.000000000000000000e+00
1.826000000000000000e+03,0.000000000000000000e+00
1.827000000000000000e+03,0.000000000000000000e+00
1.828000000000000000e+03,0.000000000000000000e+00
1.829000000000000000e+03,0.000000000000000000e+00
1.830000000000000000e+03,0.000000000000000000e+00
1.831000000000000000e+03,0.000000000000000000e+00
1.832000000000000000e+03,0.000000000000000000e+00
1.833000000000000000e+03,0.000000000000000000e+00
1.834000000000000000e+03,0.000000000000000000e+00
1.835000000000000000e+03,0.000000000000000000e+00
1.836000000000000000e+03,0.000000000000000000e+00
1.837000000000000000e+03,0.000000000000000000e+00
1.838000000000000000e+03,0.000000000000000000e+00
1.839000000000000000e+03,0.000000000000000000e+00
1.840000000000000000e+03,0.000000000000000000e+00
1.841000000000000000e+03,0.000000000000000000e+00
1.842000000000000000e+03,0.000000000000000000e+00
1.843000000000000000e+03,0.000000000000000000e+00
1.844000000000000000e+03,0.000000000000000000e+00
1.845000000000000000e+03,0.000000000000000000e+00
1.846000000000000000e+03,0.000000000000000000e+00
1.847000000000000000e+03,0.000000000000000000e+00
1.848000000000000000e+03,0.000000000000000000e+00
1.849000000000000000e+03,0.000000000000000000e+00
1.850000000000000000e+03,0.000000000000000000e+00
1.851000000000000000e+03,0.000000000000000000e+00
1.852000000000000000e+03,0.000000000000000000e+00
1.853000000000000000e+03,0.000000000000000000e+00
1.854000000000000000e+03,0.000000000000000000e+00
1.855000000000000000e+03,0.000000000000000000e+00
1.856000000000000000e+03,0.000000000000000000e+00
1.857000000000000000e+03,0.000000000000000000e+00
1.858000000000000000e+03,0.000000000000000000e+00
1.859000000000000000e+03,0.000000000000000000e+00
1.860000000000000000e+03,0.000000000000000000e+00
1.861000000000000000e+03,0.000000000000000000e+00
1.862000000000000000e+03,0.000000000000000000e+00
1.863000000000000000e+03,0.000000000000000000e+00
1.864000000000000000e+03,0.000000000000000000e+00
1.865000000000000000e+03,0.000000000000000000e+00
1.866000000000000000e+03,0.000000000000000000e+00
1.867000000000000000e+03,0.000000000000000000e+00
1.868000000000000000e+03,0.000000000000000000e+00
1.869000000000000000e+03,0.000000000000000000e+00
1.870000000000000000e+03,0.000000000000000000e+00
1.871000000000000000e+03,0.000000000000000000e+00
1.872000000000000000e+03,0.000000000000000000e+00
1.873000000000000000e+03,0.000000000000000000e+00
1.874000000000000000e+03,0.000000000000000000e+00
1.875000000000000000e+03,0.000000000000000000e+00
1.876000000000000000e+03,0.000000000000000000e+00
1.877000000000000000e+03,0.000000000000000000e+00
1.878000000000000000e+03,0.000000000000000000e+00
1.879000000000000000e+03,0.000000000000000000e+00
1.880000000000000000e+03,0.000000000000000000e+00
1.881000000000000000e+03,0.000000000000000000e+00
1.882000000000000000e+03,0.000000000000000000e+00
1.883000000000000000e+03,0.000000000000000000e+00
1.884000000000000000e+03,0.000000000000000000e+00
1.885000000000000000e+03,0.000000000000000000e+00
1.886000000000000000e+03,0.000000000000000000e+00
1.887000000000000000e+03,0.000000000000000000e+00
1.888000000000000000e+03,0.000000000000000000e+00
1.889000000000000000e+03,0.000000000000000000e+00
1.890000000000000000e+03,0.000000000000000000e+00
1.891000000000000000e+03,0.000000000000000000e+00
1.892000000000000000e+03,0.000000000000000000e+00
1.893000000000000000e+03,0.000000000000000000e+00
1.894000000000000000e+03,0.000000000000000000e+00
1.895000000000000000e+03,0.000000000000000000e+00
1.896000000000000000e+03,0.000000000000000000e+00
1.897000000000000000e+03,0.000000000000000000e+00
1.898000000000000000e+03,0.000000000000000000e+00
1.899000000000000000e+03,0.000000000000000000e+00
1.900000000000000000e+03,0.000000000000000000e+00
1.901000000000000000e+03,0.000000000000000000e+00
1.902000000000000000e+03,0.000000000000000000e+00
1.903000000000000000e+03,0.000000000000000000e+00
1.904000000000000000e+03,0.000000000000000000e+00
1.905000000000000000e+03,0.000000000000000000e+00
1.906000000000000000e+03,0.000000000000000000e+00
1.907000000000000000e+03,0.000000000000000000e+00
1.908000000000000000e+03,0.000000000000000000e+00
1.909000000000000000e+03,0.000000000000000000e+00
1.910000000000000000e+03,0.000000000000000000e+00
1.911000000000000000e+03,0.000000000000000000e+00
1.912000000000000000e+03,0.000000000000000000e+00
1.913000000000000000e+03,0.000000000000000000e+00
1.914000000000000000e+03,0.000000000000000000e+00
1.915000000000000000e+03,0.000000000000000000e+00
1.916000000000000000e+03,0.000000000000000000e+00
1.917000000000000000e+03,0.000000000000000000e+00
1.918000000000000000e+03,0.000000000000000000e+00
1.919000000000000000e+03,0.000000000000000000e+00
1.920000000000000000e+03,0.000000000000000000e+00
1.921000000000000000e+03,0.000000000000000000e+00
1.922000000000000000e+03,0.000000000000000000e+00
1.923000000000000000e+03,0.000000000000000000e+00
1.924000000000000000e+03,0.000000000000000000e+00
1.925000000000000000e+03,0.000000000000000000e+00
1.926000000000000000e+03,0.000000000000000000e+00
1.927000000000000000e+03,0.000000000000000000e+00
1.928000000000000000e+03,0.000000000000000000e+00
1.929000000000000000e+03,0.000000000000000000e+00
1.930000000000000000e+03,0.000000000000000000e+00
1.931000000000000000e+03,0.000000000000000000e+00
1.932000000000000000e+03,0.000000000000000000e+00
1.933000000000000000e+03,0.000000000000000000e+00
1.934000000000000000e+03,0.000000000000000000e+00
1.935000000000000000e+03,0.000000000000000000e+00
1.936000000000000000e+03,0.000000000000000000e+00
1.937000000000000000e+03,0.000000000000000000e+00
1.938000000000000000e+03,0.000000000000000000e+00
1.939000000000000000e+03,0.000000000000000000e+00
1.940000000000000000e+03,0.000000000000000000e+00
1.941000000000000000e+03,0.000000000000000000e+00
1.942000000000000000e+03,0.000000000000000000e+00
1.943000000000000000e+03,0.000000000000000000e+00
1.944000000000000000e+03,0.000000000000000000e+00
1.945000000000000000e+03,0.000000000000000000e+00
1.946000000000000000e+03,0.000000000000000000e+00
1.947000000000000000e+03,0.000000000000000000e+00
1.948000000000000000e+03,0.000000000000000000e+00
1.949000000000000000e+03,0.000000000000000000e+00
1.950000000000000000e+03,0.000000000000000000e+00
1.951000000000000000e+03,0.000000000000000000e+00
1.952000000000000000e+03,0.000000000000000000e+00
1.953000000000000000e+03,0.000000000000000000e+00
1.954000000000000000e+03,0.000000000000000000e+00
1.955000000000000000e+03,0.000000000000000000e+00
1.956000000000000000e+03,0.000000000000000000e+00
1.957000000000000000e+03,0.000000000000000000e+00
1.958000000000000000e+03,0.000000000000000000e+00
1.959000000000000000e+03,0.000000000000000000e+00
1.960000000000000000e+03,0.000000000000000000e+00
1.961000000000000000e+03,0.000000000000000000e+00
1.962000000000000000e+03,0.000000000000000000e+00
1.963000000000000000e+03,0.000000000000000000e+00
1.964000000000000000e+03,0.000000000000000000e+00
1.965000000000000000e+03,0.000000000000000000e+00
1.966000000000000000e+03,0.000000000000000000e+00
1.967000000000000000e+03,0.000000000000000000e+00
1.968000000000000000e+03,0.000000000000000000e+00
1.969000000000000000e+03,0.000000000000000000e+00
1.970000000000000000e+03,0.000000000000000000e+00
1.971000000000000000e+03,0.000000000000000000e+00
1.972000000000000000e+03,0.000000000000000000e+00
1.973000000000000000e+03,0.000000000000000000e+00
1.974000000000000000e+03,0.000000000000000000e+00
1.975000000000000000e+03,0.000000000000000000e+00
1.976000000000000000e+03,0.000000000000000000e+00
1.977000000000000000e+03,0.000000000000000000e+00
1.978000000000000000e+03,0.000000000000000000e+00
1.979000000000000000e+03,0.000000000000000000e+00
1.980000000000000000e+03,0.000000000000000000e+00
1.981000000000000000e+03,0.000000000000000000e+00
1.982000000000000000e+03,0.000000000000000000e+00
1.983000000000000000e+03,0.000000000000000000e+00
1.984000000000000000e+03,0.000000000000000000e+00
1.985000000000000000e+03,0.000000000000000000e+00
1.986000000000000000e+03,0.000000000000000000e+00
1.987000000000000000e+03,0.000000000000000000e+00
1.988000000000000000e+03,0.000000000000000000e+00
1.989000000000000000e+03,0.000000000000000000e+00
1.990000000000000000e+03,0.000000000000000000e+00
1.991000000000000000e+03,0.000000000000000000e+00
1.992000000000000000e+03,0.000000000000000000e+00
1.993000000000000000e+03,0.000000000000000000e+00
1.994000000000000000e+03,0.000000000000000000e+00
1.995000000000000000e+03,0.000000000000000000e+00
1.996000000000000000e+03,0.000000000000000000e+00
1.997000000000000000e+03,0.000000000000000000e+00
1.998000000000000000e+03,0.000000000000000000e+00
1.999000000000000000e+03,0.000000000000000000e+00
2.000000000000000000e+03,0.000000000000000000e+00
2.001000000000000000e+03,0.000000000000000000e+00
2.002000000000000000e+03,0.000000000000000000e+00
2.003000000000000000e+03,0.000000000000000000e+00
2.004000000000000000e+03,0.000000000000000000e+00
2.005000000000000000e+03,0.000000000000000000e+00
2.006000000000000000e+03,0.000000000000000000e+00
2.007000000000000000e+03,0.000000000000000000e+00
2.008000000000000000e+03,0.000000000000000000e+00
2.009000000000000000e+03,0.000000000000000000e+00
2.010000000000000000e+03,0.000000000000000000e+00
2.011000000000000000e+03,0.000000000000000000e+00
2.012000000000000000e+03,0.000000000000000000e+00
2.013000000000000000e+03,0.000000000000000000e+00
2.014000000000000000e+03,0.000000000000000000e+00
2.015000000000000000e+03,0.000000000000000000e+00
2.016000000000000000e+03,0.000000000000000000e+00
2.017000000000000000e+03,0.000000000000000000e+00
2.018000000000000000e+03,0.000000000000000000e+00
2.019000000000000000e+03,0.000000000000000000e+00
2.020000000000000000e+03,0.000000000000000000e+00
2.021000000000000000e+03,0.000000000000000000e+00
2.022000000000000000e+03,0.000000000000000000e+00
2.023000000000000000e+03,0.000000000000000000e+00
2.024000000000000000e+03,0.000000000000000000e+00
2.025000000000000000e+03,0.000000000000000000e+00
2.026000000000000000e+03,0.000000000000000000e+00
2.027000000000000000e+03,0.000000000000000000e+00
2.028000000000000000e+03,0.000000000000000000e+00
2.029000000000000000e+03,0.000000000000000000e+00
2.030000000000000000e+03,0.000000000000000000e+00
2.031000000000000000e+03,0.000000000000000000e+00
2.032000000000000000e+03,0.000000000000000000e+00
2.033000000000000000e+03,0.000000000000000000e+00
2.034000000000000000e+03,0.000000000000000000e+00
2.035000000000000000e+03,0.000000000000000000e+00
2.036000000000000000e+03,0.000000000000000000e+00
2.037000000000000000e+03,0.000000000000000000e+00
2.038000000000000000e+03,0.000000000000000000e+00
2.039000000000000000e+03,0.000000000000000000e+00
2.040000000000000000e+03,0.000000000000000000e+00
2.041000000000000000e+03,0.000000000000000000e+00
2.042000000000000000e+03,0.000000000000000000e+00
2.043000000000000000e+03,0.000000000000000000e+00
2.044000000000000000e+03,0.000000000000000000e+00
2.045000000000000000e+03,0.000000000000000000e+00
2.046000000000000000e+03,0.000000000000000000e+00
2.047000000000000000e+03,0.000000000000000000e+00
2.048000000000000000e+03,0.000000000000000000e+00
2.049000000000000000e+03,0.000000000000000000e+00
2.050000000000000000e+03,0.000000000000000000e+00
2.051000000000000000e+03,0.000000000000000000e+00
2.052000000000000000e+03,0.000000000000000000e+00
2.053000000000000000e+03,0.000000000000000000e+00
2.054000000000000000e+03,0.000000000000000000e+00
2.055000000000000000e+03,0.000000000000000000e+00
2.056000000000000000e+03,0.000000000000000000e+00
2.057000000000000000e+03,0.000000000000000000e+00
2.058000000000000000e+03,0.000000000000000000e+00
2.059000000000000000e+03,0.000000000000000000e+00
2.060000000000000000e+03,0.000000000000000000e+00
2.061000000000000000e+03,0.000000000000000000e+00
2.062000000000000000e+03,0.000000000000000000e+00
2.063000000000000000e+03,0.000000000000000000e+00
2.064000000000000000e+03,0.000000000000000000e+00
2.065000000000000000e+03,0.000000000000000000e+00
2.066000000000000000e+03,0.000000000000000000e+00
2.067000000000000000e+03,0.000000000000000000e+00
2.068000000000000000e+03,0.000000000000000000e+00
2.069000000000000000e+03,0.000000000000000000e+00
2.070000000000000000e+03,0.000000000000000000e+00
2.071000000000000000e+03,0.000000000000000000e+00
2.072000000000000000e+03,0.000000000000000000e+00
2.073000000000000000e+03,0.000000000000000000e+00
2.074000000000000000e+03,0.000000000000000000e+00
2.075000000000000000e+03,0.000000000000000000e+00
2.076000000000000000e+03,0.000000000000000000e+00
2.077000000000000000e+03,0.000000000000000000e+00
2.078000000000000000e+03,0.000000000000000000e+00
2.079000000000000000e+03,0.000000000000000000e+00
2.080000000000000000e+03,0.000000000000000000e+00
2.081000000000000000e+03,0.000000000000000000e+00
2.082000000000000000e+03,0.000000000000000000e+00
2.083000000000000000e+03,0.000000000000000000e+00
2.084000000000000000e+03,0.000000000000000000e+00
2.085000000000000000e+03,0.000000000000000000e+00
2.086000000000000000e+03,0.000000000000000000e+00
2.087000000000000000e+03,0.000000000000000000e+00
2.088000000000000000e+03,0.000000000000000000e+00
2.089000000000000000e+03,0.000000000000000000e+00
2.090000000000000000e+03,0.000000000000000000e+00
2.091000000000000000e+03,0.000000000000000000e+00
2.092000000000000000e+03,0.000000000000000000e+00
2.093000000000000000e+03,0.000000000000000000e+00
2.094000000000000000e+03,0.000000000000000000e+00
2.095000000000000000e+03,0.000000000000000000e+00
2.096000000000000000e+03,0.000000000000000000e+00
2.097000000000000000e+03,0.000000000000000000e+00
2.098000000000000000e+03,0.000000000000000000e+00
2.099000000000000000e+03,0.000000000000000000e+00
2.100000000000000000e+03,0.000000000000000000e+00
2.101000000000000000e+03,0.000000000000000000e+00
2.102000000000000000e+03,0.000000000000000000e+00
2.103000000000000000e+03,0.000000000000000000e+00
2.104000000000000000e+03,0.000000000000000000e+00
2.105000000000000000e+03,0.000000000000000000e+00
2.106000000000000000e+03,0.000000000000000000e+00
2.107000000000000000e+03,0.000000000000000000e+00
2.108000000000000000e+03,0.000000000000000000e+00
2.109000000000000000e+03,0.000000000000000000e+00
2.110000000000000000e+03,0.000000000000000000e+00
2.111000000000000000e+03,0.000000000000000000e+00
2.112000000000000000e+03,0.000000000000000000e+00
2.113000000000000000e+03,0.000000000000000000e+00
2.114000000000000000e+03,0.000000000000000000e+00
2.115000000000000000e+03,0.000000000000000000e+00
2.116000000000000000e+03,0.000000000000000000e+00
2.117000000000000000e+03,0.000000000000000000e+00
2.118000000000000000e+03,0.000000000000000000e+00
2.119000000000000000e+03,0.000000000000000000e+00
2.120000000000000000e+03,0.000000000000000000e+00
2.121000000000000000e+03,0.000000000000000000e+00
2.122000000000000000e+03,0.000000000000000000e+00
2.123000000000000000e+03,0.000000000000000000e+00
2.124000000000000000e+03,0.000000000000000000e+00
2.125000000000000000e+03,0.000000000000000000e+00
2.126000000000000000e+03,0.000000000000000000e+00
2.127000000000000000e+03,0.000000000000000000e+00
2.128000000000000000e+03,0.000000000000000000e+00
2.129000000000000000e+03,0.000000000000000000e+00
2.130000000000000000e+03,0.000000000000000000e+00
2.131000000000000000e+03,0.000000000000000000e+00
2.132000000000000000e+03,0.000000000000000000e+00
2.133000000000000000e+03,0.000000000000000000e+00
2.134000000000000000e+03,0.000000000000000000e+00
2.135000000000000000e+03,0.000000000000000000e+00
2.136000000000000000e+03,0.000000000000000000e+00
2.137000000000000000e+03,0.000000000000000000e+00
2.138000000000000000e+03,0.000000000000000000e+00
2.139000000000000000e+03,0.000000000000000000e+00
2.140000000000000000e+03,0.000000000000000000e+00
2.141000000000000000e+03,0.000000000000000000e+00
2.142000000000000000e+03,0.000000000000000000e+00
2.143000000000000000e+03,0.000000000000000000e+00
2.144000000000000000e+03,0.000000000000000000e+00
2.145000000000000000e+03,0.000000000000000000e+00
2.146000000000000000e+03,0.000000000000000000e+00
2.147000000000000000e+03,0.000000000000000000e+00
2.148000000000000000e+03,0.000000000000000000e+00
2.149000000000000000e+03,0.000000000000000000e+00
2.150000000000000000e+03,0.000000000000000000e+00
2.151000000000000000e+03,0.000000000000000000e+00
2.152000000000000000e+03,0.000000000000000000e+00
2.153000000000000000e+03,0.000000000000000000e+00
2.154000000000000000e+03,0.000000000000000000e+00
2.155000000000000000e+03,0.000000000000000000e+00
2.156000000000000000e+03,0.000000000000000000e+00
2.157000000000000000e+03,0.000000000000000000e+00
2.158000000000000000e+03,0.000000000000000000e+00
2.159000000000000000e+03,0.000000000000000000e+00
2.160000000000000000e+03,0.000000000000000000e+00
2.161000000000000000e+03,0.000000000000000000e+00
2.162000000000000000e+03,0.000000000000000000e+00
2.163000000000000000e+03,0.000000000000000000e+00
2.164000000000000000e+03,0.000000000000000000e+00
2.165000000000000000e+03,0.000000000000000000e+00
2.166000000000000000e+03,0.000000000000000000e+00
2.167000000000000000e+03,0.000000000000000000e+00
2.168000000000000000e+03,0.000000000000000000e+00
2.169000000000000000e+03,0.000000000000000000e+00
2.170000000000000000e+03,0.000000000000000000e+00
2.171000000000000000e+03,0.000000000000000000e+00
2.172000000000000000e+03,0.000000000000000000e+00
2.173000000000000000e+03,0.000000000000000000e+00
2.174000000000000000e+03,0.000000000000000000e+00
2.175000000000000000e+03,0.000000000000000000e+00
2.176000000000000000e+03,0.000000000000000000e+00
2.177000000000000000e+03,0.000000000000000000e+00
2.178000000000000000e+03,0.000000000000000000e+00
2.179000000000000000e+03,0.000000000000000000e+00
2.180000000000000000e+03,0.000000000000000000e+00
2.181000000000000000e+03,0.000000000000000000e+00
2.182000000000000000e+03,0.000000000000000000e+00
2.183000000000000000e+03,0.000000000000000000e+00
2.184000000000000000e+03,0.000000000000000000e+00
2.185000000000000000e+03,0.000000000000000000e+00
2.186000000000000000e+03,0.000000000000000000e+00
2.187000000000000000e+03,0.000000000000000000e+00
2.188000000000000000e+03,0.000000000000000000e+00
2.189000000000000000e+03,0.000000000000000000e+00
2.190000000000000000e+03,0.000000000000000000e+00
2.191000000000000000e+03,0.000000000000000000e+00
2.192000000000000000e+03,0.000000000000000000e+00
2.193000000000000000e+03,0.000000000000000000e+00
2.194000000000000000e+03,0.000000000000000000e+00
2.195000000000000000e+03,0.000000000000000000e+00
2.196000000000000000e+03,0.000000000000000000e+00
2.197000000000000000e+03,0.000000000000000000e+00
2.198000000000000000e+03,0.000000000000000000e+00
2.199000000000000000e+03,0.000000000000000000e+00
2.200000000000000000e+03,0.000000000000000000e+00
2.201000000000000000e+03,0.000000000000000000e+00
2.202000000000000000e+03,0.000000000000000000e+00
2.203000000000000000e+03,0.000000000000000000e+00
2.204000000000000000e+03,0.000000000000000000e+00
2.205000000000000000e+03,0.000000000000000000e+00
2.206000000000000000e+03,0.000000000000000000e+00
2.207000000000000000e+03,0.000000000000000000e+00
2.208000000000000000e+03,0.000000000000000000e+00
2.209000000000000000e+03,0.000000000000000000e+00
2.210000000000000000e+03,0.000000000000000000e+00
2.211000000000000000e+03,0.000000000000000000e+00
2.212000000000000000e+03,0.000000000000000000e+00
2.213000000000000000e+03,0.000000000000000000e+00
2.214000000000000000e+03,0.000000000000000000e+00
2.215000000000000000e+03,0.000000000000000000e+00
2.216000000000000000e+03,0.000000000000000000e+00
2.217000000000000000e+03,0.000000000000000000e+00
2.218000000000000000e+03,0.000000000000000000e+00
2.219000000000000000e+03,0.000000000000000000e+00
2.220000000000000000e+03,0.000000000000000000e+00
2.221000000000000000e+03,0.000000000000000000e+00
2.222000000000000000e+03,0.000000000000000000e+00
2.223000000000000000e+03,0.000000000000000000e+00
2.224000000000000000e+03,0.000000000000000000e+00
2.225000000000000000e+03,0.000000000000000000e+00
2.226000000000000000e+03,0.000000000000000000e+00
2.227000000000000000e+03,0.000000000000000000e+00
2.228000000000000000e+03,0.000000000000000000e+00
2.229000000000000000e+03,0.000000000000000000e+00
2.230000000000000000e+03,0.000000000000000000e+00
2.231000000000000000e+03,0.000000000000000000e+00
2.232000000000000000e+03,0.000000000000000000e+00
2.233000000000000000e+03,0.000000000000000000e+00
2.234000000000000000e+03,0.000000000000000000e+00
2.235000000000000000e+03,0.000000000000000000e+00
2.236000000000000000e+03,0.000000000000000000e+00
2.237000000000000000e+03,0.000000000000000000e+00
2.238000000000000000e+03,0.000000000000000000e+00
2.239000000000000000e+03,0.000000000000000000e+00
2.240000000000000000e+03,0.000000000000000000e+00
2.241000000000000000e+03,0.000000000000000000e+00
2.242000000000000000e+03,0.000000000000000000e+00
2.243000000000000000e+03,0.000000000000000000e+00
2.244000000000000000e+03,0.000000000000000000e+00
2.245000000000000000e+03,0.000000000000000000e+00
2.246000000000000000e+03,0.000000000000000000e+00
2.247000000000000000e+03,0.000000000000000000e+00
2.248000000000000000e+03,0.000000000000000000e+00
2.249000000000000000e+03,0.000000000000000000e+00
2.250000000000000000e+03,0.000000000000000000e+00
2.251000000000000000e+03,0.000000000000000000e+00
2.252000000000000000e+03,0.000000000000000000e+00
2.253000000000000000e+03,0.000000000000000000e+00
2.254000000000000000e+03,0.000000000000000000e+00
2.255000000000000000e+03,0.000000000000000000e+00
2.256000000000000000e+03,0.000000000000000000e+00
2.257000000000000000e+03,0.000000000000000000e+00
2.258000000000000000e+03,0.000000000000000000e+00
2.259000000000000000e+03,0.000000000000000000e+00
2.260000000000000000e+03,0.000000000000000000e+00
2.261000000000000000e+03,0.000000000000000000e+00
2.262000000000000000e+03,0.000000000000000000e+00
2.263000000000000000e+03,0.000000000000000000e+00
2.264000000000000000e+03,0.000000000000000000e+00
2.265000000000000000e+03,0.000000000000000000e+00
2.266000000000000000e+03,0.000000000000000000e+00
2.267000000000000000e+03,0.000000000000000000e+00
2.268000000000000000e+03,0.000000000000000000e+00
2.269000000000000000e+03,0.000000000000000000e+00
2.270000000000000000e+03,0.000000000000000000e+00
2.271000000000000000e+03,0.000000000000000000e+00
2.272000000000000000e+03,0.000000000000000000e+00
2.273000000000000000e+03,0.000000000000000000e+00
2.274000000000000000e+03,0.000000000000000000e+00
2.275000000000000000e+03,0.000000000000000000e+00
2.276000000000000000e+03,0.000000000000000000e+00
2.277000000000000000e+03,0.000000000000000000e+00
2.278000000000000000e+03,0.000000000000000000e+00
2.279000000000000000e+03,0.000000000000000000e+00
2.280000000000000000e+03,0.000000000000000000e+00
2.281000000000000000e+03,0.000000000000000000e+00
2.282000000000000000e+03,0.000000000000000000e+00
2.283000000000000000e+03,0.000000000000000000e+00
2.284000000000000000e+03,0.000000000000000000e+00
2.285000000000000000e+03,0.000000000000000000e+00
2.286000000000000000e+03,0.000000000000000000e+00
2.287000000000000000e+03,0.000000000000000000e+00
2.288000000000000000e+03,0.000000000000000000e+00
2.289000000000000000e+03,0.000000000000000000e+00
2.290000000000000000e+03,0.000000000000000000e+00
2.291000000000000000e+03,0.000000000000000000e+00
2.292000000000000000e+03,0.000000000000000000e+00
2.293000000000000000e+03,0.000000000000000000e+00
2.294000000000000000e+03,0.000000000000000000e+00
2.295000000000000000e+03,0.000000000000000000e+00
2.296000000000000000e+03,0.000000000000000000e+00
2.297000000000000000e+03,0.000000000000000000e+00
2.298000000000000000e+03,0.000000000000000000e+00
2.299000000000000000e+03,0.000000000000000000e+00
2.300000000000000000e+03,0.000000000000000000e+00
2.301000000000000000e+03,0.000000000000000000e+00
2.302000000000000000e+03,0.000000000000000000e+00
2.303000000000000000e+03,0.000000000000000000e+00
2.304000000000000000e+03,0.000000000000000000e+00
2.305000000000000000e+03,0.000000000000000000e+00
2.306000000000000000e+03,0.000000000000000000e+00
2.307000000000000000e+03,0.000000000000000000e+00
2.308000000000000000e+03,0.000000000000000000e+00
2.309000000000000000e+03,0.000000000000000000e+00
2.310000000000000000e+03,0.000000000000000000e+00
2.311000000000000000e+03,0.000000000000000000e+00
2.312000000000000000e+03,0.000000000000000000e+00
2.313000000000000000e+03,0.000000000000000000e+00
2.314000000000000000e+03,0.000000000000000000e+00
2.315000000000000000e+03,0.000000000000000000e+00
2.316000000000000000e+03,0.000000000000000000e+00
2.317000000000000000e+03,0.000000000000000000e+00
2.318000000000000000e+03,0.000000000000000000e+00
2.319000000000000000e+03,0.000000000000000000e+00
2.320000000000000000e+03,0.000000000000000000e+00
2.321000000000000000e+03,0.000000000000000000e+00
2.322000000000000000e+03,0.000000000000000000e+00
2.323000000000000000e+03,0.000000000000000000e+00
2.324000000000000000e+03,0.000000000000000000e+00
2.325000000000000000e+03,0.000000000000000000e+00
2.326000000000000000e+03,0.000000000000000000e+00
2.327000000000000000e+03,0.000000000000000000e+00
2.328000000000000000e+03,0.000000000000000000e+00
2.329000000000000000e+03,0.000000000000000000e+00
2.330000000000000000e+03,0.000000000000000000e+00
2.331000000000000000e+03,0.000000000000000000e+00
2.332000000000000000e+03,0.000000000000000000e+00
2.333000000000000000e+03,0.000000000000000000e+00
2.334000000000000000e+03,0.000000000000000000e+00
2.335000000000000000e+03,0.000000000000000000e+00
2.336000000000000000e+03,0.000000000000000000e+00
2.337000000000000000e+03,0.000000000000000000e+00
2.338000000000000000e+03,0.000000000000000000e+00
2.339000000000000000e+03,0.000000000000000000e+00
2.340000000000000000e+03,0.000000000000000000e+00
2.341000000000000000e+03,0.000000000000000000e+00
2.342000000000000000e+03,0.000000000000000000e+00
2.343000000000000000e+03,0.000000000000000000e+00
2.344000000000000000e+03,0.000000000000000000e+00
2.345000000000000000e+03,0.000000000000000000e+00
2.346000000000000000e+03,0.000000000000000000e+00
2.347000000000000000e+03,0.000000000000000000e+00
2.348000000000000000e+03,0.000000000000000000e+00
2.349000000000000000e+03,0.000000000000000000e+00
2.350000000000000000e+03,0.000000000000000000e+00
2.351000000000000000e+03,0.000000000000000000e+00
2.352000000000000000e+03,0.000000000000000000e+00
2.353000000000000000e+03,0.000000000000000000e+00
2.354000000000000000e+03,0.000000000000000000e+00
2.355000000000000000e+03,0.000000000000000000e+00
2.356000000000000000e+03,0.000000000000000000e+00
2.357000000000000000e+03,0.000000000000000000e+00
2.358000000000000000e+03,0.000000000000000000e+00
2.359000000000000000e+03,0.000000000000000000e+00
2.360000000000000000e+03,0.000000000000000000e+00
2.361000000000000000e+03,0.000000000000000000e+00
2.362000000000000000e+03,0.000000000000000000e+00
2.363000000000000000e+03,0.000000000000000000e+00
2.364000000000000000e+03,0.000000000000000000e+00
2.365000000000000000e+03,0.000000000000000000e+00
2.366000000000000000e+03,0.000000000000000000e+00
2.367000000000000000e+03,0.000000000000000000e+00
2.368000000000000000e+03,0.000000000000000000e+00
2.369000000000000000e+03,0.000000000000000000e+00
2.370000000000000000e+03,0.000000000000000000e+00
2.371000000000000000e+03,0.000000000000000000e+00
2.372000000000000000e+03,0.000000000000000000e+00
2.373000000000000000e+03,0.000000000000000000e+00
2.374000000000000000e+03,0.000000000000000000e+00
2.375000000000000000e+03,0.000000000000000000e+00
2.376000000000000000e+03,0.000000000000000000e+00
2.377000000000000000e+03,0.000000000000000000e+00
2.378000000000000000e+03,0.000000000000000000e+00
2.379000000000000000e+03,0.000000000000000000e+00
2.380000000000000000e+03,0.000000000000000000e+00
2.381000000000000000e+03,0.000000000000000000e+00
2.382000000000000000e+03,0.000000000000000000e+00
2.383000000000000000e+03,0.000000000000000000e+00
2.384000000000000000e+03,0.000000000000000000e+00
2.385000000000000000e+03,0.000000000000000000e+00
2.386000000000000000e+03,0.000000000000000000e+00
2.387000000000000000e+03,0.000000000000000000e+00
2.388000000000000000e+03,0.000000000000000000e+00
2.389000000000000000e+03,0.000000000000000000e+00
2.390000000000000000e+03,0.000000000000000000e+00
2.391000000000000000e+03,0.000000000000000000e+00
2.392000000000000000e+03,0.000000000000000000e+00
2.393000000000000000e+03,0.000000000000000000e+00
2.394000000000000000e+03,0.000000000000000000e+00
2.395000000000000000e+03,0.000000000000000000e+00
2.396000000000000000e+03,0.000000000000000000e+00
2.397000000000000000e+03,0.000000000000000000e+00
2.398000000000000000e+03,0.000000000000000000e+00
2.399000000000000000e+03,0.000000000000000000e+00
2.400000000000000000e+03,0.000000000000000000e+00
2.401000000000000000e+03,0.000000000000000000e+00
2.402000000000000000e+03,0.000000000000000000e+00
2.403000000000000000e+03,0.000000000000000000e+00
2.404000000000000000e+03,0.000000000000000000e+00
2.405000000000000000e+03,0.000000000000000000e+00
2.406000000000000000e+03,0.000000000000000000e+00
2.407000000000000000e+03,0.000000000000000000e+00
2.408000000000000000e+03,0.000000000000000000e+00
2.409000000000000000e+03,0.000000000000000000e+00
2.410000000000000000e+03,0.000000000000000000e+00
2.411000000000000000e+03,0.000000000000000000e+00
2.412000000000000000e+03,0.000000000000000000e+00
2.413000000000000000e+03,0.000000000000000000e+00
2.414000000000000000e+03,0.000000000000000000e+00
2.415000000000000000e+03,0.000000000000000000e+00
2.416000000000000000e+03,0.000000000000000000e+00
2.417000000000000000e+03,0.000000000000000000e+00
2.418000000000000000e+03,0.000000000000000000e+00
2.419000000000000000e+03,0.000000000000000000e+00
2.420000000000000000e+03,0.000000000000000000e+00
2.421000000000000000e+03,0.000000000000000000e+00
2.422000000000000000e+03,0.000000000000000000e+00
2.423000000000000000e+03,0.000000000000000000e+00
2.424000000000000000e+03,0.000000000000000000e+00
2.425000000000000000e+03,0.000000000000000000e+00
2.426000000000000000e+03,0.000000000000000000e+00
2.427000000000000000e+03,0.000000000000000000e+00
2.428000000000000000e+03,0.000000000000000000e+00
2.429000000000000000e+03,0.000000000000000000e+00
2.430000000000000000e+03,0.000000000000000000e+00
2.431000000000000000e+03,0.000000000000000000e+00
2.432000000000000000e+03,0.000000000000000000e+00
2.433000000000000000e+03,0.000000000000000000e+00
2.434000000000000000e+03,0.000000000000000000e+00
2.435000000000000000e+03,0.000000000000000000e+00
2.436000000000000000e+03,0.000000000000000000e+00
2.437000000000000000e+03,0.000000000000000000e+00
2.438000000000000000e+03,0.000000000000000000e+00
2.439000000000000000e+03,0.000000000000000000e+00
2.440000000000000000e+03,0.000000000000000000e+00
2.441000000000000000e+03,0.000000000000000000e+00
2.442000000000000000e+03,0.000000000000000000e+00
2.443000000000000000e+03,0.000000000000000000e+00
2.444000000000000000e+03,0.000000000000000000e+00
2.445000000000000000e+03,0.000000000000000000e+00
2.446000000000000000e+03,0.000000000000000000e+00
2.447000000000000000e+03,0.000000000000000000e+00
2.448000000000000000e+03,0.000000000000000000e+00
2.449000000000000000e+03,0.000000000000000000e+00
2.450000000000000000e+03,0.000000000000000000e+00
2.451000000000000000e+03,0.000000000000000000e+00
2.452000000000000000e+03,0.000000000000000000e+00
2.453000000000000000e+03,0.000000000000000000e+00
2.454000000000000000e+03,0.000000000000000000e+00
2.455000000000000000e+03,0.000000000000000000e+00
2.456000000000000000e+03,0.000000000000000000e+00
2.457000000000000000e+03,0.000000000000000000e+00
2.458000000000000000e+03,0.000000000000000000e+00
2.459000000000000000e+03,0.000000000000000000e+00
2.460000000000000000e+03,0.000000000000000000e+00
2.461000000000000000e+03,0.000000000000000000e+00
2.462000000000000000e+03,0.000000000000000000e+00
2.463000000000000000e+03,0.000000000000000000e+00
2.464000000000000000e+03,0.000000000000000000e+00
2.465000000000000000e+03,0.000000000000000000e+00
2.466000000000000000e+03,0.000000000000000000e+00
2.467000000000000000e+03,0.000000000000000000e+00
2.468000000000000000e+03,0.000000000000000000e+00
2.469000000000000000e+03,0.000000000000000000e+00
2.470000000000000000e+03,0.000000000000000000e+00
2.471000000000000000e+03,0.000000000000000000e+00
2.472000000000000000e+03,0.000000000000000000e+00
2.473000000000000000e+03,0.000000000000000000e+00
2.474000000000000000e+03,0.000000000000000000e+00
2.475000000000000000e+03,0.000000000000000000e+00
2.476000000000000000e+03,0.000000000000000000e+00
2.477000000000000000e+03,0.000000000000000000e+00
2.478000000000000000e+03,0.000000000000000000e+00
2.479000000000000000e+03,0.000000000000000000e+00
2.480000000000000000e+03,0.000000000000000000e+00
2.481000000000000000e+03,0.000000000000000000e+00
2.482000000000000000e+03,0.000000000000000000e+00
2.483000000000000000e+03,0.000000000000000000e+00
2.484000000000000000e+03,0.000000000000000000e+00
2.485000000000000000e+03,0.000000000000000000e+00
2.486000000000000000e+03,0.000000000000000000e+00
2.487000000000000000e+03,0.000000000000000000e+00
2.488000000000000000e+03,0.000000000000000000e+00
2.489000000000000000e+03,0.000000000000000000e+00
2.490000000000000000e+03,0.000000000000000000e+00
2.491000000000000000e+03,0.000000000000000000e+00
2.492000000000000000e+03,0.000000000000000000e+00
2.493000000000000000e+03,0.000000000000000000e+00
2.494000000000000000e+03,0.000000000000000000e+00
2.495000000000000000e+03,0.000000000000000000e+00
2.496000000000000000e+03,0.000000000000000000e+00
2.497000000000000000e+03,0.000000000000000000e+00
2.498000000000000000e+03,0.000000000000000000e+00
2.499000000000000000e+03,0.000000000000000000e+00
2.500000000000000000e+03,0.000000000000000000e+00
2.501000000000000000e+03,0.000000000000000000e+00
2.502000000000000000e+03,0.000000000000000000e+00
2.503000000000000000e+03,0.000000000000000000e+00
2.504000000000000000e+03,0.000000000000000000e+00
2.505000000000000000e+03,0.000000000000000000e+00
2.506000000000000000e+03,0.000000000000000000e+00
2.507000000000000000e+03,0.000000000000000000e+00
2.508000000000000000e+03,0.000000000000000000e+00
2.509000000000000000e+03,0.000000000000000000e+00
2.510000000000000000e+03,0.000000000000000000e+00
2.511000000000000000e+03,0.000000000000000000e+00
2.512000000000000000e+03,0.000000000000000000e+00
2.513000000000000000e+03,0.000000000000000000e+00
2.514000000000000000e+03,0.000000000000000000e+00
2.515000000000000000e+03,0.000000000000000000e+00
2.516000000000000000e+03,0.000000000000000000e+00
2.517000000000000000e+03,0.000000000000000000e+00
2.518000000000000000e+03,0.000000000000000000e+00
2.519000000000000000e+03,0.000000000000000000e+00
2.520000000000000000e+03,0.000000000000000000e+00
2.521000000000000000e+03,0.000000000000000000e+00
2.522000000000000000e+03,0.000000000000000000e+00
2.523000000000000000e+03,0.000000000000000000e+00
2.524000000000000000e+03,0.000000000000000000e+00
2.525000000000000000e+03,0.000000000000000000e+00
2.526000000000000000e+03,0.000000000000000000e+00
2.527000000000000000e+03,0.000000000000000000e+00
2.528000000000000000e+03,0.000000000000000000e+00
2.529000000000000000e+03,0.000000000000000000e+00
2.530000000000000000e+03,0.000000000000000000e+00
2.531000000000000000e+03,0.000000000000000000e+00
2.532000000000000000e+03,0.000000000000000000e+00
2.533000000000000000e+03,0.000000000000000000e+00
2.534000000000000000e+03,0.000000000000000000e+00
2.535000000000000000e+03,0.000000000000000000e+00
2.536000000000000000e+03,0.000000000000000000e+00
2.537000000000000000e+03,0.000000000000000000e+00
2.538000000000000000e+03,0.000000000000000000e+00
2.539000000000000000e+03,0.000000000000000000e+00
2.540000000000000000e+03,0.000000000000000000e+00
2.541000000000000000e+03,0.000000000000000000e+00
2.542000000000000000e+03,0.000000000000000000e+00
2.543000000000000000e+03,0.000000000000000000e+00
2.544000000000000000e+03,0.000000000000000000e+00
2.545000000000000000e+03,0.000000000000000000e+00
2.546000000000000000e+03,0.000000000000000000e+00
2.547000000000000000e+03,0.000000000000000000e+00
2.548000000000000000e+03,0.000000000000000000e+00
2.549000000000000000e+03,0.000000000000000000e+00
2.550000000000000000e+03,0.000000000000000000e+00
2.551000000000000000e+03,0.000000000000000000e+00
2.552000000000000000e+03,0.000000000000000000e+00
2.553000000000000000e+03,0.000000000000000000e+00
2.554000000000000000e+03,0.000000000000000000e+00
2.555000000000000000e+03,0.000000000000000000e+00
2.556000000000000000e+03,0.000000000000000000e+00
2.557000000000000000e+03,0.000000000000000000e+00
2.558000000000000000e+03,0.000000000000000000e+00
2.559000000000000000e+03,0.000000000000000000e+00
2.560000000000000000e+03,0.000000000000000000e+00
2.561000000000000000e+03,0.000000000000000000e+00
2.562000000000000000e+03,0.000000000000000000e+00
2.563000000000000000e+03,0.000000000000000000e+00
2.564000000000000000e+03,0.000000000000000000e+00
2.565000000000000000e+03,0.000000000000000000e+00
2.566000000000000000e+03,0.000000000000000000e+00
2.567000000000000000e+03,0.000000000000000000e+00
2.568000000000000000e+03,0.000000000000000000e+00
2.569000000000000000e+03,0.000000000000000000e+00
2.570000000000000000e+03,0.000000000000000000e+00
2.571000000000000000e+03,0.000000000000000000e+00
2.572000000000000000e+03,0.000000000000000000e+00
2.573000000000000000e+03,0.000000000000000000e+00
2.574000000000000000e+03,0.000000000000000000e+00
2.575000000000000000e+03,0.000000000000000000e+00
2.576000000000000000e+03,0.000000000000000000e+00
2.577000000000000000e+03,0.000000000000000000e+00
2.578000000000000000e+03,0.000000000000000000e+00
2.579000000000000000e+03,0.000000000000000000e+00
2.580000000000000000e+03,0.000000000000000000e+00
2.581000000000000000e+03,0.000000000000000000e+00
2.582000000000000000e+03,0.000000000000000000e+00
2.583000000000000000e+03,0.000000000000000000e+00
2.584000000000000000e+03,0.000000000000000000e+00
2.585000000000000000e+03,0.000000000000000000e+00
2.586000000000000000e+03,0.000000000000000000e+00
2.587000000000000000e+03,0.000000000000000000e+00
2.588000000000000000e+03,0.000000000000000000e+00
2.589000000000000000e+03,0.000000000000000000e+00
2.590000000000000000e+03,0.000000000000000000e+00
2.591000000000000000e+03,0.000000000000000000e+00
2.592000000000000000e+03,0.000000000000000000e+00
2.593000000000000000e+03,0.000000000000000000e+00
2.594000000000000000e+03,0.000000000000000000e+00
2.595000000000000000e+03,0.000000000000000000e+00
2.596000000000000000e+03,0.000000000000000000e+00
2.597000000000000000e+03,0.000000000000000000e+00
2.598000000000000000e+03,0.000000000000000000e+00
2.599000000000000000e+03,0.000000000000000000e+00
2.600000000000000000e+03,0.000000000000000000e+00
2.601000000000000000e+03,0.000000000000000000e+00
2.602000000000000000e+03,0.000000000000000000e+00
2.603000000000000000e+03,0.000000000000000000e+00
2.604000000000000000e+03,0.000000000000000000e+00
2.605000000000000000e+03,0.000000000000000000e+00
2.606000000000000000e+03,0.000000000000000000e+00
2.607000000000000000e+03,0.000000000000000000e+00
2.608000000000000000e+03,0.000000000000000000e+00
2.609000000000000000e+03,0.000000000000000000e+00
2.610000000000000000e+03,0.000000000000000000e+00
2.611000000000000000e+03,0.000000000000000000e+00
2.612000000000000000e+03,0.000000000000000000e+00
2.613000000000000000e+03,0.000000000000000000e+00
2.614000000000000000e+03,0.000000000000000000e+00
2.615000000000000000e+03,0.000000000000000000e+00
2.616000000000000000e+03,0.000000000000000000e+00
2.617000000000000000e+03,0.000000000000000000e+00
2.618000000000000000e+03,0.000000000000000000e+00
2.619000000000000000e+03,0.000000000000000000e+00
2.620000000000000000e+03,0.000000000000000000e+00
2.621000000000000000e+03,0.000000000000000000e+00
2.622000000000000000e+03,0.000000000000000000e+00
2.623000000000000000e+03,0.000000000000000000e+00
2.624000000000000000e+03,0.000000000000000000e+00
2.625000000000000000e+03,0.000000000000000000e+00
2.626000000000000000e+03,0.000000000000000000e+00
2.627000000000000000e+03,0.000000000000000000e+00
2.628000000000000000e+03,0.000000000000000000e+00
2.629000000000000000e+03,0.000000000000000000e+00
2.630000000000000000e+03,0.000000000000000000e+00
2.631000000000000000e+03,0.000000000000000000e+00
2.632000000000000000e+03,0.000000000000000000e+00
2.633000000000000000e+03,0.000000000000000000e+00
2.634000000000000000e+03,0.000000000000000000e+00
2.635000000000000000e+03,0.000000000000000000e+00
2.636000000000000000e+03,0.000000000000000000e+00
2.637000000000000000e+03,0.000000000000000000e+00
2.638000000000000000e+03,0.000000000000000000e+00
2.639000000000000000e+03,0.000000000000000000e+00
2.640000000000000000e+03,0.000000000000000000e+00
2.641000000000000000e+03,0.000000000000000000e+00
2.642000000000000000e+03,0.000000000000000000e+00
2.643000000000000000e+03,0.000000000000000000e+00
2.644000000000000000e+03,0.000000000000000000e+00
2.645000000000000000e+03,0.000000000000000000e+00
2.646000000000000000e+03,0.000000000000000000e+00
2.647000000000000000e+03,0.000000000000000000e+00
2.648000000000000000e+03,0.000000000000000000e+00
2.649000000000000000e+03,0.000000000000000000e+00
2.650000000000000000e+03,0.000000000000000000e+00
2.651000000000000000e+03,0.000000000000000000e+00
2.652000000000000000e+03,0.000000000000000000e+00
2.653000000000000000e+03,0.000000000000000000e+00
2.654000000000000000e+03,0.000000000000000000e+00
2.655000000000000000e+03,0.000000000000000000e+00
2.656000000000000000e+03,0.000000000000000000e+00
2.657000000000000000e+03,0.000000000000000000e+00
2.658000000000000000e+03,0.000000000000000000e+00
2.659000000000000000e+03,0.000000000000000000e+00
2.660000000000000000e+03,0.000000000000000000e+00
2.661000000000000000e+03,0.000000000000000000e+00
2.662000000000000000e+03,0.000000000000000000e+00
2.663000000000000000e+03,0.000000000000000000e+00
2.664000000000000000e+03,0.000000000000000000e+00
2.665000000000000000e+03,0.000000000000000000e+00
2.666000000000000000e+03,0.000000000000000000e+00
2.667000000000000000e+03,0.000000000000000000e+00
2.668000000000000000e+03,0.000000000000000000e+00
2.669000000000000000e+03,0.000000000000000000e+00
2.670000000000000000e+03,0.000000000000000000e+00
2.671000000000000000e+03,0.000000000000000000e+00
2.672000000000000000e+03,0.000000000000000000e+00
2.673000000000000000e+03,0.000000000000000000e+00
2.674000000000000000e+03,0.000000000000000000e+00
2.675000000000000000e+03,0.000000000000000000e+00
2.676000000000000000e+03,0.000000000000000000e+00
2.677000000000000000e+03,0.000000000000000000e+00
2.678000000000000000e+03,0.000000000000000000e+00
2.679000000000000000e+03,0.000000000000000000e+00
2.680000000000000000e+03,0.000000000000000000e+00
2.681000000000000000e+03,0.000000000000000000e+00
2.682000000000000000e+03,0.000000000000000000e+00
2.683000000000000000e+03,0.000000000000000000e+00
2.684000000000000000e+03,0.000000000000000000e+00
2.685000000000000000e+03,0.000000000000000000e+00
2.686000000000000000e+03,0.000000000000000000e+00
2.687000000000000000e+03,0.000000000000000000e+00
2.688000000000000000e+03,0.000000000000000000e+00
2.689000000000000000e+03,0.000000000000000000e+00
2.690000000000000000e+03,0.000000000000000000e+00
2.691000000000000000e+03,0.000000000000000000e+00
2.692000000000000000e+03,0.000000000000000000e+00
2.693000000000000000e+03,0.000000000000000000e+00
2.694000000000000000e+03,0.000000000000000000e+00
2.695000000000000000e+03,0.000000000000000000e+00
2.696000000000000000e+03,0.000000000000000000e+00
2.697000000000000000e+03,0.000000000000000000e+00
2.698000000000000000e+03,0.000000000000000000e+00
2.699000000000000000e+03,0.000000000000000000e+00
2.700000000000000000e+03,2.220446049250313081e-16
2.701000000000000000e+03,2.220446049250313081e-16
2.702000000000000000e+03,2.220446049250313081e-16
2.703000000000000000e+03,4.440892098500626162e-16
2.704000000000000000e+03,6.661338147750939243e-16
2.705000000000000000e+03,1.110223024625156540e-15
2.706000000000000000e+03,1.776356839400250465e-15
2.707000000000000000e+03,2.664535259100375697e-15
2.708000000000000000e+03,4.218847493575594854e-15
2.709000000000000000e+03,6.661338147750939243e-15
2.710000000000000000e+03,1.043609643147647148e-14
2.711000000000000000e+03,1.620925615952728549e-14
2.712000000000000000e+03,2.531308496145356912e-14
2.713000000000000000e+03,3.952393967665557284e-14
2.714000000000000000e+03,6.106226635438360972e-14
2.715000000000000000e+03,9.414691248821327463e-14
2.716000000000000000e+03,1.447730824111204129e-13
2.717000000000000000e+03,2.218225603201062768e-13
2.718000000000000000e+03,3.390621117205228074e-13
2.719000000000000000e+03,5.164757510556228226e-13
2.720000000000000000e+03,7.840394999902855488e-13
2.721000000000000000e+03,1.186606368719367310e-12
2.722000000000000000e+03,1.790123604905602406e-12
2.723000000000000000e+03,2.692068790111079579e-12
2.724000000000000000e+03,4.035216605302593962e-12
2.725000000000000000e+03,6.029399202134300140e-12
2.726000000000000000e+03,8.980594046192891255e-12
2.727000000000000000e+03,1.333333443653827999e-11
2.728000000000000000e+03,1.973243790587275726e-11
2.729000000000000000e+03,2.910960361646175443e-11
2.730000000000000000e+03,4.280553689284261054e-11
2.731000000000000000e+03,6.274425423669072188e-11
2.732000000000000000e+03,9.167666625842230133e-11
2.733000000000000000e+03,1.335223043241740015e-10
2.734000000000000000e+03,1.938469385009966572e-10
2.735000000000000000e+03,2.805267129701860540e-10
2.736000000000000000e+03,4.046687429593021079e-10
2.737000000000000000e+03,5.818825421499695949e-10
2.738000000000000000e+03,8.340295121200824724e-10
2.739000000000000000e+03,1.191619691809364667e-09
2.740000000000000000e+03,1.697087359531224138e-09
2.741000000000000000e+03,2.409245025702944076e-09
2.742000000000000000e+03,3.409321935876619136e-09
2.743000000000000000e+03,4.809116660453582881e-09
2.744000000000000000e+03,6.761964321810864931e-09
2.745000000000000000e+03,9.477432394433549234e-09
2.746000000000000000e+03,1.324093856780450551e-08
2.747000000000000000e+03,1.843983832294782133e-08
2.748000000000000000e+03,2.559798040202565517e-08
2.749000000000000000e+03,3.542130477818261625e-08
2.750000000000000000e+03,4.885777316054884523e-08
2.751000000000000000e+03,6.717582978765790358e-08
2.752000000000000000e+03,9.206672046957464772e-08
2.753000000000000000e+03,1.257773873941658849e-07
2.754000000000000000e+03,1.712823956001585657e-07
2.755000000000000000e+03,2.325054582197338959e-07
2.756000000000000000e+03,3.146037141910085211e-07
2.757000000000000000e+03,4.243310478546646891e-07
2.758000000000000000e+03,5.705005268197282930e-07
2.759000000000000000e+03,7.645705601966312770e-07
2.760000000000000000e+03,1.021384780530709691e-06
2.761000000000000000e+03,1.360102038772126321e-06
2.762000000000000000e+03,1.805360399620425937e-06
2.763000000000000000e+03,2.388727773805499055e-06
2.764000000000000000e+03,3.150501952875472966e-06
2.765000000000000000e+03,4.141934432988492176e-06
2.766000000000000000e+03,5.427965658277855709e-06
2.767000000000000000e+03,7.090574245305347745e-06
2.768000000000000000e+03,9.232859440988505639e-06
2.769000000000000000e+03,1.198399450719200843e-05
2.770000000000000000e+03,1.550520888371487160e-05
2.771000000000000000e+03,1.999697871957195616e-05
2.772000000000000000e+03,2.570762846376695165e-05
2.773000000000000000e+03,3.294357035854567073e-05
2.774000000000000000e+03,4.208143341521974889e-05
2.775000000000000000e+03,5.358235820640544489e-05
2.776000000000000000e+03,6.800875781487469851e-05
2.777000000000000000e+03,8.604386767285809867e-05
2.778000000000000000e+03,1.085144267003457230e-04
2.779000000000000000e+03,1.364168479389693545e-04
2.780000000000000000e+03,1.709472473845341511e-04
2.781000000000000000e+03,2.135357035089047173e-04
2.782000000000000000e+03,2.658851154830887964e-04
2.783000000000000000e+03,3.300150138574320380e-04
2.784000000000000000e+03,4.083106519321422212e-04
2.785000000000000000e+03,5.035776679973569259e-04
2.786000000000000000e+03,6.191025569932673278e-04
2.787000000000000000e+03,7.587191243301205645e-04
2.788000000000000000e+03,9.268810145035555337e-04
2.789000000000000000e+03,1.128740313318665756e-03
2.790000000000000000e+03,1.370232116302716463e-03
2.791000000000000000e+03,1.658164839464904006e-03
2.792000000000000000e+03,2.000315925116069593e-03
2.793000000000000000e+03,2.405532469091031800e-03
2.794000000000000000e+03,2.883836171554854388e-03
2.795000000000000000e+03,3.446531897546512013e-03
2.796000000000000000e+03,4.106319032198824104e-03
2.797000000000000000e+03,4.877404736371326877e-03
2.798000000000000000e+03,5.775618158591067086e-03
2.799000000000000000e+03,6.818524646058365946e-03
2.800000000000000000e+03,8.025539027820993709e-03
2.801000000000000000e+03,9.418037123120059917e-03
2.802000000000000000e+03,1.101946476223858440e-02
2.803000000000000000e+03,1.285544379950942506e-02
2.804000000000000000e+03,1.495387485048582654e-02
2.805000000000000000e+03,1.734503679820154076e-02
2.806000000000000000e+03,2.006168348614956187e-02
2.807000000000000000e+03,2.313913844632398131e-02
2.808000000000000000e+03,2.661538899715343298e-02
2.809000000000000000e+03,3.053118158650125480e-02
2.810000000000000000e+03,3.493012084832214370e-02
2.811000000000000000e+03,3.985877548962357686e-02
2.812000000000000000e+03,4.536679483209904440e-02
2.813000000000000000e+03,5.150704061026312175e-02
2.814000000000000000e+03,5.833573949175341333e-02
2.815000000000000000e+03,6.591266276096852117e-02
2.816000000000000000e+03,7.430134073057725885e-02
2.817000000000000000e+03,8.356932076691103717e-02
2.818000000000000000e+03,9.378847940293755236e-02
2.819000000000000000e+03,1.050354009579128611e-01
2.820000000000000000e+03,1.173918375080871268e-01
2.821000000000000000e+03,1.309452681215281800e-01
2.822000000000000000e+03,1.457895792020686976e-01
2.823000000000000000e+03,1.620258928806517229e-01
2.824000000000000000e+03,1.797635770551175849e-01
2.825000000000000000e+03,1.991214794771907215e-01
2.826000000000000000e+03,2.202294400113586903e-01
2.827000000000000000e+03,2.432301509722747390e-01
2.828000000000000000e+03,2.682814569115858916e-01
2.829000000000000000e+03,2.955592147521144408e-01
2.830000000000000000e+03,3.252608762973343559e-01
2.831000000000000000e+03,3.576100132327455494e-01
2.832000000000000000e+03,3.928620880356625822e-01
2.833000000000000000e+03,4.313118956953874150e-01
2.834000000000000000e+03,4.733032816668156784e-01
2.835000000000000000e+03,5.192420153649608405e-01
2.836000000000000000e+03,5.696131238114154893e-01
2.837000000000000000e+03,6.250046679398082450e-01
2.838000000000000000e+03,6.861410569185424357e-01
2.839000000000000000e+03,7.539308851757529073e-01
2.840000000000000000e+03,8.295376108201060195e-01
2.841000000000000000e+03,9.144875481841190368e-01
2.842000000000000000e+03,1.010841625375819230e+00
2.843000000000000000e+03,1.121482203127186938e+00
2.844000000000000000e+03,1.250621960615411865e+00
2.845000000000000000e+03,1.404779626603491760e+00
2.846000000000000000e+03,1.594854523870313123e+00
2.847000000000000000e+03,1.841229368175435477e+00
2.848000000000000000e+03,2.189492081349158070e+00
2.849000000000000000e+03,2.783939474244834233e+00
2.850000000000000000e+03,3.000000000000000000e+00
2.851000000000000000e+03,2.811133440814471030e+00
2.852000000000000000e+03,2.203237875698014214e+00
2.853000000000000000e+03,1.850563130662052691e+00
2.854000000000000000e+03,1.602035617791310207e+00
2.855000000000000000e+03,1.410713348645061371e+00
2.856000000000000000e+03,1.255762740403390421e+00
2.857000000000000000e+03,1.126091626386124034e+00
2.858000000000000000e+03,1.015085199204222466e+00
2.859000000000000000e+03,9.184777210197474506e-01
2.860000000000000000e+03,8.333552972807023451e-01
2.861000000000000000e+03,7.576372222767560061e-01
2.862000000000000000e+03,6.897842773784326198e-01
2.863000000000000000e+03,6.286243452900646123e-01
2.864000000000000000e+03,5.732429164545116418e-01
2.865000000000000000e+03,5.229115104927315461e-01
2.866000000000000000e+03,4.770392767962909897e-01
2.867000000000000000e+03,4.351393162175349882e-01
2.868000000000000000e+03,3.968046617029958867e-01
2.869000000000000000e+03,3.616907776139084429e-01
2.870000000000000000e+03,3.295025682415884116e-01
2.871000000000000000e+03,2.999845741571154356e-01
2.872000000000000000e+03,2.729134663882186729e-01
2.873000000000000000e+03,2.480922259868905133e-01
2.874000000000000000e+03,2.253455793820073882e-01
2.875000000000000000e+03,2.045163828831186859e-01
2.876000000000000000e+03,1.854627339841032896e-01
2.877000000000000000e+03,1.680556458724267177e-01
2.878000000000000000e+03,1.521771631490660415e-01
2.879000000000000000e+03,1.377188266329774091e-01
2.880000000000000000e+03,1.245804168475785900e-01
2.881000000000000000e+03,1.126689217743876981e-01
2.882000000000000000e+03,1.018976863553475720e-01
2.883000000000000000e+03,9.218571016991439215e-02
2.884000000000000000e+03,8.345706650591400155e-02
2.885000000000000000e+03,7.564042125378866999e-02
2.886000000000000000e+03,6.866863409188339595e-02
2.887000000000000000e+03,6.247842759391408762e-02
2.888000000000000000e+03,5.701011239739228742e-02
2.889000000000000000e+03,5.220735858515568317e-02
2.890000000000000000e+03,4.801700507111461569e-02
2.891000000000000000e+03,4.438890013479346308e-02
2.892000000000000000e+03,4.127576738294291836e-02
2.893000000000000000e+03,3.863309237848611133e-02
2.894000000000000000e+03,3.641902600186708305e-02
2.895000000000000000e+03,3.459430132172847117e-02
2.896000000000000000e+03,3.312216136705359304e-02
2.897000000000000000e+03,3.196829572193160551e-02
2.898000000000000000e+03,3.110078431323737291e-02
2.899000000000000000e+03,3.049004713428882241e-02
2.900000000000000000e+03,3.010879894595186457e-02
2.901000000000000000e+03,2.993200822224717506e-02
2.902000000000000000e+03,2.993685976214854882e-02
2.903000000000000000e+03,3.010272047586837196e-02
2.904000000000000000e+03,3.041110787696665874e-02
2.905000000000000000e+03,3.084566077727934896e-02
2.906000000000000000e+03,3.139211159807886453e-02
2.907000000000000000e+03,3.203825958788875106e-02
2.908000000000000000e+03,3.277394408630462941e-02
2.909000000000000000e+03,3.359101680640264043e-02
2.910000000000000000e+03,3.448331193864517807e-02
2.911000000000000000e+03,3.544661271931603963e-02
2.912000000000000000e+03,3.647861296821797161e-02
2.913000000000000000e+03,3.757887199394560618e-02
2.914000000000000000e+03,3.874876119873249536e-02
2.915000000000000000e+03,3.999140069423390287e-02
2.916000000000000000e+03,4.131158426739545142e-02
2.917000000000000000e+03,4.271569111144168929e-02
2.918000000000000000e+03,4.421158285774695607e-02
2.919000000000000000e+03,4.580848460406028444e-02
2.920000000000000000e+03,4.751684882523843356e-02
2.921000000000000000e+03,4.934820126491779035e-02
2.922000000000000000e+03,5.131496813046010352e-02
2.923000000000000000e+03,5.343028413943762267e-02
2.924000000000000000e+03,5.570778118561436898e-02
2.925000000000000000e+03,5.816135759986162945e-02
2.926000000000000000e+03,6.080492817386340398e-02
2.927000000000000000e+03,6.365215529296608388e-02
2.928000000000000000e+03,6.671616169472227575e-02
2.929000000000000000e+03,7.000922554231125972e-02
2.930000000000000000e+03,7.354245869308084771e-02
2.931000000000000000e+03,7.732546927341954479e-02
2.932000000000000000e+03,8.136600996878784464e-02
2.933000000000000000e+03,8.566961383369187111e-02
2.934000000000000000e+03,9.023921995645878269e-02
2.935000000000000000e+03,9.507479201650803624e-02
2.936000000000000000e+03,1.001729336868351083e-01
2.937000000000000000e+03,1.055265059988608201e-01
2.938000000000000000e+03,1.111242532313629905e-01
2.939000000000000000e+03,1.169504456280734406e-01
2.940000000000000000e+03,1.229845492875325519e-01
2.941000000000000000e+03,1.292009358712677969e-01
2.942000000000000000e+03,1.355686472673991450e-01
2.943000000000000000e+03,1.420512328958150050e-01
2.944000000000000000e+03,1.486066797490654956e-01
2.945000000000000000e+03,1.551874572521427798e-01
2.946000000000000000e+03,1.617407002336077593e-01
2.947000000000000000e+03,1.682085532939010530e-01
2.948000000000000000e+03,1.745286981468863186e-01
2.949000000000000000e+03,1.806350816061674802e-01
2.950000000000000000e+03,1.864588553652073433e-01
2.951000000000000000e+03,1.919295293221643384e-01
2.952000000000000000e+03,1.969763279484793017e-01
2.953000000000000000e+03,2.015297245086440370e-01
2.954000000000000000e+03,2.055231116977140893e-01
2.955000000000000000e+03,2.088945508620658753e-01
2.956000000000000000e+03,2.115885272228319458e-01
2.957000000000000000e+03,2.135576274844630529e-01
2.958000000000000000e+03,2.147640508791865965e-01
2.959000000000000000e+03,2.151808666426122674e-01
2.960000000000000000e+03,2.147929409164275327e-01
2.961000000000000000e+03,2.135974738489763158e-01
2.962000000000000000e+03,2.116041117787714754e-01
2.963000000000000000e+03,2.088346273929542196e-01
2.964000000000000000e+03,2.053221895568895228e-01
2.965000000000000000e+03,2.011102708815892814e-01
2.966000000000000000e+03,1.962512622115168970e-01
2.967000000000000000e+03,1.908048771146624301e-01
2.968000000000000000e+03,1.848364352915561337e-01
2.969000000000000000e+03,1.784151118753920517e-01
2.970000000000000000e+03,1.716122310980618959e-01
2.971000000000000000e+03,1.644996695830378552e-01
2.972000000000000000e+03,1.571484186645339953e-01
2.973000000000000000e+03,1.496273385864548278e-01
2.974000000000000000e+03,1.420021218181699574e-01
2.975000000000000000e+03,1.343344691745773645e-01
2.976000000000000000e+03,1.266814715855562046e-01
2.977000000000000000e+03,1.190951824263271064e-01
2.978000000000000000e+03,1.116223601609214189e-01
2.979000000000000000e+03,1.043043583114013906e-01
2.980000000000000000e+03,9.717713897816948609e-02
2.981000000000000000e+03,9.027138680624102740e-02
2.982000000000000000e+03,8.361270195466996569e-02
2.983000000000000000e+03,7.722185288318361707e-02
2.984000000000000000e+03,7.111507230406899360e-02
2.985000000000000000e+03,6.530438222262535675e-02
2.986000000000000000e+03,5.979793644392050744e-02
2.987000000000000000e+03,5.460037115658122886e-02
2.988000000000000000e+03,4.971315616344962329e-02
2.989000000000000000e+03,4.513494099697079598e-02
2.990000000000000000e+03,4.086189154135944079e-02
2.991000000000000000e+03,3.688801390640095157e-02
2.992000000000000000e+03,3.320546319031714155e-02
2.993000000000000000e+03,2.980483546610313006e-02
2.994000000000000000e+03,2.667544186195658362e-02
2.995000000000000000e+03,2.380556401464173355e-02
2.996000000000000000e+03,2.118269048421295153e-02
2.997000000000000000e+03,1.879373395480032904e-02
2.998000000000000000e+03,1.662522923010700815e-02
2.999000000000000000e+03,1.466351218068084883e-02
3.000000000000000000e+03,1.289487992566873409e-02
3.001000000000000000e+03,1.130573264385037469e-02
3.002000000000000000e+03,9.882697513315052973e-03
3.003000000000000000e+03,8.612735379592839635e-03
3.004000000000000000e+03,7.483230849602007240e-03
3.005000000000000000e+03,6.482066603024971840e-03
3.006000000000000000e+03,5.597682802090719889e-03
3.007000000000000000e+03,4.819122562879973870e-03
3.008000000000000000e+03,4.136064523584392916e-03
3.009000000000000000e+03,3.538843604983021862e-03
3.010000000000000000e+03,3.018461103455161165e-03
3.011000000000000000e+03,2.566585285336930866e-03
3.012000000000000000e+03,2.175543662187973126e-03
3.013000000000000000e+03,1.838308119191500722e-03
3.014000000000000000e+03,1.548474043785219578e-03
3.015000000000000000e+03,1.300234559753254970e-03
3.016000000000000000e+03,1.088350915077640479e-03
3.017000000000000000e+03,9.081200019582791327e-04
3.018000000000000000e+03,7.553399070878707988e-04
3.019000000000000000e+03,6.262743021983041558e-04
3.020000000000000000e+03,5.176163918543252862e-04
3.021000000000000000e+03,4.264530401292265793e-04
3.022000000000000000e+03,3.502296027060314287e-04
3.023000000000000000e+03,2.867158983312911857e-04
3.024000000000000000e+03,2.339736653345081407e-04
3.025000000000000000e+03,1.903257666804325510e-04
3.026000000000000000e+03,1.543273318933557903e-04
3.027000000000000000e+03,1.247389570127044323e-04
3.028000000000000000e+03,1.005020249269517052e-04
3.029000000000000000e+03,8.071615813531884953e-05
3.030000000000000000e+03,6.461877405983251776e-05
3.031000000000000000e+03,5.156667910766188356e-05
3.032000000000000000e+03,4.101961122926489622e-05
3.033000000000000000e+03,3.252562106270673326e-05
3.034000000000000000e+03,2.570816816427345941e-05
3.035000000000000000e+03,2.025480050060757264e-05
3.036000000000000000e+03,1.590728154288179041e-05
3.037000000000000000e+03,1.245302917385338048e-05
3.038000000000000000e+03,9.717733480796297840e-06
3.039000000000000000e+03,7.559025673842256765e-06
3.040000000000000000e+03,5.861077269075920526e-06
3.041000000000000000e+03,4.530016744386244909e-06
3.042000000000000000e+03,3.490059695909764059e-06
3.043000000000000000e+03,2.680257707110555998e-06
3.044000000000000000e+03,2.051780370937450471e-06
3.045000000000000000e+03,1.565653963364610490e-06
3.046000000000000000e+03,1.190888952562474401e-06
3.047000000000000000e+03,9.029367067370230870e-07
3.048000000000000000e+03,6.824233762525722113e-07
3.049000000000000000e+03,5.141158767596465395e-07
3.050000000000000000e+03,3.860812078926301183e-07
3.051000000000000000e+03,2.890059815907619623e-07
3.052000000000000000e+03,2.156480407577987535e-07
3.053000000000000000e+03,1.603964370211485857e-07
3.054000000000000000e+03,1.189198712836514460e-07
3.055000000000000000e+03,8.788700345263578129e-08
3.056000000000000000e+03,6.474487546093143919e-08
3.057000000000000000e+03,4.754410309892875830e-08
3.058000000000000000e+03,3.480153831780796736e-08
3.059000000000000000e+03,2.539280918867348191e-08
3.060000000000000000e+03,1.846858332932299618e-08
3.061000000000000000e+03,1.338958011132262982e-08
3.062000000000000000e+03,9.676334622454874079e-09
3.063000000000000000e+03,6.970522825611169537e-09
3.064000000000000000e+03,5.005303060912069668e-09
3.065000000000000000e+03,3.582663277157394077e-09
3.066000000000000000e+03,2.556184375279713095e-09
3.067000000000000000e+03,1.817979322638052508e-09
3.068000000000000000e+03,1.288832152113172924e-09
3.069000000000000000e+03,9.107818943476786444e-10
3.070000000000000000e+03,6.415685760430278606e-10
3.071000000000000000e+03,4.504869810517675432e-10
3.072000000000000000e+03,3.153060035288035579e-10
3.073000000000000000e+03,2.199849191697467177e-10
3.074000000000000000e+03,1.529905091501859715e-10
3.075000000000000000e+03,1.060587173640215042e-10
3.076000000000000000e+03,7.328915252458045870e-11
3.077000000000000000e+03,5.048272910812556802e-11
3.078000000000000000e+03,3.466227305182201235e-11
3.079000000000000000e+03,2.372368967940019502e-11
3.080000000000000000e+03,1.618527534219538211e-11
3.081000000000000000e+03,1.100697311073872697e-11
3.082000000000000000e+03,7.461364859295827046e-12
3.083000000000000000e+03,5.041966844032685913e-12
3.084000000000000000e+03,3.395950187723428826e-12
3.085000000000000000e+03,2.280176047975146503e-12
3.086000000000000000e+03,1.526112569649740180e-12
3.087000000000000000e+03,1.018074513581268548e-12
3.088000000000000000e+03,6.770140004164204584e-13
3.089000000000000000e+03,4.487521465534882736e-13
3.090000000000000000e+03,2.966515921798418276e-13
3.091000000000000000e+03,1.953992523340275511e-13
3.092000000000000000e+03,1.283417816466680961e-13
3.093000000000000000e+03,8.393286066166183446e-14
3.094000000000000000e+03,5.484501741648273310e-14
3.095000000000000000e+03,3.552713678800500929e-14
3.096000000000000000e+03,2.309263891220325604e-14
3.097000000000000000e+03,1.487698852997709764e-14
3.098000000000000000e+03,9.547918011776346248e-15
3.099000000000000000e+03,6.217248937900876626e-15
3.100000000000000000e+03,3.996802888650563546e-15
3.101000000000000000e+03,2.442490654175344389e-15
3.102000000000000000e+03,1.554312234475219157e-15
3.103000000000000000e+03,8.881784197001252323e-16
3.104000000000000000e+03,6.661338147750939243e-16
3.105000000000000000e+03,4.440892098500626162e-16
3.106000000000000000e+03,2.220446049250313081e-16
3.107000000000000000e+03,2.220446049250313081e-16
3.108000000000000000e+03,2.220446049250313081e-16
3.109000000000000000e+03,0.000000000000000000e+00
3.110000000000000000e+03,0.000000000000000000e+00
3.111000000000000000e+03,0.000000000000000000e+00
3.112000000000000000e+03,0.000000000000000000e+00
3.113000000000000000e+03,0.000000000000000000e+00
3.114000000000000000e+03,0.000000000000000000e+00
3.115000000000000000e+03,0.000000000000000000e+00
3.116000000000000000e+03,0.000000000000000000e+00
3.117000000000000000e+03,0.000000000000000000e+00
3.118000000000000000e+03,0.000000000000000000e+00
3.119000000000000000e+03,0.000000000000000000e+00
3.120000000000000000e+03,0.000000000000000000e+00
3.121000000000000000e+03,0.000000000000000000e+00
3.122000000000000000e+03,0.000000000000000000e+00
3.123000000000000000e+03,0.000000000000000000e+00
3.124000000000000000e+03,0.000000000000000000e+00
3.125000000000000000e+03,0.000000000000000000e+00
3.126000000000000000e+03,0.000000000000000000e+00
3.127000000000000000e+03,0.000000000000000000e+00
3.128000000000000000e+03,0.000000000000000000e+00
3.129000000000000000e+03,0.000000000000000000e+00
3.130000000000000000e+03,0.000000000000000000e+00
3.131000000000000000e+03,0.000000000000000000e+00
3.132000000000000000e+03,0.000000000000000000e+00
3.133000000000000000e+03,0.000000000000000000e+00
3.134000000000000000e+03,0.000000000000000000e+00
3.135000000000000000e+03,0.000000000000000000e+00
3.136000000000000000e+03,0.000000000000000000e+00
3.137000000000000000e+03,0.000000000000000000e+00
3.138000000000000000e+03,0.000000000000000000e+00
3.139000000000000000e+03,0.000000000000000000e+00
3.140000000000000000e+03,0.000000000000000000e+00
3.141000000000000000e+03,0.000000000000000000e+00
3.142000000000000000e+03,0.000000000000000000e+00
3.143000000000000000e+03,0.000000000000000000e+00
3.144000000000000000e+03,0.000000000000000000e+00
3.145000000000000000e+03,0.000000000000000000e+00
3.146000000000000000e+03,0.000000000000000000e+00
3.147000000000000000e+03,0.000000000000000000e+00
3.148000000000000000e+03,0.000000000000000000e+00
3.149000000000000000e+03,0.000000000000000000e+00
3.150000000000000000e+03,0.000000000000000000e+00
3.151000000000000000e+03,0.000000000000000000e+00
3.152000000000000000e+03,0.000000000000000000e+00
3.153000000000000000e+03,0.000000000000000000e+00
3.154000000000000000e+03,0.000000000000000000e+00
3.155000000000000000e+03,0.000000000000000000e+00
3.156000000000000000e+03,0.000000000000000000e+00
3.157000000000000000e+03,0.000000000000000000e+00
3.158000000000000000e+03,0.000000000000000000e+00
3.159000000000000000e+03,0.000000000000000000e+00
3.160000000000000000e+03,0.000000000000000000e+00
3.161000000000000000e+03,0.000000000000000000e+00
3.162000000000000000e+03,0.000000000000000000e+00
3.163000000000000000e+03,0.000000000000000000e+00
3.164000000000000000e+03,0.000000000000000000e+00
3.165000000000000000e+03,0.000000000000000000e+00
3.166000000000000000e+03,0.000000000000000000e+00
3.167000000000000000e+03,0.000000000000000000e+00
3.168000000000000000e+03,0.000000000000000000e+00
3.169000000000000000e+03,0.000000000000000000e+00
3.170000000000000000e+03,0.000000000000000000e+00
3.171000000000000000e+03,0.000000000000000000e+00
3.172000000000000000e+03,0.000000000000000000e+00
3.173000000000000000e+03,0.000000000000000000e+00
3.174000000000000000e+03,0.000000000000000000e+00
3.175000000000000000e+03,0.000000000000000000e+00
3.176000000000000000e+03,0.000000000000000000e+00
3.177000000000000000e+03,0.000000000000000000e+00
3.178000000000000000e+03,0.000000000000000000e+00
3.179000000000000000e+03,0.000000000000000000e+00
3.180000000000000000e+03,0.000000000000000000e+00
3.181000000000000000e+03,0.000000000000000000e+00
3.182000000000000000e+03,0.000000000000000000e+00
3.183000000000000000e+03,0.000000000000000000e+00
3.184000000000000000e+03,0.000000000000000000e+00
3.185000000000000000e+03,0.000000000000000000e+00
3.186000000000000000e+03,0.000000000000000000e+00
3.187000000000000000e+03,0.000000000000000000e+00
3.188000000000000000e+03,0.000000000000000000e+00
3.189000000000000000e+03,0.000000000000000000e+00
3.190000000000000000e+03,0.000000000000000000e+00
3.191000000000000000e+03,0.000000000000000000e+00
3.192000000000000000e+03,0.000000000000000000e+00
3.193000000000000000e+03,0.000000000000000000e+00
3.194000000000000000e+03,0.000000000000000000e+00
3.195000000000000000e+03,0.000000000000000000e+00
3.196000000000000000e+03,0.000000000000000000e+00
3.197000000000000000e+03,0.000000000000000000e+00
3.198000000000000000e+03,0.000000000000000000e+00
3.199000000000000000e+03,0.000000000000000000e+00
3.200000000000000000e+03,0.000000000000000000e+00
3.201000000000000000e+03,0.000000000000000000e+00
3.202000000000000000e+03,0.000000000000000000e+00
3.203000000000000000e+03,0.000000000000000000e+00
3.204000000000000000e+03,0.000000000000000000e+00
3.205000000000000000e+03,0.000000000000000000e+00
3.206000000000000000e+03,0.000000000000000000e+00
3.207000000000000000e+03,0.000000000000000000e+00
3.208000000000000000e+03,0.000000000000000000e+00
3.209000000000000000e+03,0.000000000000000000e+00
3.210000000000000000e+03,0.000000000000000000e+00
3.211000000000000000e+03,0.000000000000000000e+00
3.212000000000000000e+03,0.000000000000000000e+00
3.213000000000000000e+03,0.000000000000000000e+00
3.214000000000000000e+03,0.000000000000000000e+00
3.215000000000000000e+03,0.000000000000000000e+00
3.216000000000000000e+03,0.000000000000000000e+00
3.217000000000000000e+03,0.000000000000000000e+00
3.218000000000000000e+03,0.000000000000000000e+00
3.219000000000000000e+03,0.000000000000000000e+00
3.220000000000000000e+03,0.000000000000000000e+00
3.221000000000000000e+03,0.000000000000000000e+00
3.222000000000000000e+03,0.000000000000000000e+00
3.223000000000000000e+03,0.000000000000000000e+00
3.224000000000000000e+03,0.000000000000000000e+00
3.225000000000000000e+03,0.000000000000000000e+00
3.226000000000000000e+03,0.000000000000000000e+00
3.227000000000000000e+03,0.000000000000000000e+00
3.228000000000000000e+03,0.000000000000000000e+00
3.229000000000000000e+03,0.000000000000000000e+00
3.230000000000000000e+03,0.000000000000000000e+00
3.231000000000000000e+03,0.000000000000000000e+00
3.232000000000000000e+03,0.000000000000000000e+00
3.233000000000000000e+03,0.000000000000000000e+00
3.234000000000000000e+03,0.000000000000000000e+00
3.235000000000000000e+03,0.000000000000000000e+00
3.236000000000000000e+03,0.000000000000000000e+00
3.237000000000000000e+03,0.000000000000000000e+00
3.238000000000000000e+03,0.000000000000000000e+00
3.239000000000000000e+03,0.000000000000000000e+00
3.240000000000000000e+03,0.000000000000000000e+00
3.241000000000000000e+03,0.000000000000000000e+00
3.242000000000000000e+03,0.000000000000000000e+00
3.243000000000000000e+03,0.000000000000000000e+00
3.244000000000000000e+03,0.000000000000000000e+00
3.245000000000000000e+03,0.000000000000000000e+00
3.246000000000000000e+03,0.000000000000000000e+00
3.247000000000000000e+03,0.000000000000000000e+00
3.248000000000000000e+03,0.000000000000000000e+00
3.249000000000000000e+03,0.000000000000000000e+00
3.250000000000000000e+03,0.000000000000000000e+00
3.251000000000000000e+03,0.000000000000000000e+00
3.252000000000000000e+03,0.000000000000000000e+00
3.253000000000000000e+03,0.000000000000000000e+00
3.254000000000000000e+03,0.000000000000000000e+00
3.255000000000000000e+03,0.000000000000000000e+00
3.256000000000000000e+03,0.000000000000000000e+00
3.257000000000000000e+03,0.000000000000000000e+00
3.258000000000000000e+03,0.000000000000000000e+00
3.259000000000000000e+03,0.000000000000000000e+00
3.260000000000000000e+03,0.000000000000000000e+00
3.261000000000000000e+03,0.000000000000000000e+00
3.262000000000000000e+03,0.000000000000000000e+00
3.263000000000000000e+03,0.000000000000000000e+00
3.264000000000000000e+03,0.000000000000000000e+00
3.265000000000000000e+03,0.000000000000000000e+00
3.266000000000000000e+03,0.000000000000000000e+00
3.267000000000000000e+03,0.000000000000000000e+00
3.268000000000000000e+03,0.000000000000000000e+00
3.269000000000000000e+03,0.000000000000000000e+00
3.270000000000000000e+03,0.000000000000000000e+00
3.271000000000000000e+03,0.000000000000000000e+00
3.272000000000000000e+03,0.000000000000000000e+00
3.273000000000000000e+03,0.000000000000000000e+00
3.274000000000000000e+03,0.000000000000000000e+00
3.275000000000000000e+03,0.000000000000000000e+00
3.276000000000000000e+03,0.000000000000000000e+00
3.277000000000000000e+03,0.000000000000000000e+00
3.278000000000000000e+03,0.000000000000000000e+00
3.279000000000000000e+03,0.000000000000000000e+00
3.280000000000000000e+03,0.000000000000000000e+00
3.281000000000000000e+03,0.000000000000000000e+00
3.282000000000000000e+03,0.000000000000000000e+00
3.283000000000000000e+03,0.000000000000000000e+00
3.284000000000000000e+03,0.000000000000000000e+00
3.285000000000000000e+03,0.000000000000000000e+00
3.286000000000000000e+03,0.000000000000000000e+00
3.287000000000000000e+03,0.000000000000000000e+00
3.288000000000000000e+03,0.000000000000000000e+00
3.289000000000000000e+03,0.000000000000000000e+00
3.290000000000000000e+03,0.000000000000000000e+00
3.291000000000000000e+03,0.000000000000000000e+00
3.292000000000000000e+03,0.000000000000000000e+00
3.293000000000000000e+03,0.000000000000000000e+00
3.294000000000000000e+03,0.000000000000000000e+00
3.295000000000000000e+03,0.000000000000000000e+00
3.296000000000000000e+03,0.000000000000000000e+00
3.297000000000000000e+03,0.000000000000000000e+00
3.298000000000000000e+03,0.000000000000000000e+00
3.299000000000000000e+03,0.000000000000000000e+00
3.300000000000000000e+03,0.000000000000000000e+00
3.301000000000000000e+03,0.000000000000000000e+00
3.302000000000000000e+03,0.000000000000000000e+00
3.303000000000000000e+03,0.000000000000000000e+00
3.304000000000000000e+03,0.000000000000000000e+00
3.305000000000000000e+03,0.000000000000000000e+00
3.306000000000000000e+03,0.000000000000000000e+00
3.307000000000000000e+03,0.000000000000000000e+00
3.308000000000000000e+03,0.000000000000000000e+00
3.309000000000000000e+03,0.000000000000000000e+00
3.310000000000000000e+03,0.000000000000000000e+00
3.311000000000000000e+03,0.000000000000000000e+00
3.312000000000000000e+03,0.000000000000000000e+00
3.313000000000000000e+03,0.000000000000000000e+00
3.314000000000000000e+03,0.000000000000000000e+00
3.315000000000000000e+03,0.000000000000000000e+00
3.316000000000000000e+03,0.000000000000000000e+00
3.317000000000000000e+03,0.000000000000000000e+00
3.318000000000000000e+03,0.000000000000000000e+00
3.319000000000000000e+03,0.000000000000000000e+00
3.320000000000000000e+03,0.000000000000000000e+00
3.321000000000000000e+03,0.000000000000000000e+00
3.322000000000000000e+03,0.000000000000000000e+00
3.323000000000000000e+03,0.000000000000000000e+00
3.324000000000000000e+03,0.000000000000000000e+00
3.325000000000000000e+03,0.000000000000000000e+00
3.326000000000000000e+03,0.000000000000000000e+00
3.327000000000000000e+03,0.000000000000000000e+00
3.328000000000000000e+03,0.000000000000000000e+00
3.329000000000000000e+03,0.000000000000000000e+00
3.330000000000000000e+03,0.000000000000000000e+00
3.331000000000000000e+03,0.000000000000000000e+00
3.332000000000000000e+03,0.000000000000000000e+00
3.333000000000000000e+03,0.000000000000000000e+00
3.334000000000000000e+03,0.000000000000000000e+00
3.335000000000000000e+03,0.000000000000000000e+00
3.336000000000000000e+03,0.000000000000000000e+00
3.337000000000000000e+03,0.000000000000000000e+00
3.338000000000000000e+03,0.000000000000000000e+00
3.339000000000000000e+03,0.000000000000000000e+00
3.340000000000000000e+03,0.000000000000000000e+00
3.341000000000000000e+03,0.000000000000000000e+00
3.342000000000000000e+03,0.000000000000000000e+00
3.343000000000000000e+03,0.000000000000000000e+00
3.344000000000000000e+03,0.000000000000000000e+00
3.345000000000000000e+03,0.000000000000000000e+00
3.346000000000000000e+03,0.000000000000000000e+00
3.347000000000000000e+03,0.000000000000000000e+00
3.348000000000000000e+03,0.000000000000000000e+00
3.349000000000000000e+03,0.000000000000000000e+00
3.350000000000000000e+03,0.000000000000000000e+00
3.351000000000000000e+03,0.000000000000000000e+00
3.352000000000000000e+03,0.000000000000000000e+00
3.353000000000000000e+03,0.000000000000000000e+00
3.354000000000000000e+03,0.000000000000000000e+00
3.355000000000000000e+03,0.000000000000000000e+00
3.356000000000000000e+03,0.000000000000000000e+00
3.357000000000000000e+03,0.000000000000000000e+00
3.358000000000000000e+03,0.000000000000000000e+00
3.359000000000000000e+03,0.000000000000000000e+00
3.360000000000000000e+03,0.000000000000000000e+00
3.361000000000000000e+03,0.000000000000000000e+00
3.362000000000000000e+03,0.000000000000000000e+00
3.363000000000000000e+03,0.000000000000000000e+00
3.364000000000000000e+03,0.000000000000000000e+00
3.365000000000000000e+03,0.000000000000000000e+00
3.366000000000000000e+03,0.000000000000000000e+00
3.367000000000000000e+03,0.000000000000000000e+00
3.368000000000000000e+03,0.000000000000000000e+00
3.369000000000000000e+03,0.000000000000000000e+00
3.370000000000000000e+03,0.000000000000000000e+00
3.371000000000000000e+03,0.000000000000000000e+00
3.372000000000000000e+03,0.000000000000000000e+00
3.373000000000000000e+03,0.000000000000000000e+00
3.374000000000000000e+03,0.000000000000000000e+00
3.375000000000000000e+03,0.000000000000000000e+00
3.376000000000000000e+03,0.000000000000000000e+00
3.377000000000000000e+03,0.000000000000000000e+00
3.378000000000000000e+03,0.000000000000000000e+00
3.379000000000000000e+03,0.000000000000000000e+00
3.380000000000000000e+03,0.000000000000000000e+00
3.381000000000000000e+03,0.000000000000000000e+00
3.382000000000000000e+03,0.000000000000000000e+00
3.383000000000000000e+03,0.000000000000000000e+00
3.384000000000000000e+03,0.000000000000000000e+00
3.385000000000000000e+03,0.000000000000000000e+00
3.386000000000000000e+03,0.000000000000000000e+00
3.387000000000000000e+03,0.000000000000000000e+00
3.388000000000000000e+03,0.000000000000000000e+00
3.389000000000000000e+03,0.000000000000000000e+00
3.390000000000000000e+03,0.000000000000000000e+00
3.391000000000000000e+03,0.000000000000000000e+00
3.392000000000000000e+03,0.000000000000000000e+00
3.393000000000000000e+03,0.000000000000000000e+00
3.394000000000000000e+03,0.000000000000000000e+00
3.395000000000000000e+03,0.000000000000000000e+00
3.396000000000000000e+03,0.000000000000000000e+00
3.397000000000000000e+03,0.000000000000000000e+00
3.398000000000000000e+03,0.000000000000000000e+00
3.399000000000000000e+03,0.000000000000000000e+00
3.400000000000000000e+03,0.000000000000000000e+00
3.401000000000000000e+03,0.000000000000000000e+00
3.402000000000000000e+03,0.000000000000000000e+00
3.403000000000000000e+03,0.000000000000000000e+00
3.404000000000000000e+03,0.000000000000000000e+00
3.405000000000000000e+03,0.000000000000000000e+00
3.406000000000000000e+03,0.000000000000000000e+00
3.407000000000000000e+03,0.000000000000000000e+00
3.408000000000000000e+03,0.000000000000000000e+00
3.409000000000000000e+03,0.000000000000000000e+00
3.410000000000000000e+03,0.000000000000000000e+00
3.411000000000000000e+03,0.000000000000000000e+00
3.412000000000000000e+03,0.000000000000000000e+00
3.413000000000000000e+03,0.000000000000000000e+00
3.414000000000000000e+03,0.000000000000000000e+00
3.415000000000000000e+03,0.000000000000000000e+00
3.416000000000000000e+03,0.000000000000000000e+00
3.417000000000000000e+03,0.000000000000000000e+00
3.418000000000000000e+03,0.000000000000000000e+00
3.419000000000000000e+03,0.000000000000000000e+00
3.420000000000000000e+03,0.000000000000000000e+00
3.421000000000000000e+03,0.000000000000000000e+00
3.422000000000000000e+03,0.000000000000000000e+00
3.423000000000000000e+03,0.000000000000000000e+00
3.424000000000000000e+03,0.000000000000000000e+00
3.425000000000000000e+03,0.000000000000000000e+00
3.426000000000000000e+03,0.000000000000000000e+00
3.427000000000000000e+03,0.000000000000000000e+00
3.428000000000000000e+03,0.000000000000000000e+00
3.429000000000000000e+03,0.000000000000000000e+00
3.430000000000000000e+03,0.000000000000000000e+00
3.431000000000000000e+03,0.000000000000000000e+00
3.432000000000000000e+03,0.000000000000000000e+00
3.433000000000000000e+03,0.000000000000000000e+00
3.434000000000000000e+03,0.000000000000000000e+00
3.435000000000000000e+03,0.000000000000000000e+00
3.436000000000000000e+03,0.000000000000000000e+00
3.437000000000000000e+03,0.000000000000000000e+00
3.438000000000000000e+03,0.000000000000000000e+00
3.439000000000000000e+03,0.000000000000000000e+00
3.440000000000000000e+03,0.000000000000000000e+00
3.441000000000000000e+03,0.000000000000000000e+00
3.442000000000000000e+03,0.000000000000000000e+00
3.443000000000000000e+03,0.000000000000000000e+00
3.444000000000000000e+03,0.000000000000000000e+00
3.445000000000000000e+03,0.000000000000000000e+00
3.446000000000000000e+03,0.000000000000000000e+00
3.447000000000000000e+03,0.000000000000000000e+00
3.448000000000000000e+03,0.000000000000000000e+00
3.449000000000000000e+03,0.000000000000000000e+00
3.450000000000000000e+03,0.000000000000000000e+00
3.451000000000000000e+03,0.000000000000000000e+00
3.452000000000000000e+03,0.000000000000000000e+00
3.453000000000000000e+03,0.000000000000000000e+00
3.454000000000000000e+03,0.000000000000000000e+00
3.455000000000000000e+03,0.000000000000000000e+00
3.456000000000000000e+03,0.000000000000000000e+00
3.457000000000000000e+03,0.000000000000000000e+00
3.458000000000000000e+03,0.000000000000000000e+00
3.459000000000000000e+03,0.000000000000000000e+00
3.460000000000000000e+03,0.000000000000000000e+00
3.461000000000000000e+03,0.000000000000000000e+00
3.462000000000000000e+03,0.000000000000000000e+00
3.463000000000000000e+03,0.000000000000000000e+00
3.464000000000000000e+03,0.000000000000000000e+00
3.465000000000000000e+03,0.000000000000000000e+00
3.466000000000000000e+03,0.000000000000000000e+00
3.467000000000000000e+03,0.000000000000000000e+00
3.468000000000000000e+03,0.000000000000000000e+00
3.469000000000000000e+03,0.000000000000000000e+00
3.470000000000000000e+03,0.000000000000000000e+00
3.471000000000000000e+03,0.000000000000000000e+00
3.472000000000000000e+03,0.000000000000000000e+00
3.473000000000000000e+03,0.000000000000000000e+00
3.474000000000000000e+03,0.000000000000000000e+00
3.475000000000000000e+03,0.000000000000000000e+00
3.476000000000000000e+03,0.000000000000000000e+00
3.477000000000000000e+03,0.000000000000000000e+00
3.478000000000000000e+03,0.000000000000000000e+00
3.479000000000000000e+03,0.000000000000000000e+00
3.480000000000000000e+03,0.000000000000000000e+00
3.481000000000000000e+03,0.000000000000000000e+00
3.482000000000000000e+03,0.000000000000000000e+00
3.483000000000000000e+03,0.000000000000000000e+00
3.484000000000000000e+03,0.000000000000000000e+00
3.485000000000000000e+03,0.000000000000000000e+00
3.486000000000000000e+03,0.000000000000000000e+00
3.487000000000000000e+03,0.000000000000000000e+00
3.488000000000000000e+03,0.000000000000000000e+00
3.489000000000000000e+03,0.000000000000000000e+00
3.490000000000000000e+03,0.000000000000000000e+00
3.491000000000000000e+03,0.000000000000000000e+00
3.492000000000000000e+03,0.000000000000000000e+00
3.493000000000000000e+03,0.000000000000000000e+00
3.494000000000000000e+03,0.000000000000000000e+00
3.495000000000000000e+03,0.000000000000000000e+00
3.496000000000000000e+03,0.000000000000000000e+00
3.497000000000000000e+03,0.000000000000000000e+00
3.498000000000000000e+03,0.000000000000000000e+00
3.499000000000000000e+03,0.000000000000000000e+00
3.500000000000000000e+03,0.000000000000000000e+00
3.501000000000000000e+03,0.000000000000000000e+00
3.502000000000000000e+03,0.000000000000000000e+00
3.503000000000000000e+03,0.000000000000000000e+00
3.504000000000000000e+03,0.000000000000000000e+00
3.505000000000000000e+03,0.000000000000000000e+00
3.506000000000000000e+03,0.000000000000000000e+00
3.507000000000000000e+03,0.000000000000000000e+00
3.508000000000000000e+03,0.000000000000000000e+00
3.509000000000000000e+03,0.000000000000000000e+00
3.510000000000000000e+03,0.000000000000000000e+00
3.511000000000000000e+03,0.000000000000000000e+00
3.512000000000000000e+03,0.000000000000000000e+00
3.513000000000000000e+03,0.000000000000000000e+00
3.514000000000000000e+03,0.000000000000000000e+00
3.515000000000000000e+03,0.000000000000000000e+00
3.516000000000000000e+03,0.000000000000000000e+00
3.517000000000000000e+03,0.000000000000000000e+00
3.518000000000000000e+03,0.000000000000000000e+00
3.519000000000000000e+03,0.000000000000000000e+00
3.520000000000000000e+03,0.000000000000000000e+00
3.521000000000000000e+03,0.000000000000000000e+00
3.522000000000000000e+03,0.000000000000000000e+00
3.523000000000000000e+03,0.000000000000000000e+00
3.524000000000000000e+03,0.000000000000000000e+00
3.525000000000000000e+03,0.000000000000000000e+00
3.526000000000000000e+03,0.000000000000000000e+00
3.527000000000000000e+03,0.000000000000000000e+00
3.528000000000000000e+03,0.000000000000000000e+00
3.529000000000000000e+03,0.000000000000000000e+00
3.530000000000000000e+03,0.000000000000000000e+00
3.531000000000000000e+03,0.000000000000000000e+00
3.532000000000000000e+03,0.000000000000000000e+00
3.533000000000000000e+03,0.000000000000000000e+00
3.534000000000000000e+03,0.000000000000000000e+00
3.535000000000000000e+03,0.000000000000000000e+00
3.536000000000000000e+03,0.000000000000000000e+00
3.537000000000000000e+03,0.000000000000000000e+00
3.538000000000000000e+03,0.000000000000000000e+00
3.539000000000000000e+03,0.000000000000000000e+00
3.540000000000000000e+03,0.000000000000000000e+00
3.541000000000000000e+03,0.000000000000000000e+00
3.542000000000000000e+03,0.000000000000000000e+00
3.543000000000000000e+03,0.000000000000000000e+00
3.544000000000000000e+03,0.000000000000000000e+00
3.545000000000000000e+03,0.000000000000000000e+00
3.546000000000000000e+03,0.000000000000000000e+00
3.547000000000000000e+03,0.000000000000000000e+00
3.548000000000000000e+03,0.000000000000000000e+00
3.549000000000000000e+03,0.000000000000000000e+00
3.550000000000000000e+03,0.000000000000000000e+00
3.551000000000000000e+03,0.000000000000000000e+00
3.552000000000000000e+03,0.000000000000000000e+00
3.553000000000000000e+03,0.000000000000000000e+00
3.554000000000000000e+03,0.000000000000000000e+00
3.555000000000000000e+03,0.000000000000000000e+00
3.556000000000000000e+03,0.000000000000000000e+00
3.557000000000000000e+03,0.000000000000000000e+00
3.558000000000000000e+03,0.000000000000000000e+00
3.559000000000000000e+03,0.000000000000000000e+00
3.560000000000000000e+03,0.000000000000000000e+00
3.561000000000000000e+03,0.000000000000000000e+00
3.562000000000000000e+03,0.000000000000000000e+00
3.563000000000000000e+03,0.000000000000000000e+00
3.564000000000000000e+03,0.000000000000000000e+00
3.565000000000000000e+03,0.000000000000000000e+00
3.566000000000000000e+03,0.000000000000000000e+00
3.567000000000000000e+03,0.000000000000000000e+00
3.568000000000000000e+03,0.000000000000000000e+00
3.569000000000000000e+03,0.000000000000000000e+00
3.570000000000000000e+03,0.000000000000000000e+00
3.571000000000000000e+03,0.000000000000000000e+00
3.572000000000000000e+03,0.000000000000000000e+00
3.573000000000000000e+03,0.000000000000000000e+00
3.574000000000000000e+03,0.000000000000000000e+00
3.575000000000000000e+03,0.000000000000000000e+00
3.576000000000000000e+03,0.000000000000000000e+00
3.577000000000000000e+03,0.000000000000000000e+00
3.578000000000000000e+03,0.000000000000000000e+00
3.579000000000000000e+03,0.000000000000000000e+00
3.580000000000000000e+03,0.000000000000000000e+00
3.581000000000000000e+03,0.000000000000000000e+00
3.582000000000000000e+03,0.000000000000000000e+00
3.583000000000000000e+03,0.000000000000000000e+00
3.584000000000000000e+03,0.000000000000000000e+00
3.585000000000000000e+03,0.000000000000000000e+00
3.586000000000000000e+03,0.000000000000000000e+00
3.587000000000000000e+03,0.000000000000000000e+00
3.588000000000000000e+03,0.000000000000000000e+00
3.589000000000000000e+03,0.000000000000000000e+00
3.590000000000000000e+03,0.000000000000000000e+00
3.591000000000000000e+03,0.000000000000000000e+00
3.592000000000000000e+03,0.000000000000000000e+00
3.593000000000000000e+03,0.000000000000000000e+00
3.594000000000000000e+03,0.000000000000000000e+00
3.595000000000000000e+03,0.000000000000000000e+00
3.596000000000000000e+03,0.000000000000000000e+00
3.597000000000000000e+03,0.000000000000000000e+00
3.598000000000000000e+03,0.000000000000000000e+00
3.599000000000000000e+03,0.000000000000000000e+00
3.600000000000000000e+03,0.000000000000000000e+00
3.601000000000000000e+03,0.000000000000000000e+00
3.602000000000000000e+03,0.000000000000000000e+00
3.603000000000000000e+03,0.000000000000000000e+00
3.604000000000000000e+03,0.000000000000000000e+00
3.605000000000000000e+03,0.000000000000000000e+00
3.606000000000000000e+03,0.000000000000000000e+00
3.607000000000000000e+03,0.000000000000000000e+00
3.608000000000000000e+03,0.000000000000000000e+00
3.609000000000000000e+03,0.000000000000000000e+00
3.610000000000000000e+03,0.000000000000000000e+00
3.611000000000000000e+03,0.000000000000000000e+00
3.612000000000000000e+03,0.000000000000000000e+00
3.613000000000000000e+03,0.000000000000000000e+00
3.614000000000000000e+03,0.000000000000000000e+00
3.615000000000000000e+03,0.000000000000000000e+00
3.616000000000000000e+03,0.000000000000000000e+00
3.617000000000000000e+03,0.000000000000000000e+00
3.618000000000000000e+03,0.000000000000000000e+00
3.619000000000000000e+03,0.000000000000000000e+00
3.620000000000000000e+03,0.000000000000000000e+00
3.621000000000000000e+03,0.000000000000000000e+00
3.622000000000000000e+03,0.000000000000000000e+00
3.623000000000000000e+03,0.000000000000000000e+00
3.624000000000000000e+03,0.000000000000000000e+00
3.625000000000000000e+03,0.000000000000000000e+00
3.626000000000000000e+03,0.000000000000000000e+00
3.627000000000000000e+03,0.000000000000000000e+00
3.628000000000000000e+03,0.000000000000000000e+00
3.629000000000000000e+03,0.000000000000000000e+00
3.630000000000000000e+03,0.000000000000000000e+00
3.631000000000000000e+03,0.000000000000000000e+00
3.632000000000000000e+03,0.000000000000000000e+00
3.633000000000000000e+03,0.000000000000000000e+00
3.634000000000000000e+03,0.000000000000000000e+00
3.635000000000000000e+03,0.000000000000000000e+00
3.636000000000000000e+03,0.000000000000000000e+00
3.637000000000000000e+03,0.000000000000000000e+00
3.638000000000000000e+03,0.000000000000000000e+00
3.639000000000000000e+03,0.000000000000000000e+00
3.640000000000000000e+03,0.000000000000000000e+00
3.641000000000000000e+03,0.000000000000000000e+00
3.642000000000000000e+03,0.000000000000000000e+00
3.643000000000000000e+03,0.000000000000000000e+00
3.644000000000000000e+03,0.000000000000000000e+00
3.645000000000000000e+03,0.000000000000000000e+00
3.646000000000000000e+03,0.000000000000000000e+00
3.647000000000000000e+03,0.000000000000000000e+00
3.648000000000000000e+03,0.000000000000000000e+00
3.649000000000000000e+03,0.000000000000000000e+00
3.650000000000000000e+03,0.000000000000000000e+00
3.651000000000000000e+03,0.000000000000000000e+00
3.652000000000000000e+03,0.000000000000000000e+00
3.653000000000000000e+03,0.000000000000000000e+00
3.654000000000000000e+03,0.000000000000000000e+00
3.655000000000000000e+03,0.000000000000000000e+00
3.656000000000000000e+03,0.000000000000000000e+00
3.657000000000000000e+03,0.000000000000000000e+00
3.658000000000000000e+03,0.000000000000000000e+00
3.659000000000000000e+03,0.000000000000000000e+00
3.660000000000000000e+03,0.000000000000000000e+00
3.661000000000000000e+03,0.000000000000000000e+00
3.662000000000000000e+03,0.000000000000000000e+00
3.663000000000000000e+03,0.000000000000000000e+00
3.664000000000000000e+03,0.000000000000000000e+00
3.665000000000000000e+03,0.000000000000000000e+00
3.666000000000000000e+03,0.000000000000000000e+00
3.667000000000000000e+03,0.000000000000000000e+00
3.668000000000000000e+03,0.000000000000000000e+00
3.669000000000000000e+03,0.000000000000000000e+00
3.670000000000000000e+03,0.000000000000000000e+00
3.671000000000000000e+03,0.000000000000000000e+00
3.672000000000000000e+03,0.000000000000000000e+00
3.673000000000000000e+03,0.000000000000000000e+00
3.674000000000000000e+03,0.000000000000000000e+00
3.675000000000000000e+03,0.000000000000000000e+00
3.676000000000000000e+03,0.000000000000000000e+00
3.677000000000000000e+03,0.000000000000000000e+00
3.678000000000000000e+03,0.000000000000000000e+00
3.679000000000000000e+03,0.000000000000000000e+00
3.680000000000000000e+03,0.000000000000000000e+00
3.681000000000000000e+03,0.000000000000000000e+00
3.682000000000000000e+03,0.000000000000000000e+00
3.683000000000000000e+03,0.000000000000000000e+00
3.684000000000000000e+03,0.000000000000000000e+00
3.685000000000000000e+03,0.000000000000000000e+00
3.686000000000000000e+03,0.000000000000000000e+00
3.687000000000000000e+03,0.000000000000000000e+00
3.688000000000000000e+03,0.000000000000000000e+00
3.689000000000000000e+03,0.000000000000000000e+00
3.690000000000000000e+03,0.000000000000000000e+00
3.691000000000000000e+03,0.000000000000000000e+00
3.692000000000000000e+03,0.000000000000000000e+00
3.693000000000000000e+03,0.000000000000000000e+00
3.694000000000000000e+03,0.000000000000000000e+00
3.695000000000000000e+03,0.000000000000000000e+00
3.696000000000000000e+03,0.000000000000000000e+00
3.697000000000000000e+03,0.000000000000000000e+00
3.698000000000000000e+03,0.000000000000000000e+00
3.699000000000000000e+03,0.000000000000000000e+00
3.700000000000000000e+03,0.000000000000000000e+00
3.701000000000000000e+03,0.000000000000000000e+00
3.702000000000000000e+03,0.000000000000000000e+00
3.703000000000000000e+03,0.000000000000000000e+00
3.704000000000000000e+03,0.000000000000000000e+00
3.705000000000000000e+03,0.000000000000000000e+00
3.706000000000000000e+03,0.000000000000000000e+00
3.707000000000000000e+03,0.000000000000000000e+00
3.708000000000000000e+03,0.000000000000000000e+00
3.709000000000000000e+03,0.000000000000000000e+00
3.710000000000000000e+03,0.000000000000000000e+00
3.711000000000000000e+03,0.000000000000000000e+00
3.712000000000000000e+03,0.000000000000000000e+00
3.713000000000000000e+03,0.000000000000000000e+00
3.714000000000000000e+03,0.000000000000000000e+00
3.715000000000000000e+03,0.000000000000000000e+00
3.716000000000000000e+03,0.000000000000000000e+00
3.717000000000000000e+03,0.000000000000000000e+00
3.718000000000000000e+03,0.000000000000000000e+00
3.719000000000000000e+03,0.000000000000000000e+00
3.720000000000000000e+03,0.000000000000000000e+00
3.721000000000000000e+03,0.000000000000000000e+00
3.722000000000000000e+03,0.000000000000000000e+00
3.723000000000000000e+03,0.000000000000000000e+00
3.724000000000000000e+03,0.000000000000000000e+00
3.725000000000000000e+03,0.000000000000000000e+00
3.726000000000000000e+03,0.000000000000000000e+00
3.727000000000000000e+03,0.000000000000000000e+00
3.728000000000000000e+03,0.000000000000000000e+00
3.729000000000000000e+03,0.000000000000000000e+00
3.730000000000000000e+03,0.000000000000000000e+00
3.731000000000000000e+03,0.000000000000000000e+00
3.732000000000000000e+03,0.000000000000000000e+00
3.733000000000000000e+03,0.000000000000000000e+00
3.734000000000000000e+03,0.000000000000000000e+00
3.735000000000000000e+03,0.000000000000000000e+00
3.736000000000000000e+03,0.000000000000000000e+00
3.737000000000000000e+03,0.000000000000000000e+00
3.738000000000000000e+03,0.000000000000000000e+00
3.739000000000000000e+03,0.000000000000000000e+00
3.740000000000000000e+03,0.000000000000000000e+00
3.741000000000000000e+03,0.000000000000000000e+00
3.742000000000000000e+03,0.000000000000000000e+00
3.743000000000000000e+03,0.000000000000000000e+00
3.744000000000000000e+03,0.000000000000000000e+00
3.745000000000000000e+03,0.000000000000000000e+00
3.746000000000000000e+03,0.000000000000000000e+00
3.747000000000000000e+03,0.000000000000000000e+00
3.748000000000000000e+03,0.000000000000000000e+00
3.749000000000000000e+03,0.000000000000000000e+00
3.750000000000000000e+03,0.000000000000000000e+00
3.751000000000000000e+03,0.000000000000000000e+00
3.752000000000000000e+03,0.000000000000000000e+00
3.753000000000000000e+03,0.000000000000000000e+00
3.754000000000000000e+03,0.000000000000000000e+00
3.755000000000000000e+03,0.000000000000000000e+00
3.756000000000000000e+03,0.000000000000000000e+00
3.757000000000000000e+03,0.000000000000000000e+00
3.758000000000000000e+03,0.000000000000000000e+00
3.759000000000000000e+03,0.000000000000000000e+00
3.760000000000000000e+03,0.000000000000000000e+00
3.761000000000000000e+03,0.000000000000000000e+00
3.762000000000000000e+03,0.000000000000000000e+00
3.763000000000000000e+03,0.000000000000000000e+00
3.764000000000000000e+03,0.000000000000000000e+00
3.765000000000000000e+03,0.000000000000000000e+00
3.766000000000000000e+03,0.000000000000000000e+00
3.767000000000000000e+03,0.000000000000000000e+00
3.768000000000000000e+03,0.000000000000000000e+00
3.769000000000000000e+03,0.000000000000000000e+00
3.770000000000000000e+03,0.000000000000000000e+00
3.771000000000000000e+03,0.000000000000000000e+00
3.772000000000000000e+03,0.000000000000000000e+00
3.773000000000000000e+03,0.000000000000000000e+00
3.774000000000000000e+03,0.000000000000000000e+00
3.775000000000000000e+03,0.000000000000000000e+00
3.776000000000000000e+03,0.000000000000000000e+00
3.777000000000000000e+03,0.000000000000000000e+00
3.778000000000000000e+03,0.000000000000000000e+00
3.779000000000000000e+03,0.000000000000000000e+00
3.780000000000000000e+03,0.000000000000000000e+00
3.781000000000000000e+03,0.000000000000000000e+00
3.782000000000000000e+03,0.000000000000000000e+00
3.783000000000000000e+03,0.000000000000000000e+00
3.784000000000000000e+03,0.000000000000000000e+00
3.785000000000000000e+03,0.000000000000000000e+00
3.786000000000000000e+03,0.000000000000000000e+00
3.787000000000000000e+03,0.000000000000000000e+00
3.788000000000000000e+03,0.000000000000000000e+00
3.789000000000000000e+03,0.000000000000000000e+00
3.790000000000000000e+03,0.000000000000000000e+00
3.791000000000000000e+03,0.000000000000000000e+00
3.792000000000000000e+03,0.000000000000000000e+00
3.793000000000000000e+03,0.000000000000000000e+00
3.794000000000000000e+03,0.000000000000000000e+00
3.795000000000000000e+03,0.000000000000000000e+00
3.796000000000000000e+03,0.000000000000000000e+00
3.797000000000000000e+03,0.000000000000000000e+00
3.798000000000000000e+03,0.000000000000000000e+00
3.799000000000000000e+03,0.000000000000000000e+00
3.800000000000000000e+03,0.000000000000000000e+00
3.801000000000000000e+03,0.000000000000000000e+00
3.802000000000000000e+03,0.000000000000000000e+00
3.803000000000000000e+03,0.000000000000000000e+00
3.804000000000000000e+03,0.000000000000000000e+00
3.805000000000000000e+03,0.000000000000000000e+00
3.806000000000000000e+03,0.000000000000000000e+00
3.807000000000000000e+03,0.000000000000000000e+00
3.808000000000000000e+03,0.000000000000000000e+00
3.809000000000000000e+03,0.000000000000000000e+00
3.810000000000000000e+03,0.000000000000000000e+00
3.811000000000000000e+03,0.000000000000000000e+00
3.812000000000000000e+03,0.000000000000000000e+00
3.813000000000000000e+03,0.000000000000000000e+00
3.814000000000000000e+03,0.000000000000000000e+00
3.815000000000000000e+03,0.000000000000000000e+00
3.816000000000000000e+03,0.000000000000000000e+00
3.817000000000000000e+03,0.000000000000000000e+00
3.818000000000000000e+03,0.000000000000000000e+00
3.819000000000000000e+03,0.000000000000000000e+00
3.820000000000000000e+03,0.000000000000000000e+00
3.821000000000000000e+03,0.000000000000000000e+00
3.822000000000000000e+03,0.000000000000000000e+00
3.823000000000000000e+03,0.000000000000000000e+00
3.824000000000000000e+03,0.000000000000000000e+00
3.825000000000000000e+03,0.000000000000000000e+00
3.826000000000000000e+03,0.000000000000000000e+00
3.827000000000000000e+03,0.000000000000000000e+00
3.828000000000000000e+03,0.000000000000000000e+00
3.829000000000000000e+03,0.000000000000000000e+00
3.830000000000000000e+03,0.000000000000000000e+00
3.831000000000000000e+03,0.000000000000000000e+00
3.832000000000000000e+03,0.000000000000000000e+00
3.833000000000000000e+03,0.000000000000000000e+00
3.834000000000000000e+03,0.000000000000000000e+00
3.835000000000000000e+03,0.000000000000000000e+00
3.836000000000000000e+03,0.000000000000000000e+00
3.837000000000000000e+03,0.000000000000000000e+00
3.838000000000000000e+03,0.000000000000000000e+00
3.839000000000000000e+03,0.000000000000000000e+00
3.840000000000000000e+03,0.000000000000000000e+00
3.841000000000000000e+03,0.000000000000000000e+00
3.842000000000000000e+03,0.000000000000000000e+00
3.843000000000000000e+03,0.000000000000000000e+00
3.844000000000000000e+03,0.000000000000000000e+00
3.845000000000000000e+03,0.000000000000000000e+00
3.846000000000000000e+03,0.000000000000000000e+00
3.847000000000000000e+03,0.000000000000000000e+00
3.848000000000000000e+03,0.000000000000000000e+00
3.849000000000000000e+03,0.000000000000000000e+00
3.850000000000000000e+03,0.000000000000000000e+00
3.851000000000000000e+03,0.000000000000000000e+00
3.852000000000000000e+03,0.000000000000000000e+00
3.853000000000000000e+03,0.000000000000000000e+00
3.854000000000000000e+03,0.000000000000000000e+00
3.855000000000000000e+03,0.000000000000000000e+00
3.856000000000000000e+03,0.000000000000000000e+00
3.857000000000000000e+03,0.000000000000000000e+00
3.858000000000000000e+03,0.000000000000000000e+00
3.859000000000000000e+03,0.000000000000000000e+00
3.860000000000000000e+03,0.000000000000000000e+00
3.861000000000000000e+03,0.000000000000000000e+00
3.862000000000000000e+03,0.000000000000000000e+00
3.863000000000000000e+03,0.000000000000000000e+00
3.864000000000000000e+03,0.000000000000000000e+00
3.865000000000000000e+03,0.000000000000000000e+00
3.866000000000000000e+03,0.000000000000000000e+00
3.867000000000000000e+03,0.000000000000000000e+00
3.868000000000000000e+03,0.000000000000000000e+00
3.869000000000000000e+03,0.000000000000000000e+00
3.870000000000000000e+03,0.000000000000000000e+00
3.871000000000000000e+03,0.000000000000000000e+00
3.872000000000000000e+03,0.000000000000000000e+00
3.873000000000000000e+03,0.000000000000000000e+00
3.874000000000000000e+03,0.000000000000000000e+00
3.875000000000000000e+03,0.000000000000000000e+00
3.876000000000000000e+03,0.000000000000000000e+00
3.877000000000000000e+03,0.000000000000000000e+00
3.878000000000000000e+03,0.000000000000000000e+00
3.879000000000000000e+03,0.000000000000000000e+00
3.880000000000000000e+03,0.000000000000000000e+00
3.881000000000000000e+03,0.000000000000000000e+00
3.882000000000000000e+03,0.000000000000000000e+00
3.883000000000000000e+03,0.000000000000000000e+00
3.884000000000000000e+03,0.000000000000000000e+00
3.885000000000000000e+03,0.000000000000000000e+00
3.886000000000000000e+03,0.000000000000000000e+00
3.887000000000000000e+03,0.000000000000000000e+00
3.888000000000000000e+03,0.000000000000000000e+00
3.889000000000000000e+03,0.000000000000000000e+00
3.890000000000000000e+03,0.000000000000000000e+00
3.891000000000000000e+03,0.000000000000000000e+00
3.892000000000000000e+03,0.000000000000000000e+00
3.893000000000000000e+03,0.000000000000000000e+00
3.894000000000000000e+03,0.000000000000000000e+00
3.895000000000000000e+03,0.000000000000000000e+00
3.896000000000000000e+03,0.000000000000000000e+00
3.897000000000000000e+03,0.000000000000000000e+00
3.898000000000000000e+03,0.000000000000000000e+00
3.899000000000000000e+03,0.000000000000000000e+00
3.900000000000000000e+03,0.000000000000000000e+00
3.901000000000000000e+03,0.000000000000000000e+00
3.902000000000000000e+03,0.000000000000000000e+00
3.903000000000000000e+03,0.000000000000000000e+00
3.904000000000000000e+03,0.000000000000000000e+00
3.905000000000000000e+03,0.000000000000000000e+00
3.906000000000000000e+03,0.000000000000000000e+00
3.907000000000000000e+03,0.000000000000000000e+00
3.908000000000000000e+03,0.000000000000000000e+00
3.909000000000000000e+03,0.000000000000000000e+00
3.910000000000000000e+03,0.000000000000000000e+00
3.911000000000000000e+03,0.000000000000000000e+00
3.912000000000000000e+03,0.000000000000000000e+00
3.913000000000000000e+03,0.000000000000000000e+00
3.914000000000000000e+03,0.000000000000000000e+00
3.915000000000000000e+03,0.000000000000000000e+00
3.916000000000000000e+03,0.000000000000000000e+00
3.917000000000000000e+03,0.000000000000000000e+00
3.918000000000000000e+03,0.000000000000000000e+00
3.919000000000000000e+03,0.000000000000000000e+00
3.920000000000000000e+03,0.000000000000000000e+00
3.921000000000000000e+03,0.000000000000000000e+00
3.922000000000000000e+03,0.000000000000000000e+00
3.923000000000000000e+03,0.000000000000000000e+00
3.924000000000000000e+03,0.000000000000000000e+00
3.925000000000000000e+03,0.000000000000000000e+00
3.926000000000000000e+03,0.000000000000000000e+00
3.927000000000000000e+03,0.000000000000000000e+00
3.928000000000000000e+03,0.000000000000000000e+00
3.929000000000000000e+03,0.000000000000000000e+00
3.930000000000000000e+03,0.000000000000000000e+00
3.931000000000000000e+03,0.000000000000000000e+00
3.932000000000000000e+03,0.000000000000000000e+00
3.933000000000000000e+03,0.000000000000000000e+00
3.934000000000000000e+03,0.000000000000000000e+00
3.935000000000000000e+03,0.000000000000000000e+00
3.936000000000000000e+03,0.000000000000000000e+00
3.937000000000000000e+03,0.000000000000000000e+00
3.938000000000000000e+03,0.000000000000000000e+00
3.939000000000000000e+03,0.000000000000000000e+00
3.940000000000000000e+03,0.000000000000000000e+00
3.941000000000000000e+03,0.000000000000000000e+00
3.942000000000000000e+03,0.000000000000000000e+00
3.943000000000000000e+03,0.000000000000000000e+00
3.944000000000000000e+03,0.000000000000000000e+00
3.945000000000000000e+03,0.000000000000000000e+00
3.946000000000000000e+03,0.000000000000000000e+00
3.947000000000000000e+03,0.000000000000000000e+00
3.948000000000000000e+03,0.000000000000000000e+00
3.949000000000000000e+03,0.000000000000000000e+00
3.950000000000000000e+03,0.000000000000000000e+00
3.951000000000000000e+03,0.000000000000000000e+00
3.952000000000000000e+03,0.000000000000000000e+00
3.953000000000000000e+03,0.000000000000000000e+00
3.954000000000000000e+03,0.000000000000000000e+00
3.955000000000000000e+03,0.000000000000000000e+00
3.956000000000000000e+03,0.000000000000000000e+00
3.957000000000000000e+03,0.000000000000000000e+00
3.958000000000000000e+03,0.000000000000000000e+00
3.959000000000000000e+03,0.000000000000000000e+00
3.960000000000000000e+03,0.000000000000000000e+00
3.961000000000000000e+03,0.000000000000000000e+00
3.962000000000000000e+03,0.000000000000000000e+00
3.963000000000000000e+03,0.000000000000000000e+00
3.964000000000000000e+03,0.000000000000000000e+00
3.965000000000000000e+03,0.000000000000000000e+00
3.966000000000000000e+03,0.000000000000000000e+00
3.967000000000000000e+03,0.000000000000000000e+00
3.968000000000000000e+03,0.000000000000000000e+00
3.969000000000000000e+03,0.000000000000000000e+00
3.970000000000000000e+03,0.000000000000000000e+00
3.971000000000000000e+03,0.000000000000000000e+00
3.972000000000000000e+03,0.000000000000000000e+00
3.973000000000000000e+03,0.000000000000000000e+00
3.974000000000000000e+03,0.000000000000000000e+00
3.975000000000000000e+03,0.000000000000000000e+00
3.976000000000000000e+03,0.000000000000000000e+00
3.977000000000000000e+03,0.000000000000000000e+00
3.978000000000000000e+03,0.000000000000000000e+00
3.979000000000000000e+03,0.000000000000000000e+00
3.980000000000000000e+03,0.000000000000000000e+00
3.981000000000000000e+03,0.000000000000000000e+00
3.982000000000000000e+03,0.000000000000000000e+00
3.983000000000000000e+03,0.000000000000000000e+00
3.984000000000000000e+03,0.000000000000000000e+00
3.985000000000000000e+03,0.000000000000000000e+00
3.986000000000000000e+03,0.000000000000000000e+00
3.987000000000000000e+03,0.000000000000000000e+00
3.988000000000000000e+03,0.000000000000000000e+00
3.989000000000000000e+03,0.000000000000000000e+00
3.990000000000000000e+03,0.000000000000000000e+00
3.991000000000000000e+03,0.000000000000000000e+00
3.992000000000000000e+03,0.000000000000000000e+00
3.993000000000000000e+03,0.000000000000000000e+00
3.994000000000000000e+03,0.000000000000000000e+00
3.995000000000000000e+03,0.000000000000000000e+00
3.996000000000000000e+03,0.000000000000000000e+00
3.997000000000000000e+03,0.000000000000000000e+00
3.998000000000000000e+03,0.000000000000000000e+00
3.999000000000000000e+03,0.000000000000000000e+00
