Wavenumber(cm-1),Transmittance(%),Absorbance(A.U.)
4.000000000000000000e+02,9.690694320897883074e+01,2.013645105412395608e+00
4.010000000000000000e+02,9.669863205077292889e+01,2.014579669629542380e+00
4.020000000000000000e+02,9.648200793533028730e+01,2.015553666790162346e+00
4.030000000000000000e+02,9.625728535042222234e+01,2.016566390466226100e+00
4.040000000000000000e+02,9.602471775912714236e+01,2.017616960661966719e+00
4.050000000000000000e+02,9.578460509556401803e+01,2.018704286947676341e+00
4.060000000000000000e+02,9.553730794861320419e+01,2.019827000435271191e+00
4.070000000000000000e+02,9.528327120289557683e+01,2.020983341355465868e+00
4.080000000000000000e+02,9.502306027333091265e+01,2.022170986983336860e+00
4.090000000000000000e+02,9.475741299753902069e+01,2.023386804600075806e+00
4.100000000000000000e+02,9.448730926057872637e+01,2.024626518350162385e+00
4.110000000000000000e+02,9.421405782204141133e+01,2.025884290635659113e+00
4.120000000000000000e+02,9.393939476496751695e+01,2.027152242226876844e+00
4.130000000000000000e+02,9.366557985357881932e+01,2.028419973956915978e+00
4.140000000000000000e+02,9.339546616101266352e+01,2.029674205879605342e+00
4.150000000000000000e+02,9.313250695803178303e+01,2.030898706468618364e+00
4.160000000000000000e+02,9.288065751866227515e+01,2.032074718810869207e+00
4.170000000000000000e+02,9.264413652406683752e+01,2.033182062106815291e+00
4.180000000000000000e+02,9.242703985433033154e+01,2.034200955818922019e+00
4.190000000000000000e+02,9.223284874327428895e+01,2.035114377349669823e+00
4.200000000000000000e+02,9.206392968230656493e+01,2.035910491500294572e+00
4.210000000000000000e+02,9.192115653709210221e+01,2.036584520062619141e+00
4.220000000000000000e+02,9.180376913382815474e+01,2.037139487857365872e+00
4.230000000000000000e+02,9.170951396556580448e+01,2.037585608185827901e+00
4.240000000000000000e+02,9.163502141686147695e+01,2.037938514309349802e+00
4.250000000000000000e+02,9.157630531393633078e+01,2.038216882255560414e+00
4.260000000000000000e+02,9.152925443176009423e+01,2.038440075248454164e+00
4.270000000000000000e+02,9.149001871598090929e+01,2.038626283562195329e+00
4.280000000000000000e+02,9.145524845676848713e+01,2.038791366071576405e+00
4.290000000000000000e+02,9.142219392714744686e+01,2.038948360830312279e+00
4.300000000000000000e+02,9.138870122056258083e+01,2.039107494647854235e+00
4.310000000000000000e+02,9.135314718568095316e+01,2.039276486277171507e+00
4.320000000000000000e+02,9.131435018035951146e+01,2.039460967105143574e+00
4.330000000000000000e+02,9.127148216676734194e+01,2.039664896860875043e+00
4.340000000000000000e+02,9.122399690429124064e+01,2.039890903423180024e+00
4.350000000000000000e+02,9.117158097560064789e+01,2.040140514181131515e+00
4.360000000000000000e+02,9.111412932644766727e+01,2.040414270527563634e+00
4.370000000000000000e+02,9.105174417341680737e+01,2.040711730510080368e+00
4.380000000000000000e+02,9.098475456085290602e+01,2.041031372126974830e+00
4.390000000000000000e+02,9.091375265201729405e+01,2.041370415467687049e+00
4.400000000000000000e+02,9.083964135651756067e+01,2.041724589084544572e+00
4.410000000000000000e+02,9.076368572273739233e+01,2.042087876641818234e+00
4.420000000000000000e+02,9.068755759275677519e+01,2.042452294411616798e+00
4.430000000000000000e+02,9.061335973214572448e+01,2.042807766669638259e+00
4.440000000000000000e+02,9.054361303604575539e+01,2.043142179486114429e+00
4.450000000000000000e+02,9.048119016090566902e+01,2.043441695473025010e+00
4.460000000000000000e+02,9.042918307616507434e+01,2.043691392493054870e+00
4.470000000000000000e+02,9.039070213086935723e+01,2.043876240110157561e+00
4.480000000000000000e+02,9.036862006873981557e+01,2.043982349357115424e+00
4.490000000000000000e+02,9.036529282062544155e+01,2.043998339776102569e+00
4.500000000000000000e+02,9.038230368885794519e+01,2.043916593447296925e+00
4.510000000000000000e+02,9.042028158449177511e+01,2.043734144831026001e+00
4.520000000000000000e+02,9.047883290487813213e+01,2.043453010052542762e+00
4.530000000000000000e+02,9.055660213398735436e+01,2.043079881453333968e+00
4.540000000000000000e+02,9.065144635618790403e+01,2.042625262285514331e+00
4.550000000000000000e+02,9.076068436179079413e+01,2.042102238068846720e+00
4.560000000000000000e+02,9.088136993365037597e+01,2.041525135086613041e+00
4.570000000000000000e+02,9.101054292532096213e+01,2.040908294831952130e+00
4.580000000000000000e+02,9.114542648899637811e+01,2.040265118566044755e+00
4.590000000000000000e+02,9.128355715187871056e+01,2.039607444605049835e+00
4.600000000000000000e+02,9.142285019925890310e+01,2.038945243268575513e+00
4.610000000000000000e+02,9.156161281059895884e+01,2.038286566056750626e+00
4.620000000000000000e+02,9.169852137969782291e+01,2.037637667185108192e+00
4.630000000000000000e+02,9.183257897258171454e+01,2.037003219038835411e+00
4.640000000000000000e+02,9.196306595408584883e+01,2.036386558229801302e+00
4.650000000000000000e+02,9.208949311043990349e+01,2.035789917517147440e+00
4.660000000000000000e+02,9.221156312792787446e+01,2.035214615955286632e+00
4.670000000000000000e+02,9.232914347960239354e+01,2.034661193290322689e+00
4.680000000000000000e+02,9.244225163837144521e+01,2.034129484847940095e+00
4.690000000000000000e+02,9.255105187383514931e+01,2.033618640980161096e+00
4.700000000000000000e+02,9.265586142991620022e+01,2.033127101912814094e+00
4.710000000000000000e+02,9.275716238581996720e+01,2.032652545707077874e+00
4.720000000000000000e+02,9.285561386939805573e+01,2.032191834532712793e+00
4.730000000000000000e+02,9.295205763885068961e+01,2.031740991999584800e+00
4.740000000000000000e+02,9.304750880293552484e+01,2.031295249912274503e+00
4.750000000000000000e+02,9.314312336379781243e+01,2.030849202983499246e+00
4.760000000000000000e+02,9.324013627274197802e+01,2.030397100418978695e+00
4.770000000000000000e+02,9.333976850518065760e+01,2.029933280556576403e+00
4.780000000000000000e+02,9.344310917511521097e+01,2.029452719513235692e+00
4.790000000000000000e+02,9.355098742045673532e+01,2.028951624208946924e+00
4.800000000000000000e+02,9.366385579457707422e+01,2.028427967888124517e+00
4.810000000000000000e+02,9.378170884141056263e+01,2.027881858037417384e+00
4.820000000000000000e+02,9.390405535001890769e+01,2.027315651843528688e+00
4.830000000000000000e+02,9.402995127499619343e+01,2.026733788936731173e+00
4.840000000000000000e+02,9.415808625783812147e+01,2.026142377013675056e+00
4.850000000000000000e+02,9.428690515824339968e+01,2.025548619165246755e+00
4.860000000000000000e+02,9.441474078897820732e+01,2.024960194859426021e+00
4.870000000000000000e+02,9.453993593730753275e+01,2.024384696322117705e+00
4.880000000000000000e+02,9.466093968708632644e+01,2.023829188660643208e+00
4.890000000000000000e+02,9.477637167116762384e+01,2.023299921436918947e+00
4.900000000000000000e+02,9.488505527860374400e+01,2.022802185055742719e+00
4.910000000000000000e+02,9.498602551392015414e+01,2.022340284064976235e+00
4.920000000000000000e+02,9.507851904867604276e+01,2.021917591499988731e+00
4.930000000000000000e+02,9.516195374643784533e+01,2.021536650151094072e+00
4.940000000000000000e+02,9.523590353569699118e+01,2.021199293549643450e+00
4.950000000000000000e+02,9.530007274389087968e+01,2.020906767858438258e+00
4.960000000000000000e+02,9.535427238405333128e+01,2.020659843454360338e+00
4.970000000000000000e+02,9.539839962668617090e+01,2.020458910821365972e+00
4.980000000000000000e+02,9.543242083406730103e+01,2.020304059285810361e+00
4.990000000000000000e+02,9.545635802965756511e+01,2.020195139399859396e+00
5.000000000000000000e+02,9.547027843758864663e+01,2.020131810820119167e+00
5.010000000000000000e+02,9.547428667580798844e+01,2.020113577719427678e+00
5.020000000000000000e+02,9.546851925833674102e+01,2.020139813403679874e+00
5.030000000000000000e+02,9.545314121416009812e+01,2.020209775080383352e+00
5.040000000000000000e+02,9.542834483553157554e+01,2.020322608762612049e+00
5.050000000000000000e+02,9.539435080936348754e+01,2.020477343167644602e+00
5.060000000000000000e+02,9.535141224494982737e+01,2.020672870256708720e+00
5.070000000000000000e+02,9.529982236166759435e+01,2.020907908883388782e+00
5.080000000000000000e+02,9.523992678726989425e+01,2.021180947117398485e+00
5.090000000000000000e+02,9.517214144041123802e+01,2.021490158645976365e+00
5.100000000000000000e+02,9.509697666254282922e+01,2.021833289998928862e+00
5.110000000000000000e+02,9.501506737989224405e+01,2.022207519331447934e+00
5.120000000000000000e+02,9.492720732410153062e+01,2.022609295504661731e+00
5.130000000000000000e+02,9.483438249732692782e+01,2.023034179310759573e+00
5.140000000000000000e+02,9.473779523739159458e+01,2.023476726504583656e+00
5.150000000000000000e+02,9.463886625109103079e+01,2.023930471083468241e+00
5.160000000000000000e+02,9.453919977382952311e+01,2.024388078099118804e+00
5.170000000000000000e+02,9.444049952026291805e+01,2.024841724491234451e+00
5.180000000000000000e+02,9.434443303923806923e+01,2.025283721059927711e+00
5.190000000000000000e+02,9.425245947428879845e+01,2.025707308260889850e+00
5.200000000000000000e+02,9.416565531475009720e+01,2.026107466920827438e+00
5.210000000000000000e+02,9.408458441927001559e+01,2.026481529071041621e+00
5.220000000000000000e+02,9.400925288499230703e+01,2.026829398750008338e+00
5.230000000000000000e+02,9.393916511369019418e+01,2.027153303936978901e+00
5.240000000000000000e+02,9.387346517878594909e+01,2.027457150598513724e+00
5.250000000000000000e+02,9.381112329731095656e+01,2.027745663750622818e+00
5.260000000000000000e+02,9.375112133753452781e+01,2.028023529063804009e+00
5.270000000000000000e+02,9.369260272226290454e+01,2.028294696451821366e+00
5.280000000000000000e+02,9.363497128468981145e+01,2.028561918362364658e+00
5.290000000000000000e+02,9.357794050688359278e+01,2.028826517129928675e+00
5.300000000000000000e+02,9.352154389181927741e+01,2.029088332276463902e+00
5.310000000000000000e+02,9.346611904263058079e+01,2.029345789977043069e+00
5.320000000000000000e+02,9.341227519212770858e+01,2.029596049916408074e+00
5.330000000000000000e+02,9.336084957226781000e+01,2.029835204918243985e+00
5.340000000000000000e+02,9.331285432442696504e+01,2.030058525839391947e+00
5.350000000000000000e+02,9.326941371790624657e+01,2.030260753159719211e+00
5.360000000000000000e+02,9.323169153770056994e+01,2.030436436139287704e+00
5.370000000000000000e+02,9.320081034231655792e+01,2.030580311619552880e+00
5.380000000000000000e+02,9.317776718660532254e+01,2.030687700736421686e+00
5.390000000000000000e+02,9.316335335141579321e+01,2.030754887722098889e+00
5.400000000000000000e+02,9.315808749713843895e+01,2.030779435959224610e+00
5.410000000000000000e+02,9.316217153855365041e+01,2.030760396949081947e+00
5.420000000000000000e+02,9.317547607213569449e+01,2.030698379577897228e+00
5.430000000000000000e+02,9.319755781928535043e+01,2.030595467898213435e+00
5.440000000000000000e+02,9.322770642863191881e+01,2.030455000082939332e+00
5.450000000000000000e+02,9.326501353625253898e+01,2.030281242402804942e+00
5.460000000000000000e+02,9.330845436013142091e+01,2.030079004532076681e+00
5.470000000000000000e+02,9.335697174871673099e+01,2.029853244089420805e+00
5.480000000000000000e+02,9.340955417443130671e+01,2.029608700718241732e+00
5.490000000000000000e+02,9.346530178592473703e+01,2.029349587413301403e+00
5.500000000000000000e+02,9.352347729617235927e+01,2.029079354043987760e+00
5.510000000000000000e+02,9.358354039589220008e+01,2.028800528866908870e+00
5.520000000000000000e+02,9.364516517223013636e+01,2.028514639999629221e+00
5.530000000000000000e+02,9.370823977498689317e+01,2.028222219875552845e+00
5.540000000000000000e+02,9.377284680990091204e+01,2.027922899230712783e+00
5.550000000000000000e+02,9.383922244701754778e+01,2.027615599447180728e+00
5.560000000000000000e+02,9.390769290874459330e+01,2.027298828916347606e+00
5.570000000000000000e+02,9.397858952944513078e+01,2.026971077340047334e+00
5.580000000000000000e+02,9.405214800124394969e+01,2.026631281406162444e+00
5.590000000000000000e+02,9.412840278052979670e+01,2.026279310583060322e+00
5.600000000000000000e+02,9.420709197642315758e+01,2.025916401981104009e+00
5.610000000000000000e+02,9.428758909594066040e+01,2.025545468894378587e+00
5.620000000000000000e+02,9.436887436283838326e+01,2.025171225209205783e+00
5.630000000000000000e+02,9.444955046631444873e+01,2.024800104766643738e+00
5.640000000000000000e+02,9.452789806186484611e+01,2.024439999043633698e+00
5.650000000000000000e+02,9.460195853851908510e+01,2.024099872333232852e+00
5.660000000000000000e+02,9.466962802355978113e+01,2.023789329311616036e+00
5.670000000000000000e+02,9.472874784178266339e+01,2.023518203315504138e+00
5.680000000000000000e+02,9.477718128089648530e+01,2.023296211572004566e+00
5.690000000000000000e+02,9.481287226681654090e+01,2.023132696681515075e+00
5.700000000000000000e+02,9.483388645909734294e+01,2.023036450926007923e+00
5.710000000000000000e+02,9.483843832420160425e+01,2.023015606030477809e+00
5.720000000000000000e+02,9.482490886190812773e+01,2.023077566033971486e+00
5.730000000000000000e+02,9.479185834310693792e+01,2.023228962540686737e+00
5.740000000000000000e+02,9.473803731558389529e+01,2.023475616777588915e+00
5.750000000000000000e+02,9.466239779095498363e+01,2.023822499084253490e+00
5.760000000000000000e+02,9.456410528427744566e+01,2.024273682152250231e+00
5.770000000000000000e+02,9.444255140081418176e+01,2.024832288807126179e+00
5.780000000000000000e+02,9.429736599495838334e+01,2.025500438225889877e+00
5.790000000000000000e+02,9.412842754864303174e+01,2.026279196306676411e+00
5.800000000000000000e+02,9.393587030028223239e+01,2.027168536607769855e+00
5.810000000000000000e+02,9.372008678224173650e+01,2.028167317930055003e+00
5.820000000000000000e+02,9.348172480402325846e+01,2.029273283165142772e+00
5.830000000000000000e+02,9.322167859536989454e+01,2.030483081213097840e+00
5.840000000000000000e+02,9.294107488849228105e+01,2.031792309095783899e+00
5.850000000000000000e+02,9.264125631360506929e+01,2.033195564083320139e+00
5.860000000000000000e+02,9.232376680310062511e+01,2.034686484642977522e+00
5.870000000000000000e+02,9.199034698008783550e+01,2.036257743015653432e+00
5.880000000000000000e+02,9.164295194761460550e+01,2.037900930024849622e+00
5.890000000000000000e+02,9.128380947850597238e+01,2.039606244126959123e+00
5.900000000000000000e+02,9.091554268340661338e+01,2.041361864582051044e+00
5.910000000000000000e+02,9.054138573451047023e+01,2.043152862919562107e+00
5.920000000000000000e+02,9.016551939244627079e+01,2.044959511244169192e+00
5.930000000000000000e+02,8.979353607605970922e+01,2.046754925554724824e+00
5.940000000000000000e+02,8.943299898504626810e+01,2.048502205669276321e+00
5.950000000000000000e+02,8.909397398737164053e+01,2.050151669167783020e+00
5.960000000000000000e+02,8.878929044547078320e+01,2.051639414637241199e+00
5.970000000000000000e+02,8.853417528037645923e+01,2.052889053927113849e+00
5.980000000000000000e+02,8.834491460702305687e+01,2.053818444704727408e+00
5.990000000000000000e+02,8.823646510204763160e+01,2.054351898770783169e+00
6.000000000000000000e+02,8.821947952353880851e+01,2.054435508796580656e+00
6.010000000000000000e+02,8.829776145968500600e+01,2.054050306592643427e+00
6.020000000000000000e+02,8.846725148643763248e+01,2.053217465243695639e+00
6.030000000000000000e+02,8.871702812134022054e+01,2.051993014786311686e+00
6.040000000000000000e+02,8.903184034176847206e+01,2.050454649402535079e+00
6.050000000000000000e+02,8.939506965077828227e+01,2.048686432909971877e+00
6.060000000000000000e+02,8.979110679219888880e+01,2.046766675162697613e+00
6.070000000000000000e+02,9.020667889563441122e+01,2.044761306137258039e+00
6.080000000000000000e+02,9.063120511627549547e+01,2.042722245187804653e+00
6.090000000000000000e+02,9.105652669100354046e+01,2.040688919673558033e+00
6.100000000000000000e+02,9.147636739455452926e+01,2.038691089931312650e+00
6.110000000000000000e+02,9.188576852937207207e+01,2.036751747893264852e+00
6.120000000000000000e+02,9.228062006246301507e+01,2.034889495980144236e+00
6.130000000000000000e+02,9.265732373120756904e+01,2.033120247900983113e+00
6.140000000000000000e+02,9.301257870185759202e+01,2.031458314979394775e+00
6.150000000000000000e+02,9.334326332904961987e+01,2.029917020024413876e+00
6.160000000000000000e+02,9.364638468368343638e+01,2.028508984356379941e+00
6.170000000000000000e+02,9.391907193849606017e+01,2.027246207557080293e+00
6.180000000000000000e+02,9.415859567041106004e+01,2.026140027406968080e+00
6.190000000000000000e+02,9.436240058240854012e+01,2.025201019180762785e+00
6.200000000000000000e+02,9.452814341563660605e+01,2.024438871803389439e+00
6.210000000000000000e+02,9.465373089901494552e+01,2.023862263085065116e+00
6.220000000000000000e+02,9.473735467387444942e+01,2.023478746128840378e+00
6.230000000000000000e+02,9.477752147673402305e+01,2.023294652706169483e+00
6.240000000000000000e+02,9.477307767449279652e+01,2.023315015805004613e+00
6.250000000000000000e+02,9.472322768757153710e+01,2.023543511813946871e+00
6.260000000000000000e+02,9.462754603172288626e+01,2.023982422285502292e+00
6.270000000000000000e+02,9.448598275233862864e+01,2.024632615457353957e+00
6.280000000000000000e+02,9.429886199091679089e+01,2.025493548344828643e+00
6.290000000000000000e+02,9.406687337666079429e+01,2.026563290947210216e+00
6.300000000000000000e+02,9.379105593961044463e+01,2.027838574640937974e+00
6.310000000000000000e+02,9.347277436345424917e+01,2.029314866833575426e+00
6.320000000000000000e+02,9.311368771856204773e+01,2.030986473006853643e+00
6.330000000000000000e+02,9.271571144559732147e+01,2.032846664820414873e+00
6.340000000000000000e+02,9.228097444099475410e+01,2.034887828193937320e+00
6.350000000000000000e+02,9.181177482082999575e+01,2.037101617145376409e+00
6.360000000000000000e+02,9.131054055807300074e+01,2.039479086189904589e+00
6.370000000000000000e+02,9.077980498665741038e+01,2.042010754544365536e+00
6.380000000000000000e+02,9.022221238777136421e+01,2.044686527537351139e+00
6.390000000000000000e+02,8.964057549790368284e+01,2.047495363931246537e+00
6.400000000000000000e+02,8.903801402261565556e+01,2.050424535428043704e+00
6.410000000000000000e+02,8.841820861385980379e+01,2.053458288310451962e+00
6.420000000000000000e+02,8.778580256349135880e+01,2.056575716063183012e+00
6.430000000000000000e+02,8.714696305745873417e+01,2.059747742809508342e+00
6.440000000000000000e+02,8.651005956388191009e+01,2.062933388962154169e+00
6.450000000000000000e+02,8.588631397157556080e+01,2.066076035705077807e+00
6.460000000000000000e+02,8.529013004109036444e+01,2.069101223424519631e+00
6.470000000000000000e+02,8.473867545608941043e+01,2.071918328706602974e+00
6.480000000000000000e+02,8.425030175941238042e+01,2.074428534940742974e+00
6.490000000000000000e+02,8.384170878458405696e+01,2.076539878879515744e+00
6.500000000000000000e+02,8.352441081168279879e+01,2.078186579229339692e+00
6.510000000000000000e+02,8.330172234972422984e+01,2.079346019010401392e+00
6.520000000000000000e+02,8.316758583286832618e+01,2.080045904921334898e+00
6.530000000000000000e+02,8.310782080628553103e+01,2.080358105298986793e+00
6.540000000000000000e+02,8.310321405414350693e+01,2.080382179356849104e+00
6.550000000000000000e+02,8.313312737596368152e+01,2.080225881514507602e+00
6.560000000000000000e+02,8.317840402357876428e+01,2.079989416868447183e+00
6.570000000000000000e+02,8.322301534073105245e+01,2.079756552877167763e+00
6.580000000000000000e+02,8.325453952839738747e+01,2.079592076880095952e+00
6.590000000000000000e+02,8.326388542023143202e+01,2.079543327088503535e+00
6.600000000000000000e+02,8.324468563098555762e+01,2.079643482443960689e+00
6.610000000000000000e+02,8.319264851068135158e+01,2.079915049337953459e+00
6.620000000000000000e+02,8.310501059855612027e+01,2.080372790780242287e+00
6.630000000000000000e+02,8.298012788161631192e+01,2.081025900210377699e+00
6.640000000000000000e+02,8.281719024173752075e+01,2.081879507994576439e+00
6.650000000000000000e+02,8.261602501655831077e+01,2.082935704480512129e+00
6.660000000000000000e+02,8.237695794803926219e+01,2.084194249898098761e+00
6.670000000000000000e+02,8.210071320614454748e+01,2.085653070162560851e+00
6.680000000000000000e+02,8.178835315127120964e+01,2.087308536454157704e+00
6.690000000000000000e+02,8.144127939992905851e+01,2.089155412414426927e+00
6.700000000000000000e+02,8.106133571528022230e+01,2.091186244302736696e+00
6.710000000000000000e+02,8.065106481653430137e+01,2.093389894351990410e+00
6.720000000000000000e+02,8.021416742906774289e+01,2.095748919834567126e+00
6.730000000000000000e+02,7.975618127050287853e+01,2.098235648237665174e+00
6.740000000000000000e+02,7.928532500538571526e+01,2.100807189214095150e+00
6.750000000000000000e+02,7.881332420104007497e+01,2.103400354365577041e+00
6.760000000000000000e+02,7.835586130961591778e+01,2.105928511139069315e+00
6.770000000000000000e+02,7.793213673717670531e+01,2.108283416145734002e+00
6.780000000000000000e+02,7.756304739976259555e+01,2.110345136121160703e+00
6.790000000000000000e+02,7.726787057361136135e+01,2.112001056318105086e+00
6.800000000000000000e+02,7.706010546464995059e+01,2.113170400946114746e+00
6.810000000000000000e+02,7.694389920454788978e+01,2.113825809189707083e+00
6.820000000000000000e+02,7.691260712780066910e+01,2.114002466995996254e+00
6.830000000000000000e+02,7.695017047703207425e+01,2.113790413686273517e+00
6.840000000000000000e+02,7.703464014705808438e+01,2.113313941817243524e+00
6.850000000000000000e+02,7.714230724049380683e+01,2.112707376011459193e+00
6.860000000000000000e+02,7.725102174746987771e+01,2.112095767743211283e+00
6.870000000000000000e+02,7.734205047851789061e+01,2.111584318173207464e+00
6.880000000000000000e+02,7.740058378134533257e+01,2.111255763709086963e+00
6.890000000000000000e+02,7.741537509392074412e+01,2.111172777620342167e+00
6.900000000000000000e+02,7.737801127912138099e+01,2.111382436434398269e+00
6.910000000000000000e+02,7.728215515998756757e+01,2.111920775295469621e+00
6.920000000000000000e+02,7.712293046537715213e+01,2.112816476761306017e+00
6.930000000000000000e+02,7.689649987976676471e+01,2.114093427656277502e+00
6.940000000000000000e+02,7.659982444856439088e+01,2.115772225682110541e+00
6.950000000000000000e+02,7.623056994228574013e+01,2.117870833189900104e+00
6.960000000000000000e+02,7.578712461259422639e+01,2.120404569891170432e+00
6.970000000000000000e+02,7.526870050354230557e+01,2.123385581893355578e+00
6.980000000000000000e+02,7.467550001627219558e+01,2.126821860741499037e+00
6.990000000000000000e+02,7.400893700685844578e+01,2.130715833533758374e+00
7.000000000000000000e+02,7.327190497129915059e+01,2.135062517239911806e+00
7.010000000000000000e+02,7.246908170806118221e+01,2.139847241809202938e+00
7.020000000000000000e+02,7.160724803525148729e+01,2.145043016485428389e+00
7.030000000000000000e+02,7.069557617540942829e+01,2.150607761630524806e+00
7.040000000000000000e+02,6.974581272847805735e+01,2.156481860649393845e+00
7.050000000000000000e+02,6.877224964240021166e+01,2.162586769008263854e+00
7.060000000000000000e+02,6.779136203321296250e+01,2.168825640355696915e+00
7.070000000000000000e+02,6.682102082558489542e+01,2.175086893924884635e+00
7.080000000000000000e+02,6.587928570828405839e+01,2.181251118285410406e+00
7.090000000000000000e+02,6.498294982564894440e+01,2.187200578249198557e+00
7.100000000000000000e+02,6.414619403677416187e+01,2.192829106364065250e+00
7.110000000000000000e+02,6.337982154914401178e+01,2.198048987934155374e+00
7.120000000000000000e+02,6.269148875844028623e+01,2.202791416683638204e+00
7.130000000000000000e+02,6.208709686367050296e+01,2.206998646895278693e+00
7.140000000000000000e+02,6.157312723752691141e+01,2.210608788466149832e+00
7.150000000000000000e+02,6.115930783410015437e+01,2.213537438327276341e+00
7.160000000000000000e+02,6.086068949838522002e+01,2.215663131773320860e+00
7.170000000000000000e+02,6.069807968373522300e+01,2.216825048561473999e+00
7.180000000000000000e+02,6.069597585013510610e+01,2.216840101742116875e+00
7.190000000000000000e+02,6.087785747454667273e+01,2.215540640458167232e+00
7.200000000000000000e+02,6.125992250097836234e+01,2.212823556948622539e+00
7.210000000000000000e+02,6.184553251402012108e+01,2.208691666682942145e+00
7.220000000000000000e+02,6.262279406615665067e+01,2.203267559196857128e+00
7.230000000000000000e+02,6.356636863280382244e+01,2.196772597878672073e+00
7.240000000000000000e+02,6.464253975233492611e+01,2.189481588824494729e+00
7.250000000000000000e+02,6.581524128362735837e+01,2.181673522208383620e+00
7.260000000000000000e+02,6.705091821286606546e+01,2.173595270429079296e+00
7.270000000000000000e+02,6.832124009455841929e+01,2.165444259395515214e+00
7.280000000000000000e+02,6.960382318488008480e+01,2.157366904893817772e+00
7.290000000000000000e+02,7.088167953803971955e+01,2.149466000411905497e+00
7.300000000000000000e+02,7.214213284250763536e+01,2.141811022150187149e+00
7.310000000000000000e+02,7.337570548319153829e+01,2.134447710126145203e+00
7.320000000000000000e+02,7.457522171618914797e+01,2.127405446782871135e+00
7.330000000000000000e+02,7.573518676951421469e+01,2.120702299239795696e+00
7.340000000000000000e+02,7.685139933461695705e+01,2.114348220320779514e+00
7.350000000000000000e+02,7.792071120879673174e+01,2.108347092158107561e+00
7.360000000000000000e+02,7.894083972509355362e+01,2.102698258152882804e+00
7.370000000000000000e+02,7.991015405296558072e+01,2.097398032087962605e+00
7.380000000000000000e+02,8.082739158449560080e+01,2.092441436279250944e+00
7.390000000000000000e+02,8.169131111230413467e+01,2.087824133634712087e+00
7.400000000000000000e+02,8.250034236989972669e+01,2.083544249158563400e+00
7.410000000000000000e+02,8.325232432730636845e+01,2.079603632555194093e+00
7.420000000000000000e+02,8.394441671471084021e+01,2.076008184226690201e+00
7.430000000000000000e+02,8.457321864891402186e+01,2.072767140913252426e+00
7.440000000000000000e+02,8.513505873202578300e+01,2.069891560027920185e+00
7.450000000000000000e+02,8.562636844478689113e+01,2.067392474731392760e+00
7.460000000000000000e+02,8.604403864317083617e+01,2.065279213355704080e+00
7.470000000000000000e+02,8.638568521258753208e+01,2.063558217570220954e+00
7.480000000000000000e+02,8.664979342003360330e+01,2.062232468341251845e+00
7.490000000000000000e+02,8.683574891834049936e+01,2.061301445771479557e+00
7.500000000000000000e+02,8.694378511437487589e+01,2.060761456639970124e+00
7.510000000000000000e+02,8.697488176010489269e+01,2.060606152991053541e+00
7.520000000000000000e+02,8.693064425949388863e+01,2.060827101724111987e+00
7.530000000000000000e+02,8.681318386905559237e+01,2.061414315759059424e+00
7.540000000000000000e+02,8.662501003330586968e+01,2.062356702078155468e+00
7.550000000000000000e+02,8.636893940783244261e+01,2.063642413413185217e+00
7.560000000000000000e+02,8.604802193463993376e+01,2.065259108750072237e+00
7.570000000000000000e+02,8.566548217447677871e+01,2.067194136314185027e+00
7.580000000000000000e+02,8.522467334558764662e+01,2.069434654686699737e+00
7.590000000000000000e+02,8.472904165413442001e+01,2.071967705745541899e+00
7.600000000000000000e+02,8.418209919269935426e+01,2.074780248741965760e+00
7.610000000000000000e+02,8.358740475330844788e+01,2.077859158664316475e+00
7.620000000000000000e+02,8.294855328835200226e+01,2.081191184134674188e+00
7.630000000000000000e+02,8.226917646357348701e+01,2.084762850075789320e+00
7.640000000000000000e+02,8.155295881389544377e+01,2.088560277747714355e+00
7.650000000000000000e+02,8.080367644140146410e+01,2.092568879053502862e+00
7.660000000000000000e+02,8.002526789214556402e+01,2.096772863339583459e+00
7.670000000000000000e+02,7.922194950578477801e+01,2.101154474615551493e+00
7.680000000000000000e+02,7.839838944593972769e+01,2.105692859023796881e+00
7.690000000000000000e+02,7.755995444614040935e+01,2.110362454670635657e+00
7.700000000000000000e+02,7.671303879657112645e+01,2.115130813415608824e+00
7.710000000000000000e+02,7.586547297249326505e+01,2.119955830285789933e+00
7.720000000000000000e+02,7.502698565537806985e+01,2.124782501764329368e+00
7.730000000000000000e+02,7.420965473148211800e+01,2.129539589008855316e+00
7.740000000000000000e+02,7.342823152930890274e+01,2.134136931363359135e+00
7.750000000000000000e+02,7.270016913243946988e+01,2.138464578780580716e+00
7.760000000000000000e+02,7.204515586566836305e+01,2.142395214732499831e+00
7.770000000000000000e+02,7.148398817951147066e+01,2.145791225667829760e+00
7.780000000000000000e+02,7.103674949470712363e+01,2.148516919256614699e+00
7.790000000000000000e+02,7.072049308791936539e+01,2.150454719931975234e+00
7.800000000000000000e+02,7.054688791315676610e+01,2.151522139839527448e+00
7.810000000000000000e+02,7.052044196593135439e+01,2.151684974552470209e+00
7.820000000000000000e+02,7.063784157260019470e+01,2.150962579637605288e+00
7.830000000000000000e+02,7.088862215783655074e+01,2.149423464825339636e+00
7.840000000000000000e+02,7.125695660422937294e+01,2.147172730374207195e+00
7.850000000000000000e+02,7.172402444199673255e+01,2.144335350120499140e+00
7.860000000000000000e+02,7.227034875566600647e+01,2.141039849498186154e+00
7.870000000000000000e+02,7.287764313180151987e+01,2.137405680922602524e+00
7.880000000000000000e+02,7.352997125671468837e+01,2.133535603796417490e+00
7.890000000000000000e+02,7.421425237737643954e+01,2.129512683205320389e+00
7.900000000000000000e+02,7.492027673409072008e+01,2.125400627134138798e+00
7.910000000000000000e+02,7.564042614375047435e+01,2.121246033087733185e+00
7.920000000000000000e+02,7.636926255878069014e+01,2.117081403036245923e+00
7.930000000000000000e+02,7.710309117119136602e+01,2.112928210124402906e+00
7.940000000000000000e+02,7.783955102946545423e+01,2.108799677698440789e+00
7.950000000000000000e+02,7.857724747810149779e+01,2.104703188377468059e+00
7.960000000000000000e+02,7.931541986275205147e+01,2.100642372451656748e+00
7.970000000000000000e+02,8.005363301097526119e+01,2.096618954053029338e+00
7.980000000000000000e+02,8.079148791690616349e+01,2.092634393500818035e+00
7.990000000000000000e+02,8.152836020006914453e+01,2.088691292659695886e+00
8.000000000000000000e+02,8.226318748056544905e+01,2.084794466740272689e+00
8.010000000000000000e+02,8.299433222020894618e+01,2.080951565088201338e+00
8.020000000000000000e+02,8.371954088838535313e+01,2.077173161964831483e+00
8.030000000000000000e+02,8.443600444697371188e+01,2.073472325905441949e+00
8.040000000000000000e+02,8.514050492719880481e+01,2.069863778560503853e+00
8.050000000000000000e+02,8.582961621711496036e+01,2.066362829397035306e+00
8.060000000000000000e+02,8.649992005792933014e+01,2.062984293904159383e+00
8.070000000000000000e+02,8.714820196313367262e+01,2.059741568801202849e+00
8.080000000000000000e+02,8.777160316110240501e+01,2.056645969119063277e+00
8.090000000000000000e+02,8.836771852235220592e+01,2.053706357476182021e+00
8.100000000000000000e+02,8.893464226593683009e+01,2.050929037518364417e+00
8.110000000000000000e+02,8.947097072886477065e+01,2.048317850687297437e+00
8.120000000000000000e+02,8.997577448114380161e+01,2.045874406398424661e+00
8.130000000000000000e+02,9.044855173029522177e+01,2.043598382707723982e+00
8.140000000000000000e+02,9.088917278601984151e+01,2.041487849224134621e+00
8.150000000000000000e+02,9.129782259519777199e+01,2.039539580035984123e+00
8.160000000000000000e+02,9.167494578819335516e+01,2.037749338186508385e+00
8.170000000000000000e+02,9.202119665184261521e+01,2.036112123430352305e+00
8.180000000000000000e+02,9.233739502857640957e+01,2.034622381687333448e+00
8.190000000000000000e+02,9.262448825304309707e+01,2.033274178467335602e+00
8.200000000000000000e+02,9.288351874506572869e+01,2.032061340398910509e+00
8.210000000000000000e+02,9.311559665210744186e+01,2.030977569581080111e+00
8.220000000000000000e+02,9.332187687298115009e+01,2.030016535337113126e+00
8.230000000000000000e+02,9.350353982499822791e+01,2.029171947444450286e+00
8.240000000000000000e+02,9.366177539302860566e+01,2.028437614266006328e+00
8.250000000000000000e+02,9.379776959463254116e+01,2.027807488532024305e+00
8.260000000000000000e+02,9.391269359751436241e+01,2.027275702869390628e+00
8.270000000000000000e+02,9.400769482947436018e+01,2.026836596557676007e+00
8.280000000000000000e+02,9.408389002710433147e+01,2.026484734397403731e+00
8.290000000000000000e+02,9.414236018040423914e+01,2.026214917985261543e+00
8.300000000000000000e+02,9.418414744962622365e+01,2.026022189080944003e+00
8.310000000000000000e+02,9.421025426037539319e+01,2.025901824103873317e+00
8.320000000000000000e+02,9.422164492302202632e+01,2.025849318111415442e+00
8.330000000000000000e+02,9.421925026744395382e+01,2.025860355903425614e+00
8.340000000000000000e+02,9.420397592016094279e+01,2.025930767231035823e+00
8.350000000000000000e+02,9.417671495093058809e+01,2.026056462582677131e+00
8.360000000000000000e+02,9.413836563345834918e+01,2.026233345890604109e+00
8.370000000000000000e+02,9.408985492805001627e+01,2.026457201081666160e+00
8.380000000000000000e+02,9.403216790131116909e+01,2.026723551164432369e+00
8.390000000000000000e+02,9.396638252242962608e+01,2.027027492105890616e+00
8.400000000000000000e+02,9.389370798628611681e+01,2.027363509740195191e+00
8.410000000000000000e+02,9.381552282755922079e+01,2.027725296795826360e+00
8.420000000000000000e+02,9.373340666525322717e+01,2.028105598603358484e+00
8.430000000000000000e+02,9.364915678559195555e+01,2.028496128646598784e+00
8.440000000000000000e+02,9.356477867269670412e+01,2.028887605394474214e+00
8.450000000000000000e+02,9.348243921827449299e+01,2.029269964174375218e+00
8.460000000000000000e+02,9.340437411397462597e+01,2.029632785342910584e+00
8.470000000000000000e+02,9.333274794358160875e+01,2.029965947295331308e+00
8.480000000000000000e+02,9.326947658380774442e+01,2.030260460434549774e+00
8.490000000000000000e+02,9.321603443906127495e+01,2.030509376600449389e+00
8.500000000000000000e+02,9.317327941819988268e+01,2.030708618387171871e+00
8.510000000000000000e+02,9.314133137284301256e+01,2.030857558503925464e+00
8.520000000000000000e+02,9.311953186146760686e+01,2.030959216011330337e+00
8.530000000000000000e+02,9.310649577052305403e+01,2.031020018493604695e+00
8.540000000000000000e+02,9.310024418991430650e+01,2.031049179918837488e+00
8.550000000000000000e+02,9.309839060341177230e+01,2.031057826624445006e+00
8.560000000000000000e+02,9.309834459181806210e+01,2.031058041263882785e+00
8.570000000000000000e+02,9.309750004778312871e+01,2.031061980995349625e+00
8.580000000000000000e+02,9.309338527084960901e+01,2.031081176617237638e+00
8.590000000000000000e+02,9.308376521346437471e+01,2.031126057934100171e+00
8.600000000000000000e+02,9.306669722549918333e+01,2.031205698166137719e+00
8.610000000000000000e+02,9.304054864469645736e+01,2.031327737309469583e+00
8.620000000000000000e+02,9.300398734223401220e+01,2.031498431622321466e+00
8.630000000000000000e+02,9.295595594902192715e+01,2.031722778534078788e+00
8.640000000000000000e+02,9.289563839256112487e+01,2.032004676388604825e+00
8.650000000000000000e+02,9.282242475724608255e+01,2.032347090895037400e+00
8.660000000000000000e+02,9.273587808734906446e+01,2.032752211477762305e+00
8.670000000000000000e+02,9.263570491974134313e+01,2.033221589334452517e+00
8.680000000000000000e+02,9.252173012907648797e+01,2.033756254646711170e+00
8.690000000000000000e+02,9.239387601948921258e+01,2.034356813401996256e+00
8.700000000000000000e+02,9.225214538706758560e+01,2.035023525234691544e+00
8.710000000000000000e+02,9.209660839721438208e+01,2.035756363087583232e+00
8.720000000000000000e+02,9.192739349006410521e+01,2.036555053697393536e+00
8.730000000000000000e+02,9.174468309578871583e+01,2.037419095131115299e+00
8.740000000000000000e+02,9.154871568195790132e+01,2.038347743947223289e+00
8.750000000000000000e+02,9.133979654285535332e+01,2.039339960108190741e+00
8.760000000000000000e+02,9.111832072671867877e+01,2.040394292724390546e+00
8.770000000000000000e+02,9.088481246321669005e+01,2.041508684594283807e+00
8.780000000000000000e+02,9.063998614713855773e+01,2.042680169519567990e+00
8.790000000000000000e+02,9.038483387843876926e+01,2.043904435846219947e+00
8.800000000000000000e+02,9.012074295727445872e+01,2.045175236600730528e+00
8.810000000000000000e+02,8.984964242574272930e+01,2.046483646911555265e+00
8.820000000000000000e+02,8.957416935199978525e+01,2.047817210485497252e+00
8.830000000000000000e+02,8.929783200933466958e+01,2.049159084871948533e+00
8.840000000000000000e+02,8.902512889511608307e+01,2.050487388859581817e+00
8.850000000000000000e+02,8.876156357854090118e+01,2.051775056062028479e+00
8.860000000000000000e+02,8.851348479559079863e+01,2.052990560644653684e+00
8.870000000000000000e+02,8.828769290084181875e+01,2.054099831844503843e+00
8.880000000000000000e+02,8.809080061070078216e+01,2.055069442922974332e+00
8.890000000000000000e+02,8.792841792210757035e+01,2.055870740942662867e+00
8.900000000000000000e+02,8.780432341271350083e+01,2.056484099264089593e+00
8.910000000000000000e+02,8.771983922600867345e+01,2.056902172974009346e+00
8.920000000000000000e+02,8.767359999888562072e+01,2.057131160349375154e+00
8.930000000000000000e+02,8.766179160924113489e+01,2.057189657591985021e+00
8.940000000000000000e+02,8.767878349712667330e+01,2.057105484454484490e+00
8.950000000000000000e+02,8.771796395675033864e+01,2.056911457393629572e+00
8.960000000000000000e+02,8.777256079981553683e+01,2.056641230742128457e+00
8.970000000000000000e+02,8.783628496660998053e+01,2.056326040979373104e+00
8.980000000000000000e+02,8.790372709717819077e+01,2.055992710552824398e+00
8.990000000000000000e+02,8.797051918287010608e+01,2.055662844910083997e+00
9.000000000000000000e+02,8.803332045902877212e+01,2.055352917025496939e+00
9.010000000000000000e+02,8.808969867970373002e+01,2.055074875562266090e+00
9.020000000000000000e+02,8.813796772675010516e+01,2.054836967613637544e+00
9.030000000000000000e+02,8.817702404607658195e+01,2.054644562599476920e+00
9.040000000000000000e+02,8.820620682441085592e+01,2.054500853703225438e+00
9.050000000000000000e+02,8.822519403900344059e+01,2.054407377796831025e+00
9.060000000000000000e+02,8.823393897685778597e+01,2.054364332382372371e+00
9.070000000000000000e+02,8.823264835819054497e+01,2.054370684956804638e+00
9.080000000000000000e+02,8.822180217422831561e+01,2.054424074801449951e+00
9.090000000000000000e+02,8.820221512303911027e+01,2.054520507797517936e+00
9.100000000000000000e+02,8.817513850319768665e+01,2.054653849481541616e+00
9.110000000000000000e+02,8.814239796458488740e+01,2.054815138434443078e+00
9.120000000000000000e+02,8.810655498183180612e+01,2.054991779595471080e+00
9.130000000000000000e+02,8.807106713763296568e+01,2.055166741374762296e+00
9.140000000000000000e+02,8.804040472698531516e+01,2.055317969636495157e+00
9.150000000000000000e+02,8.802006273753664800e+01,2.055418326223468206e+00
9.160000000000000000e+02,8.801639707684212510e+01,2.055436413115400374e+00
9.170000000000000000e+02,8.803622590191525887e+01,2.055338583850461642e+00
9.180000000000000000e+02,8.808618395161155945e+01,2.055092204006923051e+00
9.190000000000000000e+02,8.817189989511922477e+01,2.054669801091848935e+00
9.200000000000000000e+02,8.829715915049143860e+01,2.054053269073764287e+00
9.210000000000000000e+02,8.846326980763987535e+01,2.053237012138354523e+00
9.220000000000000000e+02,8.866882229760378209e+01,2.052229059811439438e+00
9.230000000000000000e+02,8.890991909739655341e+01,2.051049784935761622e+00
9.240000000000000000e+02,8.918079863862421064e+01,2.049728642742248308e+00
9.250000000000000000e+02,8.947466321024978697e+01,2.048299927653860486e+00
9.260000000000000000e+02,8.978449360080441011e+01,2.046798662498676258e+00
9.270000000000000000e+02,9.010368832230493297e+01,2.045257431160343309e+00
9.280000000000000000e+02,9.042645757788993421e+01,2.043704482146849077e+00
9.290000000000000000e+02,9.074798408036164687e+01,2.042163013812502648e+00
9.300000000000000000e+02,9.106440964697003437e+01,2.040651323509730997e+00
9.310000000000000000e+02,9.137271817722840694e+01,2.039183455401109679e+00
9.320000000000000000e+02,9.167057503659904683e+01,2.037770044373286016e+00
9.330000000000000000e+02,9.195616389503513233e+01,2.036419154344556226e+00
9.340000000000000000e+02,9.222804383842060361e+01,2.035137002672959827e+00
9.350000000000000000e+02,9.248503599789434304e+01,2.033928530063802143e+00
9.360000000000000000e+02,9.272614050792078899e+01,2.032797816254942269e+00
9.370000000000000000e+02,9.295048024902177985e+01,2.031748362008690467e+00
9.380000000000000000e+02,9.315726616967461382e+01,2.030783264929605814e+00
9.390000000000000000e+02,9.334577885227965055e+01,2.029905316307417884e+00
9.400000000000000000e+02,9.351536159253973324e+01,2.029117042529732906e+00
9.410000000000000000e+02,9.366542112286141730e+01,2.028420709936271216e+00
9.420000000000000000e+02,9.379543297765067678e+01,2.027818307472665005e+00
9.430000000000000000e+02,9.390494926047904301e+01,2.027311517639410532e+00
9.440000000000000000e+02,9.399360719601617120e+01,2.026901683143986777e+00
9.450000000000000000e+02,9.406113733710122915e+01,2.026589774300965541e+00
9.460000000000000000e+02,9.410737066845219090e+01,2.026376360469898774e+00
9.470000000000000000e+02,9.413224412619217674e+01,2.026261587545857168e+00
9.480000000000000000e+02,9.413580425807116114e+01,2.026245162606592931e+00
9.490000000000000000e+02,9.411820890114171334e+01,2.026326346176765991e+00
9.500000000000000000e+02,9.407972686634852266e+01,2.026503952116255558e+00
9.510000000000000000e+02,9.402073570461178065e+01,2.026776354815463144e+00
9.520000000000000000e+02,9.394171769578274223e+01,2.027141503137441791e+00
9.530000000000000000e+02,9.384325425795651654e+01,2.027596940345128385e+00
9.540000000000000000e+02,9.372601902665208229e+01,2.028139829057960863e+00
9.550000000000000000e+02,9.359076990741198188e+01,2.028766980064657499e+00
9.560000000000000000e+02,9.343834046738307109e+01,2.029474883547796704e+00
9.570000000000000000e+02,9.326963110744171104e+01,2.030259740920423273e+00
9.580000000000000000e+02,9.308560055253005316e+01,2.031117495004045814e+00
9.590000000000000000e+02,9.288725831997322757e+01,2.032043855660214060e+00
9.600000000000000000e+02,9.267565897852175283e+01,2.033034317197851770e+00
9.610000000000000000e+02,9.245189919695350511e+01,2.034084162900859472e+00
9.620000000000000000e+02,9.221711879702000658e+01,2.035188450866369791e+00
9.630000000000000000e+02,9.197250725788613579e+01,2.036341974073790251e+00
9.640000000000000000e+02,9.171931733716220947e+01,2.037539186364763388e+00
9.650000000000000000e+02,9.145888761878617856e+01,2.038774085089174903e+00
9.660000000000000000e+02,9.119267577154883497e+01,2.040040041054637765e+00
9.670000000000000000e+02,9.092230395113499242e+01,2.041329567881217777e+00
9.680000000000000000e+02,9.064961688788361016e+01,2.042634027021640541e+00
9.690000000000000000e+02,9.037675150283729408e+01,2.043943272982100545e+00
9.700000000000000000e+02,9.010621410855364388e+01,2.045245257189706400e+00
9.710000000000000000e+02,8.984095720269998253e+01,2.046525629568992866e+00
9.720000000000000000e+02,8.958444267577544906e+01,2.047767403805472508e+00
9.730000000000000000e+02,8.934067263524204350e+01,2.048950782100644741e+00
9.740000000000000000e+02,8.911416456923612373e+01,2.050053259988509069e+00
9.750000000000000000e+02,8.890984675739308329e+01,2.051050138292028535e+00
9.760000000000000000e+02,8.873285572376589414e+01,2.051915541189096359e+00
9.770000000000000000e+02,8.858823243469672093e+01,2.052623963531602147e+00
9.780000000000000000e+02,8.848053752645208192e+01,2.053152247657110685e+00
9.790000000000000000e+02,8.841343331554870133e+01,2.053481744358066852e+00
9.800000000000000000e+02,8.838930243582927915e+01,2.053600293518815345e+00
9.810000000000000000e+02,8.840897895622974545e+01,2.053503625110039366e+00
9.820000000000000000e+02,8.847165118251955107e+01,2.053195867237807448e+00
9.830000000000000000e+02,8.857495856149205338e+01,2.052689042173103662e+00
9.840000000000000000e+02,8.871526024918000530e+01,2.052001669097553105e+00
9.850000000000000000e+02,8.888801612017385878e+01,2.051156786652981179e+00
9.860000000000000000e+02,8.908820434508945141e+01,2.050179794582232873e+00
9.870000000000000000e+02,8.931070567409462058e+01,2.049096479112455516e+00
9.880000000000000000e+02,8.955060665690976407e+01,2.047931467694839025e+00
9.890000000000000000e+02,8.980340149963289775e+01,2.046707213170743334e+00
9.900000000000000000e+02,9.006509584301120697e+01,2.045443484489550379e+00
9.910000000000000000e+02,9.033223065754165759e+01,2.044157265198775164e+00
9.920000000000000000e+02,9.060185034173200336e+01,2.042862932731597692e+00
9.930000000000000000e+02,9.087143829838021247e+01,2.041572597950492174e+00
9.940000000000000000e+02,9.113883878948514905e+01,2.040296509114680745e+00
9.950000000000000000e+02,9.140217825691402709e+01,2.039043454225846208e+00
9.960000000000000000e+02,9.165979411554556577e+01,2.037821122593991063e+00
9.970000000000000000e+02,9.191017498407586572e+01,2.036636407059725595e+00
9.980000000000000000e+02,9.215191354005379765e+01,2.035495642200111810e+00
9.990000000000000000e+02,9.238367149399110190e+01,2.034404782099258568e+00
1.000000000000000000e+03,9.260415529488547293e+01,2.033369525400671396e+00
1.001000000000000000e+03,9.281210083676663203e+01,2.032395396798113651e+00
1.002000000000000000e+03,9.300626541735736907e+01,2.031487793977989398e+00
1.003000000000000000e+03,9.318542535247891578e+01,2.030652008074829151e+00
1.004000000000000000e+03,9.334837787422543443e+01,2.029893224435778354e+00
1.005000000000000000e+03,9.349394617840806632e+01,2.029216509196248630e+00
1.006000000000000000e+03,9.362098670606057738e+01,2.028626785994955828e+00
1.007000000000000000e+03,9.372839793100671102e+01,2.028128806164491316e+00
1.008000000000000000e+03,9.381513007689187589e+01,2.027727114936358710e+00
1.009000000000000000e+03,9.388019530445059502e+01,2.027426015584342434e+00
1.010000000000000000e+03,9.392267799752019641e+01,2.027229532972901538e+00
1.011000000000000000e+03,9.394174483985129598e+01,2.027141377649875675e+00
1.012000000000000000e+03,9.393665441974394525e+01,2.027164911396942326e+00
1.013000000000000000e+03,9.390676613148235674e+01,2.027303115000103073e+00
1.014000000000000000e+03,9.385154816683997581e+01,2.027558558900173225e+00
1.015000000000000000e+03,9.377058441198906280e+01,2.027933377304219409e+00
1.016000000000000000e+03,9.366358009067781154e+01,2.028429246255935681e+00
1.017000000000000000e+03,9.353036602990525239e+01,2.029047366045284573e+00
1.018000000000000000e+03,9.337090147701232468e+01,2.029788448148248214e+00
1.019000000000000000e+03,9.318527547622484519e+01,2.030652706579796352e+00
1.020000000000000000e+03,9.297370692946982729e+01,2.031639853058273104e+00
1.021000000000000000e+03,9.273654363449020366e+01,2.032749094642944954e+00
1.022000000000000000e+03,9.247426082908926048e+01,2.033979131427877451e+00
1.023000000000000000e+03,9.218746009124669172e+01,2.035328150351560783e+00
1.024000000000000000e+03,9.187686986637353925e+01,2.036793809111729470e+00
1.025000000000000000e+03,9.154334942124054919e+01,2.038373201494139142e+00
1.026000000000000000e+03,9.118789864141213286e+01,2.040062792175636908e+00
1.027000000000000000e+03,9.081167672825641546e+01,2.041858305525099837e+00
1.028000000000000000e+03,9.041603335563719668e+01,2.043754549829329470e+00
1.029000000000000000e+03,9.000255591151966428e+01,2.045745157199477138e+00
1.030000000000000000e+03,8.957313556426028356e+01,2.047822222766435107e+00
1.031000000000000000e+03,8.913005230947061364e+01,2.049975838593830701e+00
1.032000000000000000e+03,8.867607397906667188e+01,2.052193542970394358e+00
1.033000000000000000e+03,8.821455575362357138e+01,2.054459748633316707e+00
1.034000000000000000e+03,8.774951534793657970e+01,2.056755273520805449e+00
1.035000000000000000e+03,8.728564732020981864e+01,2.059057162962081744e+00
1.036000000000000000e+03,8.682823386984132696e+01,2.061339032656728687e+00
1.037000000000000000e+03,8.638291806704270925e+01,2.063572129311336489e+00
1.038000000000000000e+03,8.595533692787347491e+01,2.065727152992417270e+00
1.039000000000000000e+03,8.555066562628492477e+01,2.067776607084915064e+00
1.040000000000000000e+03,8.517318331426781697e+01,2.069697120865490625e+00
1.041000000000000000e+03,8.482600298112552650e+01,2.071470996562384315e+00
1.042000000000000000e+03,8.451108154251009807e+01,2.073086340313988085e+00
1.043000000000000000e+03,8.422953742814804912e+01,2.074535584360752694e+00
1.044000000000000000e+03,8.398218448404098524e+01,2.075812832996172475e+00
1.045000000000000000e+03,8.377009668198900272e+01,2.076910983322909576e+00
1.046000000000000000e+03,8.359498973824034351e+01,2.077819751200228993e+00
1.047000000000000000e+03,8.345925373819461868e+01,2.078525502907716316e+00
1.048000000000000000e+03,8.336557852163838334e+01,2.079013231663275896e+00
1.049000000000000000e+03,8.331624953404742939e+01,2.079270287972100562e+00
1.050000000000000000e+03,8.331231503327126120e+01,2.079290797444541816e+00
1.051000000000000000e+03,8.335288835297431831e+01,2.079079346357576963e+00
1.052000000000000000e+03,8.343481492460426807e+01,2.078652693071482815e+00
1.053000000000000000e+03,8.355280689865989530e+01,2.078038955703289670e+00
1.054000000000000000e+03,8.369998408955963498e+01,2.077274624561305405e+00
1.055000000000000000e+03,8.386863668724660670e+01,2.076400416527290016e+00
1.056000000000000000e+03,8.405099264072036647e+01,2.075457153184156578e+00
1.057000000000000000e+03,8.423982493868551558e+01,2.074482544342060475e+00
1.058000000000000000e+03,8.442882536443740094e+01,2.073509252907186795e+00
1.059000000000000000e+03,8.461275333233396623e+01,2.072564172606075061e+00
1.060000000000000000e+03,8.478741585639028244e+01,2.071668600923513015e+00
1.061000000000000000e+03,8.494954725026404674e+01,2.070838931418078399e+00
1.062000000000000000e+03,8.509664753855923891e+01,2.070087549012750383e+00
1.063000000000000000e+03,8.522682059634070129e+01,2.069423712698081452e+00
1.064000000000000000e+03,8.533863585603418755e+01,2.068854303648395732e+00
1.065000000000000000e+03,8.543102494947301295e+01,2.068384383204752375e+00
1.066000000000000000e+03,8.550321734741986290e+01,2.068017543167244288e+00
1.067000000000000000e+03,8.555471576395294164e+01,2.067756047212090387e+00
1.068000000000000000e+03,8.558531118689219852e+01,2.067600765905521776e+00
1.069000000000000000e+03,8.559513725173972887e+01,2.067550907340648170e+00
1.070000000000000000e+03,8.558476271043868167e+01,2.067603549105783145e+00
1.071000000000000000e+03,8.555531732730128169e+01,2.067752993555469931e+00
1.072000000000000000e+03,8.550863903330980520e+01,2.067990005798605146e+00
1.073000000000000000e+03,8.544741742157938802e+01,2.068301058940982262e+00
1.074000000000000000e+03,8.537529112295186451e+01,2.068667802398246991e+00
1.075000000000000000e+03,8.529683818417476004e+01,2.069067067128089743e+00
1.076000000000000000e+03,8.521738843697201560e+01,2.069471779274161261e+00
1.077000000000000000e+03,8.514259889519630065e+01,2.069853097539001929e+00
1.078000000000000000e+03,8.507778034313359683e+01,2.070183849250076591e+00
1.079000000000000000e+03,8.502704548934045192e+01,2.070442911479358550e+00
1.080000000000000000e+03,8.499244161771277106e+01,2.070619694399523869e+00
1.081000000000000000e+03,8.497328598156927626e+01,2.070717586924413212e+00
1.082000000000000000e+03,8.496589534172430547e+01,2.070755361781035031e+00
1.083000000000000000e+03,8.496378685448860324e+01,2.070766139231564384e+00
1.084000000000000000e+03,8.495827555517676899e+01,2.070794311286989764e+00
1.085000000000000000e+03,8.493927946056417966e+01,2.070891427447390853e+00
1.086000000000000000e+03,8.489611640912107760e+01,2.071112176194982002e+00
1.087000000000000000e+03,8.481813196826985290e+01,2.071511296658272272e+00
1.088000000000000000e+03,8.469509013113483320e+01,2.072141765475203012e+00
1.089000000000000000e+03,8.451734049027514573e+01,2.073054177362391837e+00
1.090000000000000000e+03,8.427582234670600769e+01,2.074297001027172183e+00
1.091000000000000000e+03,8.396197776690794967e+01,2.075917339942683348e+00
1.092000000000000000e+03,8.356763479930123140e+01,2.077961889422489605e+00
1.093000000000000000e+03,8.308490277308310112e+01,2.080477884013777867e+00
1.094000000000000000e+03,8.250610295643312497e+01,2.083513925604352668e+00
1.095000000000000000e+03,8.182374376583612730e+01,2.087120653661307390e+00
1.096000000000000000e+03,8.103054068458050097e+01,2.091351263208814704e+00
1.097000000000000000e+03,8.011947602446052485e+01,2.096261899623463432e+00
1.098000000000000000e+03,7.908389129136683948e+01,2.101911969545639636e+00
1.099000000000000000e+03,7.791760406708689857e+01,2.108364410293212643e+00
1.100000000000000000e+03,7.661504124411352734e+01,2.115685960288330669e+00
1.101000000000000000e+03,7.517138072545316163e+01,2.123947472689407423e+00
1.102000000000000000e+03,7.358269414064960756e+01,2.133224315050728404e+00
1.103000000000000000e+03,7.184608369403721895e+01,2.143596900131343297e+00
1.104000000000000000e+03,6.995980699883315879e+01,2.155151397298812554e+00
1.105000000000000000e+03,6.792338475634723238e+01,2.167980680473503785e+00
1.106000000000000000e+03,6.573768754032336403e+01,2.182185577195996817e+00
1.107000000000000000e+03,6.340499990464820712e+01,2.197876493768414985e+00
1.108000000000000000e+03,6.092906277347084654e+01,2.215175502253676765e+00
1.109000000000000000e+03,5.831509894327886911e+01,2.234218983169699246e+00
1.110000000000000000e+03,5.556983209640024768e+01,2.255160915428351842e+00
1.111000000000000000e+03,5.270151792424711346e+01,2.278176875932979684e+00
1.112000000000000000e+03,4.972001819377187815e+01,2.303468721111380901e+00
1.113000000000000000e+03,4.663696666442901062e+01,2.331269704469900894e+00
1.114000000000000000e+03,4.346610115964316634e+01,2.361849313588578969e+00
1.115000000000000000e+03,4.022386783676972044e+01,2.395516170949583579e+00
1.116000000000000000e+03,3.693043363502562926e+01,2.432615592858278220e+00
1.117000000000000000e+03,3.361124766821986043e+01,2.473515365978424363e+00
1.118000000000000000e+03,3.029922384532139290e+01,2.518568496382558308e+00
1.119000000000000000e+03,2.703740002233958251e+01,2.568035073464142393e+00
1.120000000000000000e+03,2.388148758543002259e+01,2.621938624359173353e+00
1.121000000000000000e+03,2.090106951211878084e+01,2.679831490380454984e+00
1.122000000000000000e+03,1.817758406031042284e+01,2.740463838330662760e+00
1.123000000000000000e+03,1.579724855815121032e+01,2.801418548492950578e+00
1.124000000000000000e+03,1.383847916797502364e+01,2.858911635692012787e+00
1.125000000000000000e+03,1.235625397395946834e+01,2.908113173666510232e+00
1.126000000000000000e+03,1.136882381993520141e+01,2.944284463626620330e+00
1.127000000000000000e+03,1.085265201572008209e+01,2.964464122178871897e+00
1.128000000000000000e+03,1.074814516506023665e+01,2.968666476593271319e+00
1.129000000000000000e+03,1.097354589193689378e+01,2.959653015773487272e+00
1.130000000000000000e+03,1.144104154915360994e+01,2.941534437216088982e+00
1.131000000000000000e+03,1.206962999313263651e+01,2.918306043440664688e+00
1.132000000000000000e+03,1.279226534994651843e+01,2.893052540598413103e+00
1.133000000000000000e+03,1.355773729687290086e+01,2.867812785504302742e+00
1.134000000000000000e+03,1.432918333931145582e+01,2.843778560568272162e+00
1.135000000000000000e+03,1.508118725410855632e+01,2.821564467643192131e+00
1.136000000000000000e+03,1.579681341658712768e+01,2.801430511473860463e+00
1.137000000000000000e+03,1.646526681351559773e+01,2.783431227314742351e+00
1.138000000000000000e+03,1.708040658182930827e+01,2.767501795582418822e+00
1.139000000000000000e+03,1.764009419494762199e+01,2.753499100143158351e+00
1.140000000000000000e+03,1.814625364288961862e+01,2.741213022978332248e+00
1.141000000000000000e+03,1.860548161359990615e+01,2.730359083534321218e+00
1.142000000000000000e+03,1.903001348830754580e+01,2.720560903888730397e+00
1.143000000000000000e+03,1.943879298421890667e+01,2.711330705282562370e+00
1.144000000000000000e+03,1.985830144394165586e+01,2.702057901111053262e+00
1.145000000000000000e+03,2.032269976497862274e+01,2.692018598792183415e+00
1.146000000000000000e+03,2.087278289821394139e+01,2.680419644045934913e+00
1.147000000000000000e+03,2.155333783963277483e+01,2.666485463643284870e+00
1.148000000000000000e+03,2.240881867311270526e+01,2.649581037586818066e+00
1.149000000000000000e+03,2.347780751873355598e+01,2.629342462235931599e+00
1.150000000000000000e+03,2.478735304356371216e+01,2.605769847574681108e+00
1.151000000000000000e+03,2.634864991295576431e+01,2.579241632837577125e+00
1.152000000000000000e+03,2.815534239089359403e+01,2.550439186931688695e+00
1.153000000000000000e+03,3.018496871401575277e+01,2.520209269945918429e+00
1.154000000000000000e+03,3.240304260143669524e+01,2.489414208220100289e+00
1.155000000000000000e+03,3.476850082743125370e+01,2.458814035126656528e+00
1.156000000000000000e+03,3.723906381671845622e+01,2.429001245637629758e+00
1.157000000000000000e+03,3.977542499069274129e+01,2.400385171326216316e+00
1.158000000000000000e+03,4.234380293455869548e+01,2.373210140191757578e+00
1.159000000000000000e+03,4.491693923493187413e+01,2.347589845435260614e+00
1.160000000000000000e+03,4.747393810467139019e+01,2.323544740765548511e+00
1.161000000000000000e+03,4.999942162880419971e+01,2.301035019361413525e+00
1.162000000000000000e+03,5.248240296434160967e+01,2.279986288528311533e+00
1.163000000000000000e+03,5.491515216595097826e+01,2.260307808662236351e+00
1.164000000000000000e+03,5.729220673646548079e+01,2.241904449612618144e+00
1.165000000000000000e+03,5.960958776779315116e+01,2.224683881538946029e+00
1.166000000000000000e+03,6.186422586327650208e+01,2.208560417239104900e+00
1.167000000000000000e+03,6.405357180027934305e+01,2.193456647809988613e+00
1.168000000000000000e+03,6.617535579716826533e+01,2.179303715000826980e+00
1.169000000000000000e+03,6.822745848731388207e+01,2.166040806141945829e+00
1.170000000000000000e+03,7.020786090976825733e+01,2.153614258830245820e+00
1.171000000000000000e+03,7.211464678711982401e+01,2.141976519291594272e+00
1.172000000000000000e+03,7.394603637980588928e+01,2.131085099889023837e+00
1.173000000000000000e+03,7.570043652483110463e+01,2.120901616143537005e+00
1.174000000000000000e+03,7.737649584608510622e+01,2.111390942089162337e+00
1.175000000000000000e+03,7.897315757872080155e+01,2.102520497271227473e+00
1.176000000000000000e+03,8.048970510127847433e+01,2.094259663776520064e+00
1.177000000000000000e+03,8.192579726317100608e+01,2.086579323576211564e+00
1.178000000000000000e+03,8.328149206987964703e+01,2.079451502614828584e+00
1.179000000000000000e+03,8.455725836023995612e+01,2.072849106806613051e+00
1.180000000000000000e+03,8.575397587241005226e+01,2.066745735315282495e+00
1.181000000000000000e+03,8.687292461941162003e+01,2.061115557505180274e+00
1.182000000000000000e+03,8.791576483645769713e+01,2.055933241335909489e+00
1.183000000000000000e+03,8.888450896258184741e+01,2.051173922475165945e+00
1.184000000000000000e+03,8.978148721065797133e+01,2.046813204881874793e+00
1.185000000000000000e+03,9.060930828799035908e+01,2.042827184989210565e+00
1.186000000000000000e+03,9.137081677435601534e+01,2.039192492862003547e+00
1.187000000000000000e+03,9.206904856199993503e+01,2.035886344807766868e+00
1.188000000000000000e+03,9.270718562607214608e+01,2.032886602891004646e+00
1.189000000000000000e+03,9.328851123558713709e+01,2.030171837649130229e+00
1.190000000000000000e+03,9.381636654362493744e+01,2.027721391050029354e+00
1.191000000000000000e+03,9.429410931911840521e+01,2.025515437380485118e+00
1.192000000000000000e+03,9.472507540782328306e+01,2.023535040323874323e+00
1.193000000000000000e+03,9.511254334242869390e+01,2.021762204984983047e+00
1.194000000000000000e+03,9.545970236568727785e+01,2.020179924056734411e+00
1.195000000000000000e+03,9.576962398943770438e+01,2.018772217703032723e+00
1.196000000000000000e+03,9.604523708913180258e+01,2.017524167056279349e+00
1.197000000000000000e+03,9.628930642988089517e+01,2.016421941498180104e+00
1.198000000000000000e+03,9.650441443734581526e+01,2.015452820107704657e+00
1.199000000000000000e+03,9.669294596565909217e+01,2.014605207819101462e+00
1.200000000000000000e+03,9.685707577509815280e+01,2.013868646934219520e+00
1.201000000000000000e+03,9.699875841405751942e+01,2.013233824675761063e+00
1.202000000000000000e+03,9.711972020218557589e+01,2.012692577451085985e+00
1.203000000000000000e+03,9.722145303312716180e+01,2.012237892420564833e+00
1.204000000000000000e+03,9.730520975450563981e+01,2.011863906832743076e+00
1.205000000000000000e+03,9.737200093752647945e+01,2.011565905405038546e+00
1.206000000000000000e+03,9.742259291639436469e+01,2.011340315800006717e+00
1.207000000000000000e+03,9.745750705565721717e+01,2.011184701982211553e+00
1.208000000000000000e+03,9.747702028819915654e+01,2.011097754950704530e+00
1.209000000000000000e+03,9.748116705399330328e+01,2.011079280040500183e+00
1.210000000000000000e+03,9.746974285551706885e+01,2.011130179688687125e+00
1.211000000000000000e+03,9.744230972511762445e+01,2.011252430284017123e+00
1.212000000000000000e+03,9.739820396743142794e+01,2.011449051480989070e+00
1.213000000000000000e+03,9.733654659081641114e+01,2.011724066179193748e+00
1.214000000000000000e+03,9.725625687019746124e+01,2.012082449264045003e+00
1.215000000000000000e+03,9.715606948447191371e+01,2.012530063193104901e+00
1.216000000000000000e+03,9.703455563982745957e+01,2.013073578608001846e+00
1.217000000000000000e+03,9.689014852190547344e+01,2.013720378367983788e+00
1.218000000000000000e+03,9.672117331172105992e+01,2.014478443746588798e+00
1.219000000000000000e+03,9.652588185112520591e+01,2.015356222013386489e+00
1.220000000000000000e+03,9.630249185371293663e+01,2.016362475239784846e+00
1.221000000000000000e+03,9.604923032899652924e+01,2.017506110918986906e+00
1.222000000000000000e+03,9.576438062647005722e+01,2.018795995868258419e+00
1.223000000000000000e+03,9.544633221983869475e+01,2.020240755874716410e+00
1.224000000000000000e+03,9.509363205128359198e+01,2.021848564635504886e+00
1.225000000000000000e+03,9.470503595580588296e+01,2.023626926702458473e+00
1.226000000000000000e+03,9.427955840508651875e+01,2.025582460329760082e+00
1.227000000000000000e+03,9.381651857238574621e+01,2.027720687279452427e+00
1.228000000000000000e+03,9.331558055449421829e+01,2.030045837669173459e+00
1.229000000000000000e+03,9.277678553196740552e+01,2.032560678701424095e+00
1.230000000000000000e+03,9.220057375574751291e+01,2.035266376363075835e+00
1.231000000000000000e+03,9.158779458665249251e+01,2.038162398568517553e+00
1.232000000000000000e+03,9.093970348246278945e+01,2.041246466186993125e+00
1.233000000000000000e+03,9.025794596603446962e+01,2.044514554106003690e+00
1.234000000000000000e+03,8.954453041734088004e+01,2.047960936695054635e+00
1.235000000000000000e+03,8.880179429109819012e+01,2.051578258964076529e+00
1.236000000000000000e+03,8.803237243530222145e+01,2.055357593932921390e+00
1.237000000000000000e+03,8.723918200037988413e+01,2.059288415243575088e+00
1.238000000000000000e+03,8.642544634794853664e+01,2.063358368847163948e+00
1.239000000000000000e+03,8.559479036218607462e+01,2.067552667400028632e+00
1.240000000000000000e+03,8.475145046734967025e+01,2.071852860386524053e+00
1.241000000000000000e+03,8.390065073262260853e+01,2.076234670774502966e+00
1.242000000000000000e+03,8.304919314634375382e+01,2.080664582523758188e+00
1.243000000000000000e+03,8.220627953995852977e+01,2.085095006481977986e+00
1.244000000000000000e+03,8.138450125832540039e+01,2.089458293622684426e+00
1.245000000000000000e+03,8.060077828471138162e+01,2.093660764607768066e+00
1.246000000000000000e+03,7.987680902724328291e+01,2.097579292944307561e+00
1.247000000000000000e+03,7.923839068429769839e+01,2.101064353477086311e+00
1.248000000000000000e+03,7.871298827133043119e+01,2.103953599671944730e+00
1.249000000000000000e+03,7.832541260279536743e+01,2.106097308662723488e+00
1.250000000000000000e+03,7.809244372272182488e+01,2.107390986715373504e+00
1.251000000000000000e+03,7.801822760745646690e+01,2.107803920071968040e+00
1.252000000000000000e+03,7.809243090239138496e+01,2.107391058012914709e+00
1.253000000000000000e+03,7.829202477946267891e+01,2.106282475115427211e+00
1.254000000000000000e+03,7.858582923205274540e+01,2.104655759827864792e+00
1.255000000000000000e+03,7.893983543667422964e+01,2.102703783299241902e+00
1.256000000000000000e+03,7.932148072082259205e+01,2.100609187269555811e+00
1.257000000000000000e+03,7.970204195443830031e+01,2.098530551901443442e+00
1.258000000000000000e+03,8.005728929632499558e+01,2.096599118997068523e+00
1.259000000000000000e+03,8.036702430500432115e+01,2.094922111700014966e+00
1.260000000000000000e+03,8.061414439431257506e+01,2.093588751079973331e+00
1.261000000000000000e+03,8.078367405507580656e+01,2.092676398930817694e+00
1.262000000000000000e+03,8.086198240433647300e+01,2.092255615751408282e+00
1.263000000000000000e+03,8.083625177788212568e+01,2.092393832092926953e+00
1.264000000000000000e+03,8.069418013511808851e+01,2.093157786546176347e+00
1.265000000000000000e+03,8.042386877405823498e+01,2.094615039081751728e+00
1.266000000000000000e+03,8.001384278484495383e+01,2.096834871445517834e+00
1.267000000000000000e+03,7.945315889087275707e+01,2.099888831476074191e+00
1.268000000000000000e+03,7.873156530655745655e+01,2.103851114019144486e+00
1.269000000000000000e+03,7.783968728411305449e+01,2.108798917486067737e+00
1.270000000000000000e+03,7.676921900519425890e+01,2.114812877570302341e+00
1.271000000000000000e+03,7.551310742500713502e+01,2.121977657797583738e+00
1.272000000000000000e+03,7.406571703492772940e+01,2.130382768374956992e+00
1.273000000000000000e+03,7.242296679541867377e+01,2.140123688349605313e+00
1.274000000000000000e+03,7.058243219297776250e+01,2.151303380408045918e+00
1.275000000000000000e+03,6.854340693612800806e+01,2.164034312850592556e+00
1.276000000000000000e+03,6.630692065295528437e+01,2.178441140606805160e+00
1.277000000000000000e+03,6.387571154661820572e+01,2.194664248985626731e+00
1.278000000000000000e+03,6.125415686084320299e+01,2.212864433649655016e+00
1.279000000000000000e+03,5.844816992534711630e+01,2.233229082513534802e+00
1.280000000000000000e+03,5.546508144651629379e+01,2.255980344944079619e+00
1.281000000000000000e+03,5.231353580648940493e+01,2.281385925559406669e+00
1.282000000000000000e+03,4.900345184693193090e+01,2.309773326802627924e+00
1.283000000000000000e+03,4.554612315661228195e+01,2.341548583857735899e+00
1.284000000000000000e+03,4.195456520839402259e+01,2.377220775313435119e+00
1.285000000000000000e+03,3.824425212082537229e+01,2.417433827432875493e+00
1.286000000000000000e+03,3.443441249104697022e+01,2.463007322409255462e+00
1.287000000000000000e+03,3.055004438183622995e+01,2.514988154495974459e+00
1.288000000000000000e+03,2.662471327566059642e+01,2.574715060491005847e+00
1.289000000000000000e+03,2.270393844137944939e+01,2.643898799415030698e+00
1.290000000000000000e+03,1.884848091706294326e+01,2.724723645772335168e+00
1.291000000000000000e+03,1.513613997006127931e+01,2.819984864825463067e+00
1.292000000000000000e+03,1.166001220965333118e+01,2.933300994810084106e+00
1.293000000000000000e+03,8.521200736075968507e+00,3.069499203788524255e+00
1.294000000000000000e+03,5.815456216376972520e+00,3.235416209657246078e+00
1.295000000000000000e+03,3.616289332340059559e+00,3.441736829742065851e+00
1.296000000000000000e+03,1.960214414182530618e+00,3.707696421601015757e+00
1.297000000000000000e+03,8.403016407085601713e-01,4.075564788485832146e+00
1.298000000000000000e+03,2.107713682094782826e-01,4.676188385267698422e+00
1.299000000000000000e+03,0.000000000000000000e+00,3.000000000000000000e+00
1.300000000000000000e+03,1.259440013987642715e-01,4.899822512734788305e+00
1.301000000000000000e+03,5.085843260790596787e-01,4.293637028356664942e+00
1.302000000000000000e+03,1.077087174964589167e+00,3.967749145287032153e+00
1.303000000000000000e+03,1.772269515010648888e+00,3.751470232798034488e+00
1.304000000000000000e+03,2.546220403661607179e+00,3.594104006043286503e+00
1.305000000000000000e+03,3.360789992943807647e+00,3.473558624619241364e+00
1.306000000000000000e+03,4.185978930936755660e+00,3.378202961902954549e+00
1.307000000000000000e+03,4.998665885199940817e+00,3.301145890865597288e+00
1.308000000000000000e+03,5.781789231193542378e+00,3.237937744107422411e+00
1.309000000000000000e+03,6.523985026799735465e+00,3.185487044380031829e+00
1.310000000000000000e+03,7.219657536372807272e+00,3.141483402650718570e+00
1.311000000000000000e+03,7.869438192859576020e+00,3.104056271255942967e+00
1.312000000000000000e+03,8.480936482683162581e+00,3.071556189393518821e+00
1.313000000000000000e+03,9.069591710210545443e+00,3.042412263325100064e+00
1.314000000000000000e+03,9.659305635821880287e+00,3.015054091945746251e+00
1.315000000000000000e+03,1.028240341527457247e+01,2.987905361216822264e+00
1.316000000000000000e+03,1.097839930553548982e+01,2.959460977140040860e+00
1.317000000000000000e+03,1.179113145915540883e+01,2.928444518663130935e+00
1.318000000000000000e+03,1.276416655338114481e+01,2.894007537544772024e+00
1.319000000000000000e+03,1.393495902049654944e+01,2.855894304108796078e+00
1.320000000000000000e+03,1.532890600379708701e+01,2.814488838848680619e+00
1.321000000000000000e+03,1.695483166139094067e+01,2.770706517822901116e+00
1.322000000000000000e+03,1.880324599541411601e+01,2.725767172214502931e+00
1.323000000000000000e+03,2.084791746467125506e+01,2.680937320967100135e+00
1.324000000000000000e+03,2.305022544037026933e+01,2.637324822680839898e+00
1.325000000000000000e+03,2.536495127026674368e+01,2.595765967688173248e+00
1.326000000000000000e+03,2.774597552379493948e+01,2.556800001174083015e+00
1.327000000000000000e+03,3.015073740166411653e+01,2.520702061780631276e+00
1.328000000000000000e+03,3.254296335989772615e+01,2.487542902774269038e+00
1.329000000000000000e+03,3.489374985718879429e+01,2.457252356582951602e+00
1.330000000000000000e+03,3.718141517561217313e+01,2.429674084406432399e+00
1.331000000000000000e+03,3.939061753611271399e+01,2.404607210599239764e+00
1.332000000000000000e+03,4.151116221880625545e+01,2.381835107186443423e+00
1.333000000000000000e+03,4.353678720959511850e+01,2.361143622805855991e+00
1.334000000000000000e+03,4.546408970580193909e+01,2.342331500050244486e+00
1.335000000000000000e+03,4.729166253823095900e+01,2.325215418095210040e+00
1.336000000000000000e+03,4.901945395775965153e+01,2.309631530792073839e+00
1.337000000000000000e+03,5.064833921896791935e+01,2.295434790774837808e+00
1.338000000000000000e+03,5.217988852805582667e+01,2.282496853018511018e+00
1.339000000000000000e+03,5.361632494002314075e+01,2.270702957473005323e+00
1.340000000000000000e+03,5.496068084328467762e+01,2.259947895951233132e+00
1.341000000000000000e+03,5.621717560069447472e+01,2.250130977509186447e+00
1.342000000000000000e+03,5.739183932967785040e+01,2.241149856487943737e+00
1.343000000000000000e+03,5.849338191568602241e+01,2.232893268278316246e+00
1.344000000000000000e+03,5.953422837714632720e+01,2.225233270889412474e+00
1.345000000000000000e+03,6.053148940745023054e+01,2.218018639923910129e+00
1.346000000000000000e+03,6.150741637401504391e+01,2.211072515181979004e+00
1.347000000000000000e+03,6.248868890192510150e+01,2.204198587328631831e+00
1.348000000000000000e+03,6.350390114182100376e+01,2.197199594513931320e+00
1.349000000000000000e+03,6.457909520936900094e+01,2.189908043994159392e+00
1.350000000000000000e+03,6.573216796051411848e+01,2.182222043700746017e+00
1.351000000000000000e+03,6.696797250390051204e+01,2.174132849394375455e+00
1.352000000000000000e+03,6.827610032672467355e+01,2.165731292111345851e+00
1.353000000000000000e+03,6.963222841179806721e+01,2.157189706052894618e+00
1.354000000000000000e+03,7.100219319899404979e+01,2.148728236076561160e+00
1.355000000000000000e+03,7.234686122512438544e+01,2.140580306040150926e+00
1.356000000000000000e+03,7.362604705469081523e+01,2.132968515948936439e+00
1.357000000000000000e+03,7.480074231171076349e+01,2.126094092238744793e+00
1.358000000000000000e+03,7.583390963188575995e+01,2.120136553300198567e+00
1.359000000000000000e+03,7.669057585095730190e+01,2.115258001206059557e+00
1.360000000000000000e+03,7.733795206133395084e+01,2.111607332395327052e+00
1.361000000000000000e+03,7.774605304451226573e+01,2.109321649690179878e+00
1.362000000000000000e+03,7.788898354862665485e+01,2.108523963667257917e+00
1.363000000000000000e+03,7.774679420518501161e+01,2.109317509538448654e+00
1.364000000000000000e+03,7.730760652577116332e+01,2.111777772451088886e+00
1.365000000000000000e+03,7.656956815327609434e+01,2.115943802288040132e+00
1.366000000000000000e+03,7.554214615718879600e+01,2.121810680999303145e+00
1.367000000000000000e+03,7.424635619424660149e+01,2.129324855459412191e+00
1.368000000000000000e+03,7.271389021076109316e+01,2.138382619874469093e+00
1.369000000000000000e+03,7.098601362923892566e+01,2.148827211872531784e+00
1.370000000000000000e+03,6.911501430715176753e+01,2.160427597742521577e+00
1.371000000000000000e+03,6.717423580078850875e+01,2.172797265563025437e+00
1.372000000000000000e+03,6.528544614037002702e+01,2.185183623708033540e+00
1.373000000000000000e+03,6.366423268544009062e+01,2.196104490898460160e+00
1.374000000000000000e+03,6.264436479791912404e+01,2.203117990068721888e+00
1.375000000000000000e+03,6.258780553064574548e+01,2.203510275521940009e+00
1.376000000000000000e+03,6.366189478984613714e+01,2.196120439473602914e+00
1.377000000000000000e+03,6.570395374277117639e+01,2.182408495934825776e+00
1.378000000000000000e+03,6.835661358329166148e+01,2.165219460558071685e+00
1.379000000000000000e+03,7.129056933097986359e+01,2.146967916970056844e+00
1.380000000000000000e+03,7.429451240958614733e+01,2.129043263201058522e+00
1.381000000000000000e+03,7.725072249014596082e+01,2.112097450129453602e+00
1.382000000000000000e+03,8.008963940089046218e+01,2.096423661719090781e+00
1.383000000000000000e+03,8.276247393671420127e+01,2.082166535877192803e+00
1.384000000000000000e+03,8.523116547306000257e+01,2.069401572861425009e+00
1.385000000000000000e+03,8.746693062709762501e+01,2.058156113386631070e+00
1.386000000000000000e+03,8.945136157642090780e+01,2.048413044469152844e+00
1.387000000000000000e+03,9.117727688790935758e+01,2.040113382634327621e+00
1.388000000000000000e+03,9.264843099839919205e+01,2.033161931061836292e+00
1.389000000000000000e+03,9.387808668035454218e+01,2.027435770294490958e+00
1.390000000000000000e+03,9.488680875826580063e+01,2.022794159350296272e+00
1.391000000000000000e+03,9.569991933305063014e+01,2.019088428296570648e+00
1.392000000000000000e+03,9.634500478140006408e+01,2.016170797377095258e+00
1.393000000000000000e+03,9.684975728343381718e+01,2.013901463335138420e+00
1.394000000000000000e+03,9.724031186453284192e+01,2.012153656977729632e+00
1.395000000000000000e+03,9.754012989795840838e+01,2.010816670377331583e+00
1.396000000000000000e+03,9.776939576483178485e+01,2.009797068836981282e+00
1.397000000000000000e+03,9.794483985010552374e+01,2.009018439543234447e+00
1.398000000000000000e+03,9.807987654285244616e+01,2.008420089489522997e+00
1.399000000000000000e+03,9.818494454284703465e+01,2.007955100840728591e+00
1.400000000000000000e+03,9.826795092898430539e+01,2.007588099707751095e+00
1.401000000000000000e+03,9.833474263725885578e+01,2.007293014519137220e+00
1.402000000000000000e+03,9.838955312075725601e+01,2.007051011963651987e+00
1.403000000000000000e+03,9.843539384099007350e+01,2.006848716751476136e+00
1.404000000000000000e+03,9.847437761324880512e+01,2.006676755377778232e+00
1.405000000000000000e+03,9.850797301556774244e+01,2.006528617253328761e+00
1.406000000000000000e+03,9.853719645857735543e+01,2.006399798260523948e+00
1.407000000000000000e+03,9.856275206286680657e+01,2.006287178667570448e+00
1.408000000000000000e+03,9.858513033875075848e+01,2.006188585046840167e+00
1.409000000000000000e+03,9.860467586230444681e+01,2.006102490200289967e+00
1.410000000000000000e+03,9.862163252316305773e+01,2.006027812695845292e+00
1.411000000000000000e+03,9.863617305957328085e+01,2.005963786081337741e+00
1.412000000000000000e+03,9.864841783847352019e+01,2.005909875739013248e+00
1.413000000000000000e+03,9.865844634822235548e+01,2.005865727995169490e+00
1.414000000000000000e+03,9.866630369400250800e+01,2.005831141336214429e+00
1.415000000000000000e+03,9.867200349614724075e+01,2.005806053529844313e+00
1.416000000000000000e+03,9.867552793233861053e+01,2.005790541370368274e+00
1.417000000000000000e+03,9.867682516973547990e+01,2.005784831957388548e+00
1.418000000000000000e+03,9.867580404082745815e+01,2.005789326152898955e+00
1.419000000000000000e+03,9.867232547546092292e+01,2.005804636373953009e+00
1.420000000000000000e+03,9.866618987101139737e+01,2.005831642345410337e+00
1.421000000000000000e+03,9.865711923475524259e+01,2.005871569987958125e+00
1.422000000000000000e+03,9.864473255060664769e+01,2.005926100328481620e+00
1.423000000000000000e+03,9.862851240303562861e+01,2.005997517216294046e+00
1.424000000000000000e+03,9.860776044647768401e+01,2.006088904668762662e+00
1.425000000000000000e+03,9.858153887133262572e+01,2.006204406731996848e+00
1.426000000000000000e+03,9.854859464572199101e+01,2.006349564605845792e+00
1.427000000000000000e+03,9.850726309449662210e+01,2.006531747110793962e+00
1.428000000000000000e+03,9.845534743730813432e+01,2.006760690907818390e+00
1.429000000000000000e+03,9.838997140429742672e+01,2.007049165651300093e+00
1.430000000000000000e+03,9.830740316736110174e+01,2.007413775823309265e+00
1.431000000000000000e+03,9.820285076454163686e+01,2.007875904745237250e+00
1.432000000000000000e+03,9.807023213476534806e+01,2.008462796712527698e+00
1.433000000000000000e+03,9.790192693987739858e+01,2.009208760177250586e+00
1.434000000000000000e+03,9.768852253599251867e+01,2.010156458718223238e+00
1.435000000000000000e+03,9.741857259492483934e+01,2.011358238125870113e+00
1.436000000000000000e+03,9.707839355929166913e+01,2.012877418929591489e+00
1.437000000000000000e+03,9.665193064803989387e+01,2.014789466400913387e+00
1.438000000000000000e+03,9.612073051979125182e+01,2.017182937207414817e+00
1.439000000000000000e+03,9.546406069179326437e+01,2.020160096278901030e+00
1.440000000000000000e+03,9.465921497790573369e+01,2.023837101517902415e+00
1.441000000000000000e+03,9.368203812880690862e+01,2.028343669403823046e+00
1.442000000000000000e+03,9.250769035224405457e+01,2.033822161977570264e+00
1.443000000000000000e+03,9.111165281333056498e+01,2.040426074960159042e+00
1.444000000000000000e+03,8.947094876191974322e+01,2.048317957315448634e+00
1.445000000000000000e+03,8.756552295299057675e+01,2.057666854317858007e+00
1.446000000000000000e+03,8.537968730022595309e+01,2.068645440115757239e+00
1.447000000000000000e+03,8.290350777144041672e+01,2.081427093411715390e+00
1.448000000000000000e+03,8.013398322765431203e+01,2.096183269204606514e+00
1.449000000000000000e+03,7.707586154006673951e+01,2.113081612109001917e+00
1.450000000000000000e+03,7.374196839874022658e+01,2.132285273926790126e+00
1.451000000000000000e+03,7.015301803581570539e+01,2.153953640557124682e+00
1.452000000000000000e+03,6.633708225289618099e+01,2.178243634253581362e+00
1.453000000000000000e+03,6.232929574032390008e+01,2.205307780180343791e+00
1.454000000000000000e+03,5.817307029480038238e+01,2.235278014130097635e+00
1.455000000000000000e+03,5.392506422755075590e+01,2.268209328957837112e+00
1.456000000000000000e+03,4.966680092292781978e+01,2.303933812347497501e+00
1.457000000000000000e+03,4.552389823811748926e+01,2.341760556129331317e+00
1.458000000000000000e+03,4.168498313576798608e+01,2.380020369866704399e+00
1.459000000000000000e+03,3.839598478579907237e+01,2.415714189084163799e+00
1.460000000000000000e+03,3.590209750814146616e+01,2.444880177895183415e+00
1.461000000000000000e+03,3.435537838266698429e+01,2.464005263871744678e+00
1.462000000000000000e+03,3.376978999594174979e+01,2.471471640101551959e+00
1.463000000000000000e+03,3.407230471689722151e+01,2.467598488915898169e+00
1.464000000000000000e+03,3.518551832073285368e+01,2.453636046962119011e+00
1.465000000000000000e+03,3.705478865390041676e+01,2.431155659436928129e+00
1.466000000000000000e+03,3.961639731725033897e+01,2.402125021386541270e+00
1.467000000000000000e+03,4.276192435500768596e+01,2.368942759077009796e+00
1.468000000000000000e+03,4.633808206325375778e+01,2.334061945655736992e+00
1.469000000000000000e+03,5.017628926735255135e+01,2.299501459607725007e+00
1.470000000000000000e+03,5.412448882651291626e+01,2.266606192271336973e+00
1.471000000000000000e+03,5.806361970877363632e+01,2.236095893572458859e+00
1.472000000000000000e+03,6.190873123646827736e+01,2.208248096369051616e+00
1.473000000000000000e+03,6.560243748219816950e+01,2.183080023956624593e+00
1.474000000000000000e+03,6.910713770552594326e+01,2.160477094361929140e+00
1.475000000000000000e+03,7.239884990929299136e+01,2.140268332725711264e+00
1.476000000000000000e+03,7.546310013825724639e+01,2.122265357294546906e+00
1.477000000000000000e+03,7.829238169366917077e+01,2.106280495277538023e+00
1.478000000000000000e+03,8.088458125376919838e+01,2.092134258543590253e+00
1.479000000000000000e+03,8.324192601388369894e+01,2.079657879835651979e+00
1.480000000000000000e+03,8.537018756916960172e+01,2.068693764377016464e+00
1.481000000000000000e+03,8.727800942026470921e+01,2.059095167411157945e+00
1.482000000000000000e+03,8.897630204885838623e+01,2.050725647960285336e+00
1.483000000000000000e+03,9.047768812069777766e+01,2.043458505001823244e+00
1.484000000000000000e+03,9.179599629447781695e+01,2.037176260249015769e+00
1.485000000000000000e+03,9.294580650220501639e+01,2.031770199803175192e+00
1.486000000000000000e+03,9.394204910876185011e+01,2.027139971011164832e+00
1.487000000000000000e+03,9.479965855235653294e+01,2.023193226892888053e+00
1.488000000000000000e+03,9.553328043084658816e+01,2.019845309153079693e+00
1.489000000000000000e+03,9.615702995859471969e+01,2.017018959364979214e+00
1.490000000000000000e+03,9.668429919221182445e+01,2.014644046370078545e+00
1.491000000000000000e+03,9.712761016647326073e+01,2.012657296987277800e+00
1.492000000000000000e+03,9.749851086931366240e+01,2.011002017390475238e+00
1.493000000000000000e+03,9.780751068706391038e+01,2.009627794244050580e+00
1.494000000000000000e+03,9.806405154084445996e+01,2.008490167733904652e+00
1.495000000000000000e+03,9.827651046221149045e+01,2.007550272561422489e+00
1.496000000000000000e+03,9.845222891007075816e+01,2.006774447200959433e+00
1.497000000000000000e+03,9.859756380478272320e+01,2.006133815679587151e+00
1.498000000000000000e+03,9.871795512090987756e+01,2.005603849349153478e+00
1.499000000000000000e+03,9.881800497379957449e+01,2.005163918283235702e+00
1.500000000000000000e+03,9.890156345641452162e+01,2.004796842931368506e+00
1.501000000000000000e+03,9.897181699922080611e+01,2.004488456556337450e+00
1.502000000000000000e+03,9.903137568397535517e+01,2.004227187951847622e+00
1.503000000000000000e+03,9.908235667870089003e+01,2.004003672247853807e+00
1.504000000000000000e+03,9.912646171351303792e+01,2.003810395543874634e+00
1.505000000000000000e+03,9.916504723133756727e+01,2.003641376933110951e+00
1.506000000000000000e+03,9.919918648322286003e+01,2.003491889411304516e+00
1.507000000000000000e+03,9.922972336916154745e+01,2.003358219361186965e+00
1.508000000000000000e+03,9.925731824063078079e+01,2.003237462858516338e+00
1.509000000000000000e+03,9.928248618103879153e+01,2.003127355993744807e+00
1.510000000000000000e+03,9.930562847450232766e+01,2.003026135732776769e+00
1.511000000000000000e+03,9.932705807718669178e+01,2.002932427507882807e+00
1.512000000000000000e+03,9.934701993690707411e+01,2.002845155674124911e+00
1.513000000000000000e+03,9.936570698428376147e+01,2.002763473119530069e+00
1.514000000000000000e+03,9.938327255958978412e+01,2.002686706612711198e+00
1.515000000000000000e+03,9.939983995823794771e+01,2.002614314851279165e+00
1.516000000000000000e+03,9.941550968642606279e+01,2.002545856590774775e+00
1.517000000000000000e+03,9.943036492561967066e+01,2.002480966650928451e+00
1.518000000000000000e+03,9.944447561638799016e+01,2.002419337989101766e+00
1.519000000000000000e+03,9.945790149237971889e+01,2.002360708384453236e+00
1.520000000000000000e+03,9.947069432584369508e+01,2.002304850583153772e+00
1.521000000000000000e+03,9.948289958761340301e+01,2.002251565012994838e+00
1.522000000000000000e+03,9.949455767649918414e+01,2.002200674387010881e+00
1.523000000000000000e+03,9.950570483461405047e+01,2.002152019684729112e+00
1.524000000000000000e+03,9.951637383504822765e+01,2.002105457131956978e+00
1.525000000000000000e+03,9.952659450516661366e+01,2.002060855901632852e+00
1.526000000000000000e+03,9.953639413133312530e+01,2.002018096334910791e+00
1.527000000000000000e+03,9.954579777789459172e+01,2.001977068538549176e+00
1.528000000000000000e+03,9.955482854376997182e+01,2.001937671256258433e+00
1.529000000000000000e+03,9.956350777314804645e+01,2.001899810941651481e+00
1.530000000000000000e+03,9.957185523192418941e+01,2.001863400981795049e+00
1.531000000000000000e+03,9.957988925807399028e+01,2.001828361035394632e+00
1.532000000000000000e+03,9.958762689176613492e+01,2.001794616460153442e+00
1.533000000000000000e+03,9.959508398935791718e+01,2.001762097811096819e+00
1.534000000000000000e+03,9.960227532427242636e+01,2.001730740396691299e+00
1.535000000000000000e+03,9.960921467696810794e+01,2.001700483883024351e+00
1.536000000000000000e+03,9.961591491566788648e+01,2.001671271938709751e+00
1.537000000000000000e+03,9.962238806913630640e+01,2.001643051914841820e+00
1.538000000000000000e+03,9.962864539252660734e+01,2.001615774555487004e+00
1.539000000000000000e+03,9.963469742712862853e+01,2.001589393735055289e+00
1.540000000000000000e+03,9.964055405470777771e+01,2.001563866219500554e+00
1.541000000000000000e+03,9.964622454701962795e+01,2.001539151448770149e+00
1.542000000000000000e+03,9.965171761100279468e+01,2.001515211338286360e+00
1.543000000000000000e+03,9.965704143008689186e+01,2.001492010097532859e+00
1.544000000000000000e+03,9.966220370199903300e+01,2.001469514064051047e+00
1.545000000000000000e+03,9.966721167340814702e+01,2.001447691551353714e+00
1.546000000000000000e+03,9.967207217170731326e+01,2.001426512709428174e+00
1.547000000000000000e+03,9.967679163420301336e+01,2.001405949396644068e+00
1.548000000000000000e+03,9.968137613495041194e+01,2.001385975062012879e+00
1.549000000000000000e+03,9.968583140945010257e+01,2.001366564636851031e+00
1.550000000000000000e+03,9.969016287739866300e+01,2.001347694434993052e+00
1.551000000000000000e+03,9.969437566366701731e+01,2.001329342060797600e+00
1.552000000000000000e+03,9.969847461766232755e+01,2.001311486324250488e+00
1.553000000000000000e+03,9.970246433121478447e+01,2.001294107162551850e+00
1.554000000000000000e+03,9.970634915511618601e+01,2.001277185567620798e+00
1.555000000000000000e+03,9.971013321442546840e+01,2.001260703519017081e+00
1.556000000000000000e+03,9.971382042264535528e+01,2.001244643921817001e+00
1.557000000000000000e+03,9.971741449486412989e+01,2.001228990549034137e+00
1.558000000000000000e+03,9.972091895994861943e+01,2.001213727988201629e+00
1.559000000000000000e+03,9.972433717186540036e+01,2.001198841591779853e+00
1.560000000000000000e+03,9.972767232020146366e+01,2.001184317431080828e+00
1.561000000000000000e+03,9.973092743994803300e+01,2.001170142253418049e+00
1.562000000000000000e+03,9.973410542060649675e+01,2.001156303442234830e+00
1.563000000000000000e+03,9.973720901466924715e+01,2.001142788979973108e+00
1.564000000000000000e+03,9.974024084552469560e+01,2.001129587413464250e+00
1.565000000000000000e+03,9.974320341483026198e+01,2.001116687821655749e+00
1.566000000000000000e+03,9.974609910939443580e+01,2.001104079785488654e+00
1.567000000000000000e+03,9.974893020760474371e+01,2.001091753359764969e+00
1.568000000000000000e+03,9.975169888543587149e+01,2.001079699046856231e+00
1.569000000000000000e+03,9.975440722206883493e+01,2.001067907772114296e+00
1.570000000000000000e+03,9.975705720515018982e+01,2.001056370860862188e+00
1.571000000000000000e+03,9.975965073571704522e+01,2.001045080016846889e+00
1.572000000000000000e+03,9.976218963281243646e+01,2.001034027302049711e+00
1.573000000000000000e+03,9.976467563781294245e+01,2.001023205117755666e+00
1.574000000000000000e+03,9.976711041848905381e+01,2.001012606186796106e+00
1.575000000000000000e+03,9.976949557281702141e+01,2.001002223536875402e+00
1.576000000000000000e+03,9.977183263255963652e+01,2.000992050484914131e+00
1.577000000000000000e+03,9.977412306663167385e+01,2.000982080622330628e+00
1.578000000000000000e+03,9.977636828426494731e+01,2.000972307801204053e+00
1.579000000000000000e+03,9.977856963798640777e+01,2.000962726121252366e+00
1.580000000000000000e+03,9.978072842642204421e+01,2.000953329917574575e+00
1.581000000000000000e+03,9.978284589693795681e+01,2.000944113749104858e+00
1.582000000000000000e+03,9.978492324812970082e+01,2.000935072387731939e+00
1.583000000000000000e+03,9.978696163216950765e+01,2.000926200808039734e+00
1.584000000000000000e+03,9.978896215702090444e+01,2.000917494177626654e+00
1.585000000000000000e+03,9.979092588852911661e+01,2.000908947847970687e+00
1.586000000000000000e+03,9.979285385239525397e+01,2.000900557345801634e+00
1.587000000000000000e+03,9.979474703604169861e+01,2.000892318364950739e+00
1.588000000000000000e+03,9.979660639037552983e+01,2.000884226758643525e+00
1.589000000000000000e+03,9.979843283145618216e+01,2.000876278532214947e+00
1.590000000000000000e+03,9.980022724207363183e+01,2.000868469836213137e+00
1.591000000000000000e+03,9.980199047324218498e+01,2.000860796959873511e+00
1.592000000000000000e+03,9.980372334561539560e+01,2.000853256324937046e+00
1.593000000000000000e+03,9.980542665082653286e+01,2.000845844479796742e+00
1.594000000000000000e+03,9.980710115275947203e+01,2.000838558093942510e+00
1.595000000000000000e+03,9.980874758875368968e+01,2.000831393952702264e+00
1.596000000000000000e+03,9.981036667074766910e+01,2.000824348952243703e+00
1.597000000000000000e+03,9.981195908636406955e+01,2.000817420094837651e+00
1.598000000000000000e+03,9.981352549994014112e+01,2.000810604484356769e+00
1.599000000000000000e+03,9.981506655350662527e+01,2.000803899322001644e+00
1.600000000000000000e+03,9.981658286771785527e+01,2.000797301902236480e+00
1.601000000000000000e+03,9.981807504273618292e+01,2.000790809608931742e+00
1.602000000000000000e+03,9.981954365907296278e+01,2.000784419911686651e+00
1.603000000000000000e+03,9.982098927838880797e+01,2.000778130362339535e+00
1.604000000000000000e+03,9.982241244425516413e+01,2.000771938591639376e+00
1.605000000000000000e+03,9.982381368287954615e+01,2.000765842306082565e+00
1.606000000000000000e+03,9.982519350379625678e+01,2.000759839284894426e+00
1.607000000000000000e+03,9.982655240052457657e+01,2.000753927377158181e+00
1.608000000000000000e+03,9.982789085119614469e+01,2.000748104499074476e+00
1.609000000000000000e+03,9.982920931915319329e+01,2.000742368631351020e+00
1.610000000000000000e+03,9.983050825351915591e+01,2.000736717816711252e+00
1.611000000000000000e+03,9.983178808974322749e+01,2.000731150157518456e+00
1.612000000000000000e+03,9.983304925012009789e+01,2.000725663813505140e+00
1.613000000000000000e+03,9.983429214428620924e+01,2.000720256999610314e+00
1.614000000000000000e+03,9.983551716969382994e+01,2.000714927983906044e+00
1.615000000000000000e+03,9.983672471206401156e+01,2.000709675085625250e+00
1.616000000000000000e+03,9.983791514581947979e+01,2.000704496673269883e+00
1.617000000000000000e+03,9.983908883449859673e+01,2.000699391162803931e+00
1.618000000000000000e+03,9.984024613115123259e+01,2.000694357015927682e+00
1.619000000000000000e+03,9.984138737871749925e+01,2.000689392738424388e+00
1.620000000000000000e+03,9.984251291039022647e+01,2.000684496878578411e+00
1.621000000000000000e+03,9.984362304996199100e+01,2.000679668025659996e+00
1.622000000000000000e+03,9.984471811215730952e+01,2.000674904808478871e+00
1.623000000000000000e+03,9.984579840295100439e+01,2.000670205893991138e+00
1.624000000000000000e+03,9.984686421987308336e+01,2.000665569985972336e+00
1.625000000000000000e+03,9.984791585230109945e+01,2.000660995823739796e+00
1.626000000000000000e+03,9.984895358174034641e+01,2.000656482180932727e+00
1.627000000000000000e+03,9.984997768209255753e+01,2.000652027864336713e+00
1.628000000000000000e+03,9.985098841991370477e+01,2.000647631712761054e+00
1.629000000000000000e+03,9.985198605466135291e+01,2.000643292595960077e+00
1.630000000000000000e+03,9.985297083893203762e+01,2.000639009413596625e+00
1.631000000000000000e+03,9.985394301868920763e+01,2.000634781094248194e+00
1.632000000000000000e+03,9.985490283348204343e+01,2.000630606594451688e+00
1.633000000000000000e+03,9.985585051665572109e+01,2.000626484897787716e+00
1.634000000000000000e+03,9.985678629555339114e+01,2.000622415013998179e+00
1.635000000000000000e+03,9.985771039171029884e+01,2.000618395978141173e+00
1.636000000000000000e+03,9.985862302104041532e+01,2.000614426849774752e+00
1.637000000000000000e+03,9.985952439401586389e+01,2.000610506712176218e+00
1.638000000000000000e+03,9.986041471583951079e+01,2.000606634671589390e+00
1.639000000000000000e+03,9.986129418661094803e+01,2.000602809856498965e+00
1.640000000000000000e+03,9.986216300148630864e+01,2.000599031416935958e+00
1.641000000000000000e+03,9.986302135083198550e+01,2.000595298523804910e+00
1.642000000000000000e+03,9.986386942037272263e+01,2.000591610368240403e+00
1.643000000000000000e+03,9.986470739133409324e+01,2.000587966160983111e+00
1.644000000000000000e+03,9.986553544057984766e+01,2.000584365131784281e+00
1.645000000000000000e+03,9.986635374074418792e+01,2.000580806528825306e+00
1.646000000000000000e+03,9.986716246035918232e+01,2.000577289618164833e+00
1.647000000000000000e+03,9.986796176397767510e+01,2.000573813683200974e+00
1.648000000000000000e+03,9.986875181229167708e+01,2.000570378024157048e+00
1.649000000000000000e+03,9.986953276224659248e+01,2.000566981957581536e+00
1.650000000000000000e+03,9.987030476715133887e+01,2.000563624815868469e+00
1.651000000000000000e+03,9.987106797678463010e+01,2.000560305946796014e+00
1.652000000000000000e+03,9.987182253749747929e+01,2.000557024713075727e+00
1.653000000000000000e+03,9.987256859231213468e+01,2.000553780491925338e+00
1.654000000000000000e+03,9.987330628101760510e+01,2.000550572674649086e+00
1.655000000000000000e+03,9.987403574026190256e+01,2.000547400666237152e+00
1.656000000000000000e+03,9.987475710364101644e+01,2.000544263884977525e+00
1.657000000000000000e+03,9.987547050178501706e+01,2.000541161762080744e+00
1.658000000000000000e+03,9.987617606244107549e+01,2.000538093741317525e+00
1.659000000000000000e+03,9.987687391055381170e+01,2.000535059278668815e+00
1.660000000000000000e+03,9.987756416834285744e+01,2.000532057841986955e+00
1.661000000000000000e+03,9.987824695537788955e+01,2.000529088910671049e+00
1.662000000000000000e+03,9.987892238865119054e+01,2.000526151975346334e+00
1.663000000000000000e+03,9.987959058264767975e+01,2.000523246537563526e+00
1.664000000000000000e+03,9.988025164941288381e+01,2.000520372109499512e+00
1.665000000000000000e+03,9.988090569861843449e+01,2.000517528213672680e+00
1.666000000000000000e+03,9.988155283762566228e+01,2.000514714382666259e+00
1.667000000000000000e+03,9.988219317154698729e+01,2.000511930158860086e+00
1.668000000000000000e+03,9.988282680330539165e+01,2.000509175094172143e+00
1.669000000000000000e+03,9.988345383369204455e+01,2.000506448749805433e+00
1.670000000000000000e+03,9.988407436142199458e+01,2.000503750696008609e+00
1.671000000000000000e+03,9.988468848318821358e+01,2.000501080511836616e+00
1.672000000000000000e+03,9.988529629371386420e+01,2.000498437784926420e+00
1.673000000000000000e+03,9.988589788580296158e+01,2.000495822111272748e+00
1.674000000000000000e+03,9.988649335038947186e+01,2.000493233095018031e+00
1.675000000000000000e+03,9.988708277658490431e+01,2.000490670348241018e+00
1.676000000000000000e+03,9.988766625172436875e+01,2.000488133490759157e+00
1.677000000000000000e+03,9.988824386141133971e+01,2.000485622149931420e+00
1.678000000000000000e+03,9.988881568956097112e+01,2.000483135960470449e+00
1.679000000000000000e+03,9.988938181844210362e+01,2.000480674564260042e+00
1.680000000000000000e+03,9.988994232871807810e+01,2.000478237610176624e+00
1.681000000000000000e+03,9.989049729948625611e+01,2.000475824753916054e+00
1.682000000000000000e+03,9.989104680831636074e+01,2.000473435657828869e+00
1.683000000000000000e+03,9.989159093128778011e+01,2.000471069990755524e+00
1.684000000000000000e+03,9.989212974302560610e+01,2.000468727427870519e+00
1.685000000000000000e+03,9.989266331673579202e+01,2.000466407650529188e+00
1.686000000000000000e+03,9.989319172423914495e+01,2.000464110346119373e+00
1.687000000000000000e+03,9.989371503600440860e+01,2.000461835207917094e+00
1.688000000000000000e+03,9.989423332118036569e+01,2.000459581934946218e+00
1.689000000000000000e+03,9.989474664762701650e+01,2.000457350231843900e+00
1.690000000000000000e+03,9.989525508194586223e+01,2.000455139808727800e+00
1.691000000000000000e+03,9.989575868950936410e+01,2.000452950381068185e+00
1.692000000000000000e+03,9.989625753448949297e+01,2.000450781669561806e+00
1.693000000000000000e+03,9.989675167988552573e+01,2.000448633400014664e+00
1.694000000000000000e+03,9.989724118755107440e+01,2.000446505303218991e+00
1.695000000000000000e+03,9.989772611822036197e+01,2.000444397114843564e+00
1.696000000000000000e+03,9.989820653153365981e+01,2.000442308575319572e+00
1.697000000000000000e+03,9.989868248606218515e+01,2.000440239429734923e+00
1.698000000000000000e+03,9.989915403933220261e+01,2.000438189427726332e+00
1.699000000000000000e+03,9.989962124784854325e+01,2.000436158323378955e+00
1.700000000000000000e+03,9.990008416711737027e+01,2.000434145875126468e+00
1.701000000000000000e+03,9.990054285166841908e+01,2.000432151845653816e+00
1.702000000000000000e+03,9.990099735507666878e+01,2.000430176001803950e+00
1.703000000000000000e+03,9.990144772998330325e+01,2.000428218114485457e+00
1.704000000000000000e+03,9.990189402811621733e+01,2.000426277958582855e+00
1.705000000000000000e+03,9.990233630030994050e+01,2.000424355312872216e+00
1.706000000000000000e+03,9.990277459652503467e+01,2.000422449959932791e+00
1.707000000000000000e+03,9.990320896586698041e+01,2.000420561686068854e+00
1.708000000000000000e+03,9.990363945660460843e+01,2.000418690281226208e+00
1.709000000000000000e+03,9.990406611618791999e+01,2.000416835538916249e+00
1.710000000000000000e+03,9.990448899126560889e+01,2.000414997256139582e+00
1.711000000000000000e+03,9.990490812770205764e+01,2.000413175233310081e+00
1.712000000000000000e+03,9.990532357059385049e+01,2.000411369274186946e+00
1.713000000000000000e+03,9.990573536428590273e+01,2.000409579185799203e+00
1.714000000000000000e+03,9.990614355238723476e+01,2.000407804778382204e+00
1.715000000000000000e+03,9.990654817778624874e+01,2.000406045865307014e+00
1.716000000000000000e+03,9.990694928266565000e+01,2.000404302263017797e+00
1.717000000000000000e+03,9.990734690851704158e+01,2.000402573790967420e+00
1.718000000000000000e+03,9.990774109615506404e+01,2.000400860271555725e+00
1.719000000000000000e+03,9.990813188573127945e+01,2.000399161530069136e+00
1.720000000000000000e+03,9.990851931674764330e+01,2.000397477394622925e+00
1.721000000000000000e+03,9.990890342806964952e+01,2.000395807696102146e+00
1.722000000000000000e+03,9.990928425793916290e+01,2.000394152268107462e+00
1.723000000000000000e+03,9.990966184398696726e+01,2.000392510946899627e+00
1.724000000000000000e+03,9.991003622324492994e+01,2.000390883571346201e+00
1.725000000000000000e+03,9.991040743215795317e+01,2.000389269982870033e+00
1.726000000000000000e+03,9.991077550659557005e+01,2.000387670025399967e+00
1.727000000000000000e+03,9.991114048186334173e+01,2.000386083545317994e+00
1.728000000000000000e+03,9.991150239271385658e+01,2.000384510391414405e+00
1.729000000000000000e+03,9.991186127335758727e+01,2.000382950414839378e+00
1.730000000000000000e+03,9.991221715747340681e+01,2.000381403469056796e+00
1.731000000000000000e+03,9.991257007821893410e+01,2.000379869409799838e+00
1.732000000000000000e+03,9.991292006824053828e+01,2.000378348095026571e+00
1.733000000000000000e+03,9.991326715968318695e+01,2.000376839384878647e+00
1.734000000000000000e+03,9.991361138420003840e+01,2.000375343141637341e+00
1.735000000000000000e+03,9.991395277296176403e+01,2.000373859229685358e+00
1.736000000000000000e+03,9.991429135666578532e+01,2.000372387515464201e+00
1.737000000000000000e+03,9.991462716554508461e+01,2.000370927867438198e+00
1.738000000000000000e+03,9.991496022937703003e+01,2.000369480156053648e+00
1.739000000000000000e+03,9.991529057749188780e+01,2.000368044253703292e+00
1.740000000000000000e+03,9.991561823878112136e+01,2.000366620034690346e+00
1.741000000000000000e+03,9.991594324170557684e+01,2.000365207375192078e+00
1.742000000000000000e+03,9.991626561430338427e+01,2.000363806153225621e+00
1.743000000000000000e+03,9.991658538419780200e+01,2.000362416248613329e+00
1.744000000000000000e+03,9.991690257860480529e+01,2.000361037542951248e+00
1.745000000000000000e+03,9.991721722434046171e+01,2.000359669919575811e+00
1.746000000000000000e+03,9.991752934782830664e+01,2.000358313263530974e+00
1.747000000000000000e+03,9.991783897510630652e+01,2.000356967461539792e+00
1.748000000000000000e+03,9.991814613183395011e+01,2.000355632401972894e+00
1.749000000000000000e+03,9.991845084329895599e+01,2.000354307974817392e+00
1.750000000000000000e+03,9.991875313442393747e+01,2.000352994071651125e+00
1.751000000000000000e+03,9.991905302977291115e+01,2.000351690585612019e+00
1.752000000000000000e+03,9.991935055355763495e+01,2.000350397411370995e+00
1.753000000000000000e+03,9.991964572964386093e+01,2.000349114445105325e+00
1.754000000000000000e+03,9.991993858155738906e+01,2.000347841584470654e+00
1.755000000000000000e+03,9.992022913249005001e+01,2.000346578728577018e+00
1.756000000000000000e+03,9.992051740530548898e+01,2.000345325777963090e+00
1.757000000000000000e+03,9.992080342254489267e+01,2.000344082634570420e+00
1.758000000000000000e+03,9.992108720643257413e+01,2.000342849201719009e+00
1.759000000000000000e+03,9.992136877888142976e+01,2.000341625384085553e+00
1.760000000000000000e+03,9.992164816149826834e+01,2.000340411087677239e+00
1.761000000000000000e+03,9.992192537558905485e+01,2.000339206219811761e+00
1.762000000000000000e+03,9.992220044216404062e+01,2.000338010689093338e+00
1.763000000000000000e+03,9.992247338194276551e+01,2.000336824405390956e+00
1.764000000000000000e+03,9.992274421535896067e+01,2.000335647279817497e+00
1.765000000000000000e+03,9.992301296256538023e+01,2.000334479224709305e+00
1.766000000000000000e+03,9.992327964343846247e+01,2.000333320153603989e+00
1.767000000000000000e+03,9.992354427758303359e+01,2.000332169981222652e+00
1.768000000000000000e+03,9.992380688433669889e+01,2.000331028623447693e+00
1.769000000000000000e+03,9.992406748277436179e+01,2.000329895997305485e+00
1.770000000000000000e+03,9.992432609171254398e+01,2.000328772020947277e+00
1.771000000000000000e+03,9.992458272971356337e+01,2.000327656613629213e+00
1.772000000000000000e+03,9.992483741508976891e+01,2.000326549695696343e+00
1.773000000000000000e+03,9.992509016590759074e+01,2.000325451188563530e+00
1.774000000000000000e+03,9.992534099999150499e+01,2.000324361014698127e+00
1.775000000000000000e+03,9.992558993492799857e+01,2.000323279097603546e+00
1.776000000000000000e+03,9.992583698806933512e+01,2.000322205361802386e+00
1.777000000000000000e+03,9.992608217653737768e+01,2.000321139732819109e+00
1.778000000000000000e+03,9.992632551722722667e+01,2.000320082137165834e+00
1.779000000000000000e+03,9.992656702681084369e+01,2.000319032502325456e+00
1.780000000000000000e+03,9.992680672174060419e+01,2.000317990756735664e+00
1.781000000000000000e+03,9.992704461825273654e+01,2.000316956829776061e+00
1.782000000000000000e+03,9.992728073237074682e+01,2.000315930651749508e+00
1.783000000000000000e+03,9.992751507990871573e+01,2.000314912153873248e+00
1.784000000000000000e+03,9.992774767647465239e+01,2.000313901268258032e+00
1.785000000000000000e+03,9.992797853747357806e+01,2.000312897927900124e+00
1.786000000000000000e+03,9.992820767811076621e+01,2.000311902066664427e+00
1.787000000000000000e+03,9.992843511339476947e+01,2.000310913619270714e+00
1.788000000000000000e+03,9.992866085814047494e+01,2.000309932521282530e+00
1.789000000000000000e+03,9.992888492697207425e+01,2.000308958709092977e+00
1.790000000000000000e+03,9.992910733432591996e+01,2.000307992119912281e+00
1.791000000000000000e+03,9.992932809445342457e+01,2.000307032691754916e+00
1.792000000000000000e+03,9.992954722142384583e+01,2.000306080363428940e+00
1.793000000000000000e+03,9.992976472912704367e+01,2.000305135074522234e+00
1.794000000000000000e+03,9.992998063127615183e+01,2.000304196765390952e+00
1.795000000000000000e+03,9.993019494141023529e+01,2.000303265377150641e+00
1.796000000000000000e+03,9.993040767289684823e+01,2.000302340851660698e+00
1.797000000000000000e+03,9.993061883893463460e+01,2.000301423131517264e+00
1.798000000000000000e+03,9.993082845255581503e+01,2.000300512160039013e+00
1.799000000000000000e+03,9.993103652662858849e+01,2.000299607881260044e+00
1.800000000000000000e+03,9.993124307385956229e+01,2.000298710239915678e+00
1.801000000000000000e+03,9.993144810679615375e+01,2.000297819181435344e+00
1.802000000000000000e+03,9.993165163782882132e+01,2.000296934651929703e+00
1.803000000000000000e+03,9.993185367919343776e+01,2.000296056598183547e+00
1.804000000000000000e+03,9.993205424297342176e+01,2.000295184967644246e+00
1.805000000000000000e+03,9.993225334110201175e+01,2.000294319708412871e+00
1.806000000000000000e+03,9.993245098536438320e+01,2.000293460769233977e+00
1.807000000000000000e+03,9.993264718739972352e+01,2.000292608099487168e+00
1.808000000000000000e+03,9.993284195870337783e+01,2.000291761649179545e+00
1.809000000000000000e+03,9.993303531062882428e+01,2.000290921368933272e+00
1.810000000000000000e+03,9.993322725438973464e+01,2.000290087209979806e+00
1.811000000000000000e+03,9.993341780106186434e+01,2.000289259124150565e+00
1.812000000000000000e+03,9.993360696158499934e+01,2.000288437063868496e+00
1.813000000000000000e+03,9.993379474676491725e+01,2.000287620982139192e+00
1.814000000000000000e+03,9.993398116727516367e+01,2.000286810832543338e+00
1.815000000000000000e+03,9.993416623365888540e+01,2.000286006569230057e+00
1.816000000000000000e+03,9.993434995633069207e+01,2.000285208146906246e+00
1.817000000000000000e+03,9.993453234557834719e+01,2.000284415520831693e+00
1.818000000000000000e+03,9.993471341156450194e+01,2.000283628646809753e+00
1.819000000000000000e+03,9.993489316432847147e+01,2.000282847481180237e+00
1.820000000000000000e+03,9.993507161378778392e+01,2.000282071980813647e+00
1.821000000000000000e+03,9.993524876973991411e+01,2.000281302103101844e+00
1.822000000000000000e+03,9.993542464186388941e+01,2.000280537805952719e+00
1.823000000000000000e+03,9.993559923972181025e+01,2.000279779047781759e+00
1.824000000000000000e+03,9.993577257276045600e+01,2.000279025787507159e+00
1.825000000000000000e+03,9.993594465031280549e+01,2.000278277984541386e+00
1.826000000000000000e+03,9.993611548159954339e+01,2.000277535598786294e+00
1.827000000000000000e+03,9.993628507573048125e+01,2.000276798590624683e+00
1.828000000000000000e+03,9.993645344170612077e+01,2.000276066920916307e+00
1.829000000000000000e+03,9.993662058841896112e+01,2.000275340550989434e+00
1.830000000000000000e+03,9.993678652465496270e+01,2.000274619442637292e+00
1.831000000000000000e+03,9.993695125909489718e+01,2.000273903558108746e+00
1.832000000000000000e+03,9.993711480031574013e+01,2.000273192860106075e+00
1.833000000000000000e+03,9.993727715679193579e+01,2.000272487311776093e+00
1.834000000000000000e+03,9.993743833689676137e+01,2.000271786876706592e+00
1.835000000000000000e+03,9.993759834890359173e+01,2.000271091518919686e+00
1.836000000000000000e+03,9.993775720098712156e+01,2.000270401202866033e+00
1.837000000000000000e+03,9.993791490122468701e+01,2.000269715893421285e+00
1.838000000000000000e+03,9.993807145759740251e+01,2.000269035555877650e+00
1.839000000000000000e+03,9.993822687799142557e+01,2.000268360155942116e+00
1.840000000000000000e+03,9.993838117019909362e+01,2.000267689659728898e+00
1.841000000000000000e+03,9.993853434192008933e+01,2.000267024033755892e+00
1.842000000000000000e+03,9.993868640076257748e+01,2.000266363244938006e+00
1.843000000000000000e+03,9.993883735424434178e+01,2.000265707260583614e+00
1.844000000000000000e+03,9.993898720979387917e+01,2.000265056048390555e+00
1.845000000000000000e+03,9.993913597475146560e+01,2.000264409576439029e+00
1.846000000000000000e+03,9.993928365637023603e+01,2.000263767813188931e+00
1.847000000000000000e+03,9.993943026181722189e+01,2.000263130727474525e+00
1.848000000000000000e+03,9.993957579817435999e+01,2.000262498288499557e+00
1.849000000000000000e+03,9.993972027243957257e+01,2.000261870465835035e+00
1.850000000000000000e+03,9.993986369152766258e+01,2.000261247229410788e+00
1.851000000000000000e+03,9.994000606227136529e+01,2.000260628549516362e+00
1.852000000000000000e+03,9.994014739142230042e+01,2.000260014396792130e+00
1.853000000000000000e+03,9.994028768565186738e+01,2.000259404742228408e+00
1.854000000000000000e+03,9.994042695155221168e+01,2.000258799557159239e+00
1.855000000000000000e+03,9.994056519563717700e+01,2.000258198813260613e+00
1.856000000000000000e+03,9.994070242434308682e+01,2.000257602482544250e+00
1.857000000000000000e+03,9.994083864402978179e+01,2.000257010537355828e+00
1.858000000000000000e+03,9.994097386098135871e+01,2.000256422950369206e+00
1.859000000000000000e+03,9.994110808140705160e+01,2.000255839694585092e+00
1.860000000000000000e+03,9.994124131144216960e+01,2.000255260743324381e+00
1.861000000000000000e+03,9.994137355714876492e+01,2.000254686070227716e+00
1.862000000000000000e+03,9.994150482451655648e+01,2.000254115649249709e+00
1.863000000000000000e+03,9.994163511946372580e+01,2.000253549454656277e+00
1.864000000000000000e+03,9.994176444783761326e+01,2.000252987461021537e+00
1.865000000000000000e+03,9.994189281541559922e+01,2.000252429643223362e+00
1.866000000000000000e+03,9.994202022790578610e+01,2.000251875976442051e+00
1.867000000000000000e+03,9.994214669094778003e+01,2.000251326436154109e+00
1.868000000000000000e+03,9.994227221011341555e+01,2.000250780998132250e+00
1.869000000000000000e+03,9.994239679090746620e+01,2.000250239638440508e+00
1.870000000000000000e+03,9.994252043876839764e+01,2.000249702333430690e+00
1.871000000000000000e+03,9.994264315906896456e+01,2.000249169059741039e+00
1.872000000000000000e+03,9.994276495711704911e+01,2.000248639794291350e+00
1.873000000000000000e+03,9.994288583815620086e+01,2.000248114514282083e+00
1.874000000000000000e+03,9.994300580736634743e+01,2.000247593197189477e+00
1.875000000000000000e+03,9.994312486986446231e+01,2.000247075820763332e+00
1.876000000000000000e+03,9.994324303070519022e+01,2.000246562363026115e+00
1.877000000000000000e+03,9.994336029488148654e+01,2.000246052802266750e+00
1.878000000000000000e+03,9.994347666732519997e+01,2.000245547117040612e+00
1.879000000000000000e+03,9.994359215290772624e+01,2.000245045286166867e+00
1.880000000000000000e+03,9.994370675644061919e+01,2.000244547288723140e+00
1.881000000000000000e+03,9.994382048267611651e+01,2.000244053104045960e+00
1.882000000000000000e+03,9.994393333630776510e+01,2.000243562711728096e+00
1.883000000000000000e+03,9.994404532197096103e+01,2.000243076091612782e+00
1.884000000000000000e+03,9.994415644424354639e+01,2.000242593223795939e+00
1.885000000000000000e+03,9.994426670764633513e+01,2.000242114088620404e+00
1.886000000000000000e+03,9.994437611664365306e+01,2.000241638666674149e+00
1.887000000000000000e+03,9.994448467564386362e+01,2.000241166938788950e+00
1.888000000000000000e+03,9.994459238899987952e+01,2.000240698886038615e+00
1.889000000000000000e+03,9.994469926100974533e+01,2.000240234489734537e+00
1.890000000000000000e+03,9.994480529591704965e+01,2.000239773731424808e+00
1.891000000000000000e+03,9.994491049791145088e+01,2.000239316592892447e+00
1.892000000000000000e+03,9.994501487112918880e+01,2.000238863056152727e+00
1.893000000000000000e+03,9.994511841965353938e+01,2.000238413103451407e+00
1.894000000000000000e+03,9.994522114751529784e+01,2.000237966717261617e+00
1.895000000000000000e+03,9.994532305869320510e+01,2.000237523880284307e+00
1.896000000000000000e+03,9.994542415711445926e+01,2.000237084575442914e+00
1.897000000000000000e+03,9.994552444665508517e+01,2.000236648785884697e+00
1.898000000000000000e+03,9.994562393114046017e+01,2.000236216494976738e+00
1.899000000000000000e+03,9.994572261434565519e+01,2.000235787686304167e+00
1.900000000000000000e+03,9.994582049999593210e+01,2.000235362343669721e+00
1.901000000000000000e+03,9.994591759176707058e+01,2.000234940451091070e+00
1.902000000000000000e+03,9.994601389328587970e+01,2.000234521992798165e+00
1.903000000000000000e+03,9.994610940813051059e+01,2.000234106953232782e+00
1.904000000000000000e+03,9.994620413983086848e+01,2.000233695317047200e+00
1.905000000000000000e+03,9.994629809186903913e+01,2.000233287069101085e+00
1.906000000000000000e+03,9.994639126767960136e+01,2.000232882194460604e+00
1.907000000000000000e+03,9.994648367065003924e+01,2.000232480678396652e+00
1.908000000000000000e+03,9.994657530412106894e+01,2.000232082506383957e+00
1.909000000000000000e+03,9.994666617138706499e+01,2.000231687664097979e+00
1.910000000000000000e+03,9.994675627569631615e+01,2.000231296137415349e+00
1.911000000000000000e+03,9.994684562025142327e+01,2.000230907912410316e+00
1.912000000000000000e+03,9.994693420820962615e+01,2.000230522975356084e+00
1.913000000000000000e+03,9.994702204268313039e+01,2.000230141312719478e+00
1.914000000000000000e+03,9.994710912673942005e+01,2.000229762911164055e+00
1.915000000000000000e+03,9.994719546340158445e+01,2.000229387757544330e+00
1.916000000000000000e+03,9.994728105564860243e+01,2.000229015838907554e+00
1.917000000000000000e+03,9.994736590641569762e+01,2.000228647142491933e+00
1.918000000000000000e+03,9.994745001859456579e+01,2.000228281655723528e+00
1.919000000000000000e+03,9.994753339503373013e+01,2.000227919366217133e+00
1.920000000000000000e+03,9.994761603853878285e+01,2.000227560261773174e+00
1.921000000000000000e+03,9.994769795187265515e+01,2.000227204330379038e+00
1.922000000000000000e+03,9.994777913775594413e+01,2.000226851560205077e+00
1.923000000000000000e+03,9.994785959886709747e+01,2.000226501939605050e+00
1.924000000000000000e+03,9.994793933784276874e+01,2.000226155457114796e+00
1.925000000000000000e+03,9.994801835727798789e+01,2.000225812101450451e+00
1.926000000000000000e+03,9.994809665972644552e+01,2.000225471861508453e+00
1.927000000000000000e+03,9.994817424770073444e+01,2.000225134726363763e+00
1.928000000000000000e+03,9.994825112367259123e+01,2.000224800685268978e+00
1.929000000000000000e+03,9.994832729007308103e+01,2.000224469727653887e+00
1.930000000000000000e+03,9.994840274929291013e+01,2.000224141843123249e+00
1.931000000000000000e+03,9.994847750368258232e+01,2.000223817021455908e+00
1.932000000000000000e+03,9.994855155555258364e+01,2.000223495252606565e+00
1.933000000000000000e+03,9.994862490717368075e+01,2.000223176526701341e+00
1.934000000000000000e+03,9.994869756077706313e+01,2.000222860834038219e+00
1.935000000000000000e+03,9.994876951855454195e+01,2.000222548165087044e+00
1.936000000000000000e+03,9.994884078265876326e+01,2.000222238510487749e+00
1.937000000000000000e+03,9.994891135520337855e+01,2.000221931861049462e+00
1.938000000000000000e+03,9.994898123826324365e+01,2.000221628207750069e+00
1.939000000000000000e+03,9.994905043387456089e+01,2.000221327541736649e+00
1.940000000000000000e+03,9.994911894403509223e+01,2.000221029854321486e+00
1.941000000000000000e+03,9.994918677070430135e+01,2.000220735136984285e+00
1.942000000000000000e+03,9.994925391580351004e+01,2.000220443381371282e+00
1.943000000000000000e+03,9.994932038121608286e+01,2.000220154579292142e+00
1.944000000000000000e+03,9.994938616878752669e+01,2.000219868722722616e+00
1.945000000000000000e+03,9.994945128032568959e+01,2.000219585803801436e+00
1.946000000000000000e+03,9.994951571760086040e+01,2.000219305814830317e+00
1.947000000000000000e+03,9.994957948234593914e+01,2.000219028748274397e+00
1.948000000000000000e+03,9.994964257625650816e+01,2.000218754596760018e+00
1.949000000000000000e+03,9.994970500099103106e+01,2.000218483353076060e+00
1.950000000000000000e+03,9.994976675817093792e+01,2.000218215010171274e+00
1.951000000000000000e+03,9.994982784938072484e+01,2.000217949561155617e+00
1.952000000000000000e+03,9.994988827616806759e+01,2.000217686999299360e+00
1.953000000000000000e+03,9.994994804004396372e+01,2.000217427318030872e+00
1.954000000000000000e+03,9.995000714248280360e+01,2.000217170510939280e+00
1.955000000000000000e+03,9.995006558492245574e+01,2.000216916571771364e+00
1.956000000000000000e+03,9.995012336876436621e+01,2.000216665494433332e+00
1.957000000000000000e+03,9.995018049537365812e+01,2.000216417272987712e+00
1.958000000000000000e+03,9.995023696607918851e+01,2.000216171901656015e+00
1.959000000000000000e+03,9.995029278217364777e+01,2.000215929374816959e+00
1.960000000000000000e+03,9.995034794491363073e+01,2.000215689687005138e+00
1.961000000000000000e+03,9.995040245551965086e+01,2.000215452832912799e+00
1.962000000000000000e+03,9.995045631517626816e+01,2.000215218807388062e+00
1.963000000000000000e+03,9.995050952503213182e+01,2.000214987605435812e+00
1.964000000000000000e+03,9.995056208619998017e+01,2.000214759222216365e+00
1.965000000000000000e+03,9.995061399975672600e+01,2.000214533653045912e+00
1.966000000000000000e+03,9.995066526674354179e+01,2.000214310893396075e+00
1.967000000000000000e+03,9.995071588816578867e+01,2.000214090938894351e+00
1.968000000000000000e+03,9.995076586499315852e+01,2.000213873785322782e+00
1.969000000000000000e+03,9.995081519815960291e+01,2.000213659428619728e+00
1.970000000000000000e+03,9.995086388856346105e+01,2.000213447864876759e+00
1.971000000000000000e+03,9.995091193706736021e+01,2.000213239090342210e+00
1.972000000000000000e+03,9.995095934449832953e+01,2.000213033101418070e+00
1.973000000000000000e+03,9.995100611164772886e+01,2.000212829894662647e+00
1.974000000000000000e+03,9.995105223927131988e+01,2.000212629466787462e+00
1.975000000000000000e+03,9.995109772808920923e+01,2.000212431814660352e+00
1.976000000000000000e+03,9.995114257878586272e+01,2.000212236935302812e+00
1.977000000000000000e+03,9.995118679201010536e+01,2.000212044825892210e+00
1.978000000000000000e+03,9.995123036837505026e+01,2.000211855483761347e+00
1.979000000000000000e+03,9.995127330845814129e+01,2.000211668906397122e+00
1.980000000000000000e+03,9.995131561280112464e+01,2.000211485091441865e+00
1.981000000000000000e+03,9.995135728190994939e+01,2.000211304036693782e+00
1.982000000000000000e+03,9.995139831625479587e+01,2.000211125740106510e+00
1.983000000000000000e+03,9.995143871626997623e+01,2.000210950199790005e+00
1.984000000000000000e+03,9.995147848235394861e+01,2.000210777414008767e+00
1.985000000000000000e+03,9.995151761486923192e+01,2.000210607381185390e+00
1.986000000000000000e+03,9.995155611414233476e+01,2.000210440099896569e+00
1.987000000000000000e+03,9.995159398046371280e+01,2.000210275568878426e+00
1.988000000000000000e+03,9.995163121408769769e+01,2.000210113787022070e+00
1.989000000000000000e+03,9.995166781523241184e+01,2.000209954753376707e+00
1.990000000000000000e+03,9.995170378407971157e+01,2.000209798467149191e+00
1.991000000000000000e+03,9.995173912077505918e+01,2.000209644927704478e+00
1.992000000000000000e+03,9.995177382542749456e+01,2.000209494134566057e+00
1.993000000000000000e+03,9.995180789810949307e+01,2.000209346087416407e+00
1.994000000000000000e+03,9.995184133885688027e+01,2.000209200786096098e+00
1.995000000000000000e+03,9.995187414766870404e+01,2.000209058230607351e+00
1.996000000000000000e+03,9.995190632450719193e+01,2.000208918421111370e+00
1.997000000000000000e+03,9.995193786929752378e+01,2.000208781357930565e+00
1.998000000000000000e+03,9.995196878192784595e+01,2.000208647041548105e+00
1.999000000000000000e+03,9.995199906224898712e+01,2.000208515472610138e+00
2.000000000000000000e+03,9.995202871007447243e+01,2.000208386651924020e+00
2.001000000000000000e+03,9.995205772518026777e+01,2.000208260580460973e+00
2.002000000000000000e+03,9.995208610730472287e+01,2.000208137259355201e+00
2.003000000000000000e+03,9.995211385614834398e+01,2.000208016689905666e+00
2.004000000000000000e+03,9.995214097137369436e+01,2.000207898873576529e+00
2.005000000000000000e+03,9.995216745260522373e+01,2.000207783811997153e+00
2.006000000000000000e+03,9.995219329942902675e+01,2.000207671506963880e+00
2.007000000000000000e+03,9.995221851139278613e+01,2.000207561960439584e+00
2.008000000000000000e+03,9.995224308800550261e+01,2.000207455174555893e+00
2.009000000000000000e+03,9.995226702873733871e+01,2.000207351151612745e+00
2.010000000000000000e+03,9.995229033301941968e+01,2.000207249894080164e+00
2.011000000000000000e+03,9.995231300024363463e+01,2.000207151404598704e+00
2.012000000000000000e+03,9.995233502976242335e+01,2.000207055685979451e+00
2.013000000000000000e+03,9.995235642088859151e+01,2.000206962741206684e+00
2.014000000000000000e+03,9.995237717289502655e+01,2.000206872573437877e+00
2.015000000000000000e+03,9.995239728501454124e+01,2.000206785186005032e+00
2.016000000000000000e+03,9.995241675643963219e+01,2.000206700582415120e+00
2.017000000000000000e+03,9.995243558632216718e+01,2.000206618766350974e+00
2.018000000000000000e+03,9.995245377377322882e+01,2.000206539741674394e+00
2.019000000000000000e+03,9.995247131786281614e+01,2.000206463512423927e+00
2.020000000000000000e+03,9.995248821761958880e+01,2.000206390082818864e+00
2.021000000000000000e+03,9.995250447203059707e+01,2.000206319457259241e+00
2.022000000000000000e+03,9.995252008004101185e+01,2.000206251640326283e+00
2.023000000000000000e+03,9.995253504055384042e+01,2.000206186636785954e+00
2.024000000000000000e+03,9.995254935242964223e+01,2.000206124451587186e+00
2.025000000000000000e+03,9.995256301448620206e+01,2.000206065089866314e+00
2.026000000000000000e+03,9.995257602549827425e+01,2.000206008556944859e+00
2.027000000000000000e+03,9.995258838419724157e+01,2.000205954858334412e+00
2.028000000000000000e+03,9.995260008927078843e+01,2.000205903999736190e+00
2.029000000000000000e+03,9.995261113936257402e+01,2.000205855987041925e+00
2.030000000000000000e+03,9.995262153307191966e+01,2.000205810826336972e+00
2.031000000000000000e+03,9.995263126895341088e+01,2.000205768523900751e+00
2.032000000000000000e+03,9.995264034551662746e+01,2.000205729086208084e+00
2.033000000000000000e+03,9.995264876122571707e+01,2.000205692519931855e+00
2.034000000000000000e+03,9.995265651449899735e+01,2.000205658831943456e+00
2.035000000000000000e+03,9.995266360370868597e+01,2.000205628029315008e+00
2.036000000000000000e+03,9.995267002718041738e+01,2.000205600119321137e+00
2.037000000000000000e+03,9.995267578319285917e+01,2.000205575109440304e+00
2.038000000000000000e+03,9.995268086997735679e+01,2.000205553007356585e+00
2.039000000000000000e+03,9.995268528571745037e+01,2.000205533820962778e+00
2.040000000000000000e+03,9.995268902854853366e+01,2.000205517558359514e+00
2.041000000000000000e+03,9.995269209655731402e+01,2.000205504227860143e+00
2.042000000000000000e+03,9.995269448778147137e+01,2.000205493837990733e+00
2.043000000000000000e+03,9.995269620020911816e+01,2.000205486397491850e+00
2.044000000000000000e+03,9.995269723177842991e+01,2.000205481915322991e+00
2.045000000000000000e+03,9.995269758037706254e+01,2.000205480400662150e+00
2.046000000000000000e+03,9.995269724384176868e+01,2.000205481862908030e+00
2.047000000000000000e+03,9.995269621995781506e+01,2.000205486311684044e+00
2.048000000000000000e+03,9.995269450645858456e+01,2.000205493756838315e+00
2.049000000000000000e+03,9.995269210102490831e+01,2.000205504208448559e+00
2.050000000000000000e+03,9.995268900128472467e+01,2.000205517676820755e+00
2.051000000000000000e+03,9.995268520481236862e+01,2.000205534172495359e+00
2.052000000000000000e+03,9.995268070912811709e+01,2.000205553706246864e+00
2.053000000000000000e+03,9.995267551169763465e+01,2.000205576289087350e+00
2.054000000000000000e+03,9.995266960993134830e+01,2.000205601932268706e+00
2.055000000000000000e+03,9.995266300118386482e+01,2.000205630647286181e+00
2.056000000000000000e+03,9.995265568275344492e+01,2.000205662445879273e+00
2.057000000000000000e+03,9.995264765188130696e+01,2.000205697340035726e+00
2.058000000000000000e+03,9.995263890575104426e+01,2.000205735341993307e+00
2.059000000000000000e+03,9.995262944148799988e+01,2.000205776464243357e+00
2.060000000000000000e+03,9.995261925615861287e+01,2.000205820719533012e+00
2.061000000000000000e+03,9.995260834676969353e+01,2.000205868120868757e+00
2.062000000000000000e+03,9.995259671026786918e+01,2.000205918681518646e+00
2.063000000000000000e+03,9.995258434353878840e+01,2.000205972415015410e+00
2.064000000000000000e+03,9.995257124340645305e+01,2.000206029335160007e+00
2.065000000000000000e+03,9.995255740663250776e+01,2.000206089456024738e+00
2.066000000000000000e+03,9.995254282991552941e+01,2.000206152791955017e+00
2.067000000000000000e+03,9.995252750989018864e+01,2.000206219357574700e+00
2.068000000000000000e+03,9.995251144312661040e+01,2.000206289167788754e+00
2.069000000000000000e+03,9.995249462612950708e+01,2.000206362237785029e+00
2.070000000000000000e+03,9.995247705533741112e+01,2.000206438583040480e+00
2.071000000000000000e+03,9.995245872712185076e+01,2.000206518219322049e+00
2.072000000000000000e+03,9.995243963778656848e+01,2.000206601162691999e+00
2.073000000000000000e+03,9.995241978356661150e+01,2.000206687429511021e+00
2.074000000000000000e+03,9.995239916062752172e+01,2.000206777036442229e+00
2.075000000000000000e+03,9.995237776506442628e+01,2.000206870000453385e+00
2.076000000000000000e+03,9.995235559290118488e+01,2.000206966338824000e+00
2.077000000000000000e+03,9.995233264008939500e+01,2.000207066069146666e+00
2.078000000000000000e+03,9.995230890250755351e+01,2.000207169209331060e+00
2.079000000000000000e+03,9.995228437596001925e+01,2.000207275777610150e+00
2.080000000000000000e+03,9.995225905617611772e+01,2.000207385792542869e+00
2.081000000000000000e+03,9.995223293880908955e+01,2.000207499273018108e+00
2.082000000000000000e+03,9.995220601943512406e+01,2.000207616238260488e+00
2.083000000000000000e+03,9.995217829355227934e+01,2.000207736707833472e+00
2.084000000000000000e+03,9.995214975657950163e+01,2.000207860701645579e+00
2.085000000000000000e+03,9.995212040385547425e+01,2.000207988239952162e+00
2.086000000000000000e+03,9.995209023063758025e+01,2.000208119343364288e+00
2.087000000000000000e+03,9.995205923210073706e+01,2.000208254032849187e+00
2.088000000000000000e+03,9.995202740333630231e+01,2.000208392329739571e+00
2.089000000000000000e+03,9.995199473935088008e+01,2.000208534255734527e+00
2.090000000000000000e+03,9.995196123506516983e+01,2.000208679832907954e+00
2.091000000000000000e+03,9.995192688531268743e+01,2.000208829083711226e+00
2.092000000000000000e+03,9.995189168483861408e+01,2.000208982030981186e+00
2.093000000000000000e+03,9.995185562829846049e+01,2.000209138697943256e+00
2.094000000000000000e+03,9.995181871025683051e+01,2.000209299108218985e+00
2.095000000000000000e+03,9.995178092518611379e+01,2.000209463285830047e+00
2.096000000000000000e+03,9.995174226746506463e+01,2.000209631255205345e+00
2.097000000000000000e+03,9.995170273137757988e+01,2.000209803041185452e+00
2.098000000000000000e+03,9.995166231111113575e+01,2.000209978669031496e+00
2.099000000000000000e+03,9.995162100075550882e+01,2.000210158164427376e+00
2.100000000000000000e+03,9.995157879430125547e+01,2.000210341553489535e+00
2.101000000000000000e+03,9.995153568563820556e+01,2.000210528862772286e+00
2.102000000000000000e+03,9.995149166855401290e+01,2.000210720119273144e+00
2.103000000000000000e+03,9.995144673673257785e+01,2.000210915350441709e+00
2.104000000000000000e+03,9.995140088375246989e+01,2.000211114584184102e+00
2.105000000000000000e+03,9.995135410308535029e+01,2.000211317848872294e+00
2.106000000000000000e+03,9.995130638809425250e+01,2.000211525173349880e+00
2.107000000000000000e+03,9.995125773203200481e+01,2.000211736586940070e+00
2.108000000000000000e+03,9.995120812803946819e+01,2.000211952119451020e+00
2.109000000000000000e+03,9.995115756914378835e+01,2.000212171801187377e+00
2.110000000000000000e+03,9.995110604825663358e+01,2.000212395662954723e+00
2.111000000000000000e+03,9.995105355817234738e+01,2.000212623736068007e+00
2.112000000000000000e+03,9.995100009156614362e+01,2.000212856052361321e+00
2.113000000000000000e+03,9.995094564099214551e+01,2.000213092644193669e+00
2.114000000000000000e+03,9.995089019888149551e+01,2.000213333544459626e+00
2.115000000000000000e+03,9.995083375754036581e+01,2.000213578786596891e+00
2.116000000000000000e+03,9.995077630914791200e+01,2.000213828404594718e+00
2.117000000000000000e+03,9.995071784575428353e+01,2.000214082433003693e+00
2.118000000000000000e+03,9.995065835927843523e+01,2.000214340906944166e+00
2.119000000000000000e+03,9.995059784150603832e+01,2.000214603862116025e+00
2.120000000000000000e+03,9.995053628408724933e+01,2.000214871334808908e+00
2.121000000000000000e+03,9.995047367853452158e+01,2.000215143361909309e+00
2.122000000000000000e+03,9.995041001622023202e+01,2.000215419980914788e+00
2.123000000000000000e+03,9.995034528837440746e+01,2.000215701229939746e+00
2.124000000000000000e+03,9.995027948608232293e+01,2.000215987147729191e+00
2.125000000000000000e+03,9.995021260028208587e+01,2.000216277773666729e+00
2.126000000000000000e+03,9.995014462176204972e+01,2.000216573147787447e+00
2.127000000000000000e+03,9.995007554115839810e+01,2.000216873310788124e+00
2.128000000000000000e+03,9.995000534895244471e+01,2.000217178304038779e+00
2.129000000000000000e+03,9.994993403546803279e+01,2.000217488169592883e+00
2.130000000000000000e+03,9.994986159086876398e+01,2.000217802950202017e+00
2.131000000000000000e+03,9.994978800515532669e+01,2.000218122689324751e+00
2.132000000000000000e+03,9.994971326816251178e+01,2.000218447431141300e+00
2.133000000000000000e+03,9.994963736955645572e+01,2.000218777220564625e+00
2.134000000000000000e+03,9.994956029883159943e+01,2.000219112103254648e+00
2.135000000000000000e+03,9.994948204530768976e+01,2.000219452125630237e+00
2.136000000000000000e+03,9.994940259812668160e+01,2.000219797334882976e+00
2.137000000000000000e+03,9.994932194624956878e+01,2.000220147778991819e+00
2.138000000000000000e+03,9.994924007845317249e+01,2.000220503506735525e+00
2.139000000000000000e+03,9.994915698332680165e+01,2.000220864567708201e+00
2.140000000000000000e+03,9.994907264926895607e+01,2.000221231012333956e+00
2.141000000000000000e+03,9.994898706448375947e+01,2.000221602891881112e+00
2.142000000000000000e+03,9.994890021697750626e+01,2.000221980258477750e+00
2.143000000000000000e+03,9.994881209455503779e+01,2.000222363165129025e+00
2.144000000000000000e+03,9.994872268481607591e+01,2.000222751665730936e+00
2.145000000000000000e+03,9.994863197515135766e+01,2.000223145815087200e+00
2.146000000000000000e+03,9.994853995273889780e+01,2.000223545668927461e+00
2.147000000000000000e+03,9.994844660453995289e+01,2.000223951283923718e+00
2.148000000000000000e+03,9.994835191729501389e+01,2.000224362717706317e+00
2.149000000000000000e+03,9.994825587751968499e+01,2.000224780028884819e+00
2.150000000000000000e+03,9.994815847150042032e+01,2.000225203277063546e+00
2.151000000000000000e+03,9.994805968529023232e+01,2.000225632522862895e+00
2.152000000000000000e+03,9.994795950470431478e+01,2.000226067827936216e+00
2.153000000000000000e+03,9.994785791531538166e+01,2.000226509254991569e+00
2.154000000000000000e+03,9.994775490244920491e+01,2.000226956867810379e+00
2.155000000000000000e+03,9.994765045117972591e+01,2.000227410731268307e+00
2.156000000000000000e+03,9.994754454632432328e+01,2.000227870911357453e+00
2.157000000000000000e+03,9.994743717243878223e+01,2.000228337475205898e+00
2.158000000000000000e+03,9.994732831381222127e+01,2.000228810491102127e+00
2.159000000000000000e+03,9.994721795446191948e+01,2.000229290028515905e+00
2.160000000000000000e+03,9.994710607812798742e+01,2.000229776158121808e+00
2.161000000000000000e+03,9.994699266826791018e+01,2.000230268951823209e+00
2.162000000000000000e+03,9.994687770805093407e+01,2.000230768482777144e+00
2.163000000000000000e+03,9.994676118035242496e+01,2.000231274825417405e+00
2.164000000000000000e+03,9.994664306774799911e+01,2.000231788055481630e+00
2.165000000000000000e+03,9.994652335250746944e+01,2.000232308250036617e+00
2.166000000000000000e+03,9.994640201658879164e+01,2.000232835487504968e+00
2.167000000000000000e+03,9.994627904163175458e+01,2.000233369847692178e+00
2.168000000000000000e+03,9.994615440895154279e+01,2.000233911411815946e+00
2.169000000000000000e+03,9.994602809953211420e+01,2.000234460262533265e+00
2.170000000000000000e+03,9.994590009401949260e+01,2.000235016483970174e+00
2.171000000000000000e+03,9.994577037271483277e+01,2.000235580161752846e+00
2.172000000000000000e+03,9.994563891556731505e+01,2.000236151383037342e+00
2.173000000000000000e+03,9.994550570216692620e+01,2.000236730236541138e+00
2.174000000000000000e+03,9.994537071173694187e+01,2.000237316812575994e+00
2.175000000000000000e+03,9.994523392312638066e+01,2.000237911203081254e+00
2.176000000000000000e+03,9.994509531480207443e+01,2.000238513501658044e+00
2.177000000000000000e+03,9.994495486484080971e+01,2.000239123803602581e+00
2.178000000000000000e+03,9.994481255092092908e+01,2.000239742205943916e+00
2.179000000000000000e+03,9.994466835031404628e+01,2.000240368807479463e+00
2.180000000000000000e+03,9.994452223987636330e+01,2.000241003708813192e+00
2.181000000000000000e+03,9.994437419603977446e+01,2.000241647012392932e+00
2.182000000000000000e+03,9.994422419480284248e+01,2.000242298822551223e+00
2.183000000000000000e+03,9.994407221172144773e+01,2.000242959245545293e+00
2.184000000000000000e+03,9.994391822189923857e+01,2.000243628389598349e+00
2.185000000000000000e+03,9.994376219997785427e+01,2.000244306364943103e+00
2.186000000000000000e+03,9.994360412012682104e+01,2.000244993283864403e+00
2.187000000000000000e+03,9.994344395603329190e+01,2.000245689260744086e+00
2.188000000000000000e+03,9.994328168089143105e+01,2.000246394412108497e+00
2.189000000000000000e+03,9.994311726739155688e+01,2.000247108856674227e+00
2.190000000000000000e+03,9.994295068770901480e+01,2.000247832715396967e+00
2.191000000000000000e+03,9.994278191349269491e+01,2.000248566111521686e+00
2.192000000000000000e+03,9.994261091585336487e+01,2.000249309170632817e+00
2.193000000000000000e+03,9.994243766535151963e+01,2.000250062020708430e+00
2.194000000000000000e+03,9.994226213198510322e+01,2.000250824792170867e+00
2.195000000000000000e+03,9.994208428517671905e+01,2.000251597617946242e+00
2.196000000000000000e+03,9.994190409376065531e+01,2.000252380633517735e+00
2.197000000000000000e+03,9.994172152596944159e+01,2.000253173976985099e+00
2.198000000000000000e+03,9.994153654942007847e+01,2.000253977789124615e+00
2.199000000000000000e+03,9.994134913109992624e+01,2.000254792213450816e+00
2.200000000000000000e+03,9.994115923735219553e+01,2.000255617396279106e+00
2.201000000000000000e+03,9.994096683386098334e+01,2.000256453486791042e+00
2.202000000000000000e+03,9.994077188563595371e+01,2.000257300637100055e+00
2.203000000000000000e+03,9.994057435699660630e+01,2.000258159002322511e+00
2.204000000000000000e+03,9.994037421155603340e+01,2.000259028740644318e+00
2.205000000000000000e+03,9.994017141220429323e+01,2.000259910013397757e+00
2.206000000000000000e+03,9.993996592109132848e+01,2.000260802985132091e+00
2.207000000000000000e+03,9.993975769960925959e+01,2.000261707823692614e+00
2.208000000000000000e+03,9.993954670837439380e+01,2.000262624700297476e+00
2.209000000000000000e+03,9.993933290720852369e+01,2.000263553789621618e+00
2.210000000000000000e+03,9.993911625511981356e+01,2.000264495269876264e+00
2.211000000000000000e+03,9.993889671028303212e+01,2.000265449322898181e+00
2.212000000000000000e+03,9.993867423001934469e+01,2.000266416134235836e+00
2.213000000000000000e+03,9.993844877077535216e+01,2.000267395893240430e+00
2.214000000000000000e+03,9.993822028810158997e+01,2.000268388793161378e+00
2.215000000000000000e+03,9.993798873663044446e+01,2.000269395031239128e+00
2.216000000000000000e+03,9.993775407005328759e+01,2.000270414808808184e+00
2.217000000000000000e+03,9.993751624109694376e+01,2.000271448331396584e+00
2.218000000000000000e+03,9.993727520149955978e+01,2.000272495808832929e+00
2.219000000000000000e+03,9.993703090198549432e+01,2.000273557455354290e+00
2.220000000000000000e+03,9.993678329223968149e+01,2.000274633489718124e+00
2.221000000000000000e+03,9.993653232088097127e+01,2.000275724135319066e+00
2.222000000000000000e+03,9.993627793543471682e+01,2.000276829620306618e+00
2.223000000000000000e+03,9.993602008230448064e+01,2.000277950177709929e+00
2.224000000000000000e+03,9.993575870674270334e+01,2.000279086045563481e+00
2.225000000000000000e+03,9.993549375282056246e+01,2.000280237467040312e+00
2.226000000000000000e+03,9.993522516339660910e+01,2.000281404690587017e+00
2.227000000000000000e+03,9.993495288008446664e+01,2.000282587970064974e+00
2.228000000000000000e+03,9.993467684321930733e+01,2.000283787564895999e+00
2.229000000000000000e+03,9.993439699182317781e+01,2.000285003740212897e+00
2.230000000000000000e+03,9.993411326356897462e+01,2.000286236767016224e+00
2.231000000000000000e+03,9.993382559474314064e+01,2.000287486922337710e+00
2.232000000000000000e+03,9.993353392020689796e+01,2.000288754489407239e+00
2.233000000000000000e+03,9.993323817335593162e+01,2.000290039757829597e+00
2.234000000000000000e+03,9.993293828607843921e+01,2.000291343023766100e+00
2.235000000000000000e+03,9.993263418871148929e+01,2.000292664590124669e+00
2.236000000000000000e+03,9.993232580999546144e+01,2.000294004766759226e+00
2.237000000000000000e+03,9.993201307702645408e+01,2.000295363870674414e+00
2.238000000000000000e+03,9.993169591520663175e+01,2.000296742226244096e+00
2.239000000000000000e+03,9.993137424819214232e+01,2.000298140165436056e+00
2.240000000000000000e+03,9.993104799783856151e+01,2.000299558028050484e+00
2.241000000000000000e+03,9.993071708414358056e+01,2.000300996161969103e+00
2.242000000000000000e+03,9.993038142518679479e+01,2.000302454923417184e+00
2.243000000000000000e+03,9.993004093706620949e+01,2.000303934677239326e+00
2.244000000000000000e+03,9.992969553383123582e+01,2.000305435797190778e+00
2.245000000000000000e+03,9.992934512741189224e+01,2.000306958666247414e+00
2.246000000000000000e+03,9.992898962754381387e+01,2.000308503676929472e+00
2.247000000000000000e+03,9.992862894168857224e+01,2.000310071231648834e+00
2.248000000000000000e+03,9.992826297494913490e+01,2.000311661743079394e+00
2.249000000000000000e+03,9.992789162997959806e+01,2.000313275634545196e+00
2.250000000000000000e+03,9.992751480688896493e+01,2.000314913340442757e+00
2.251000000000000000e+03,9.992713240313814538e+01,2.000316575306688271e+00
2.252000000000000000e+03,9.992674431342958030e+01,2.000318261991196778e+00
2.253000000000000000e+03,9.992635042958870883e+01,2.000319973864398637e+00
2.254000000000000000e+03,9.992595064043639752e+01,2.000321711409794645e+00
2.255000000000000000e+03,9.992554483165146451e+01,2.000323475124552886e+00
2.256000000000000000e+03,9.992513288562213347e+01,2.000325265520156215e+00
2.257000000000000000e+03,9.992471468128533729e+01,2.000327083123101701e+00
2.258000000000000000e+03,9.992429009395254980e+01,2.000328928475656021e+00
2.259000000000000000e+03,9.992385899512069614e+01,2.000330802136679686e+00
2.260000000000000000e+03,9.992342125226655014e+01,2.000332704682521889e+00
2.261000000000000000e+03,9.992297672862295599e+01,2.000334636707991720e+00
2.262000000000000000e+03,9.992252528293464309e+01,2.000336598827422652e+00
2.263000000000000000e+03,9.992206676919192887e+01,2.000338591675828503e+00
2.264000000000000000e+03,9.992160103633949575e+01,2.000340615910171760e+00
2.265000000000000000e+03,9.992112792795786902e+01,2.000342672210749573e+00
2.266000000000000000e+03,9.992064728191472511e+01,2.000344761282707218e+00
2.267000000000000000e+03,9.992015892998271909e+01,2.000346883857703872e+00
2.268000000000000000e+03,9.991966269742042073e+01,2.000349040695733382e+00
2.269000000000000000e+03,9.991915840251262182e+01,2.000351232587123551e+00
2.270000000000000000e+03,9.991864585606563764e+01,2.000353460354732160e+00
2.271000000000000000e+03,9.991812486085322575e+01,2.000355724856355710e+00
2.272000000000000000e+03,9.991759521100790664e+01,2.000358026987376636e+00
2.273000000000000000e+03,9.991705669135239987e+01,2.000360367683672980e+00
2.274000000000000000e+03,9.991650907666502235e+01,2.000362747924810503e+00
2.275000000000000000e+03,9.991595213087271077e+01,2.000365168737553656e+00
2.276000000000000000e+03,9.991538560616447739e+01,2.000367631199722496e+00
2.277000000000000000e+03,9.991480924201769653e+01,2.000370136444424851e+00
2.278000000000000000e+03,9.991422276412882297e+01,2.000372685664709493e+00
2.279000000000000000e+03,9.991362588323960381e+01,2.000375280118668719e+00
2.280000000000000000e+03,9.991301829384903499e+01,2.000377921135042314e+00
2.281000000000000000e+03,9.991239967280046130e+01,2.000380610119361968e+00
2.282000000000000000e+03,9.991176967773250794e+01,2.000383348560687669e+00
2.283000000000000000e+03,9.991112794538187813e+01,2.000386138038991568e+00
2.284000000000000000e+03,9.991047408972448807e+01,2.000388980233239522e+00
2.285000000000000000e+03,9.990980769994128252e+01,2.000391876930241786e+00
2.286000000000000000e+03,9.990912833819363925e+01,2.000394830034327498e+00
2.287000000000000000e+03,9.990843553719210490e+01,2.000397841577919777e+00
2.288000000000000000e+03,9.990772879754160840e+01,2.000400913733081598e+00
2.289000000000000000e+03,9.990700758484481980e+01,2.000404048824118153e+00
2.290000000000000000e+03,9.990627132654439890e+01,2.000407249341309868e+00
2.291000000000000000e+03,9.990551940848352785e+01,2.000410517955874212e+00
2.292000000000000000e+03,9.990475117116324100e+01,2.000413857536247342e+00
2.293000000000000000e+03,9.990396590567360136e+01,2.000417271165782385e+00
2.294000000000000000e+03,9.990316284927463641e+01,2.000420762161973620e+00
2.295000000000000000e+03,9.990234118060192259e+01,2.000424334097314016e+00
2.296000000000000000e+03,9.990150001447028671e+01,2.000427990821900703e+00
2.297000000000000000e+03,9.990063839624804132e+01,2.000431736487912282e+00
2.298000000000000000e+03,9.989975529577291979e+01,2.000435575576076541e+00
2.299000000000000000e+03,9.989884960078005349e+01,2.000439512924266694e+00
2.300000000000000000e+03,9.989792010981085468e+01,2.000443553758354920e+00
2.301000000000000000e+03,9.989696552457104417e+01,2.000447703725466209e+00
2.302000000000000000e+03,9.989598444170502489e+01,2.000451968929769730e+00
2.303000000000000000e+03,9.989497534395316336e+01,2.000456355970963163e+00
2.304000000000000000e+03,9.989393659065748921e+01,2.000460871985590749e+00
2.305000000000000000e+03,9.989286640758140834e+01,2.000465524691350971e+00
2.306000000000000000e+03,9.989176287600815840e+01,2.000470322434547032e+00
2.307000000000000000e+03,9.989062392108286303e+01,2.000475274240830714e+00
2.308000000000000000e+03,9.988944729936299893e+01,2.000480389869403020e+00
2.309000000000000000e+03,9.988823058554238798e+01,2.000485679870807942e+00
2.310000000000000000e+03,9.988697115831456586e+01,2.000491155648488562e+00
2.311000000000000000e+03,9.988566618534184727e+01,2.000496829524236908e+00
2.312000000000000000e+03,9.988431260729817041e+01,2.000502714807688598e+00
2.313000000000000000e+03,9.988290712095476920e+01,2.000508825869995899e+00
2.314000000000000000e+03,9.988144616128015230e+01,2.000515178221800028e+00
2.315000000000000000e+03,9.987992588252781445e+01,2.000521788595631012e+00
2.316000000000000000e+03,9.987834213828824659e+01,2.000528675032831494e+00
2.317000000000000000e+03,9.987669046048472410e+01,2.000535856975099946e+00
2.318000000000000000e+03,9.987496603729661615e+01,2.000543355360727471e+00
2.319000000000000000e+03,9.987316368999769622e+01,2.000551192725587679e+00
2.320000000000000000e+03,9.987127784870226321e+01,2.000559393308913858e+00
2.321000000000000000e+03,9.986930252701726829e+01,2.000567983163876740e+00
2.322000000000000000e+03,9.986723129560438394e+01,2.000576990272953548e+00
2.323000000000000000e+03,9.986505725466328443e+01,2.000586444668044361e+00
2.324000000000000000e+03,9.986277300535408585e+01,2.000596378555265176e+00
2.325000000000000000e+03,9.986037062018553456e+01,2.000606826444310204e+00
2.326000000000000000e+03,9.985784161240378864e+01,2.000617825282243523e+00
2.327000000000000000e+03,9.985517690442635796e+01,2.000629414591534871e+00
2.328000000000000000e+03,9.985236679537555915e+01,2.000641636612113583e+00
2.329000000000000000e+03,9.984940092777688392e+01,2.000654536447171949e+00
2.330000000000000000e+03,9.984626825349896251e+01,2.000668162212399626e+00
2.331000000000000000e+03,9.984295699902376953e+01,2.000682565188274253e+00
2.332000000000000000e+03,9.983945463014865140e+01,2.000697799974991753e+00
2.333000000000000000e+03,9.983574781623494232e+01,2.000713924649549558e+00
2.334000000000000000e+03,9.983182239413170578e+01,2.000731000924449887e+00
2.335000000000000000e+03,9.982766333191746355e+01,2.000749094307423981e+00
2.336000000000000000e+03,9.982325469261789408e+01,2.000768274261513380e+00
2.337000000000000000e+03,9.981857959807193481e+01,2.000788614364791496e+00
2.338000000000000000e+03,9.981362019313490919e+01,2.000810192468928772e+00
2.339000000000000000e+03,9.980835761042227716e+01,2.000833090855752783e+00
2.340000000000000000e+03,9.980277193581370909e+01,2.000857396390883558e+00
2.341000000000000000e+03,9.979684217495274368e+01,2.000883200673453377e+00
2.342000000000000000e+03,9.979054622099272365e+01,2.000910600180867860e+00
2.343000000000000000e+03,9.978386082385502220e+01,2.000939696407486146e+00
2.344000000000000000e+03,9.977676156128060825e+01,2.000970595996053536e+00
2.345000000000000000e+03,9.976922281196979725e+01,2.001003410860636933e+00
2.346000000000000000e+03,9.976121773111896118e+01,2.001038258299785877e+00
2.347000000000000000e+03,9.975271822867539129e+01,2.001075261098558933e+00
2.348000000000000000e+03,9.974369495064287605e+01,2.001114547618034756e+00
2.349000000000000000e+03,9.973411726378098763e+01,2.001156251870859215e+00
2.350000000000000000e+03,9.972395324404948269e+01,2.001200513581362195e+00
2.351000000000000000e+03,9.971316966915672708e+01,2.001247478228738608e+00
2.352000000000000000e+03,9.970173201557540210e+01,2.001297297071761516e+00
2.353000000000000000e+03,9.968960446039272938e+01,2.001350127153493474e+00
2.354000000000000000e+03,9.967674988836223804e+01,2.001406131284441337e+00
2.355000000000000000e+03,9.966312990452310316e+01,2.001465478002622422e+00
2.356000000000000000e+03,9.964870485274805390e+01,2.001528341509003273e+00
2.357000000000000000e+03,9.963343384057353092e+01,2.001594901576824181e+00
2.358000000000000000e+03,9.961727477065542757e+01,2.001665343433341793e+00
2.359000000000000000e+03,9.960018437917980805e+01,2.001739857612583773e+00
2.360000000000000000e+03,9.958211828154054501e+01,2.001818639777775743e+00
2.361000000000000000e+03,9.956303102557534146e+01,2.001901890512173487e+00
2.362000000000000000e+03,9.954287615262656175e+01,2.001989815077135582e+00
2.363000000000000000e+03,9.952160626666506005e+01,2.002082623136379969e+00
2.364000000000000000e+03,9.949917311168272249e+01,2.002180528445486107e+00
2.365000000000000000e+03,9.947552765752281800e+01,2.002283748505849115e+00
2.366000000000000000e+03,9.945062019427692235e+01,2.002392504182458399e+00
2.367000000000000000e+03,9.942440043533251526e+01,2.002507019285022061e+00
2.368000000000000000e+03,9.939681762910647933e+01,2.002627520112175485e+00
2.369000000000000000e+03,9.936782067944758978e+01,2.002754234958693313e+00
2.370000000000000000e+03,9.933735827463398493e+01,2.002887393585854880e+00
2.371000000000000000e+03,9.930537902483165169e+01,2.003027226655347715e+00
2.372000000000000000e+03,9.927183160781613935e+01,2.003173965127341916e+00
2.373000000000000000e+03,9.923666492269232720e+01,2.003327839623626261e+00
2.374000000000000000e+03,9.919982825127677017e+01,2.003489079756984204e+00
2.375000000000000000e+03,9.916127142673457229e+01,2.003657913428268156e+00
2.376000000000000000e+03,9.912094500898662375e+01,2.003834566092931091e+00
2.377000000000000000e+03,9.907880046632648430e+01,2.004019259999087144e+00
2.378000000000000000e+03,9.903479036260662838e+01,2.004212213399486853e+00
2.379000000000000000e+03,9.898886854927476975e+01,2.004413639740118214e+00
2.380000000000000000e+03,9.894099036146035075e+01,2.004623746828471109e+00
2.381000000000000000e+03,9.889111281723197067e+01,2.004842735984833091e+00
2.382000000000000000e+03,9.883919481906768567e+01,2.005070801180320217e+00
2.383000000000000000e+03,9.878519735650340294e+01,2.005308128165657067e+00
2.384000000000000000e+03,9.872908370885070894e+01,2.005554893595065113e+00
2.385000000000000000e+03,9.867081964680504313e+01,2.005811264149906847e+00
2.386000000000000000e+03,9.861037363169955938e+01,2.006077395667043461e+00
2.387000000000000000e+03,9.854771701110064441e+01,2.006353432277137916e+00
2.388000000000000000e+03,9.848282420938843984e+01,2.006639505558399872e+00
2.389000000000000000e+03,9.841567291192183120e+01,2.006935733711478154e+00
2.390000000000000000e+03,9.834624424135392928e+01,2.007242220761423557e+00
2.391000000000000000e+03,9.827452292464180061e+01,2.007559055792771829e+00
2.392000000000000000e+03,9.820049744928653013e+01,2.007886312223916114e+00
2.393000000000000000e+03,9.812416020734728761e+01,2.008224047126953238e+00
2.394000000000000000e+03,9.804550762579940226e+01,2.008572300599178018e+00
2.395000000000000000e+03,9.796454028185382867e+01,2.008931095192264760e+00
2.396000000000000000e+03,9.788126300192730866e+01,2.009300435404956175e+00
2.397000000000000000e+03,9.779568494305213733e+01,2.009680307244755326e+00
2.398000000000000000e+03,9.770781965564677307e+01,2.010070677863620148e+00
2.399000000000000000e+03,9.761768512673715747e+01,2.010471495272043718e+00
2.400000000000000000e+03,9.752530380293083567e+01,2.010882688135053886e+00
2.401000000000000000e+03,9.743070259270682243e+01,2.011304165652632037e+00
2.402000000000000000e+03,9.733391284790174325e+01,2.011735817525730496e+00
2.403000000000000000e+03,9.723497032465593293e+01,2.012177514007454704e+00
2.404000000000000000e+03,9.713391512454178667e+01,2.012629106037014726e+00
2.405000000000000000e+03,9.703079161714177303e+01,2.013090425451660170e+00
2.406000000000000000e+03,9.692564834598884715e+01,2.013561285268974377e+00
2.407000000000000000e+03,9.681853792054138808e+01,2.014041480028483821e+00
2.408000000000000000e+03,9.670951689775553461e+01,2.014530786177509913e+00
2.409000000000000000e+03,9.659864565785682089e+01,2.015028962481428376e+00
2.410000000000000000e+03,9.648598828011989781e+01,2.015535750432918327e+00
2.411000000000000000e+03,9.637161242586032017e+01,2.016050874628279921e+00
2.412000000000000000e+03,9.625558923744479500e+01,2.016574043071365896e+00
2.413000000000000000e+03,9.613799326395512423e+01,2.017104947357014400e+00
2.414000000000000000e+03,9.601890242621054483e+01,2.017643262676003246e+00
2.415000000000000000e+03,9.589839803617266512e+01,2.018188647572416450e+00
2.416000000000000000e+03,9.577656488832323589e+01,2.018740743371912671e+00
2.417000000000000000e+03,9.565349144340041221e+01,2.019299173185782337e+00
2.418000000000000000e+03,9.552927012786062733e+01,2.019863540381048761e+00
2.419000000000000000e+03,9.540399777552541138e+01,2.020433426391572862e+00
2.420000000000000000e+03,9.527777624095269005e+01,2.021008387729661848e+00
2.421000000000000000e+03,9.515071321695609186e+01,2.021587952042987357e+00
2.422000000000000000e+03,9.502292329111833169e+01,2.022171613048859840e+00
2.423000000000000000e+03,9.489452927773879765e+01,2.022758824168859881e+00
2.424000000000000000e+03,9.476566386192855873e+01,2.023348990683829562e+00
2.425000000000000000e+03,9.463647159087675220e+01,2.023941460235346490e+00
2.426000000000000000e+03,9.450711124285487585e+01,2.024535511518935849e+00
2.427000000000000000e+03,9.437775859631553033e+01,2.025130341051248450e+00
2.428000000000000000e+03,9.424860960833612467e+01,2.025725047953801372e+00
2.429000000000000000e+03,9.411988399238465774e+01,2.026318616786053184e+00
2.430000000000000000e+03,9.399182915864506072e+01,2.026909898586990444e+00
2.431000000000000000e+03,9.386472444475002419e+01,2.027497590453291476e+00
2.432000000000000000e+03,9.373888551990899032e+01,2.028080214197832909e+00
2.433000000000000000e+03,9.361466879095549132e+01,2.028656094896201356e+00
2.434000000000000000e+03,9.349247557576946122e+01,2.029223340436774325e+00
2.435000000000000000e+03,9.337275574049330373e+01,2.029779823529775928e+00
2.436000000000000000e+03,9.325601042676933616e+01,2.030323167979755539e+00
2.437000000000000000e+03,9.314279343131821065e+01,2.030850741348371624e+00
2.438000000000000000e+03,9.303371075281573610e+01,2.031359656380088197e+00
2.439000000000000000e+03,9.292941780302012944e+01,2.031846783669224443e+00
2.440000000000000000e+03,9.283061380483570701e+01,2.032308777940829092e+00
2.441000000000000000e+03,9.273803298353392677e+01,2.032742119928856006e+00
2.442000000000000000e+03,9.265243230958311926e+01,2.033143175106393752e+00
2.443000000000000000e+03,9.257457577658560410e+01,2.033508269430397863e+00
2.444000000000000000e+03,9.250521548926914761e+01,2.033833780835494043e+00
2.445000000000000000e+03,9.244507017438758112e+01,2.034116243543702129e+00
2.446000000000000000e+03,9.239480207733771522e+01,2.034352460518284111e+00
2.447000000000000000e+03,9.235499352263744299e+01,2.034539617812291645e+00
2.448000000000000000e+03,9.232612464428449073e+01,2.034675393410728450e+00
2.449000000000000000e+03,9.230855388287501739e+01,2.034758052690197161e+00
2.450000000000000000e+03,9.230250276517116959e+01,2.034786523000446046e+00
2.451000000000000000e+03,9.230804621822478850e+01,2.034760441163997680e+00
2.452000000000000000e+03,9.232510924447686307e+01,2.034680169794011562e+00
2.453000000000000000e+03,9.235347024663002458e+01,2.034546780996381088e+00
2.454000000000000000e+03,9.239277071349664539e+01,2.034362008888812134e+00
2.455000000000000000e+03,9.244253044040317491e+01,2.034128175035606834e+00
2.456000000000000000e+03,9.250216703204333157e+01,2.033848093001133783e+00
2.457000000000000000e+03,9.257101817209098726e+01,2.033524959517026609e+00
2.458000000000000000e+03,9.264836506269367078e+01,2.033162240139096966e+00
2.459000000000000000e+03,9.273345552782704715e+01,2.032763556795201598e+00
2.460000000000000000e+03,9.282552550236560762e+01,2.032332583473938303e+00
2.461000000000000000e+03,9.292381794406223605e+01,2.031872954726572811e+00
2.462000000000000000e+03,9.302759855558203128e+01,2.031388189916068399e+00
2.463000000000000000e+03,9.313616804164318808e+01,2.030881634479348552e+00
2.464000000000000000e+03,9.324887091776631109e+01,2.030356418041015854e+00
2.465000000000000000e+03,9.336510111218085228e+01,2.029815428124313037e+00
2.466000000000000000e+03,9.348430475466766154e+01,2.029261297476286252e+00
2.467000000000000000e+03,9.360598062965159727e+01,2.028696402634974305e+00
2.468000000000000000e+03,9.372967879659222490e+01,2.028122871260372495e+00
2.469000000000000000e+03,9.385499786271505229e+01,2.027542595856639096e+00
2.470000000000000000e+03,9.398158134576381428e+01,2.026957251758679579e+00
2.471000000000000000e+03,9.410911350054594493e+01,2.026368317578601808e+00
2.472000000000000000e+03,9.423731491285271034e+01,2.025777096656552700e+00
2.473000000000000000e+03,9.436593809529804844e+01,2.025184738400266138e+00
2.474000000000000000e+03,9.449476325655209052e+01,2.024592258705552705e+00
2.475000000000000000e+03,9.462359436098171273e+01,2.024000558913835235e+00
2.476000000000000000e+03,9.475225555084981011e+01,2.023410442978587742e+00
2.477000000000000000e+03,9.488058796783637661e+01,2.022822632681375854e+00
2.478000000000000000e+03,9.500844698390348242e+01,2.022237780864676981e+00
2.479000000000000000e+03,9.513569983225443139e+01,2.021656482738791283e+00
2.480000000000000000e+03,9.526222361602974331e+01,2.021079285380582569e+00
2.481000000000000000e+03,9.538790366417397593e+01,2.020506695578733414e+00
2.482000000000000000e+03,9.551263219944910077e+01,2.019939186199371406e+00
2.483000000000000000e+03,9.563630728188121566e+01,2.019377201252032794e+00
2.484000000000000000e+03,9.575883199120053746e+01,2.018821159832953516e+00
2.485000000000000000e+03,9.588011381342839456e+01,2.018271459113617716e+00
2.486000000000000000e+03,9.600006419918783251e+01,2.017728476529768056e+00
2.487000000000000000e+03,9.611859826419807007e+01,2.017192571311362315e+00
2.488000000000000000e+03,9.623563460549360116e+01,2.016664085478524271e+00
2.489000000000000000e+03,9.635109521000067900e+01,2.016143344413234839e+00
2.490000000000000000e+03,9.646490543508544135e+01,2.015630657101878498e+00
2.491000000000000000e+03,9.657699404348345240e+01,2.015126316130165574e+00
2.492000000000000000e+03,9.668729327758650527e+01,2.014630597499537767e+00
2.493000000000000000e+03,9.679573896038165515e+01,2.014143760323054977e+00
2.494000000000000000e+03,9.690227061240747730e+01,2.013666046448866265e+00
2.495000000000000000e+03,9.700683157592091277e+01,2.013197680050743177e+00
2.496000000000000000e+03,9.710936913907076473e+01,2.012738867217588989e+00
2.497000000000000000e+03,9.720983465426897396e+01,2.012289795567355544e+00
2.498000000000000000e+03,9.730818364615755911e+01,2.011850633905204688e+00
2.499000000000000000e+03,9.740437590560861736e+01,2.011421531940995155e+00
2.500000000000000000e+03,9.749837556708480690e+01,2.011002620077138481e+00
2.501000000000000000e+03,9.759015116744774332e+01,2.010594009274459637e+00
2.502000000000000000e+03,9.767967568494673003e+01,2.010195791000846555e+00
2.503000000000000000e+03,9.776692655766544249e+01,2.009808037265090608e+00
2.504000000000000000e+03,9.785188568116291208e+01,2.009430800736355049e+00
2.505000000000000000e+03,9.793453938542801041e+01,2.009064114948088786e+00
2.506000000000000000e+03,9.801487839158437509e+01,2.008707994583903478e+00
2.507000000000000000e+03,9.809289774904398485e+01,2.008362435841860361e+00
2.508000000000000000e+03,9.816859675401880736e+01,2.008027416872809390e+00
2.509000000000000000e+03,9.824197885046967826e+01,2.007702898287759830e+00
2.510000000000000000e+03,9.831305151470301951e+01,2.007388823728807115e+00
2.511000000000000000e+03,9.838182612492623491e+01,2.007085120497786423e+00
2.512000000000000000e+03,9.844831781714412955e+01,2.006791700236613352e+00
2.513000000000000000e+03,9.851254532882623494e+01,2.006508459653148169e+00
2.514000000000000000e+03,9.857453083180109843e+01,2.006235281286387728e+00
2.515000000000000000e+03,9.863429975584153908e+01,2.005972034304825513e+00
2.516000000000000000e+03,9.869188060439661569e+01,2.005718575331921549e+00
2.517000000000000000e+03,9.874730476390442391e+01,2.005474749292772252e+00
2.518000000000000000e+03,9.880060630808576150e+01,2.005240390276258111e+00
2.519000000000000000e+03,9.885182179857514484e+01,2.005015322407187384e+00
2.520000000000000000e+03,9.890099008319307927e+01,2.004799360723193757e+00
2.521000000000000000e+03,9.894815209310384319e+01,2.004592312051439507e+00
2.522000000000000000e+03,9.899335064003756202e+01,2.004393975880464751e+00
2.523000000000000000e+03,9.903663021468484828e+01,2.004204145222838296e+00
2.524000000000000000e+03,9.907803678729864316e+01,2.004022607464583050e+00
2.525000000000000000e+03,9.911761761146043170e+01,2.003849145197679871e+00
2.526000000000000000e+03,9.915542103189008571e+01,2.003683537032284079e+00
2.527000000000000000e+03,9.919149629709828275e+01,2.003525558385609084e+00
2.528000000000000000e+03,9.922589337760039996e+01,2.003374982244780167e+00
2.529000000000000000e+03,9.925866279033141382e+01,2.003231579901258996e+00
2.530000000000000000e+03,9.928985542982168511e+01,2.003095121654785871e+00
2.531000000000000000e+03,9.931952240661686915e+01,2.002965377485068643e+00
2.532000000000000000e+03,9.934771489334912076e+01,2.002842117689769275e+00
2.533000000000000000e+03,9.937448397879371953e+01,2.002725113487616948e+00
2.534000000000000000e+03,9.939988053017501102e+01,2.002614137585754239e+00
2.535000000000000000e+03,9.942395506391792992e+01,2.002508964710693284e+00
2.536000000000000000e+03,9.944675762497742255e+01,2.002409372102501806e+00
2.537000000000000000e+03,9.946833767481739130e+01,2.002315139972081326e+00
2.538000000000000000e+03,9.948874398805435249e+01,2.002226051921615291e+00
2.539000000000000000e+03,9.950802455772740984e+01,2.002141895328477084e+00
2.540000000000000000e+03,9.952622650910765856e+01,2.002062461693070006e+00
2.541000000000000000e+03,9.954339602191500092e+01,2.001987546951253805e+00
2.542000000000000000e+03,9.955957826076884487e+01,2.001916951752162888e+00
2.543000000000000000e+03,9.957481731366290489e+01,2.001850481702374118e+00
2.544000000000000000e+03,9.958915613822058788e+01,2.001787947577500226e+00
2.545000000000000000e+03,9.960263651545859886e+01,2.001729165502401653e+00
2.546000000000000000e+03,9.961529901076070814e+01,2.001673957101313572e+00
2.547000000000000000e+03,9.962718294174203493e+01,2.001622149619254110e+00
2.548000000000000000e+03,9.963832635266575721e+01,2.001573576016165923e+00
2.549000000000000000e+03,9.964876599505902277e+01,2.001528075035293064e+00
2.550000000000000000e+03,9.965853731416339656e+01,2.001485491247334547e+00
2.551000000000000000e+03,9.966767444084570116e+01,2.001445675071966246e+00
2.552000000000000000e+03,9.967621018858939408e+01,2.001408482778325837e+00
2.553000000000000000e+03,9.968417605518284574e+01,2.001373776466082610e+00
2.554000000000000000e+03,9.969160222871933286e+01,2.001341424028712179e+00
2.555000000000000000e+03,9.969851759752468467e+01,2.001311299100593466e+00
2.556000000000000000e+03,9.970494976363075068e+01,2.001283280989529789e+00
2.557000000000000000e+03,9.971092505941729200e+01,2.001257254596285673e+00
2.558000000000000000e+03,9.971646856705061168e+01,2.001233110322699460e+00
2.559000000000000000e+03,9.972160414035357689e+01,2.001210743969905170e+00
2.560000000000000000e+03,9.972635442875032652e+01,2.001190056628171288e+00
2.561000000000000000e+03,9.973074090293656013e+01,2.001170954559816639e+00
2.562000000000000000e+03,9.973478388193609590e+01,2.001153349076642662e+00
2.563000000000000000e+03,9.973850256121366442e+01,2.001137156413262286e+00
2.564000000000000000e+03,9.974191504152358334e+01,2.001122297597683453e+00
2.565000000000000000e+03,9.974503835818359221e+01,2.001108698320460899e+00
2.566000000000000000e+03,9.974788851047307503e+01,2.001096288803678291e+00
2.567000000000000000e+03,9.975048049086392155e+01,2.001085003671006390e+00
2.568000000000000000e+03,9.975282831380133075e+01,2.001074781820026960e+00
2.569000000000000000e+03,9.975494504376057137e+01,2.001065566297989484e+00
2.570000000000000000e+03,9.975684282231343047e+01,2.001057304182129570e+00
2.571000000000000000e+03,9.975853289394538592e+01,2.001049946465651264e+00
2.572000000000000000e+03,9.976002563037140192e+01,2.001043447950449750e+00
2.573000000000000000e+03,9.976133055310369002e+01,2.001037767147624269e+00
2.574000000000000000e+03,9.976245635403051892e+01,2.001032866186813308e+00
2.575000000000000000e+03,9.976341091376899328e+01,2.001028710735365035e+00
2.576000000000000000e+03,9.976420131755914156e+01,2.001025269928343953e+00
2.577000000000000000e+03,9.976483386846911117e+01,2.001022516310360544e+00
2.578000000000000000e+03,9.976531409768460890e+01,2.001020425790201340e+00
2.579000000000000000e+03,9.976564677165721662e+01,2.001018977609227978e+00
2.580000000000000000e+03,9.976583589588877032e+01,2.001018154324510689e+00
2.581000000000000000e+03,9.976588471513007050e+01,2.001017941807653244e+00
2.582000000000000000e+03,9.976579570977453670e+01,2.001018329260259243e+00
2.583000000000000000e+03,9.976557058822901070e+01,2.001019309246983013e+00
2.584000000000000000e+03,9.976521027504675487e+01,2.001020877747102578e+00
2.585000000000000000e+03,9.976471489461054887e+01,2.001023034225532626e+00
2.586000000000000000e+03,9.976408375015842012e+01,2.001025781724186547e+00
2.587000000000000000e+03,9.976331529794966002e+01,2.001029126974567696e+00
2.588000000000000000e+03,9.976240711637635172e+01,2.001033080532445663e+00
2.589000000000000000e+03,9.976135586983451731e+01,2.001037656935430675e+00
2.590000000000000000e+03,9.976015726718041776e+01,2.001042874884217060e+00
2.591000000000000000e+03,9.975880601461214781e+01,2.001048757448204096e+00
2.592000000000000000e+03,9.975729576283319489e+01,2.001055332296129308e+00
2.593000000000000000e+03,9.975561904837620375e+01,2.001062631952265303e+00
2.594000000000000000e+03,9.975376722898886328e+01,2.001070694078628698e+00
2.595000000000000000e+03,9.975173041301349031e+01,2.001079561783521310e+00
2.596000000000000000e+03,9.974949738272444222e+01,2.001089283956595022e+00
2.597000000000000000e+03,9.974705551162668371e+01,2.001099915630455417e+00
2.598000000000000000e+03,9.974439067576147977e+01,2.001111518368654085e+00
2.599000000000000000e+03,9.974148715911532292e+01,2.001124160679692121e+00
2.600000000000000000e+03,9.973832755328238875e+01,2.001137918456440623e+00
2.601000000000000000e+03,9.973489265159230399e+01,2.001152875440125101e+00
2.602000000000000000e+03,9.973116133798178851e+01,2.001169123707728481e+00
2.603000000000000000e+03,9.972711047096224490e+01,2.001186764181375199e+00
2.604000000000000000e+03,9.972271476311478011e+01,2.001205907157913799e+00
2.605000000000000000e+03,9.971794665662973500e+01,2.001226672856555311e+00
2.606000000000000000e+03,9.971277619549908877e+01,2.001249191982057418e+00
2.607000000000000000e+03,9.970717089506707964e+01,2.001273606300516317e+00
2.608000000000000000e+03,9.970109560974648844e+01,2.001300069224424050e+00
2.609000000000000000e+03,9.969451239981427193e+01,2.001328746403188141e+00
2.610000000000000000e+03,9.968738039831056597e+01,2.001359816314861817e+00
2.611000000000000000e+03,9.967965567917832459e+01,2.001393470854359258e+00
2.612000000000000000e+03,9.967129112789540102e+01,2.001429915912946278e+00
2.613000000000000000e+03,9.966223631596714938e+01,2.001469371943331854e+00
2.614000000000000000e+03,9.965243738076225100e+01,2.001512074504186778e+00
2.615000000000000000e+03,9.964183691228714679e+01,2.001558274777476054e+00
2.616000000000000000e+03,9.963037384860420786e+01,2.001608240051507170e+00
2.617000000000000000e+03,9.961798338170163447e+01,2.001662254162195342e+00
2.618000000000000000e+03,9.960459687571928100e+01,2.001720617884634290e+00
2.619000000000000000e+03,9.959014179952102097e+01,2.001783649266699161e+00
2.620000000000000000e+03,9.957454167567884440e+01,2.001851683896105349e+00
2.621000000000000000e+03,9.955771604799443253e+01,2.001925075092075623e+00
2.622000000000000000e+03,9.953958046972795159e+01,2.002004194012591221e+00
2.623000000000000000e+03,9.952004651472960006e+01,2.002089429668071130e+00
2.624000000000000000e+03,9.949902181367311016e+01,2.002181188832287351e+00
2.625000000000000000e+03,9.947641011757143303e+01,2.002279895841392765e+00
2.626000000000000000e+03,9.945211139070919160e+01,2.002385992272070592e+00
2.627000000000000000e+03,9.942602193505283026e+01,2.002499936490099497e+00
2.628000000000000000e+03,9.939803454809589311e+01,2.002622203060992145e+00
2.629000000000000000e+03,9.936803871596018212e+01,2.002753282014875680e+00
2.630000000000000000e+03,9.933592084340349970e+01,2.002893677958411445e+00
2.631000000000000000e+03,9.930156452217894980e+01,2.003043909027312441e+00
2.632000000000000000e+03,9.926485083894839079e+01,2.003204505673930935e+00
2.633000000000000000e+03,9.922565872367275119e+01,2.003376009285434023e+00
2.634000000000000000e+03,9.918386533908422109e+01,2.003558970629261360e+00
2.635000000000000000e+03,9.913934651149023125e+01,2.003753948123919493e+00
2.636000000000000000e+03,9.909197720276620203e+01,2.003961505934628295e+00
2.637000000000000000e+03,9.904163202296609825e+01,2.004182211894950605e+00
2.638000000000000000e+03,9.898818578251655254e+01,2.004416635257316059e+00
2.639000000000000000e+03,9.893151408246623646e+01,2.004665344277200223e+00
2.640000000000000000e+03,9.887149394073816211e+01,2.004928903637758442e+00
2.641000000000000000e+03,9.880800445178482505e+01,2.005207871723812652e+00
2.642000000000000000e+03,9.874092747647641488e+01,2.005502797756308908e+00
2.643000000000000000e+03,9.867014835846853771e+01,2.005814218800664683e+00
2.644000000000000000e+03,9.859555666270225061e+01,2.006142656664788859e+00
2.645000000000000000e+03,9.851704693109395805e+01,2.006488614704960316e+00
2.646000000000000000e+03,9.843451944988275670e+01,2.006852574560184621e+00
2.647000000000000000e+03,9.834788102252845476e+01,2.007234992838055287e+00
2.648000000000000000e+03,9.825704574150245207e+01,2.007636297777539713e+00
2.649000000000000000e+03,9.816193575180038522e+01,2.008056885916381873e+00
2.650000000000000000e+03,9.806248199853904168e+01,2.008497118792999636e+00
2.651000000000000000e+03,9.795862495059722619e+01,2.008957319714731238e+00
2.652000000000000000e+03,9.785031529193554434e+01,2.009437770626039566e+00
2.653000000000000000e+03,9.773751457200215498e+01,2.009938709111704025e+00
2.654000000000000000e+03,9.762019580652079753e+01,2.010460325571054252e+00
2.655000000000000000e+03,9.749834401998768385e+01,2.011002760599811978e+00
2.656000000000000000e+03,9.737195672140373404e+01,2.011566102615964802e+00
2.657000000000000000e+03,9.724104430516874231e+01,2.012150385765179905e+00
2.658000000000000000e+03,9.710563036970604855e+01,2.012755588139335750e+00
2.659000000000000000e+03,9.696575194731215674e+01,2.013381630338624717e+00
2.660000000000000000e+03,9.682145963999444405e+01,2.014028374403073585e+00
2.661000000000000000e+03,9.667281765773330449e+01,2.014695623132856994e+00
2.662000000000000000e+03,9.651990375776532005e+01,2.015383119808136669e+00
2.663000000000000000e+03,9.636280908622279640e+01,2.016090548307735375e+00
2.664000000000000000e+03,9.620163792689736226e+01,2.016817533611276581e+00
2.665000000000000000e+03,9.603650736615308858e+01,2.017563642650709976e+00
2.666000000000000000e+03,9.586754688825480741e+01,2.018328385453633800e+00
2.667000000000000000e+03,9.569489792178086418e+01,2.019111216491544791e+00
2.668000000000000000e+03,9.551871336555817038e+01,2.019911536110033268e+00
2.669000000000000000e+03,9.533915713191483121e+01,2.020728691873802330e+00
2.670000000000000000e+03,9.515640375622091085e+01,2.021561979605993820e+00
2.671000000000000000e+03,9.497063813490234452e+01,2.022410643837407207e+00
2.672000000000000000e+03,9.478205546954553995e+01,2.023273877305726831e+00
2.673000000000000000e+03,9.459086151244710550e+01,2.024150819057244810e+00
2.674000000000000000e+03,9.439727322892227335e+01,2.025040550603796508e+00
2.675000000000000000e+03,9.420152001350272997e+01,2.025942089477284380e+00
2.676000000000000000e+03,9.400384562002136590e+01,2.026854379406764384e+00
2.677000000000000000e+03,9.380451098803284538e+01,2.027776276225369489e+00
2.678000000000000000e+03,9.360379816763969529e+01,2.028706528507830509e+00
2.679000000000000000e+03,9.340201555787797361e+01,2.029643751861774259e+00
2.680000000000000000e+03,9.319950467495485213e+01,2.030586395773759989e+00
2.681000000000000000e+03,9.299664864831537159e+01,2.031532701981214828e+00
2.682000000000000000e+03,9.279388259483073398e+01,2.032480653553546457e+00
2.683000000000000000e+03,9.259170593198876986e+01,2.033427914282383675e+00
2.684000000000000000e+03,9.239069654555414957e+01,2.034371758675471487e+00
2.685000000000000000e+03,9.219152651101657625e+01,2.035308993898865548e+00
2.686000000000000000e+03,9.199497876896450066e+01,2.036235876485345209e+00
2.687000000000000000e+03,9.180196376724562413e+01,2.037148028557400181e+00
2.688000000000000000e+03,9.161353461655389196e+01,2.038040360665491768e+00
2.689000000000000000e+03,9.143089879307423473e+01,2.038907010966502398e+00
2.690000000000000000e+03,9.125542392637990474e+01,2.039741313049113991e+00
2.691000000000000000e+03,9.108863483589972532e+01,2.040535806736820224e+00
2.692000000000000000e+03,9.093219886524276774e+01,2.041282306949719239e+00
2.693000000000000000e+03,9.078789687275667575e+01,2.041972044339329440e+00
2.694000000000000000e+03,9.065757811854166448e+01,2.042595887128229037e+00
2.695000000000000000e+03,9.054309882543586241e+01,2.043144645915905055e+00
2.696000000000000000e+03,9.044624633510454714e+01,2.043609452350639621e+00
2.697000000000000000e+03,9.036865329561447879e+01,2.043982189675074945e+00
2.698000000000000000e+03,9.031170877198465519e+01,2.044255940434956731e+00
2.699000000000000000e+03,9.027647499689868482e+01,2.044425407051999599e+00
2.700000000000000000e+03,9.026361910661472621e+01,2.044487257493004861e+00
2.701000000000000000e+03,9.027336825691529043e+01,2.044440352952891171e+00
2.702000000000000000e+03,9.030549396268214934e+01,2.044285827481664874e+00
2.703000000000000000e+03,9.035932775683427565e+01,2.044027008745293195e+00
2.704000000000000000e+03,9.043380607288762008e+01,2.043669190692936954e+00
2.705000000000000000e+03,9.052753850754788800e+01,2.043219288169465297e+00
2.706000000000000000e+03,9.063889106849083532e+01,2.042685416535892085e+00
2.707000000000000000e+03,9.076607506229039757e+01,2.042076444059316653e+00
2.708000000000000000e+03,9.090723290530641520e+01,2.041401561377632401e+00
2.709000000000000000e+03,9.106051396603649550e+01,2.040669902765105626e+00
2.710000000000000000e+03,9.122413600254752453e+01,2.039890241211907096e+00
2.711000000000000000e+03,9.139643027385048413e+01,2.039070766439516458e+00
2.712000000000000000e+03,9.157587054769886947e+01,2.038218944110157249e+00
2.713000000000000000e+03,9.176108776458480065e+01,2.037341446813886403e+00
2.714000000000000000e+03,9.195087299955243054e+01,2.036444143129672035e+00
2.715000000000000000e+03,9.214417167253675700e+01,2.035532129685349467e+00
2.716000000000000000e+03,9.234007184390613077e+01,2.034609791887976638e+00
2.717000000000000000e+03,9.253778905700873736e+01,2.033680881017357223e+00
2.718000000000000000e+03,9.273664969408690695e+01,2.032748597955560843e+00
2.719000000000000000e+03,9.293607429891464733e+01,2.031815676448573971e+00
2.720000000000000000e+03,9.313556185329095172e+01,2.030884461148285691e+00
2.721000000000000000e+03,9.333467560724655243e+01,2.029956977613565083e+00
2.722000000000000000e+03,9.353303076363893354e+01,2.029034992922843728e+00
2.723000000000000000e+03,9.373028410166214996e+01,2.028120066601204918e+00
2.724000000000000000e+03,9.392612547838373871e+01,2.027213592260073582e+00
2.725000000000000000e+03,9.412027105800930826e+01,2.026316830764734789e+00
2.726000000000000000e+03,9.431245807088969002e+01,2.025430935957448497e+00
2.727000000000000000e+03,9.450244088597030157e+01,2.024556974034465551e+00
2.728000000000000000e+03,9.468998818152009278e+01,2.023695937653308352e+00
2.729000000000000000e+03,9.487488101206078284e+01,2.022848755769325546e+00
2.730000000000000000e+03,9.505691158903810845e+01,2.022016300094148455e+00
2.731000000000000000e+03,9.523588261522678522e+01,2.021199388951119502e+00
2.732000000000000000e+03,9.541160703572727186e+01,2.020398789185438471e+00
2.733000000000000000e+03,9.558390809022913004e+01,2.019615216676458491e+00
2.734000000000000000e+03,9.575261957117342604e+01,2.018849335899877584e+00
2.735000000000000000e+03,9.591758621018317399e+01,2.018101758899909726e+00
2.736000000000000000e+03,9.607866413056240162e+01,2.017373043956092626e+00
2.737000000000000000e+03,9.623572131687717501e+01,2.016663694165487630e+00
2.738000000000000000e+03,9.638863806380742005e+01,2.015974156107612103e+00
2.739000000000000000e+03,9.653730737581297205e+01,2.015304818715322188e+00
2.740000000000000000e+03,9.668163529692625957e+01,2.014656012438724719e+00
2.741000000000000000e+03,9.682154115638508074e+01,2.014028008759920940e+00
2.742000000000000000e+03,9.695695772105798937e+01,2.013421020092862168e+00
2.743000000000000000e+03,9.708783124987164115e+01,2.012835200083877840e+00
2.744000000000000000e+03,9.721412144887894158e+01,2.012270644313757018e+00
2.745000000000000000e+03,9.733580132834497078e+01,2.011727391390836672e+00
2.746000000000000000e+03,9.745285696538482512e+01,2.011205424415892118e+00
2.747000000000000000e+03,9.756528717735977807e+01,2.010704672793173664e+00
2.748000000000000000e+03,9.767310311250321320e+01,2.010225014357307494e+00
2.749000000000000000e+03,9.777632776517273783e+01,2.009766277782658594e+00
2.750000000000000000e+03,9.787499542376241379e+01,2.009328245239847099e+00
2.751000000000000000e+03,9.796915105970813897e+01,2.008910655263163481e+00
2.752000000000000000e+03,9.805884966621412957e+01,2.008513205792531231e+00
2.753000000000000000e+03,9.814415555535663316e+01,2.008135557354159495e+00
2.754000000000000000e+03,9.822514162210570987e+01,2.007777336345072605e+00
2.755000000000000000e+03,9.830188858357404058e+01,2.007438138388150328e+00
2.756000000000000000e+03,9.837448420147244121e+01,2.007117531726058779e+00
2.757000000000000000e+03,9.844302249534318605e+01,2.006815060624479674e+00
2.758000000000000000e+03,9.850760295367099673e+01,2.006530248757222967e+00
2.759000000000000000e+03,9.856832974945019998e+01,2.006262602548134488e+00
2.760000000000000000e+03,9.862531096622859650e+01,2.006011614447119396e+00
2.761000000000000000e+03,9.867865784006443164e+01,2.005776766120058952e+00
2.762000000000000000e+03,9.872848402223179676e+01,2.005557531534876148e+00
2.763000000000000000e+03,9.877490486690089710e+01,2.005353379928469071e+00
2.764000000000000000e+03,9.881803674740872623e+01,2.005163778641670280e+00
2.765000000000000000e+03,9.885799640413027589e+01,2.004988195811798324e+00
2.766000000000000000e+03,9.889490032636300043e+01,2.004826102914679886e+00
2.767000000000000000e+03,9.892886417005321675e+01,2.004676977150327666e+00
2.768000000000000000e+03,9.896000221262163166e+01,2.004540303668655099e+00
2.769000000000000000e+03,9.898842684558795213e+01,2.004415577633788637e+00
2.770000000000000000e+03,9.901424810514848218e+01,2.004302306127640598e+00
2.771000000000000000e+03,9.903757324032042675e+01,2.004200009895545254e+00
2.772000000000000000e+03,9.905850631772649706e+01,2.004108224938863092e+00
2.773000000000000000e+03,9.907714786154066644e+01,2.004026503961686245e+00
2.774000000000000000e+03,9.909359452653630740e+01,2.003954417681101940e+00
2.775000000000000000e+03,9.910793880155290481e+01,2.003891556013052355e+00
2.776000000000000000e+03,9.912026873999879228e+01,2.003837529148737140e+00
2.777000000000000000e+03,9.913066771320640669e+01,2.003791968539879953e+00
2.778000000000000000e+03,9.913921418151031162e+01,2.003754527815237552e+00
2.779000000000000000e+03,9.914598147678077567e+01,2.003724883655624289e+00
2.780000000000000000e+03,9.915103758875658002e+01,2.003702736660759598e+00
2.781000000000000000e+03,9.915444494581274171e+01,2.003687812248700073e+00
2.782000000000000000e+03,9.915626017869077202e+01,2.003679861637845949e+00
2.783000000000000000e+03,9.915653385312008083e+01,2.003678662972927960e+00
2.784000000000000000e+03,9.915531015406803306e+01,2.003684022670413345e+00
2.785000000000000000e+03,9.915262650046287263e+01,2.003695777075928497e+00
2.786000000000000000e+03,9.914851306452275992e+01,2.003713794547079985e+00
2.787000000000000000e+03,9.914299216418119443e+01,2.003737978099989547e+00
2.788000000000000000e+03,9.913607749041612749e+01,2.003768268787420759e+00
2.789000000000000000e+03,9.912777312347610348e+01,2.003804650011014488e+00
2.790000000000000000e+03,9.911807228299332451e+01,2.003847153010118731e+00
2.791000000000000000e+03,9.910695574676513786e+01,2.003895863815154943e+00
2.792000000000000000e+03,9.909438986162767549e+01,2.003950932004182395e+00
2.793000000000000000e+03,9.908032405747849225e+01,2.004012581656804404e+00
2.794000000000000000e+03,9.906468776238824603e+01,2.004081124958771110e+00
2.795000000000000000e+03,9.904738660327471678e+01,2.004156978971977754e+00
2.796000000000000000e+03,9.902829776336923828e+01,2.004240686145718264e+00
2.797000000000000000e+03,9.900726435545472270e+01,2.004332939202992492e+00
2.798000000000000000e+03,9.898408865959238767e+01,2.004434611086334694e+00
2.799000000000000000e+03,9.895852406700879556e+01,2.004546790686269730e+00
2.800000000000000000e+03,9.893026556946431072e+01,2.004670825096267706e+00
2.801000000000000000e+03,9.889893863747536784e+01,2.004808369134480017e+00
2.802000000000000000e+03,9.886408634313201560e+01,2.004961442837445151e+00
2.803000000000000000e+03,9.882515460600194501e+01,2.005132497556901594e+00
2.804000000000000000e+03,9.878147547587674637e+01,2.005324491170565437e+00
2.805000000000000000e+03,9.873224841598295143e+01,2.005540972744540351e+00
2.806000000000000000e+03,9.867651961663999316e+01,2.005786176753681982e+00
2.807000000000000000e+03,9.861315945371781311e+01,2.006065126673467702e+00
2.808000000000000000e+03,9.854083830955026713e+01,2.006383747402461726e+00
2.809000000000000000e+03,9.845800109629253427e+01,2.006748985561660703e+00
2.810000000000000000e+03,9.836284096207796779e+01,2.007168936253615588e+00
2.811000000000000000e+03,9.825327281639613375e+01,2.007652974362937659e+00
2.812000000000000000e+03,9.812690747895258880e+01,2.008211887958469610e+00
2.813000000000000000e+03,9.798102743016224281e+01,2.008858010838960428e+00
2.814000000000000000e+03,9.781256531370414109e+01,2.009605350776045629e+00
2.815000000000000000e+03,9.761808650255586883e+01,2.010469709581831577e+00
2.816000000000000000e+03,9.739377717800431355e+01,2.011468790796845596e+00
2.817000000000000000e+03,9.713543947290590097e+01,2.012622290591682184e+00
2.818000000000000000e+03,9.683849528114525640e+01,2.013951967435307910e+00
2.819000000000000000e+03,9.649800031913923704e+01,2.015481686235083725e+00
2.820000000000000000e+03,9.610866992652248086e+01,2.017237433024389848e+00
2.821000000000000000e+03,9.566491789676780400e+01,2.019247296885239962e+00
2.822000000000000000e+03,9.516090932124360791e+01,2.021541416663023227e+00
2.823000000000000000e+03,9.459062800203633969e+01,2.024151891173582740e+00
2.824000000000000000e+03,9.394795843427223758e+01,2.027112653034063960e+00
2.825000000000000000e+03,9.322678167823190165e+01,2.030459307986706374e+00
2.826000000000000000e+03,9.242108364349606120e+01,2.034228943655101762e+00
2.827000000000000000e+03,9.152507340919423484e+01,2.038459914113241567e+00
2.828000000000000000e+03,9.053330823453742937e+01,2.043191609511825213e+00
2.829000000000000000e+03,8.944082091312255045e+01,2.048464223361910364e+00
2.830000000000000000e+03,8.824324414816723561e+01,2.054318534002264052e+00
2.831000000000000000e+03,8.693692574530615502e+01,2.060795721350790366e+00
2.832000000000000000e+03,8.551902772517968288e+01,2.067937245310850880e+00
2.833000000000000000e+03,8.398760206291228769e+01,2.075784818141140686e+00
2.834000000000000000e+03,8.234163580785849490e+01,2.084380509511599477e+00
2.835000000000000000e+03,8.058105900592427417e+01,2.093767029360062981e+00
2.836000000000000000e+03,7.870671037482497923e+01,2.103988238993899973e+00
2.837000000000000000e+03,7.672025838641158657e+01,2.115089943173110054e+00
2.838000000000000000e+03,7.462407972247723364e+01,2.127121011626921021e+00
2.839000000000000000e+03,7.242110358721086527e+01,2.140134861482771544e+00
2.840000000000000000e+03,7.011463988906194800e+01,2.154191292172947136e+00
2.841000000000000000e+03,6.770822288914723686e+01,2.169358584807883794e+00
2.842000000000000000e+03,6.520552074256889341e+01,2.185715632388768981e+00
2.843000000000000000e+03,6.261038640401132227e+01,2.203353615930391030e+00
2.844000000000000000e+03,5.992715638416042623e+01,2.222376329611501777e+00
2.845000000000000000e+03,5.716133714159202839e+01,2.242897620566463690e+00
2.846000000000000000e+03,5.432084308800486383e+01,2.265033498196868944e+00
2.847000000000000000e+03,5.141793941123496126e+01,2.288885331821155500e+00
2.848000000000000000e+03,4.847194922360375813e+01,2.314509515452941368e+00
2.849000000000000000e+03,4.551253735181916937e+01,2.341868951635428076e+00
2.850000000000000000e+03,4.258291567299860247e+01,2.370764605524690261e+00
2.851000000000000000e+03,3.974164798878898353e+01,2.400754127724500808e+00
2.852000000000000000e+03,3.706112216880587340e+01,2.431081434872980562e+00
2.853000000000000000e+03,3.462080474377087569e+01,2.460662841379253507e+00
2.854000000000000000e+03,3.249483257624488886e+01,2.488185696315014184e+00
2.855000000000000000e+03,3.073641823707009735e+01,2.512346742903520891e+00
2.856000000000000000e+03,2.936451468918389196e+01,2.532177172398109910e+00
2.857000000000000000e+03,2.835865364378561537e+01,2.547314391576218640e+00
2.858000000000000000e+03,2.766453383411248979e+01,2.558076643540496242e+00
2.859000000000000000e+03,2.720772703150771576e+01,2.565307738224136713e+00
2.860000000000000000e+03,2.690955222907874145e+01,2.570093528771295155e+00
2.861000000000000000e+03,2.669968320912327897e+01,2.573493891494820662e+00
2.862000000000000000e+03,2.652310462608963348e+01,2.576375641539398131e+00
2.863000000000000000e+03,2.634208365716823153e+01,2.579349875349185250e+00
2.864000000000000000e+03,2.613545503368996492e+01,2.582769934177277626e+00
2.865000000000000000e+03,2.589780515755819579e+01,2.586737040874433013e+00
2.866000000000000000e+03,2.564072128735784872e+01,2.591069762042714331e+00
2.867000000000000000e+03,2.539743579382694350e+01,2.595210128923639559e+00
2.868000000000000000e+03,2.523054172696211594e+01,2.598073424611058613e+00
2.869000000000000000e+03,2.523917467182724295e+01,2.597924850748489334e+00
2.870000000000000000e+03,2.555734258584222118e+01,2.592484305455092120e+00
2.871000000000000000e+03,2.633282349564758817e+01,2.579502571853413251e+00
2.872000000000000000e+03,2.768400919500557222e+01,2.557771015184080454e+00
2.873000000000000000e+03,2.965197798095428539e+01,2.527946331049742756e+00
2.874000000000000000e+03,3.217910725343848810e+01,2.492426008723115594e+00
2.875000000000000000e+03,3.513075432662763831e+01,2.454312524948230489e+00
2.876000000000000000e+03,3.834338943141323597e+01,2.416309499535756800e+00
2.877000000000000000e+03,4.166777399107093061e+01,2.380199700147885622e+00
2.878000000000000000e+03,4.498979023391311927e+01,2.346886031739221057e+00
2.879000000000000000e+03,4.823141800125729617e+01,2.316669969654550965e+00
2.880000000000000000e+03,5.134231203269847299e+01,2.289524578196044935e+00
2.881000000000000000e+03,5.429021439564940721e+01,2.265278443283284204e+00
2.882000000000000000e+03,5.705386196321396142e+01,2.243714952953983488e+00
2.883000000000000000e+03,5.961906934081633835e+01,2.224614807627484314e+00
2.884000000000000000e+03,6.197752227455524832e+01,2.207765789890820063e+00
2.885000000000000000e+03,6.412760141800143288e+01,2.192955003812800729e+00
2.886000000000000000e+03,6.607645748806902475e+01,2.179953248596633752e+00
2.887000000000000000e+03,6.784206931665198681e+01,2.168500913712763989e+00
2.888000000000000000e+03,6.945310009556079933e+01,2.158308364406607893e+00
2.889000000000000000e+03,7.094395415834101470e+01,2.149084609192381645e+00
2.890000000000000000e+03,7.234440144125554184e+01,2.140595072247057029e+00
2.891000000000000000e+03,7.366791196572168587e+01,2.132721639560297255e+00
2.892000000000000000e+03,7.490619877478938804e+01,2.125482241281948959e+00
2.893000000000000000e+03,7.603395284011853050e+01,2.118992430899187873e+00
2.894000000000000000e+03,7.701985992621033006e+01,2.113397275551371912e+00
2.895000000000000000e+03,7.783646158657120395e+01,2.108816915138926884e+00
2.896000000000000000e+03,7.846474996109535027e+01,2.105325404854811566e+00
2.897000000000000000e+03,7.889411068868099619e+01,2.102955414925807620e+00
2.898000000000000000e+03,7.912010988763262276e+01,2.101713118231411048e+00
2.899000000000000000e+03,7.914207766525385068e+01,2.101592552671066372e+00
2.900000000000000000e+03,7.896133353653385711e+01,2.102585525704838254e+00
2.901000000000000000e+03,7.858017021353690268e+01,2.104687034792223077e+00
2.902000000000000000e+03,7.800142410683292837e+01,2.107897468128837382e+00
2.903000000000000000e+03,7.722841595884355570e+01,2.112222872935660689e+00
2.904000000000000000e+03,7.626508680948741414e+01,2.117674231063209067e+00
2.905000000000000000e+03,7.511620932381921989e+01,2.124266336493890517e+00
2.906000000000000000e+03,7.378759894080705806e+01,2.132016621430681269e+00
2.907000000000000000e+03,7.228628063321517061e+01,2.140944120557033425e+00
2.908000000000000000e+03,7.062058863386550911e+01,2.151068666844087929e+00
2.909000000000000000e+03,6.880019225168288699e+01,2.162410348192855380e+00
2.910000000000000000e+03,6.683605414500743791e+01,2.174989197821646236e+00
2.911000000000000000e+03,6.474034075214909478e+01,2.188825019076346745e+00
2.912000000000000000e+03,6.252632026032423340e+01,2.203937129254078808e+00
2.913000000000000000e+03,6.020830359805555076e+01,2.220343609105465799e+00
2.914000000000000000e+03,5.780171011452922158e+01,2.238059312404440782e+00
2.915000000000000000e+03,5.532337207824586045e+01,2.257091356575337660e+00
2.916000000000000000e+03,5.279222723651744076e+01,2.277430015284037879e+00
2.917000000000000000e+03,5.023057418852140898e+01,2.299031857367403564e+00
2.918000000000000000e+03,4.766605287573999306e+01,2.321790809584574511e+00
2.919000000000000000e+03,4.513440911176732584e+01,2.345492238840189536e+00
2.920000000000000000e+03,4.268282957302895397e+01,2.369746797607009015e+00
2.921000000000000000e+03,4.037311802729404064e+01,2.393907708609093632e+00
2.922000000000000000e+03,3.828324778552713070e+01,2.416991225662671106e+00
2.923000000000000000e+03,3.650515385306070471e+01,2.437645816860380510e+00
2.924000000000000000e+03,3.513668850165170454e+01,2.454239171504018380e+00
2.925000000000000000e+03,3.426727128620396456e+01,2.465120477202074056e+00
2.926000000000000000e+03,3.396001869187305999e+01,2.469032079388771450e+00
2.927000000000000000e+03,3.423644341729826124e+01,2.465511357443133100e+00
2.928000000000000000e+03,3.507033703170155547e+01,2.455060060457109117e+00
2.929000000000000000e+03,3.639373830238521634e+01,2.438973332138086647e+00
2.930000000000000000e+03,3.811209124511799473e+01,2.418937220440709357e+00
2.931000000000000000e+03,4.012198578851084108e+01,2.396617580246584556e+00
2.932000000000000000e+03,4.232539818107605356e+01,2.373398947524267388e+00
2.933000000000000000e+03,4.463765371592667464e+01,2.350298641243546260e+00
2.934000000000000000e+03,4.698958910660958566e+01,2.327998352583183994e+00
2.935000000000000000e+03,4.932599953089847844e+01,2.306924105541447556e+00
2.936000000000000000e+03,5.160251556233993142e+01,2.287329126508180988e+00
2.937000000000000000e+03,5.378238302000984561e+01,2.269359958722757753e+00
2.938000000000000000e+03,5.583388146092481463e+01,2.253102179807338068e+00
2.939000000000000000e+03,5.772859888709499643e+01,2.238608983000025088e+00
2.940000000000000000e+03,5.944050414493824519e+01,2.225917515761003163e+00
2.941000000000000000e+03,6.094565043155587603e+01,2.215057283662976939e+00
2.942000000000000000e+03,6.222232521976779651e+01,2.206053763538378121e+00
2.943000000000000000e+03,6.325148105495625828e+01,2.198929300879981508e+00
2.944000000000000000e+03,6.401731012194791504e+01,2.193702577985347180e+00
2.945000000000000000e+03,6.450785161279898716e+01,2.190387421727764128e+00
2.946000000000000000e+03,6.471554197476326920e+01,2.188991407379164311e+00
2.947000000000000000e+03,6.463763554219065099e+01,2.189514538523083864e+00
2.948000000000000000e+03,6.427644033020467873e+01,2.191948182744978268e+00
2.949000000000000000e+03,6.363933575490657546e+01,2.196274362015465886e+00
2.950000000000000000e+03,6.273857242173847482e+01,2.202465367634052651e+00
2.951000000000000000e+03,6.159090852392409232e+01,2.210483389609749327e+00
2.952000000000000000e+03,6.021722676008862152e+01,2.220279249330131321e+00
2.953000000000000000e+03,5.864241816719624723e+01,2.231788129516033337e+00
2.954000000000000000e+03,5.689603057139471787e+01,2.244918031690576132e+00
2.955000000000000000e+03,5.501444657939399718e+01,2.259523251489975237e+00
2.956000000000000000e+03,5.304556679325665414e+01,2.275350905781044819e+00
2.957000000000000000e+03,5.105677481882974433e+01,2.291946622407284195e+00
2.958000000000000000e+03,4.914560036065591930e+01,2.308515355240066569e+00
2.959000000000000000e+03,4.744902628566967451e+01,2.323772695420030843e+00
2.960000000000000000e+03,4.614210462185983630e+01,2.335902600434458076e+00
2.961000000000000000e+03,4.541397377481134612e+01,2.342810495170901675e+00
2.962000000000000000e+03,4.541843771111477679e+01,2.342767808581962985e+00
2.963000000000000000e+03,4.621897984085543243e+01,2.335179644628797568e+00
2.964000000000000000e+03,4.776408238148709273e+01,2.320898561276013350e+00
2.965000000000000000e+03,4.991180042331336608e+01,2.301796763938580348e+00
2.966000000000000000e+03,5.248463930833474933e+01,2.279967783065359299e+00
2.967000000000000000e+03,5.531886262130860388e+01,2.257126757745074208e+00
2.968000000000000000e+03,5.828835662970948306e+01,2.234418188919873316e+00
2.969000000000000000e+03,6.130588969768697183e+01,2.212497800516922908e+00
2.970000000000000000e+03,6.431367455617221651e+01,2.191696676331101212e+00
2.971000000000000000e+03,6.727256966270437033e+01,2.172161982916002376e+00
2.972000000000000000e+03,7.015397609417600222e+01,2.153947709570407820e+00
2.973000000000000000e+03,7.293501715836234212e+01,2.137063910538929523e+00
2.974000000000000000e+03,7.559622873769470175e+01,2.121499869568392427e+00
2.975000000000000000e+03,7.812079023285559742e+01,2.107233372245002290e+00
2.976000000000000000e+03,8.049453745380554892e+01,2.094233590863985750e+00
2.977000000000000000e+03,8.270626636331272152e+01,2.082461584233324281e+00
2.978000000000000000e+03,8.474804766436903947e+01,2.071870297825265439e+00
2.979000000000000000e+03,8.661541369598023721e+01,2.062404815979767658e+00
2.980000000000000000e+03,8.830736633188315921e+01,2.054003067386723114e+00
2.981000000000000000e+03,8.982620524844172394e+01,2.046596946912225157e+00
2.982000000000000000e+03,9.117720331888739338e+01,2.040113733057527856e+00
2.983000000000000000e+03,9.236816870950659109e+01,2.034477666610332136e+00
2.984000000000000000e+03,9.340893696217833053e+01,2.029611570368606621e+00
2.985000000000000000e+03,9.431083439619030173e+01,2.025438412796105592e+00
2.986000000000000000e+03,9.508614881640215799e+01,2.021882742060703730e+00
2.987000000000000000e+03,9.574763634252609279e+01,2.018871938362665652e+00
2.988000000000000000e+03,9.630808530534417855e+01,2.016337251233764505e+00
2.989000000000000000e+03,9.677995041260533071e+01,2.014214604747929904e+00
2.990000000000000000e+03,9.717506335092804193e+01,2.012445167568838844e+00
2.991000000000000000e+03,9.750442003662938362e+01,2.010975696568047422e+00
2.992000000000000000e+03,9.777804005846222424e+01,2.009758672332212281e+00
2.993000000000000000e+03,9.800489052180985539e+01,2.008752252127485427e+00
2.994000000000000000e+03,9.819286444339418551e+01,2.007920070720731864e+00
2.995000000000000000e+03,9.834880291021062249e+01,2.007230921892624753e+00
2.996000000000000000e+03,9.847855020601562615e+01,2.006658353681147311e+00
2.997000000000000000e+03,9.858703179959354657e+01,2.006180208672176946e+00
2.998000000000000000e+03,9.867834625827288164e+01,2.005778137424344187e+00
2.999000000000000000e+03,9.875586359384924151e+01,2.005437108857433426e+00
3.000000000000000000e+03,9.882232409348314661e+01,2.005144936632533348e+00
3.001000000000000000e+03,9.887993320003137399e+01,2.004891835649955656e+00
3.002000000000000000e+03,9.893044938819406298e+01,2.004670018150229716e+00
3.003000000000000000e+03,9.897526317468116019e+01,2.004473334787580274e+00
3.004000000000000000e+03,9.901546637344048918e+01,2.004296962614440236e+00
3.005000000000000000e+03,9.905191145678594467e+01,2.004137139235734999e+00
3.006000000000000000e+03,9.908526142396499381e+01,2.003990940451895408e+00
3.007000000000000000e+03,9.911603093582100144e+01,2.003856097442970885e+00
3.008000000000000000e+03,9.914461967926889940e+01,2.003730848851568158e+00
3.009000000000000000e+03,9.917133901144569563e+01,2.003613822882792661e+00
3.010000000000000000e+03,9.919643293217833957e+01,2.003503944637401446e+00
3.011000000000000000e+03,9.922009437275413291e+01,2.003400364222360341e+00
3.012000000000000000e+03,9.924247769210506931e+01,2.003302401649157183e+00
3.013000000000000000e+03,9.926370815662681935e+01,2.003209505061720463e+00
3.014000000000000000e+03,9.928388906035065986e+01,2.003121219378286355e+00
3.015000000000000000e+03,9.930310702724563043e+01,2.003037162947942207e+00
3.016000000000000000e+03,9.932143593272553517e+01,2.002957010289935003e+00
3.017000000000000000e+03,9.933893978993009455e+01,2.002880479390524382e+00
3.018000000000000000e+03,9.935567486901706502e+01,2.002807322374856369e+00
3.019000000000000000e+03,9.937169125417669591e+01,2.002737318652212828e+00
3.020000000000000000e+03,9.938703399217030210e+01,2.002670269857721674e+00
3.021000000000000000e+03,9.940174394628597554e+01,2.002605996089560580e+00
3.022000000000000000e+03,9.941585843893751928e+01,2.002544333075720662e+00
3.023000000000000000e+03,9.942941174299431850e+01,2.002485130006247172e+00
3.024000000000000000e+03,9.944243546476349138e+01,2.002428247842324094e+00
3.025000000000000000e+03,9.945495884900780936e+01,2.002373557968703199e+00
3.026000000000000000e+03,9.946700902735419447e+01,2.002320941095624640e+00
3.027000000000000000e+03,9.947861122503339004e+01,2.002270286344548733e+00
3.028000000000000000e+03,9.948978893638529541e+01,2.002221490471821408e+00
3.029000000000000000e+03,9.950056407643377554e+01,2.002174457198111934e+00
3.030000000000000000e+03,9.951095711367578645e+01,2.002129096620980153e+00
3.031000000000000000e+03,9.952098718775155817e+01,2.002085324694386603e+00
3.032000000000000000e+03,9.953067221465266812e+01,2.002043062763426917e+00
3.033000000000000000e+03,9.954002898143592404e+01,2.002002237145583674e+00
3.034000000000000000e+03,9.954907323193701529e+01,2.001962778751883221e+00
3.035000000000000000e+03,9.955781974465064366e+01,2.001924622742786042e+00
3.036000000000000000e+03,9.956628240371243521e+01,2.001887708214656669e+00
3.037000000000000000e+03,9.957447426375163957e+01,2.001851977913405634e+00
3.038000000000000000e+03,9.958240760926152291e+01,2.001817377972420431e+00
3.039000000000000000e+03,9.959009400904028553e+01,2.001783857672337241e+00
3.040000000000000000e+03,9.959754436618284501e+01,2.001751369220512444e+00
3.041000000000000000e+03,9.960476896404456681e+01,2.001719867548325649e+00
3.042000000000000000e+03,9.961177750854952251e+01,2.001689310124659560e+00
3.043000000000000000e+03,9.961857916717491435e+01,2.001659656784082308e+00
3.044000000000000000e+03,9.962518260490803357e+01,2.001630869568415960e+00
3.045000000000000000e+03,9.963159601744165172e+01,2.001602912580515703e+00
3.046000000000000000e+03,9.963782716184731214e+01,2.001575751849189899e+00
3.047000000000000000e+03,9.964388338494215702e+01,2.001549355204311098e+00
3.048000000000000000e+03,9.964977164954436262e+01,2.001523692161250256e+00
3.049000000000000000e+03,9.965549855879363861e+01,2.001498733813852571e+00
3.050000000000000000e+03,9.966107037869662122e+01,2.001474452735249265e+00
3.051000000000000000e+03,9.966649305904253708e+01,2.001450822885856518e+00
3.052000000000000000e+03,9.967177225282088671e+01,2.001427819527983765e+00
3.053000000000000000e+03,9.967691333426144240e+01,2.001405419146515818e+00
3.054000000000000000e+03,9.968192141560565744e+01,2.001383599375188282e+00
3.055000000000000000e+03,9.968680136270954506e+01,2.001362338928011742e+00
3.056000000000000000e+03,9.969155780956899093e+01,2.001341617535444595e+00
3.057000000000000000e+03,9.969619517185060431e+01,2.001321415884944610e+00
3.058000000000000000e+03,9.970071765950459053e+01,2.001301715565566131e+00
3.059000000000000000e+03,9.970512928852902235e+01,2.001282499016290739e+00
3.060000000000000000e+03,9.970943389194980000e+01,2.001263749477812937e+00
3.061000000000000000e+03,9.971363513007445079e+01,2.001245450947518378e+00
3.062000000000000000e+03,9.971773650007412471e+01,2.001227588137421964e+00
3.063000000000000000e+03,9.972174134494275677e+01,2.001210146434842407e+00
3.064000000000000000e+03,9.972565286187912648e+01,2.001193111865618768e+00
3.065000000000000000e+03,9.972947411013356600e+01,2.001176471059676221e+00
3.066000000000000000e+03,9.973320801835784266e+01,2.001160211218781626e+00
3.067000000000000000e+03,9.973685739149357232e+01,2.001144320086323258e+00
3.068000000000000000e+03,9.974042491723201920e+01,2.001128785918978803e+00
3.069000000000000000e+03,9.974391317207545171e+01,2.001113597460129068e+00
3.070000000000000000e+03,9.974732462702766611e+01,2.001098743914905498e+00
3.071000000000000000e+03,9.975066165293966947e+01,2.001084214926752036e+00
3.072000000000000000e+03,9.975392652553414052e+01,2.001070000555393413e+00
3.073000000000000000e+03,9.975712143013066679e+01,2.001056091256125935e+00
3.074000000000000000e+03,9.976024846609189467e+01,2.001042477860325075e+00
3.075000000000000000e+03,9.976330965100977721e+01,2.001029151557099706e+00
3.076000000000000000e+03,9.976630692464891581e+01,2.001016103876011698e+00
3.077000000000000000e+03,9.976924215266329554e+01,2.001003326670789395e+00
3.078000000000000000e+03,9.977211713010144933e+01,2.000990812103969230e+00
3.079000000000000000e+03,9.977493358471366491e+01,2.000978552632407759e+00
3.080000000000000000e+03,9.977769318007429433e+01,2.000966540993604603e+00
3.081000000000000000e+03,9.978039751853096107e+01,2.000954770192782561e+00
3.082000000000000000e+03,9.978304814399174916e+01,2.000943233490683149e+00
3.083000000000000000e+03,9.978564654456077676e+01,2.000931924392022054e+00
3.084000000000000000e+03,9.978819415503150481e+01,2.000920836634571653e+00
3.085000000000000000e+03,9.979069235924681891e+01,2.000909964178828826e+00
3.086000000000000000e+03,9.979314249233408418e+01,2.000899301198226343e+00
3.087000000000000000e+03,9.979554584282290364e+01,2.000888842069864726e+00
3.088000000000000000e+03,9.979790365465264301e+01,2.000878581365721942e+00
3.089000000000000000e+03,9.980021712907652898e+01,2.000868513844320074e+00
3.090000000000000000e+03,9.980248742646834614e+01,2.000858634442818307e+00
3.091000000000000000e+03,9.980471566803778671e+01,2.000848938269503829e+00
3.092000000000000000e+03,9.980690293745955444e+01,2.000839420596665086e+00
3.093000000000000000e+03,9.980905028242145249e+01,2.000830076853815864e+00
3.094000000000000000e+03,9.981115871609620172e+01,2.000820902621256892e+00
3.095000000000000000e+03,9.981322921854116714e+01,2.000811893623950066e+00
3.096000000000000000e+03,9.981526273803031302e+01,2.000803045725692897e+00
3.097000000000000000e+03,9.981726019232220892e+01,2.000794354923571827e+00
3.098000000000000000e+03,9.981922246986741243e+01,2.000785817342679795e+00
3.099000000000000000e+03,9.982115043095909357e+01,2.000777429231083815e+00
3.100000000000000000e+03,9.982304490882947334e+01,2.000769186955030587e+00
3.101000000000000000e+03,9.982490671069551524e+01,2.000761086994371940e+00
3.102000000000000000e+03,9.982673661875635673e+01,2.000753125938204757e+00
3.103000000000000000e+03,9.982853539114510966e+01,2.000745300480706756e+00
3.104000000000000000e+03,9.983030376283757334e+01,2.000737607417166330e+00
3.105000000000000000e+03,9.983204244652003467e+01,2.000730043640185585e+00
3.106000000000000000e+03,9.983375213341835774e+01,2.000722606136057458e+00
3.107000000000000000e+03,9.983543349409038115e+01,2.000715291981300048e+00
3.108000000000000000e+03,9.983708717918344178e+01,2.000708098339347707e+00
3.109000000000000000e+03,9.983871382015895790e+01,2.000701022457381129e+00
3.110000000000000000e+03,9.984031402998554938e+01,2.000694061663299994e+00
3.111000000000000000e+03,9.984188840380255670e+01,2.000687213362821737e+00
3.112000000000000000e+03,9.984343751955506718e+01,2.000680475036707762e+00
3.113000000000000000e+03,9.984496193860228175e+01,2.000673844238102017e+00
3.114000000000000000e+03,9.984646220630013147e+01,2.000667318589989030e+00
3.115000000000000000e+03,9.984793885255976420e+01,2.000660895782750970e+00
3.116000000000000000e+03,9.984939239238281061e+01,2.000654573571828632e+00
3.117000000000000000e+03,9.985082332637463765e+01,2.000648349775480561e+00
3.118000000000000000e+03,9.985223214123668356e+01,2.000642222272631887e+00
3.119000000000000000e+03,9.985361931023884097e+01,2.000636189000810194e+00
3.120000000000000000e+03,9.985498529367272624e+01,2.000630247954164886e+00
3.121000000000000000e+03,9.985633053928694380e+01,2.000624397181566927e+00
3.122000000000000000e+03,9.985765548270494207e+01,2.000618634784784078e+00
3.123000000000000000e+03,9.985896054782645592e+01,2.000612958916725859e+00
3.124000000000000000e+03,9.986024614721316084e+01,2.000607367779760892e+00
3.125000000000000000e+03,9.986151268245929202e+01,2.000601859624096868e+00
3.126000000000000000e+03,9.986276054454802420e+01,2.000596432746226228e+00
3.127000000000000000e+03,9.986399011419395322e+01,2.000591085487428256e+00
3.128000000000000000e+03,9.986520176217270262e+01,2.000585816232330671e+00
3.129000000000000000e+03,9.986639584963785410e+01,2.000580623407527625e+00
3.130000000000000000e+03,9.986757272842599775e+01,2.000575505480244320e+00
3.131000000000000000e+03,9.986873274135029988e+01,2.000570460957058927e+00
3.132000000000000000e+03,9.986987622248315688e+01,2.000565488382665347e+00
3.133000000000000000e+03,9.987100349742839001e+01,2.000560586338687497e+00
3.134000000000000000e+03,9.987211488358330769e+01,2.000555753442533113e+00
3.135000000000000000e+03,9.987321069039137456e+01,2.000550988346292414e+00
3.136000000000000000e+03,9.987429121958545863e+01,2.000546289735676275e+00
3.137000000000000000e+03,9.987535676542245255e+01,2.000541656328990392e+00
3.138000000000000000e+03,9.987640761490938246e+01,2.000537086876150727e+00
3.139000000000000000e+03,9.987744404802141673e+01,2.000532580157730056e+00
3.140000000000000000e+03,9.987846633791215822e+01,2.000528134984041806e+00
3.141000000000000000e+03,9.987947475111653262e+01,2.000523750194253214e+00
3.142000000000000000e+03,9.988046954774644348e+01,2.000519424655532230e+00
3.143000000000000000e+03,9.988145098167969138e+01,2.000515157262222843e+00
3.144000000000000000e+03,9.988241930074229913e+01,2.000510946935049716e+00
3.145000000000000000e+03,9.988337474688447060e+01,2.000506792620350804e+00
3.146000000000000000e+03,9.988431755635065201e+01,2.000502693289333500e+00
3.147000000000000000e+03,9.988524795984356786e+01,2.000498647937361429e+00
3.148000000000000000e+03,9.988616618268292768e+01,2.000494655583259895e+00
3.149000000000000000e+03,9.988707244495850546e+01,2.000490715268649744e+00
3.150000000000000000e+03,9.988796696167833034e+01,2.000486826057299439e+00
3.151000000000000000e+03,9.988884994291171893e+01,2.000482987034501559e+00
3.152000000000000000e+03,9.988972159392764638e+01,2.000479197306469725e+00
3.153000000000000000e+03,9.989058211532851317e+01,2.000475455999754182e+00
3.154000000000000000e+03,9.989143170317954912e+01,2.000471762260677799e+00
3.155000000000000000e+03,9.989227054913389736e+01,2.000468115254790291e+00
3.156000000000000000e+03,9.989309884055369082e+01,2.000464514166341079e+00
3.157000000000000000e+03,9.989391676062722070e+01,2.000460958197766370e+00
3.158000000000000000e+03,9.989472448848223962e+01,2.000457446569195774e+00
3.159000000000000000e+03,9.989552219929571208e+01,2.000453978517975351e+00
3.160000000000000000e+03,9.989631006440002636e+01,2.000450553298201317e+00
3.161000000000000000e+03,9.989708825138589532e+01,2.000447170180273293e+00
3.162000000000000000e+03,9.989785692420186081e+01,2.000443828450460426e+00
3.163000000000000000e+03,9.989861624325084222e+01,2.000440527410479508e+00
3.164000000000000000e+03,9.989936636548355864e+01,2.000437266377088186e+00
3.165000000000000000e+03,9.990010744448909463e+01,2.000434044681688839e+00
3.166000000000000000e+03,9.990083963058260963e+01,2.000430861669948879e+00
3.167000000000000000e+03,9.990156307089040411e+01,2.000427716701425496e+00
3.168000000000000000e+03,9.990227790943232833e+01,2.000424609149211719e+00
3.169000000000000000e+03,9.990298428720173263e+01,2.000421538399582477e+00
3.170000000000000000e+03,9.990368234224288813e+01,2.000418503851661089e+00
3.171000000000000000e+03,9.990437220972623322e+01,2.000415504917089304e+00
3.172000000000000000e+03,9.990505402202116159e+01,2.000412541019709778e+00
3.173000000000000000e+03,9.990572790876679221e+01,2.000409611595259207e+00
3.174000000000000000e+03,9.990639399694053679e+01,2.000406716091066794e+00
3.175000000000000000e+03,9.990705241092466338e+01,2.000403853965766920e+00
3.176000000000000000e+03,9.990770327257092731e+01,2.000401024689015372e+00
3.177000000000000000e+03,9.990834670126324113e+01,2.000398227741216672e+00
3.178000000000000000e+03,9.990898281397853964e+01,2.000395462613258957e+00
3.179000000000000000e+03,9.990961172534591128e+01,2.000392728806256848e+00
3.180000000000000000e+03,9.991023354770395315e+01,2.000390025831300100e+00
3.181000000000000000e+03,9.991084839115650595e+01,2.000387353209211572e+00
3.182000000000000000e+03,9.991145636362679738e+01,2.000384710470310967e+00
3.183000000000000000e+03,9.991205757091002226e+01,2.000382097154185690e+00
3.184000000000000000e+03,9.991265211672438795e+01,2.000379512809468352e+00
3.185000000000000000e+03,9.991324010276083811e+01,2.000376956993620503e+00
3.186000000000000000e+03,9.991382162873121331e+01,2.000374429272722132e+00
3.187000000000000000e+03,9.991439679241517524e+01,2.000371929221266498e+00
3.188000000000000000e+03,9.991496568970579517e+01,2.000369456421964287e+00
3.189000000000000000e+03,9.991552841465382073e+01,2.000367010465546436e+00
3.190000000000000000e+03,9.991608505951077746e+01,2.000364590950580279e+00
3.191000000000000000e+03,9.991663571477089079e+01,2.000362197483284366e+00
3.192000000000000000e+03,9.991718046921177177e+01,2.000359829677352597e+00
3.193000000000000000e+03,9.991771940993407952e+01,2.000357487153780145e+00
3.194000000000000000e+03,9.991825262240008954e+01,2.000355169540696920e+00
3.195000000000000000e+03,9.991878019047113924e+01,2.000352876473202368e+00
3.196000000000000000e+03,9.991930219644414990e+01,2.000350607593207819e+00
3.197000000000000000e+03,9.991981872108715379e+01,2.000348362549282832e+00
3.198000000000000000e+03,9.992032984367385495e+01,2.000346140996501099e+00
3.199000000000000000e+03,9.992083564201719525e+01,2.000343942596296998e+00
3.200000000000000000e+03,9.992133619250222409e+01,2.000341767016322603e+00
3.201000000000000000e+03,9.992183157011787387e+01,2.000339613930306459e+00
3.202000000000000000e+03,9.992232184848802490e+01,2.000337483017922136e+00
3.203000000000000000e+03,9.992280709990177456e+01,2.000335373964652330e+00
3.204000000000000000e+03,9.992328739534282533e+01,2.000333286461664084e+00
3.205000000000000000e+03,9.992376280451819071e+01,2.000331220205681770e+00
3.206000000000000000e+03,9.992423339588610531e+01,2.000329174898866302e+00
3.207000000000000000e+03,9.992469923668325293e+01,2.000327150248697006e+00
3.208000000000000000e+03,9.992516039295124131e+01,2.000325145967854823e+00
3.209000000000000000e+03,9.992561692956248010e+01,2.000323161774110847e+00
3.210000000000000000e+03,9.992606891024531990e+01,2.000321197390216188e+00
3.211000000000000000e+03,9.992651639760862281e+01,2.000319252543795834e+00
3.212000000000000000e+03,9.992695945316565087e+01,2.000317326967242515e+00
3.213000000000000000e+03,9.992739813735735765e+01,2.000315420397617672e+00
3.214000000000000000e+03,9.992783250957516827e+01,2.000313532576551978e+00
3.215000000000000000e+03,9.992826262818311989e+01,2.000311663250145866e+00
3.216000000000000000e+03,9.992868855053944799e+01,2.000309812168880264e+00
3.217000000000000000e+03,9.992911033301767532e+01,2.000307979087520671e+00
3.218000000000000000e+03,9.992952803102720338e+01,2.000306163765029677e+00
3.219000000000000000e+03,9.992994169903327872e+01,2.000304365964478581e+00
3.220000000000000000e+03,9.993035139057661809e+01,2.000302585452964355e+00
3.221000000000000000e+03,9.993075715829246519e+01,2.000300822001523482e+00
3.222000000000000000e+03,9.993115905392917853e+01,2.000299075385052916e+00
3.223000000000000000e+03,9.993155712836644966e+01,2.000297345382231029e+00
3.224000000000000000e+03,9.993195143163298155e+01,2.000295631775439453e+00
3.225000000000000000e+03,9.993234201292382579e+01,2.000293934350687586e+00
3.226000000000000000e+03,9.993272892061720825e+01,2.000292252897540646e+00
3.227000000000000000e+03,9.993311220229108471e+01,2.000290587209046400e+00
3.228000000000000000e+03,9.993349190473919919e+01,2.000288937081665441e+00
3.229000000000000000e+03,9.993386807398675842e+01,2.000287302315203242e+00
3.230000000000000000e+03,9.993424075530585071e+01,2.000285682712743096e+00
3.231000000000000000e+03,9.993460999323032468e+01,2.000284078080580397e+00
3.232000000000000000e+03,9.993497583157049746e+01,2.000282488228160016e+00
3.233000000000000000e+03,9.993533831342739404e+01,2.000280912968012803e+00
3.234000000000000000e+03,9.993569748120674490e+01,2.000279352115696074e+00
3.235000000000000000e+03,9.993605337663254318e+01,2.000277805489733218e+00
3.236000000000000000e+03,9.993640604076043132e+01,2.000276272911556408e+00
3.237000000000000000e+03,9.993675551399068979e+01,2.000274754205450201e+00
3.238000000000000000e+03,9.993710183608091313e+01,2.000273249198494696e+00
3.239000000000000000e+03,9.993744504615848712e+01,2.000271757720513577e+00
3.240000000000000000e+03,9.993778518273265377e+01,2.000270279604019930e+00
3.241000000000000000e+03,9.993812228370646267e+01,2.000268814684164287e+00
3.242000000000000000e+03,9.993845638638829598e+01,2.000267362798684889e+00
3.243000000000000000e+03,9.993878752750322292e+01,2.000265923787858835e+00
3.244000000000000000e+03,9.993911574320406999e+01,2.000264497494452343e+00
3.245000000000000000e+03,9.993944106908229230e+01,2.000263083763675453e+00
3.246000000000000000e+03,9.993976354017848962e+01,2.000261682443133182e+00
3.247000000000000000e+03,9.994008319099282289e+01,2.000260293382784660e+00
3.248000000000000000e+03,9.994040005549513239e+01,2.000258916434894285e+00
3.249000000000000000e+03,9.994071416713480005e+01,2.000257551453992200e+00
3.250000000000000000e+03,9.994102555885048389e+01,2.000256198296830323e+00
3.251000000000000000e+03,9.994133426307952561e+01,2.000254856822341498e+00
3.252000000000000000e+03,9.994164031176730134e+01,2.000253526891599964e+00
3.253000000000000000e+03,9.994194373637621709e+01,2.000252208367780948e+00
3.254000000000000000e+03,9.994224456789457633e+01,2.000250901116121582e+00
3.255000000000000000e+03,9.994254283684530549e+01,2.000249605003884934e+00
3.256000000000000000e+03,9.994283857329439513e+01,2.000248319900321814e+00
3.257000000000000000e+03,9.994313180685924181e+01,2.000247045676634361e+00
3.258000000000000000e+03,9.994342256671671976e+01,2.000245782205941847e+00
3.259000000000000000e+03,9.994371088161121008e+01,2.000244529363244261e+00
3.260000000000000000e+03,9.994399677986231723e+01,2.000243287025390782e+00
3.261000000000000000e+03,9.994428028937255704e+01,2.000242055071044245e+00
3.262000000000000000e+03,9.994456143763476064e+01,2.000240833380650507e+00
3.263000000000000000e+03,9.994484025173939301e+01,2.000239621836405579e+00
3.264000000000000000e+03,9.994511675838170106e+01,2.000238420322224986e+00
3.265000000000000000e+03,9.994539098386873377e+01,2.000237228723712679e+00
3.266000000000000000e+03,9.994566295412619183e+01,2.000236046928132172e+00
3.267000000000000000e+03,9.994593269470512098e+01,2.000234874824376785e+00
3.268000000000000000e+03,9.994620023078844895e+01,2.000233712302940781e+00
3.269000000000000000e+03,9.994646558719753671e+01,2.000232559255892273e+00
3.270000000000000000e+03,9.994672878839837438e+01,2.000231415576843919e+00
3.271000000000000000e+03,9.994698985850779138e+01,2.000230281160928492e+00
3.272000000000000000e+03,9.994724882129951027e+01,2.000229155904770906e+00
3.273000000000000000e+03,9.994750570021007263e+01,2.000228039706462901e+00
3.274000000000000000e+03,9.994776051834465136e+01,2.000226932465538177e+00
3.275000000000000000e+03,9.994801329848269233e+01,2.000225834082946186e+00
3.276000000000000000e+03,9.994826406308357036e+01,2.000224744461029491e+00
3.277000000000000000e+03,9.994851283429197508e+01,2.000223663503499782e+00
3.278000000000000000e+03,9.994875963394326845e+01,2.000222591115413895e+00
3.279000000000000000e+03,9.994900448356877121e+01,2.000221527203151606e+00
3.280000000000000000e+03,9.994924740440087874e+01,2.000220471674392098e+00
3.281000000000000000e+03,9.994948841737809175e+01,2.000219424438093530e+00
3.282000000000000000e+03,9.994972754314996166e+01,2.000218385404471722e+00
3.283000000000000000e+03,9.994996480208190803e+01,2.000217354484976617e+00
3.284000000000000000e+03,9.995020021425999346e+01,2.000216331592275409e+00
3.285000000000000000e+03,9.995043379949558471e+01,2.000215316640228114e+00
3.286000000000000000e+03,9.995066557732984336e+01,2.000214309543871138e+00
3.287000000000000000e+03,9.995089556703827327e+01,2.000213310219396856e+00
3.288000000000000000e+03,9.995112378763506911e+01,2.000212318584133175e+00
3.289000000000000000e+03,9.995135025787742222e+01,2.000211334556526221e+00
3.290000000000000000e+03,9.995157499626971287e+01,2.000210358056122129e+00
3.291000000000000000e+03,9.995179802106770239e+01,2.000209389003547944e+00
3.292000000000000000e+03,9.995201935028249807e+01,2.000208427320495197e+00
3.293000000000000000e+03,9.995223900168461739e+01,2.000207472929701691e+00
3.294000000000000000e+03,9.995245699280785345e+01,2.000206525754934628e+00
3.295000000000000000e+03,9.995267334095308343e+01,2.000205585720974621e+00
3.296000000000000000e+03,9.995288806319204866e+01,2.000204652753598822e+00
3.297000000000000000e+03,9.995310117637100689e+01,2.000203726779564928e+00
3.298000000000000000e+03,9.995331269711438438e+01,2.000202807726595200e+00
3.299000000000000000e+03,9.995352264182831448e+01,2.000201895523361806e+00
3.300000000000000000e+03,9.995373102670406240e+01,2.000200990099471721e+00
3.301000000000000000e+03,9.995393786772150690e+01,2.000200091385450296e+00
3.302000000000000000e+03,9.995414318065246562e+01,2.000199199312728826e+00
3.303000000000000000e+03,9.995434698106396354e+01,2.000198313813628115e+00
3.304000000000000000e+03,9.995454928432144470e+01,2.000197434821346487e+00
3.305000000000000000e+03,9.995475010559201223e+01,2.000196562269945577e+00
3.306000000000000000e+03,9.995494945984746948e+01,2.000195696094334341e+00
3.307000000000000000e+03,9.995514736186736116e+01,2.000194836230259732e+00
3.308000000000000000e+03,9.995534382624205705e+01,2.000193982614290711e+00
3.309000000000000000e+03,9.995553886737555160e+01,2.000193135183807147e+00
3.310000000000000000e+03,9.995573249948849082e+01,2.000192293876985161e+00
3.311000000000000000e+03,9.995592473662090072e+01,2.000191458632788244e+00
3.312000000000000000e+03,9.995611559263502954e+01,2.000190629390951269e+00
3.313000000000000000e+03,9.995630508121806201e+01,2.000189806091971612e+00
3.314000000000000000e+03,9.995649321588476255e+01,2.000188988677095381e+00
3.315000000000000000e+03,9.995668000998020375e+01,2.000188177088308539e+00
3.316000000000000000e+03,9.995686547668222488e+01,2.000187371268321801e+00
3.317000000000000000e+03,9.995704962900410351e+01,2.000186571160563531e+00
3.318000000000000000e+03,9.995723247979692871e+01,2.000185776709166863e+00
3.319000000000000000e+03,9.995741404175213063e+01,2.000184987858958596e+00
3.320000000000000000e+03,9.995759432740389627e+01,2.000184204555450318e+00
3.321000000000000000e+03,9.995777334913144330e+01,2.000183426744826409e+00
3.322000000000000000e+03,9.995795111916143583e+01,2.000182654373935609e+00
3.323000000000000000e+03,9.995812764957022978e+01,2.000181887390280355e+00
3.324000000000000000e+03,9.995830295228608975e+01,2.000181125742006571e+00
3.325000000000000000e+03,9.995847703909144855e+01,2.000180369377893896e+00
3.326000000000000000e+03,9.995864992162499618e+01,2.000179618247348134e+00
3.327000000000000000e+03,9.995882161138389677e+01,2.000178872300390154e+00
3.328000000000000000e+03,9.995899211972577802e+01,2.000178131487647004e+00
3.329000000000000000e+03,9.995916145787086293e+01,2.000177395760343924e+00
3.330000000000000000e+03,9.995932963690393080e+01,2.000176665070294568e+00
3.331000000000000000e+03,9.995949666777633524e+01,2.000175939369893907e+00
3.332000000000000000e+03,9.995966256130795102e+01,2.000175218612107120e+00
3.333000000000000000e+03,9.995982732818906413e+01,2.000174502750463823e+00
3.334000000000000000e+03,9.995999097898226182e+01,2.000173791739049189e+00
3.335000000000000000e+03,9.996015352412430843e+01,2.000173085532494177e+00
3.336000000000000000e+03,9.996031497392793597e+01,2.000172384085970645e+00
3.337000000000000000e+03,9.996047533858360623e+01,2.000171687355180694e+00
3.338000000000000000e+03,9.996063462816135825e+01,2.000170995296351784e+00
3.339000000000000000e+03,9.996079285261241409e+01,2.000170307866226072e+00
3.340000000000000000e+03,9.996095002177098365e+01,2.000169625022055975e+00
3.341000000000000000e+03,9.996110614535588468e+01,2.000168946721595287e+00
3.342000000000000000e+03,9.996126123297217703e+01,2.000168272923091628e+00
3.343000000000000000e+03,9.996141529411278270e+01,2.000167603585281562e+00
3.344000000000000000e+03,9.996156833816009168e+01,2.000166938667381711e+00
3.345000000000000000e+03,9.996172037438752511e+01,2.000166278129081654e+00
3.346000000000000000e+03,9.996187141196102743e+01,2.000165621930539483e+00
3.347000000000000000e+03,9.996202145994062960e+01,2.000164970032373368e+00
3.348000000000000000e+03,9.996217052728188435e+01,2.000164322395655780e+00
3.349000000000000000e+03,9.996231862283735836e+01,2.000163678981906834e+00
3.350000000000000000e+03,9.996246575535808176e+01,2.000163039753088512e+00
3.351000000000000000e+03,9.996261193349492657e+01,2.000162404671597560e+00
3.352000000000000000e+03,9.996275716579997095e+01,2.000161773700260603e+00
3.353000000000000000e+03,9.996290146072796290e+01,2.000161146802328815e+00
3.354000000000000000e+03,9.996304482663758506e+01,2.000160523941468593e+00
3.355000000000000000e+03,9.996318727179277630e+01,2.000159905081759781e+00
3.356000000000000000e+03,9.996332880436406754e+01,2.000159290187688566e+00
3.357000000000000000e+03,9.996346943242988914e+01,2.000158679224140368e+00
3.358000000000000000e+03,9.996360916397770779e+01,2.000158072156397626e+00
3.359000000000000000e+03,9.996374800690543339e+01,2.000157468950130912e+00
3.360000000000000000e+03,9.996388596902251322e+01,2.000156869571396268e+00
3.361000000000000000e+03,9.996402305805116839e+01,2.000156273986628097e+00
3.362000000000000000e+03,9.996415928162758746e+01,2.000155682162635618e+00
3.363000000000000000e+03,9.996429464730307757e+01,2.000155094066596639e+00
3.364000000000000000e+03,9.996442916254524391e+01,2.000154509666053126e+00
3.365000000000000000e+03,9.996456283473902715e+01,2.000153928928906755e+00
3.366000000000000000e+03,9.996469567118791133e+01,2.000153351823413139e+00
3.367000000000000000e+03,9.996482767911493283e+01,2.000152778318176505e+00
3.368000000000000000e+03,9.996495886566384570e+01,2.000152208382147911e+00
3.369000000000000000e+03,9.996508923790004530e+01,2.000151641984617257e+00
3.370000000000000000e+03,9.996521880281176209e+01,2.000151079095210616e+00
3.371000000000000000e+03,9.996534756731097104e+01,2.000150519683886241e+00
3.372000000000000000e+03,9.996547553823441490e+01,2.000149963720928348e+00
3.373000000000000000e+03,9.996560272234466993e+01,2.000149411176944003e+00
3.374000000000000000e+03,9.996572912633102703e+01,2.000148862022859575e+00
3.375000000000000000e+03,9.996585475681054334e+01,2.000148316229914069e+00
3.376000000000000000e+03,9.996597962032888063e+01,2.000147773769658244e+00
3.377000000000000000e+03,9.996610372336135697e+01,2.000147234613948388e+00
3.378000000000000000e+03,9.996622707231377092e+01,2.000146698734941886e+00
3.379000000000000000e+03,9.996634967352336787e+01,2.000146166105095880e+00
3.380000000000000000e+03,9.996647153325967849e+01,2.000145636697160167e+00
3.381000000000000000e+03,9.996659265772542824e+01,2.000145110484176758e+00
3.382000000000000000e+03,9.996671305305741839e+01,2.000144587439473209e+00
3.383000000000000000e+03,9.996683272532730768e+01,2.000144067536659964e+00
3.384000000000000000e+03,9.996695168054250757e+01,2.000143550749627686e+00
3.385000000000000000e+03,9.996706992464702068e+01,2.000143037052541928e+00
3.386000000000000000e+03,9.996718746352216556e+01,2.000142526419841360e+00
3.387000000000000000e+03,9.996730430298748615e+01,2.000142018826233326e+00
3.388000000000000000e+03,9.996742044880146238e+01,2.000141514246689400e+00
3.389000000000000000e+03,9.996753590666230593e+01,2.000141012656444506e+00
3.390000000000000000e+03,9.996765068220875605e+01,2.000140514030991579e+00
3.391000000000000000e+03,9.996776478102077590e+01,2.000140018346078907e+00
3.392000000000000000e+03,9.996787820862033414e+01,2.000139525577707911e+00
3.393000000000000000e+03,9.996799097047214389e+01,2.000139035702126922e+00
3.394000000000000000e+03,9.996810307198434487e+01,2.000138548695832519e+00
3.395000000000000000e+03,9.996821451850922813e+01,2.000138064535561977e+00
3.396000000000000000e+03,9.996832531534396082e+01,2.000137583198294156e+00
3.397000000000000000e+03,9.996843546773123990e+01,2.000137104661242837e+00
3.398000000000000000e+03,9.996854498085998841e+01,2.000136628901857172e+00
3.399000000000000000e+03,9.996865385986602348e+01,2.000136155897815904e+00
3.400000000000000000e+03,9.996876210983270994e+01,2.000135685627026483e+00
3.401000000000000000e+03,9.996886973579158564e+01,2.000135218067621956e+00
3.402000000000000000e+03,9.996897674272308620e+01,2.000134753197956972e+00
3.403000000000000000e+03,9.996908313555705661e+01,2.000134290996605557e+00
3.404000000000000000e+03,9.996918891917344752e+01,2.000133831442360233e+00
3.405000000000000000e+03,9.996929409840295477e+01,2.000133374514226237e+00
3.406000000000000000e+03,9.996939867802751678e+01,2.000132920191421082e+00
3.407000000000000000e+03,9.996950266278101083e+01,2.000132468453371892e+00
3.408000000000000000e+03,9.996960605734980732e+01,2.000132019279711404e+00
3.409000000000000000e+03,9.996970886637330977e+01,2.000131572650276635e+00
3.410000000000000000e+03,9.996981109444458014e+01,2.000131128545106662e+00
3.411000000000000000e+03,9.996991274611087874e+01,2.000130686944439073e+00
3.412000000000000000e+03,9.997001382587421858e+01,2.000130247828708629e+00
3.413000000000000000e+03,9.997011433819187687e+01,2.000129811178544159e+00
3.414000000000000000e+03,9.997021428747699190e+01,2.000129376974766338e+00
3.415000000000000000e+03,9.997031367809907465e+01,2.000128945198386354e+00
3.416000000000000000e+03,9.997041251438450615e+01,2.000128515830601028e+00
3.417000000000000000e+03,9.997051080061707751e+01,2.000128088852794583e+00
3.418000000000000000e+03,9.997060854103848726e+01,2.000127664246531989e+00
3.419000000000000000e+03,9.997070573984883879e+01,2.000127241993561178e+00
3.420000000000000000e+03,9.997080240120715189e+01,2.000126822075807276e+00
3.421000000000000000e+03,9.997089852923184594e+01,2.000126404475371711e+00
3.422000000000000000e+03,9.997099412800120888e+01,2.000125989174531327e+00
3.423000000000000000e+03,9.997108920155385192e+01,2.000125576155735274e+00
3.424000000000000000e+03,9.997118375388924960e+01,2.000125165401601901e+00
3.425000000000000000e+03,9.997127778896810923e+01,2.000124756894919198e+00
3.426000000000000000e+03,9.997137131071289673e+01,2.000124350618640801e+00
3.427000000000000000e+03,9.997146432300823449e+01,2.000123946555884658e+00
3.428000000000000000e+03,9.997155682970137036e+01,2.000123544689931698e+00
3.429000000000000000e+03,9.997164883460263241e+01,2.000123145004222724e+00
3.430000000000000000e+03,9.997174034148581256e+01,2.000122747482358410e+00
3.431000000000000000e+03,9.997183135408860721e+01,2.000122352108095303e+00
3.432000000000000000e+03,9.997192187611304348e+01,2.000121958865344940e+00
3.433000000000000000e+03,9.997201191122590558e+01,2.000121567738172956e+00
3.434000000000000000e+03,9.997210146305911849e+01,2.000121178710795977e+00
3.435000000000000000e+03,9.997219053521014587e+01,2.000120791767579842e+00
3.436000000000000000e+03,9.997227913124240217e+01,2.000120406893039604e+00
3.437000000000000000e+03,9.997236725468565055e+01,2.000120024071835534e+00
3.438000000000000000e+03,9.997245490903637233e+01,2.000119643288773119e+00
3.439000000000000000e+03,9.997254209775812228e+01,2.000119264528801288e+00
3.440000000000000000e+03,9.997262882428196917e+01,2.000118887777008858e+00
3.441000000000000000e+03,9.997271509200680839e+01,2.000118513018626309e+00
3.442000000000000000e+03,9.997280090429975985e+01,2.000118140239020459e+00
3.443000000000000000e+03,9.997288626449648063e+01,2.000117769423696235e+00
3.444000000000000000e+03,9.997297117590161974e+01,2.000117400558292680e+00
3.445000000000000000e+03,9.997305564178903126e+01,2.000117033628582508e+00
3.446000000000000000e+03,9.997313966540225749e+01,2.000116668620471216e+00
3.447000000000000000e+03,9.997322324995477061e+01,2.000116305519993531e+00
3.448000000000000000e+03,9.997330639863035628e+01,2.000115944313314742e+00
3.449000000000000000e+03,9.997338911458342636e+01,2.000115584986726258e+00
3.450000000000000000e+03,9.997347140093937412e+01,2.000115227526646500e+00
3.451000000000000000e+03,9.997355326079487270e+01,2.000114871919619564e+00
3.452000000000000000e+03,9.997363469721818774e+01,2.000114518152310783e+00
3.453000000000000000e+03,9.997371571324954687e+01,2.000114166211509392e+00
3.454000000000000000e+03,9.997379631190135285e+01,2.000113816084124529e+00
3.455000000000000000e+03,9.997387649615860994e+01,2.000113467757185237e+00
3.456000000000000000e+03,9.997395626897913701e+01,2.000113121217837797e+00
3.457000000000000000e+03,9.997403563329389442e+01,2.000112776453345287e+00
3.458000000000000000e+03,9.997411459200728245e+01,2.000112433451087135e+00
3.459000000000000000e+03,9.997419314799746815e+01,2.000112092198556013e+00
3.460000000000000000e+03,9.997427130411658425e+01,2.000111752683357835e+00
3.461000000000000000e+03,9.997434906319109871e+01,2.000111414893210426e+00
3.462000000000000000e+03,9.997442642802205626e+01,2.000111078815941745e+00
3.463000000000000000e+03,9.997450340138536262e+01,2.000110744439488997e+00
3.464000000000000000e+03,9.997457998603206875e+01,2.000110411751897743e+00
3.465000000000000000e+03,9.997465618468861237e+01,2.000110080741320129e+00
3.466000000000000000e+03,9.997473200005710225e+01,2.000109751396014879e+00
3.467000000000000000e+03,9.997480743481560239e+01,2.000109423704343747e+00
3.468000000000000000e+03,9.997488249161834517e+01,2.000109097654772849e+00
3.469000000000000000e+03,9.997495717309604402e+01,2.000108773235871773e+00
3.470000000000000000e+03,9.997503148185607813e+01,2.000108450436309138e+00
3.471000000000000000e+03,9.997510542048280513e+01,2.000108129244855260e+00
3.472000000000000000e+03,9.997517899153777421e+01,2.000107809650379043e+00
3.473000000000000000e+03,9.997525219755998194e+01,2.000107491641847535e+00
3.474000000000000000e+03,9.997532504106609963e+01,2.000107175208325039e+00
3.475000000000000000e+03,9.997539752455074336e+01,2.000106860338970893e+00
3.476000000000000000e+03,9.997546965048667289e+01,2.000106547023040804e+00
3.477000000000000000e+03,9.997554142132503330e+01,2.000106235249883291e+00
3.478000000000000000e+03,9.997561283949558231e+01,2.000105925008939689e+00
3.479000000000000000e+03,9.997568390740694610e+01,2.000105616289744148e+00
3.480000000000000000e+03,9.997575462744677566e+01,2.000105309081920968e+00
3.481000000000000000e+03,9.997582500198207356e+01,2.000105003375185486e+00
3.482000000000000000e+03,9.997589503335926508e+01,2.000104699159340971e+00
3.483000000000000000e+03,9.997596472390458189e+01,2.000104396424279507e+00
3.484000000000000000e+03,9.997603407592411884e+01,2.000104095159980666e+00
3.485000000000000000e+03,9.997610309170414666e+01,2.000103795356508840e+00
3.486000000000000000e+03,9.997617177351128248e+01,2.000103497004015907e+00
3.487000000000000000e+03,9.997624012359268875e+01,2.000103200092736788e+00
3.488000000000000000e+03,9.997630814417631484e+01,2.000102904612990340e+00
3.489000000000000000e+03,9.997637583747102497e+01,2.000102610555178462e+00
3.490000000000000000e+03,9.997644320566683973e+01,2.000102317909785210e+00
3.491000000000000000e+03,9.997651025093517774e+01,2.000102026667374577e+00
3.492000000000000000e+03,9.997657697542892663e+01,2.000101736818592268e+00
3.493000000000000000e+03,9.997664338128276995e+01,2.000101448354162148e+00
3.494000000000000000e+03,9.997670947061328661e+01,2.000101161264887129e+00
3.495000000000000000e+03,9.997677524551912143e+01,2.000100875541647838e+00
3.496000000000000000e+03,9.997684070808126933e+01,2.000100591175402620e+00
3.497000000000000000e+03,9.997690586036316063e+01,2.000100308157184426e+00
3.498000000000000000e+03,9.997697070441088840e+01,2.000100026478103477e+00
3.499000000000000000e+03,9.997703524225333638e+01,2.000099746129343270e+00
3.500000000000000000e+03,9.997709947590244894e+01,2.000099467102161022e+00
3.501000000000000000e+03,9.997716340735327378e+01,2.000099189387888998e+00
3.502000000000000000e+03,9.997722703858424609e+01,2.000098912977929189e+00
3.503000000000000000e+03,9.997729037155731646e+01,2.000098637863757300e+00
3.504000000000000000e+03,9.997735340821807881e+01,2.000098364036919207e+00
3.505000000000000000e+03,9.997741615049598352e+01,2.000098091489031393e+00
3.506000000000000000e+03,9.997747860030450795e+01,2.000097820211778732e+00
3.507000000000000000e+03,9.997754075954128439e+01,2.000097550196916263e+00
3.508000000000000000e+03,9.997760263008824211e+01,2.000097281436266528e+00
3.509000000000000000e+03,9.997766421381182056e+01,2.000097013921719569e+00
3.510000000000000000e+03,9.997772551256311147e+01,2.000096747645231599e+00
3.511000000000000000e+03,9.997778652817792988e+01,2.000096482598826775e+00
3.512000000000000000e+03,9.997784726247711262e+01,2.000096218774592316e+00
3.513000000000000000e+03,9.997790771726653247e+01,2.000095956164681610e+00
3.514000000000000000e+03,9.997796789433733977e+01,2.000095694761312437e+00
3.515000000000000000e+03,9.997802779546601926e+01,2.000095434556765639e+00
3.516000000000000000e+03,9.997808742241464586e+01,2.000095175543384229e+00
3.517000000000000000e+03,9.997814677693091312e+01,2.000094917713574727e+00
3.518000000000000000e+03,9.997820586074837479e+01,2.000094661059804491e+00
3.519000000000000000e+03,9.997826467558648744e+01,2.000094405574602163e+00
3.520000000000000000e+03,9.997832322315085207e+01,2.000094151250557228e+00
3.521000000000000000e+03,9.997838150513327093e+01,2.000093898080318233e+00
3.522000000000000000e+03,9.997843952321188965e+01,2.000093646056593677e+00
3.523000000000000000e+03,9.997849727905139616e+01,2.000093395172150235e+00
3.524000000000000000e+03,9.997855477430306337e+01,2.000093145419813201e+00
3.525000000000000000e+03,9.997861201060493386e+01,2.000092896792465158e+00
3.526000000000000000e+03,9.997866898958196202e+01,2.000092649283045088e+00
3.527000000000000000e+03,9.997872571284607091e+01,2.000092402884549703e+00
3.528000000000000000e+03,9.997878218199635114e+01,2.000092157590030784e+00
3.529000000000000000e+03,9.997883839861916044e+01,2.000091913392595178e+00
3.530000000000000000e+03,9.997889436428823728e+01,2.000091670285405243e+00
3.531000000000000000e+03,9.997895008056480037e+01,2.000091428261677517e+00
3.532000000000000000e+03,9.997900554899776182e+01,2.000091187314681829e+00
3.533000000000000000e+03,9.997906077112371293e+01,2.000090947437741296e+00
3.534000000000000000e+03,9.997911574846713734e+01,2.000090708624232327e+00
3.535000000000000000e+03,9.997917048254051053e+01,2.000090470867583292e+00
3.536000000000000000e+03,9.997922497484439930e+01,2.000090234161274072e+00
3.537000000000000000e+03,9.997927922686754698e+01,2.000089998498836508e+00
3.538000000000000000e+03,9.997933324008707245e+01,2.000089763873851734e+00
3.539000000000000000e+03,9.997938701596849853e+01,2.000089530279952399e+00
3.540000000000000000e+03,9.997944055596586566e+01,2.000089297710821334e+00
3.541000000000000000e+03,9.997949386152193085e+01,2.000089066160188889e+00
3.542000000000000000e+03,9.997954693406812510e+01,2.000088835621836036e+00
3.543000000000000000e+03,9.997959977502482332e+01,2.000088606089591270e+00
3.544000000000000000e+03,9.997965238580131597e+01,2.000088377557331043e+00
3.545000000000000000e+03,9.997970476779600801e+01,2.000088150018979327e+00
3.546000000000000000e+03,9.997975692239641887e+01,2.000087923468508055e+00
3.547000000000000000e+03,9.997980885097942405e+01,2.000087697899934014e+00
3.548000000000000000e+03,9.997986055491122670e+01,2.000087473307321506e+00
3.549000000000000000e+03,9.997991203554749973e+01,2.000087249684780133e+00
3.550000000000000000e+03,9.997996329423354211e+01,2.000087027026464792e+00
3.551000000000000000e+03,9.998001433230426471e+01,2.000086805326575234e+00
3.552000000000000000e+03,9.998006515108438919e+01,2.000086584579355620e+00
3.553000000000000000e+03,9.998011575188849065e+01,2.000086364779094517e+00
3.554000000000000000e+03,9.998016613602109715e+01,2.000086145920123126e+00
3.555000000000000000e+03,9.998021630477678912e+01,2.000085927996817947e+00
3.556000000000000000e+03,9.998026625944028467e+01,2.000085711003595446e+00
3.557000000000000000e+03,9.998031600128655327e+01,2.000085494934917385e+00
3.558000000000000000e+03,9.998036553158087258e+01,2.000085279785285497e+00
3.559000000000000000e+03,9.998041485157892794e+01,2.000085065549244145e+00
3.560000000000000000e+03,9.998046396252692603e+01,2.000084852221378995e+00
3.561000000000000000e+03,9.998051286566165174e+01,2.000084639796315678e+00
3.562000000000000000e+03,9.998056156221055346e+01,2.000084428268722014e+00
3.563000000000000000e+03,9.998061005339185670e+01,2.000084217633304018e+00
3.564000000000000000e+03,9.998065834041462097e+01,2.000084007884809445e+00
3.565000000000000000e+03,9.998070642447882506e+01,2.000083799018023800e+00
3.566000000000000000e+03,9.998075430677546649e+01,2.000083591027772556e+00
3.567000000000000000e+03,9.998080198848664679e+01,2.000083383908919821e+00
3.568000000000000000e+03,9.998084947078562834e+01,2.000083177656368338e+00
3.569000000000000000e+03,9.998089675483690542e+01,2.000082972265057712e+00
3.570000000000000000e+03,9.998094384179634631e+01,2.000082767729966626e+00
3.571000000000000000e+03,9.998099073281117910e+01,2.000082564046110178e+00
3.572000000000000000e+03,9.998103742902016222e+01,2.000082361208540771e+00
3.573000000000000000e+03,9.998108393155359863e+01,2.000082159212347221e+00
3.574000000000000000e+03,9.998113024153342110e+01,2.000081958052655207e+00
3.575000000000000000e+03,9.998117636007329168e+01,2.000081757724626375e+00
3.576000000000000000e+03,9.998122228827865854e+01,2.000081558223457012e+00
3.577000000000000000e+03,9.998126802724682705e+01,2.000081359544380266e+00
3.578000000000000000e+03,9.998131357806703079e+01,2.000081161682663478e+00
3.579000000000000000e+03,9.998135894182051686e+01,2.000080964633608627e+00
3.580000000000000000e+03,9.998140411958061691e+01,2.000080768392552333e+00
3.581000000000000000e+03,9.998144911241281818e+01,2.000080572954865410e+00
3.582000000000000000e+03,9.998149392137477776e+01,2.000080378315952423e+00
3.583000000000000000e+03,9.998153854751649305e+01,2.000080184471251687e+00
3.584000000000000000e+03,9.998158299188028764e+01,2.000079991416234382e+00
3.585000000000000000e+03,9.998162725550091068e+01,2.000079799146404991e+00
3.586000000000000000e+03,9.998167133940560802e+01,2.000079607657299974e+00
3.587000000000000000e+03,9.998171524461417903e+01,2.000079416944488653e+00
3.588000000000000000e+03,9.998175897213903340e+01,2.000079227003572324e+00
3.589000000000000000e+03,9.998180252298527648e+01,2.000079037830184259e+00
3.590000000000000000e+03,9.998184589815075185e+01,2.000078849419988813e+00
3.591000000000000000e+03,9.998188909862612661e+01,2.000078661768682320e+00
3.592000000000000000e+03,9.998193212539494823e+01,2.000078474871991308e+00
3.593000000000000000e+03,9.998197497943367296e+01,2.000078288725672948e+00
3.594000000000000000e+03,9.998201766171177951e+01,2.000078103325515499e+00
3.595000000000000000e+03,9.998206017319181171e+01,2.000077918667336974e+00
3.596000000000000000e+03,9.998210251482942112e+01,2.000077734746985136e+00
3.597000000000000000e+03,9.998214468757342388e+01,2.000077551560337952e+00
3.598000000000000000e+03,9.998218669236592859e+01,2.000077369103302249e+00
3.599000000000000000e+03,9.998222853014226530e+01,2.000077187371813725e+00
3.600000000000000000e+03,9.998227020183118441e+01,2.000077006361837828e+00
3.601000000000000000e+03,9.998231170835481407e+01,2.000076826069367986e+00
3.602000000000000000e+03,9.998235305062875966e+01,2.000076646490426047e+00
3.603000000000000000e+03,9.998239422956214639e+01,2.000076467621062726e+00
3.604000000000000000e+03,9.998243524605769039e+01,2.000076289457355383e+00
3.605000000000000000e+03,9.998247610101174132e+01,2.000076111995409800e+00
3.606000000000000000e+03,9.998251679531431080e+01,2.000075935231359292e+00
3.607000000000000000e+03,9.998255732984921451e+01,2.000075759161363820e+00
3.608000000000000000e+03,9.998259770549400116e+01,2.000075583781610877e+00
3.609000000000000000e+03,9.998263792312012299e+01,2.000075409088314604e+00
3.610000000000000000e+03,9.998267798359287895e+01,2.000075235077714897e+00
3.611000000000000000e+03,9.998271788777155678e+01,2.000075061746078742e+00
3.612000000000000000e+03,9.998275763650946146e+01,2.000074889089699326e+00
3.613000000000000000e+03,9.998279723065391522e+01,2.000074717104894262e+00
3.614000000000000000e+03,9.998283667104638539e+01,2.000074545788008695e+00
3.615000000000000000e+03,9.998287595852245602e+01,2.000074375135412197e+00
3.616000000000000000e+03,9.998291509391194154e+01,2.000074205143498762e+00
3.617000000000000000e+03,9.998295407803891521e+01,2.000074035808689032e+00
3.618000000000000000e+03,9.998299291172173753e+01,2.000073867127426741e+00
3.619000000000000000e+03,9.998303159577311305e+01,2.000073699096181379e+00
3.620000000000000000e+03,9.998307013100016150e+01,2.000073531711446417e+00
3.621000000000000000e+03,9.998310851820443190e+01,2.000073364969739753e+00
3.622000000000000000e+03,9.998314675818198793e+01,2.000073198867601931e+00
3.623000000000000000e+03,9.998318485172337944e+01,2.000073033401598810e+00
3.624000000000000000e+03,9.998322279961379877e+01,2.000072868568318896e+00
3.625000000000000000e+03,9.998326060263300974e+01,2.000072704364374676e+00
3.626000000000000000e+03,9.998329826155548972e+01,2.000072540786401287e+00
3.627000000000000000e+03,9.998333577715041542e+01,2.000072377831056958e+00
3.628000000000000000e+03,9.998337315018170557e+01,2.000072215495022565e+00
3.629000000000000000e+03,9.998341038140812032e+01,2.000072053775001635e+00
3.630000000000000000e+03,9.998344747158323287e+01,2.000071892667720785e+00
3.631000000000000000e+03,9.998348442145550052e+01,2.000071732169927508e+00
3.632000000000000000e+03,9.998352123176833572e+01,2.000071572278392829e+00
3.633000000000000000e+03,9.998355790326012027e+01,2.000071412989907760e+00
3.634000000000000000e+03,9.998359443666421953e+01,2.000071254301286849e+00
3.635000000000000000e+03,9.998363083270908191e+01,2.000071096209365518e+00
3.636000000000000000e+03,9.998366709211825309e+01,2.000070938710999613e+00
3.637000000000000000e+03,9.998370321561037599e+01,2.000070781803067188e+00
3.638000000000000000e+03,9.998373920389929026e+01,2.000070625482467612e+00
3.639000000000000000e+03,9.998377505769407492e+01,2.000070469746118906e+00
3.640000000000000000e+03,9.998381077769900571e+01,2.000070314590962628e+00
3.641000000000000000e+03,9.998384636461371144e+01,2.000070160013958542e+00
3.642000000000000000e+03,9.998388181913308870e+01,2.000070006012087731e+00
3.643000000000000000e+03,9.998391714194742974e+01,2.000069852582351260e+00
3.644000000000000000e+03,9.998395233374246516e+01,2.000069699721769734e+00
3.645000000000000000e+03,9.998398739519929279e+01,2.000069547427384631e+00
3.646000000000000000e+03,9.998402232699453407e+01,2.000069395696255636e+00
3.647000000000000000e+03,9.998405712980033400e+01,2.000069244525463308e+00
3.648000000000000000e+03,9.998409180428437537e+01,2.000069093912106410e+00
3.649000000000000000e+03,9.998412635110990720e+01,2.000068943853303693e+00
3.650000000000000000e+03,9.998416077093581578e+01,2.000068794346192558e+00
3.651000000000000000e+03,9.998419506441666726e+01,2.000068645387929500e+00
3.652000000000000000e+03,9.998422923220267933e+01,2.000068496975688781e+00
3.653000000000000000e+03,9.998426327493982058e+01,2.000068349106665089e+00
3.654000000000000000e+03,9.998429719326981058e+01,2.000068201778069987e+00
3.655000000000000000e+03,9.998433098783017670e+01,2.000068054987133692e+00
3.656000000000000000e+03,9.998436465925423988e+01,2.000067908731104627e+00
3.657000000000000000e+03,9.998439820817119994e+01,2.000067763007249866e+00
3.658000000000000000e+03,9.998443163520617816e+01,2.000067617812852472e+00
3.659000000000000000e+03,9.998446494098018889e+01,2.000067473145215491e+00
3.660000000000000000e+03,9.998449812611019638e+01,2.000067329001658401e+00
3.661000000000000000e+03,9.998453119120917165e+01,2.000067185379517554e+00
3.662000000000000000e+03,9.998456413688612088e+01,2.000067042276147955e+00
3.663000000000000000e+03,9.998459696374607120e+01,2.000066899688920152e+00
3.664000000000000000e+03,9.998462967239015597e+01,2.000066757615223345e+00
3.665000000000000000e+03,9.998466226341561480e+01,2.000066616052462720e+00
3.666000000000000000e+03,9.998469473741583613e+01,2.000066474998059896e+00
3.667000000000000000e+03,9.998472709498037148e+01,2.000066334449454253e+00
3.668000000000000000e+03,9.998475933669499227e+01,2.000066194404100273e+00
3.669000000000000000e+03,9.998479146314170407e+01,2.000066054859469755e+00
3.670000000000000000e+03,9.998482347489876076e+01,2.000065915813050932e+00
3.671000000000000000e+03,9.998485537254073563e+01,2.000065777262346689e+00
3.672000000000000000e+03,9.998488715663849291e+01,2.000065639204877677e+00
3.673000000000000000e+03,9.998491882775925887e+01,2.000065501638179644e+00
3.674000000000000000e+03,9.998495038646666444e+01,2.000065364559803438e+00
3.675000000000000000e+03,9.998498183332070255e+01,2.000065227967316339e+00
3.676000000000000000e+03,9.998501316887782764e+01,2.000065091858301169e+00
3.677000000000000000e+03,9.998504439369096986e+01,2.000064956230355406e+00
3.678000000000000000e+03,9.998507550830952084e+01,2.000064821081092514e+00
3.679000000000000000e+03,9.998510651327937637e+01,2.000064686408141057e+00
3.680000000000000000e+03,9.998513740914303582e+01,2.000064552209143809e+00
3.681000000000000000e+03,9.998516819643951692e+01,2.000064418481759532e+00
3.682000000000000000e+03,9.998519887570442677e+01,2.000064285223660754e+00
3.683000000000000000e+03,9.998522944747004715e+01,2.000064152432535103e+00
3.684000000000000000e+03,9.998525991226524923e+01,2.000064020106085749e+00
3.685000000000000000e+03,9.998529027061563568e+01,2.000063888242028298e+00
3.686000000000000000e+03,9.998532052304344120e+01,2.000063756838094342e+00
3.687000000000000000e+03,9.998535067006768884e+01,2.000063625892029240e+00
3.688000000000000000e+03,9.998538071220411894e+01,2.000063495401592117e+00
3.689000000000000000e+03,9.998541064996523176e+01,2.000063365364556311e+00
3.690000000000000000e+03,9.998544048386035854e+01,2.000063235778709814e+00
3.691000000000000000e+03,9.998547021439564730e+01,2.000063106641853050e+00
3.692000000000000000e+03,9.998549984207406283e+01,2.000062977951801102e+00
3.693000000000000000e+03,9.998552936739548613e+01,2.000062849706382817e+00
3.694000000000000000e+03,9.998555879085664344e+01,2.000062721903439478e+00
3.695000000000000000e+03,9.998558811295121984e+01,2.000062594540826577e+00
3.696000000000000000e+03,9.998561733416981667e+01,2.000062467616412931e+00
3.697000000000000000e+03,9.998564645500002257e+01,2.000062341128080234e+00
3.698000000000000000e+03,9.998567547592637084e+01,2.000062215073723504e+00
3.699000000000000000e+03,9.998570439743045313e+01,2.000062089451250635e+00
3.700000000000000000e+03,9.998573321999086261e+01,2.000061964258582403e+00
3.701000000000000000e+03,9.998576194408323659e+01,2.000061839493652016e+00
3.702000000000000000e+03,9.998579057018034177e+01,2.000061715154406450e+00
3.703000000000000000e+03,9.998581909875197482e+01,2.000061591238803782e+00
3.704000000000000000e+03,9.998584753026509020e+01,2.000061467744816301e+00
3.705000000000000000e+03,9.998587586518378600e+01,2.000061344670427399e+00
3.706000000000000000e+03,9.998590410396930395e+01,2.000061222013633344e+00
3.707000000000000000e+03,9.998593224708008620e+01,2.000061099772442397e+00
3.708000000000000000e+03,9.998596029497174698e+01,2.000060977944875251e+00
3.709000000000000000e+03,9.998598824809717200e+01,2.000060856528964592e+00
3.710000000000000000e+03,9.998601610690646169e+01,2.000060735522754651e+00
3.711000000000000000e+03,9.998604387184697373e+01,2.000060614924302538e+00
3.712000000000000000e+03,9.998607154336337999e+01,2.000060494731676020e+00
3.713000000000000000e+03,9.998609912189763804e+01,2.000060374942955299e+00
3.714000000000000000e+03,9.998612660788904805e+01,2.000060255556232125e+00
3.715000000000000000e+03,9.998615400177422430e+01,2.000060136569609348e+00
3.716000000000000000e+03,9.998618130398718051e+01,2.000060017981201366e+00
3.717000000000000000e+03,9.998620851495928719e+01,2.000059899789134565e+00
3.718000000000000000e+03,9.998623563511934265e+01,2.000059781991545993e+00
3.719000000000000000e+03,9.998626266489353043e+01,2.000059664586583796e+00
3.720000000000000000e+03,9.998628960470553295e+01,2.000059547572408114e+00
3.721000000000000000e+03,9.998631645497643206e+01,2.000059430947188854e+00
3.722000000000000000e+03,9.998634321612482267e+01,2.000059314709108360e+00
3.723000000000000000e+03,9.998636988856677021e+01,2.000059198856358300e+00
3.724000000000000000e+03,9.998639647271589581e+01,2.000059083387142334e+00
3.725000000000000000e+03,9.998642296898331949e+01,2.000058968299674333e+00
3.726000000000000000e+03,9.998644937777770281e+01,2.000058853592178831e+00
3.727000000000000000e+03,9.998647569950531988e+01,2.000058739262891017e+00
3.728000000000000000e+03,9.998650193456998636e+01,2.000058625310056737e+00
3.729000000000000000e+03,9.998652808337313047e+01,2.000058511731931610e+00
3.730000000000000000e+03,9.998655414631383564e+01,2.000058398526781911e+00
3.731000000000000000e+03,9.998658012378876947e+01,2.000058285692885018e+00
3.732000000000000000e+03,9.998660601619228316e+01,2.000058173228527192e+00
3.733000000000000000e+03,9.998663182391639737e+01,2.000058061132005793e+00
3.734000000000000000e+03,9.998665754735083055e+01,2.000057949401627511e+00
3.735000000000000000e+03,9.998668318688298484e+01,2.000057838035709690e+00
3.736000000000000000e+03,9.998670874289798860e+01,2.000057727032578558e+00
3.737000000000000000e+03,9.998673421577872489e+01,2.000057616390571891e+00
3.738000000000000000e+03,9.998675960590580303e+01,2.000057506108035010e+00
3.739000000000000000e+03,9.998678491365761545e+01,2.000057396183324787e+00
3.740000000000000000e+03,9.998681013941035189e+01,2.000057286614806973e+00
3.741000000000000000e+03,9.998683528353797101e+01,2.000057177400856645e+00
3.742000000000000000e+03,9.998686034641229980e+01,2.000057068539859095e+00
3.743000000000000000e+03,9.998688532840291998e+01,2.000056960030208053e+00
3.744000000000000000e+03,9.998691022987735266e+01,2.000056851870307018e+00
3.745000000000000000e+03,9.998693505120090208e+01,2.000056744058569702e+00
3.746000000000000000e+03,9.998695979273679768e+01,2.000056636593417814e+00
3.747000000000000000e+03,9.998698445484613728e+01,2.000056529473282385e+00
3.748000000000000000e+03,9.998700903788794392e+01,2.000056422696603775e+00
3.749000000000000000e+03,9.998703354221915163e+01,2.000056316261831668e+00
3.750000000000000000e+03,9.998705796819463387e+01,2.000056210167424187e+00
3.751000000000000000e+03,9.998708231616721775e+01,2.000056104411848779e+00
3.752000000000000000e+03,9.998710658648769822e+01,2.000055998993581330e+00
3.753000000000000000e+03,9.998713077950483807e+01,2.000055893911107052e+00
3.754000000000000000e+03,9.998715489556539637e+01,2.000055789162919151e+00
3.755000000000000000e+03,9.998717893501417109e+01,2.000055684747519713e+00
3.756000000000000000e+03,9.998720289819392804e+01,2.000055580663420152e+00
3.757000000000000000e+03,9.998722678544551457e+01,2.000055476909139429e+00
3.758000000000000000e+03,9.998725059710781693e+01,2.000055373483205834e+00
3.759000000000000000e+03,9.998727433351776028e+01,2.000055270384154760e+00
3.760000000000000000e+03,9.998729799501036553e+01,2.000055167610531370e+00
3.761000000000000000e+03,9.998732158191876351e+01,2.000055065160888823e+00
3.762000000000000000e+03,9.998734509457413822e+01,2.000054963033787825e+00
3.763000000000000000e+03,9.998736853330584040e+01,2.000054861227797964e+00
3.764000000000000000e+03,9.998739189844131658e+01,2.000054759741496380e+00
3.765000000000000000e+03,9.998741519030616587e+01,2.000054658573469091e+00
3.766000000000000000e+03,9.998743840922413995e+01,2.000054557722309667e+00
3.767000000000000000e+03,9.998746155551717152e+01,2.000054457186618784e+00
3.768000000000000000e+03,9.998748462950534588e+01,2.000054356965006885e+00
3.769000000000000000e+03,9.998750763150698617e+01,2.000054257056090634e+00
3.770000000000000000e+03,9.998753056183855392e+01,2.000054157458495130e+00
3.771000000000000000e+03,9.998755342081479114e+01,2.000054058170853466e+00
3.772000000000000000e+03,9.998757620874864926e+01,2.000053959191805841e+00
3.773000000000000000e+03,9.998759892595128917e+01,2.000053860520000892e+00
3.774000000000000000e+03,9.998762157273218065e+01,2.000053762154093917e+00
3.775000000000000000e+03,9.998764414939900291e+01,2.000053664092748207e+00
3.776000000000000000e+03,9.998766665625775829e+01,2.000053566334634603e+00
3.777000000000000000e+03,9.998768909361271540e+01,2.000053468878431495e+00
3.778000000000000000e+03,9.998771146176645175e+01,2.000053371722824380e+00
3.779000000000000000e+03,9.998773376101985377e+01,2.000053274866505859e+00
3.780000000000000000e+03,9.998775599167213102e+01,2.000053178308176527e+00
3.781000000000000000e+03,9.998777815402081615e+01,2.000053082046543196e+00
3.782000000000000000e+03,9.998780024836180758e+01,2.000052986080321560e+00
3.783000000000000000e+03,9.998782227498935526e+01,2.000052890408232198e+00
3.784000000000000000e+03,9.998784423419607492e+01,2.000052795029004571e+00
3.785000000000000000e+03,9.998786612627296222e+01,2.000052699941374357e+00
3.786000000000000000e+03,9.998788795150939279e+01,2.000052605144084783e+00
3.787000000000000000e+03,9.998790971019317908e+01,2.000052510635885294e+00
3.788000000000000000e+03,9.998793140261049928e+01,2.000052416415532441e+00
3.789000000000000000e+03,9.998795302904598259e+01,2.000052322481790323e+00
3.790000000000000000e+03,9.998797458978268082e+01,2.000052228833428813e+00
3.791000000000000000e+03,9.998799608510209680e+01,2.000052135469225334e+00
3.792000000000000000e+03,9.998801751528417014e+01,2.000052042387963525e+00
3.793000000000000000e+03,9.998803888060733414e+01,2.000051949588434130e+00
3.794000000000000000e+03,9.998806018134847307e+01,2.000051857069434558e+00
3.795000000000000000e+03,9.998808141778296488e+01,2.000051764829767986e+00
3.796000000000000000e+03,9.998810259018468116e+01,2.000051672868244701e+00
3.797000000000000000e+03,9.998812369882598716e+01,2.000051581183682092e+00
3.798000000000000000e+03,9.998814474397778440e+01,2.000051489774902436e+00
3.799000000000000000e+03,9.998816572590948226e+01,2.000051398640736444e+00
3.800000000000000000e+03,9.998818664488902641e+01,2.000051307780019272e+00
3.801000000000000000e+03,9.998820750118292722e+01,2.000051217191593622e+00
3.802000000000000000e+03,9.998822829505620291e+01,2.000051126874308416e+00
3.803000000000000000e+03,9.998824902677247906e+01,2.000051036827017903e+00
3.804000000000000000e+03,9.998826969659393171e+01,2.000050947048582994e+00
3.805000000000000000e+03,9.998829030478134428e+01,2.000050857537871707e+00
3.806000000000000000e+03,9.998831085159403642e+01,2.000050768293756942e+00
3.807000000000000000e+03,9.998833133728999201e+01,2.000050679315118263e+00
3.808000000000000000e+03,9.998835176212577380e+01,2.000050590600840561e+00
3.809000000000000000e+03,9.998837212635655192e+01,2.000050502149816278e+00
3.810000000000000000e+03,9.998839243023614642e+01,2.000050413960941853e+00
3.811000000000000000e+03,9.998841267401701316e+01,2.000050326033121273e+00
3.812000000000000000e+03,9.998843285795024372e+01,2.000050238365263411e+00
3.813000000000000000e+03,9.998845298228556544e+01,2.000050150956283801e+00
3.814000000000000000e+03,9.998847304727142671e+01,2.000050063805102862e+00
3.815000000000000000e+03,9.998849305315488323e+01,2.000049976910647231e+00
3.816000000000000000e+03,9.998851300018171173e+01,2.000049890271849762e+00
3.817000000000000000e+03,9.998853288859636734e+01,2.000049803887647748e+00
3.818000000000000000e+03,9.998855271864199779e+01,2.000049717756985590e+00
3.819000000000000000e+03,9.998857249056045760e+01,2.000049631878812573e+00
3.820000000000000000e+03,9.998859220459232233e+01,2.000049546252083754e+00
3.821000000000000000e+03,9.998861186097688858e+01,2.000049460875759078e+00
3.822000000000000000e+03,9.998863145995218815e+01,2.000049375748804703e+00
3.823000000000000000e+03,9.998865100175498810e+01,2.000049290870192120e+00
3.824000000000000000e+03,9.998867048662079071e+01,2.000049206238898591e+00
3.825000000000000000e+03,9.998868991478386192e+01,2.000049121853906264e+00
3.826000000000000000e+03,9.998870928647723133e+01,2.000049037714203060e+00
3.827000000000000000e+03,9.998872860193272061e+01,2.000048953818781339e+00
3.828000000000000000e+03,9.998874786138088666e+01,2.000048870166640125e+00
3.829000000000000000e+03,9.998876706505112111e+01,2.000048786756782437e+00
3.830000000000000000e+03,9.998878621317157922e+01,2.000048703588217514e+00
3.831000000000000000e+03,9.998880530596922256e+01,2.000048620659959475e+00
3.832000000000000000e+03,9.998882434366981897e+01,2.000048537971027329e+00
3.833000000000000000e+03,9.998884332649798523e+01,2.000048455520445412e+00
3.834000000000000000e+03,9.998886225467713018e+01,2.000048373307243388e+00
3.835000000000000000e+03,9.998888112842949738e+01,2.000048291330455807e+00
3.836000000000000000e+03,9.998889994797617931e+01,2.000048209589122106e+00
3.837000000000000000e+03,9.998891871353711736e+01,2.000048128082286603e+00
3.838000000000000000e+03,9.998893742533111606e+01,2.000048046808999391e+00
3.839000000000000000e+03,9.998895608357582887e+01,2.000047965768314562e+00
3.840000000000000000e+03,9.998897468848775816e+01,2.000047884959291977e+00
3.841000000000000000e+03,9.998899324028232627e+01,2.000047804380995053e+00
3.842000000000000000e+03,9.998901173917381868e+01,2.000047724032493868e+00
3.843000000000000000e+03,9.998903018537539822e+01,2.000047643912862050e+00
3.844000000000000000e+03,9.998904857909914767e+01,2.000047564021178115e+00
3.845000000000000000e+03,9.998906692055604140e+01,2.000047484356525906e+00
3.846000000000000000e+03,9.998908520995595950e+01,2.000047404917993266e+00
3.847000000000000000e+03,9.998910344750771628e+01,2.000047325704673806e+00
3.848000000000000000e+03,9.998912163341904602e+01,2.000047246715664251e+00
3.849000000000000000e+03,9.998913976789658875e+01,2.000047167950067983e+00
3.850000000000000000e+03,9.998915785114597554e+01,2.000047089406990608e+00
3.851000000000000000e+03,9.998917588337174323e+01,2.000047011085544391e+00
3.852000000000000000e+03,9.998919386477737703e+01,2.000046932984845593e+00
3.853000000000000000e+03,9.998921179556533900e+01,2.000046855104014032e+00
3.854000000000000000e+03,9.998922967593705380e+01,2.000046777442174850e+00
3.855000000000000000e+03,9.998924750609290868e+01,2.000046699998457633e+00
3.856000000000000000e+03,9.998926528623226773e+01,2.000046622771996851e+00
3.857000000000000000e+03,9.998928301655348605e+01,2.000046545761930084e+00
3.858000000000000000e+03,9.998930069725390979e+01,2.000046468967400681e+00
3.859000000000000000e+03,9.998931832852986190e+01,2.000046392387555105e+00
3.860000000000000000e+03,9.998933591057669901e+01,2.000046316021545589e+00
3.861000000000000000e+03,9.998935344358875454e+01,2.000046239868527476e+00
3.862000000000000000e+03,9.998937092775940982e+01,2.000046163927660547e+00
3.863000000000000000e+03,9.998938836328103719e+01,2.000046088198109473e+00
3.864000000000000000e+03,9.998940575034504263e+01,2.000046012679042473e+00
3.865000000000000000e+03,9.998942308914188004e+01,2.000045937369632654e+00
3.866000000000000000e+03,9.998944037986103694e+01,2.000045862269056673e+00
3.867000000000000000e+03,9.998945762269103454e+01,2.000045787376495632e+00
3.868000000000000000e+03,9.998947481781944191e+01,2.000045712691134625e+00
3.869000000000000000e+03,9.998949196543290441e+01,2.000045638212162746e+00
3.870000000000000000e+03,9.998950906571710107e+01,2.000045563938773974e+00
3.871000000000000000e+03,9.998952611885682984e+01,2.000045489870164950e+00
3.872000000000000000e+03,9.998954312503589392e+01,2.000045416005537646e+00
3.873000000000000000e+03,9.998956008443722965e+01,2.000045342344096699e+00
3.874000000000000000e+03,9.998957699724283543e+01,2.000045268885052518e+00
3.875000000000000000e+03,9.998959386363378599e+01,2.000045195627617733e+00
3.876000000000000000e+03,9.998961068379030337e+01,2.000045122571009859e+00
3.877000000000000000e+03,9.998962745789164330e+01,2.000045049714450407e+00
3.878000000000000000e+03,9.998964418611622307e+01,2.000044977057163997e+00
3.879000000000000000e+03,9.998966086864153624e+01,2.000044904598379247e+00
3.880000000000000000e+03,9.998967750564420953e+01,2.000044832337329659e+00
3.881000000000000000e+03,9.998969409730000280e+01,2.000044760273250954e+00
3.882000000000000000e+03,9.998971064378378060e+01,2.000044688405384630e+00
3.883000000000000000e+03,9.998972714526956906e+01,2.000044616732973513e+00
3.884000000000000000e+03,9.998974360193051325e+01,2.000044545255266204e+00
3.885000000000000000e+03,9.998976001393889135e+01,2.000044473971513970e+00
3.886000000000000000e+03,9.998977638146614311e+01,2.000044402880972516e+00
3.887000000000000000e+03,9.998979270468289826e+01,2.000044331982900214e+00
3.888000000000000000e+03,9.998980898375887705e+01,2.000044261276560320e+00
3.889000000000000000e+03,9.998982521886300390e+01,2.000044190761218310e+00
3.890000000000000000e+03,9.998984141016339322e+01,2.000044120436144546e+00
3.891000000000000000e+03,9.998985755782727836e+01,2.000044050300612053e+00
3.892000000000000000e+03,9.998987366202112526e+01,2.000043980353898299e+00
3.893000000000000000e+03,9.998988972291053301e+01,2.000043910595283414e+00
3.894000000000000000e+03,9.998990574066034753e+01,2.000043841024051527e+00
3.895000000000000000e+03,9.998992171543454788e+01,2.000043771639490320e+00
3.896000000000000000e+03,9.998993764739637413e+01,2.000043702440891025e+00
3.897000000000000000e+03,9.998995353670821373e+01,2.000043633427547540e+00
3.898000000000000000e+03,9.998996938353168673e+01,2.000043564598758206e+00
3.899000000000000000e+03,9.998998518802763158e+01,2.000043495953824468e+00
3.900000000000000000e+03,9.999000095035610514e+01,2.000043427492050441e+00
3.901000000000000000e+03,9.999001667067636845e+01,2.000043359212745120e+00
3.902000000000000000e+03,9.999003234914691518e+01,2.000043291115219724e+00
3.903000000000000000e+03,9.999004798592548582e+01,2.000043223198789022e+00
3.904000000000000000e+03,9.999006358116903925e+01,2.000043155462770894e+00
3.905000000000000000e+03,9.999007913503378120e+01,2.000043087906487216e+00
3.906000000000000000e+03,9.999009464767514999e+01,2.000043020529262527e+00
3.907000000000000000e+03,9.999011011924787340e+01,2.000042953330424922e+00
3.908000000000000000e+03,9.999012554990588342e+01,2.000042886309305601e+00
3.909000000000000000e+03,9.999014093980240148e+01,2.000042819465238875e+00
3.910000000000000000e+03,9.999015628908988162e+01,2.000042752797562606e+00
3.911000000000000000e+03,9.999017159792009579e+01,2.000042686305617323e+00
3.912000000000000000e+03,9.999018686644402010e+01,2.000042619988747994e+00
3.913000000000000000e+03,9.999020209481196275e+01,2.000042553846300475e+00
3.914000000000000000e+03,9.999021728317347879e+01,2.000042487877625952e+00
3.915000000000000000e+03,9.999023243167742692e+01,2.000042422082077831e+00
3.916000000000000000e+03,9.999024754047194108e+01,2.000042356459012183e+00
3.917000000000000000e+03,9.999026260970444469e+01,2.000042291007788631e+00
3.918000000000000000e+03,9.999027763952165060e+01,2.000042225727770351e+00
3.919000000000000000e+03,9.999029263006961799e+01,2.000042160618322296e+00
3.920000000000000000e+03,9.999030758149365283e+01,2.000042095678813858e+00
3.921000000000000000e+03,9.999032249393839322e+01,2.000042030908616209e+00
3.922000000000000000e+03,9.999033736754779511e+01,2.000041966307104069e+00
3.923000000000000000e+03,9.999035220246511813e+01,2.000041901873655714e+00
3.924000000000000000e+03,9.999036699883296819e+01,2.000041837607651196e+00
3.925000000000000000e+03,9.999038175679322649e+01,2.000041773508474119e+00
3.926000000000000000e+03,9.999039647648714890e+01,2.000041709575511195e+00
3.927000000000000000e+03,9.999041115805530922e+01,2.000041645808151358e+00
3.928000000000000000e+03,9.999042580163759908e+01,2.000041582205787538e+00
3.929000000000000000e+03,9.999044040737327066e+01,2.000041518767814441e+00
3.930000000000000000e+03,9.999045497540092242e+01,2.000041455493630327e+00
3.931000000000000000e+03,9.999046950585848492e+01,2.000041392382635230e+00
3.932000000000000000e+03,9.999048399888323502e+01,2.000041329434233628e+00
3.933000000000000000e+03,9.999049845461182429e+01,2.000041266647832217e+00
3.934000000000000000e+03,9.999051287318026482e+01,2.000041204022839025e+00
3.935000000000000000e+03,9.999052725472388659e+01,2.000041141558667412e+00
3.936000000000000000e+03,9.999054159937745112e+01,2.000041079254730736e+00
3.937000000000000000e+03,9.999055590727503784e+01,2.000041017110447683e+00
3.938000000000000000e+03,9.999057017855011509e+01,2.000040955125238273e+00
3.939000000000000000e+03,9.999058441333552594e+01,2.000040893298524747e+00
3.940000000000000000e+03,9.999059861176351660e+01,2.000040831629733340e+00
3.941000000000000000e+03,9.999061277396567959e+01,2.000040770118292510e+00
3.942000000000000000e+03,9.999062690007301057e+01,2.000040708763632491e+00
3.943000000000000000e+03,9.999064099021590835e+01,2.000040647565187513e+00
3.944000000000000000e+03,9.999065504452414643e+01,2.000040586522393582e+00
3.945000000000000000e+03,9.999066906312690151e+01,2.000040525634689814e+00
3.946000000000000000e+03,9.999068304615275338e+01,2.000040464901517545e+00
3.947000000000000000e+03,9.999069699372968500e+01,2.000040404322320331e+00
3.948000000000000000e+03,9.999071090598508249e+01,2.000040343896545725e+00
3.949000000000000000e+03,9.999072478304574929e+01,2.000040283623642612e+00
3.950000000000000000e+03,9.999073862503790622e+01,2.000040223503062098e+00
3.951000000000000000e+03,9.999075243208719144e+01,2.000040163534259285e+00
3.952000000000000000e+03,9.999076620431864626e+01,2.000040103716690609e+00
3.953000000000000000e+03,9.999077994185674356e+01,2.000040044049815169e+00
3.954000000000000000e+03,9.999079364482540200e+01,2.000039984533095172e+00
3.955000000000000000e+03,9.999080731334794336e+01,2.000039925165994159e+00
3.956000000000000000e+03,9.999082094754714944e+01,2.000039865947979667e+00
3.957000000000000000e+03,9.999083454754521938e+01,2.000039806878520565e+00
3.958000000000000000e+03,9.999084811346379809e+01,2.000039747957088387e+00
3.959000000000000000e+03,9.999086164542396205e+01,2.000039689183157332e+00
3.960000000000000000e+03,9.999087514354627615e+01,2.000039630556203374e+00
3.961000000000000000e+03,9.999088860795069422e+01,2.000039572075705596e+00
3.962000000000000000e+03,9.999090203875665850e+01,2.000039513741145303e+00
3.963000000000000000e+03,9.999091543608307120e+01,2.000039455552005574e+00
3.964000000000000000e+03,9.999092880004826611e+01,2.000039397507773042e+00
3.965000000000000000e+03,9.999094213077007964e+01,2.000039339607935673e+00
3.966000000000000000e+03,9.999095542836575135e+01,2.000039281851983652e+00
3.967000000000000000e+03,9.999096869295205181e+01,2.000039224239410274e+00
3.968000000000000000e+03,9.999098192464518320e+01,2.000039166769710608e+00
3.969000000000000000e+03,9.999099512356082187e+01,2.000039109442382390e+00
3.970000000000000000e+03,9.999100828981416100e+01,2.000039052256925132e+00
3.971000000000000000e+03,9.999102142351979694e+01,2.000038995212840565e+00
3.972000000000000000e+03,9.999103452479188547e+01,2.000038938309633529e+00
3.973000000000000000e+03,9.999104759374402818e+01,2.000038881546810199e+00
3.974000000000000000e+03,9.999106063048931503e+01,2.000038824923879410e+00
3.975000000000000000e+03,9.999107363514032443e+01,2.000038768440352221e+00
3.976000000000000000e+03,9.999108660780915159e+01,2.000038712095741467e+00
3.977000000000000000e+03,9.999109954860735172e+01,2.000038655889562644e+00
3.978000000000000000e+03,9.999111245764601108e+01,2.000038599821333474e+00
3.979000000000000000e+03,9.999112533503570432e+01,2.000038543890573006e+00
3.980000000000000000e+03,9.999113818088650874e+01,2.000038488096804290e+00
3.981000000000000000e+03,9.999115099530800421e+01,2.000038432439549929e+00
3.982000000000000000e+03,9.999116377840928749e+01,2.000038376918336969e+00
3.983000000000000000e+03,9.999117653029895791e+01,2.000038321532693342e+00
3.984000000000000000e+03,9.999118925108516009e+01,2.000038266282149202e+00
3.985000000000000000e+03,9.999120194087551283e+01,2.000038211166237367e+00
3.986000000000000000e+03,9.999121459977718018e+01,2.000038156184491989e+00
3.987000000000000000e+03,9.999122722789685724e+01,2.000038101336449881e+00
3.988000000000000000e+03,9.999123982534074173e+01,2.000038046621649634e+00
3.989000000000000000e+03,9.999125239221456241e+01,2.000037992039632062e+00
3.990000000000000000e+03,9.999126492862359328e+01,2.000037937589939752e+00
3.991000000000000000e+03,9.999127743467262519e+01,2.000037883272117956e+00
3.992000000000000000e+03,9.999128991046600845e+01,2.000037829085712371e+00
3.993000000000000000e+03,9.999130235610761019e+01,2.000037775030272691e+00
3.994000000000000000e+03,9.999131477170084281e+01,2.000037721105349497e+00
3.995000000000000000e+03,9.999132715734864973e+01,2.000037667310496037e+00
3.996000000000000000e+03,9.999133951315354807e+01,2.000037613645265999e+00
3.997000000000000000e+03,9.999135183921758596e+01,2.000037560109217072e+00
3.998000000000000000e+03,9.999136413564235681e+01,2.000037506701906942e+00
3.999000000000000000e+03,9.999137640252901349e+01,2.000037453422897293e+00
