Wavenumber(cm-1),Transmittance(%)
4.000000000000000000e+02,1.000000000000000000e+02
4.010000000000000000e+02,1.000000000000000000e+02
4.020000000000000000e+02,1.000000000000000000e+02
4.030000000000000000e+02,1.000000000000000000e+02
4.040000000000000000e+02,1.000000000000000000e+02
4.050000000000000000e+02,1.000000000000000000e+02
4.060000000000000000e+02,1.000000000000000000e+02
4.070000000000000000e+02,1.000000000000000000e+02
4.080000000000000000e+02,1.000000000000000000e+02
4.090000000000000000e+02,1.000000000000000000e+02
4.100000000000000000e+02,1.000000000000000000e+02
4.110000000000000000e+02,1.000000000000000000e+02
4.120000000000000000e+02,1.000000000000000000e+02
4.130000000000000000e+02,1.000000000000000000e+02
4.140000000000000000e+02,1.000000000000000000e+02
4.150000000000000000e+02,1.000000000000000000e+02
4.160000000000000000e+02,1.000000000000000000e+02
4.170000000000000000e+02,1.000000000000000000e+02
4.180000000000000000e+02,1.000000000000000000e+02
4.190000000000000000e+02,1.000000000000000000e+02
4.200000000000000000e+02,1.000000000000000000e+02
4.210000000000000000e+02,1.000000000000000000e+02
4.220000000000000000e+02,1.000000000000000000e+02
4.230000000000000000e+02,1.000000000000000000e+02
4.240000000000000000e+02,1.000000000000000000e+02
4.250000000000000000e+02,1.000000000000000000e+02
4.260000000000000000e+02,1.000000000000000000e+02
4.270000000000000000e+02,1.000000000000000000e+02
4.280000000000000000e+02,1.000000000000000000e+02
4.290000000000000000e+02,1.000000000000000000e+02
4.300000000000000000e+02,1.000000000000000000e+02
4.310000000000000000e+02,1.000000000000000000e+02
4.320000000000000000e+02,1.000000000000000000e+02
4.330000000000000000e+02,1.000000000000000000e+02
4.340000000000000000e+02,1.000000000000000000e+02
4.350000000000000000e+02,1.000000000000000000e+02
4.360000000000000000e+02,1.000000000000000000e+02
4.370000000000000000e+02,1.000000000000000000e+02
4.380000000000000000e+02,1.000000000000000000e+02
4.390000000000000000e+02,1.000000000000000000e+02
4.400000000000000000e+02,1.000000000000000000e+02
4.410000000000000000e+02,1.000000000000000000e+02
4.420000000000000000e+02,1.000000000000000000e+02
4.430000000000000000e+02,1.000000000000000000e+02
4.440000000000000000e+02,1.000000000000000000e+02
4.450000000000000000e+02,1.000000000000000000e+02
4.460000000000000000e+02,1.000000000000000000e+02
4.470000000000000000e+02,1.000000000000000000e+02
4.480000000000000000e+02,1.000000000000000000e+02
4.490000000000000000e+02,1.000000000000000000e+02
4.500000000000000000e+02,1.000000000000000000e+02
4.510000000000000000e+02,1.000000000000000000e+02
4.520000000000000000e+02,1.000000000000000000e+02
4.530000000000000000e+02,1.000000000000000000e+02
4.540000000000000000e+02,1.000000000000000000e+02
4.550000000000000000e+02,1.000000000000000000e+02
4.560000000000000000e+02,1.000000000000000000e+02
4.570000000000000000e+02,1.000000000000000000e+02
4.580000000000000000e+02,1.000000000000000000e+02
4.590000000000000000e+02,1.000000000000000000e+02
4.600000000000000000e+02,1.000000000000000000e+02
4.610000000000000000e+02,1.000000000000000000e+02
4.620000000000000000e+02,1.000000000000000000e+02
4.630000000000000000e+02,1.000000000000000000e+02
4.640000000000000000e+02,1.000000000000000000e+02
4.650000000000000000e+02,1.000000000000000000e+02
4.660000000000000000e+02,1.000000000000000000e+02
4.670000000000000000e+02,1.000000000000000000e+02
4.680000000000000000e+02,1.000000000000000000e+02
4.690000000000000000e+02,1.000000000000000000e+02
4.700000000000000000e+02,1.000000000000000000e+02
4.710000000000000000e+02,1.000000000000000000e+02
4.720000000000000000e+02,1.000000000000000000e+02
4.730000000000000000e+02,1.000000000000000000e+02
4.740000000000000000e+02,9.999999999999998579e+01
4.750000000000000000e+02,9.999999999999998579e+01
4.760000000000000000e+02,9.999999999999997158e+01
4.770000000000000000e+02,9.999999999999997158e+01
4.780000000000000000e+02,9.999999999999995737e+01
4.790000000000000000e+02,9.999999999999992895e+01
4.800000000000000000e+02,9.999999999999990052e+01
4.810000000000000000e+02,9.999999999999985789e+01
4.820000000000000000e+02,9.999999999999978684e+01
4.830000000000000000e+02,9.999999999999968736e+01
4.840000000000000000e+02,9.999999999999954525e+01
4.850000000000000000e+02,9.999999999999934630e+01
4.860000000000000000e+02,9.999999999999906208e+01
4.870000000000000000e+02,9.999999999999866418e+01
4.880000000000000000e+02,9.999999999999806732e+01
4.890000000000000000e+02,9.999999999999724309e+01
4.900000000000000000e+02,9.999999999999606359e+01
4.910000000000000000e+02,9.999999999999438671e+01
4.920000000000000000e+02,9.999999999999201350e+01
4.930000000000000000e+02,9.999999999998867395e+01
4.940000000000000000e+02,9.999999999998395595e+01
4.950000000000000000e+02,9.999999999997733369e+01
4.960000000000000000e+02,9.999999999996803979e+01
4.970000000000000000e+02,9.999999999995505107e+01
4.980000000000000000e+02,9.999999999993691802e+01
4.990000000000000000e+02,9.999999999991166533e+01
5.000000000000000000e+02,9.999999999987659294e+01
5.010000000000000000e+02,9.999999999982796339e+01
5.020000000000000000e+02,9.999999999976070342e+01
5.030000000000000000e+02,9.999999999966787811e+01
5.040000000000000000e+02,9.999999999954007990e+01
5.050000000000000000e+02,9.999999999936451900e+01
5.060000000000000000e+02,9.999999999912388660e+01
5.070000000000000000e+02,9.999999999879480583e+01
5.080000000000000000e+02,9.999999999834582809e+01
5.090000000000000000e+02,9.999999999773460502e+01
5.100000000000000000e+02,9.999999999690443531e+01
5.110000000000000000e+02,9.999999999577943299e+01
5.120000000000000000e+02,9.999999999425834574e+01
5.130000000000000000e+02,9.999999999220639779e+01
5.140000000000000000e+02,9.999999998944460344e+01
5.150000000000000000e+02,9.999999998573586879e+01
5.160000000000000000e+02,9.999999998076681607e+01
5.170000000000000000e+02,9.999999997412432151e+01
5.180000000000000000e+02,9.999999996526499046e+01
5.190000000000000000e+02,9.999999995347592119e+01
5.200000000000000000e+02,9.999999993782392949e+01
5.210000000000000000e+02,9.999999991709064773e+01
5.220000000000000000e+02,9.999999988968902187e+01
5.230000000000000000e+02,9.999999985355691479e+01
5.240000000000000000e+02,9.999999980602137839e+01
5.250000000000000000e+02,9.999999974362613386e+01
5.260000000000000000e+02,9.999999966191292344e+01
5.270000000000000000e+02,9.999999955514520877e+01
5.280000000000000000e+02,9.999999941595960706e+01
5.290000000000000000e+02,9.999999923492784148e+01
5.300000000000000000e+02,9.999999900000734954e+01
5.310000000000000000e+02,9.999999869585428769e+01
5.320000000000000000e+02,9.999999830296683001e+01
5.330000000000000000e+02,9.999999779661978039e+01
5.340000000000000000e+02,9.999999714554327568e+01
5.350000000000000000e+02,9.999999631028875058e+01
5.360000000000000000e+02,9.999999524121373895e+01
5.370000000000000000e+02,9.999999387600372813e+01
5.380000000000000000e+02,9.999999213663312503e+01
5.390000000000000000e+02,9.999998992564941602e+01
5.400000000000000000e+02,9.999998712164232018e+01
5.410000000000000000e+02,9.999998357373569036e+01
5.420000000000000000e+02,9.999997909491047210e+01
5.430000000000000000e+02,9.999997345393472870e+01
5.440000000000000000e+02,9.999996636563867014e+01
5.450000000000000000e+02,9.999995747923064471e+01
5.460000000000000000e+02,9.999994636430116657e+01
5.470000000000000000e+02,9.999993249410890428e+01
5.480000000000000000e+02,9.999991522568164726e+01
5.490000000000000000e+02,9.999989377619854736e+01
5.500000000000000000e+02,9.999986719504659050e+01
5.510000000000000000e+02,9.999983433086325135e+01
5.520000000000000000e+02,9.999979379279017166e+01
5.530000000000000000e+02,9.999974390506825728e+01
5.540000000000000000e+02,9.999968265400444523e+01
5.550000000000000000e+02,9.999960762623427968e+01
5.560000000000000000e+02,9.999951593709391773e+01
5.570000000000000000e+02,9.999940414780145659e+01
5.580000000000000000e+02,9.999926817003199631e+01
5.590000000000000000e+02,9.999910315635669633e+01
5.600000000000000000e+02,9.999890337490477066e+01
5.610000000000000000e+02,9.999866206650298750e+01
5.620000000000000000e+02,9.999837128245350470e+01
5.630000000000000000e+02,9.999802170103218657e+01
5.640000000000000000e+02,9.999760242073075744e+01
5.650000000000000000e+02,9.999710072823332041e+01
5.660000000000000000e+02,9.999650183911732881e+01
5.670000000000000000e+02,9.999578860930772350e+01
5.680000000000000000e+02,9.999494121539812852e+01
5.690000000000000000e+02,9.999393680209311697e+01
5.700000000000000000e+02,9.999274909522821986e+01
5.710000000000000000e+02,9.999134797909877648e+01
5.720000000000000000e+02,9.998969903718244723e+01
5.730000000000000000e+02,9.998776305578201118e+01
5.740000000000000000e+02,9.998549549065307929e+01
5.750000000000000000e+02,9.998284589732045902e+01
5.760000000000000000e+02,9.997975732653566183e+01
5.770000000000000000e+02,9.997616568718814278e+01
5.780000000000000000e+02,9.997199907995739920e+01
5.790000000000000000e+02,9.996717710608292862e+01
5.800000000000000000e+02,9.996161015682888262e+01
5.810000000000000000e+02,9.995519869052709794e+01
5.820000000000000000e+02,9.994783250548299236e+01
5.830000000000000000e+02,9.993939001851281034e+01
5.840000000000000000e+02,9.992973756042773914e+01
5.850000000000000000e+02,9.991872870136899110e+01
5.860000000000000000e+02,9.990620362049979519e+01
5.870000000000000000e+02,9.989198853614469442e+01
5.880000000000000000e+02,9.987589521399397086e+01
5.890000000000000000e+02,9.985772057242333233e+01
5.900000000000000000e+02,9.983724640526673966e+01
5.910000000000000000e+02,9.981423924347745924e+01
5.920000000000000000e+02,9.978845037796428130e+01
5.930000000000000000e+02,9.975961606644361268e+01
5.940000000000000000e+02,9.972745794734817082e+01
5.950000000000000000e+02,9.969168368362430499e+01
5.960000000000000000e+02,9.965198785858149222e+01
5.970000000000000000e+02,9.960805314477717332e+01
5.980000000000000000e+02,9.955955176518826022e+01
5.990000000000000000e+02,9.950614726359656004e+01
6.000000000000000000e+02,9.944749659817530585e+01
6.010000000000000000e+02,9.938325256868917279e+01
6.020000000000000000e+02,9.931306658350818850e+01
6.030000000000000000e+02,9.923659176779818836e+01
6.040000000000000000e+02,9.915348640881262554e+01
6.050000000000000000e+02,9.906341772821843961e+01
6.060000000000000000e+02,9.896606596490367735e+01
6.070000000000000000e+02,9.886112874481867152e+01
6.080000000000000000e+02,9.874832570719377145e+01
6.090000000000000000e+02,9.862740334907515205e+01
6.100000000000000000e+02,9.849814004265813594e+01
6.110000000000000000e+02,9.836035117252716020e+01
6.120000000000000000e+02,9.821389433279463788e+01
6.130000000000000000e+02,9.805867451744167340e+01
6.140000000000000000e+02,9.789464923108262440e+01
6.150000000000000000e+02,9.772183344208438882e+01
6.160000000000000000e+02,9.754030429565369786e+01
6.170000000000000000e+02,9.735020550133556583e+01
6.180000000000000000e+02,9.715175130750739640e+01
6.190000000000000000e+02,9.694522997505505657e+01
6.200000000000000000e+02,9.673100666360360833e+01
6.210000000000000000e+02,9.650952564654792809e+01
6.220000000000000000e+02,9.628131177575441768e+01
6.230000000000000000e+02,9.604697112321842667e+01
6.240000000000000000e+02,9.580719073515781758e+01
6.250000000000000000e+02,9.556273744395539893e+01
6.260000000000000000e+02,9.531445569494130154e+01
6.270000000000000000e+02,9.506326435810034070e+01
6.280000000000000000e+02,9.481015250922155246e+01
6.290000000000000000e+02,9.455617418056230861e+01
6.300000000000000000e+02,9.430244209752191864e+01
6.310000000000000000e+02,9.405012043482129513e+01
6.320000000000000000e+02,9.380041664294893167e+01
6.330000000000000000e+02,9.355457241281840197e+01
6.340000000000000000e+02,9.331385386333666077e+01
6.350000000000000000e+02,9.307954105254211186e+01
6.360000000000000000e+02,9.285291692777968819e+01
6.370000000000000000e+02,9.263525584368815657e+01
6.380000000000000000e+02,9.242781178825394761e+01
6.390000000000000000e+02,9.223180646653912618e+01
6.400000000000000000e+02,9.204841739865413786e+01
6.410000000000000000e+02,9.187876619290562985e+01
6.420000000000000000e+02,9.172390715663848937e+01
6.430000000000000000e+02,9.158481640600558649e+01
6.440000000000000000e+02,9.146238163168986546e+01
6.450000000000000000e+02,9.135739267049464729e+01
6.460000000000000000e+02,9.127053302279026070e+01
6.470000000000000000e+02,9.120237244320999537e+01
6.480000000000000000e+02,9.115336071693596409e+01
6.490000000000000000e+02,9.112382271667530631e+01
6.500000000000000000e+02,9.111395481631997484e+01
6.510000000000000000e+02,9.112382271667530631e+01
6.520000000000000000e+02,9.115336071693596409e+01
6.530000000000000000e+02,9.120237244320999537e+01
6.540000000000000000e+02,9.127053302279026070e+01
6.550000000000000000e+02,9.135739267049464729e+01
6.560000000000000000e+02,9.146238163168986546e+01
6.570000000000000000e+02,9.158481640600558649e+01
6.580000000000000000e+02,9.172390715663848937e+01
6.590000000000000000e+02,9.187876619290562985e+01
6.600000000000000000e+02,9.204841739865413786e+01
6.610000000000000000e+02,9.223180646653912618e+01
6.620000000000000000e+02,9.242781178825394761e+01
6.630000000000000000e+02,9.263525584368815657e+01
6.640000000000000000e+02,9.285291692777968819e+01
6.650000000000000000e+02,9.307954105254211186e+01
6.660000000000000000e+02,9.331385386333666077e+01
6.670000000000000000e+02,9.355457241281840197e+01
6.680000000000000000e+02,9.380041664294893167e+01
6.690000000000000000e+02,9.405012043482129513e+01
6.700000000000000000e+02,9.430244209752191864e+01
6.710000000000000000e+02,9.455617418056230861e+01
6.720000000000000000e+02,9.481015250922155246e+01
6.730000000000000000e+02,9.506326435810034070e+01
6.740000000000000000e+02,9.531445569494130154e+01
6.750000000000000000e+02,9.556273744395539893e+01
6.760000000000000000e+02,9.580719073515781758e+01
6.770000000000000000e+02,9.604697112321842667e+01
6.780000000000000000e+02,9.628131177575441768e+01
6.790000000000000000e+02,9.650952564654792809e+01
6.800000000000000000e+02,9.673100666360360833e+01
6.810000000000000000e+02,9.694522997505505657e+01
6.820000000000000000e+02,9.715175130750739640e+01
6.830000000000000000e+02,9.735020550133556583e+01
6.840000000000000000e+02,9.754030429565369786e+01
6.850000000000000000e+02,9.772183344208438882e+01
6.860000000000000000e+02,9.789464923108262440e+01
6.870000000000000000e+02,9.805867451744167340e+01
6.880000000000000000e+02,9.821389433279463788e+01
6.890000000000000000e+02,9.836035117252716020e+01
6.900000000000000000e+02,9.849814004265813594e+01
6.910000000000000000e+02,9.862740334907515205e+01
6.920000000000000000e+02,9.874832570719377145e+01
6.930000000000000000e+02,9.886112874481867152e+01
6.940000000000000000e+02,9.896606596490367735e+01
6.950000000000000000e+02,9.906341772821843961e+01
6.960000000000000000e+02,9.915348640881262554e+01
6.970000000000000000e+02,9.923659176779818836e+01
6.980000000000000000e+02,9.931306658350817429e+01
6.990000000000000000e+02,9.938325256868917279e+01
7.000000000000000000e+02,9.944749659817530585e+01
7.010000000000000000e+02,9.950614726359654583e+01
7.020000000000000000e+02,9.955955176518824601e+01
7.030000000000000000e+02,9.960805314477717332e+01
7.040000000000000000e+02,9.965198785858147801e+01
7.050000000000000000e+02,9.969168368362429078e+01
7.060000000000000000e+02,9.972745794734814240e+01
7.070000000000000000e+02,9.975961606644359847e+01
7.080000000000000000e+02,9.978845037796425288e+01
7.090000000000000000e+02,9.981423924347741661e+01
7.100000000000000000e+02,9.983724640526669702e+01
7.110000000000000000e+02,9.985772057242327548e+01
7.120000000000000000e+02,9.987589521399389980e+01
7.130000000000000000e+02,9.989198853614459495e+01
7.140000000000000000e+02,9.990620362049968151e+01
7.150000000000000000e+02,9.991872870136883478e+01
7.160000000000000000e+02,9.992973756042755440e+01
7.170000000000000000e+02,9.993939001851256876e+01
7.180000000000000000e+02,9.994783250548270814e+01
7.190000000000000000e+02,9.995519869052674267e+01
7.200000000000000000e+02,9.996161015682842788e+01
7.210000000000000000e+02,9.996717710608236018e+01
7.220000000000000000e+02,9.997199907995670287e+01
7.230000000000000000e+02,9.997616568718726171e+01
7.240000000000000000e+02,9.997975732653456760e+01
7.250000000000000000e+02,9.998284589731908056e+01
7.260000000000000000e+02,9.998549549065137398e+01
7.270000000000000000e+02,9.998776305577987955e+01
7.280000000000000000e+02,9.998969903717978980e+01
7.290000000000000000e+02,9.999134797909547956e+01
7.300000000000000000e+02,9.999274909522412713e+01
7.310000000000000000e+02,9.999393680208804369e+01
7.320000000000000000e+02,9.999494121539183311e+01
7.330000000000000000e+02,9.999578860929992175e+01
7.340000000000000000e+02,9.999650183910767964e+01
7.350000000000000000e+02,9.999710072822138329e+01
7.360000000000000000e+02,9.999760242071600658e+01
7.370000000000000000e+02,9.999802170101398247e+01
7.380000000000000000e+02,9.999837128243103734e+01
7.390000000000000000e+02,9.999866206647530475e+01
7.400000000000000000e+02,9.999890337487067882e+01
7.410000000000000000e+02,9.999910315631473168e+01
7.420000000000000000e+02,9.999926816998038248e+01
7.430000000000000000e+02,9.999940414773804775e+01
7.440000000000000000e+02,9.999951593701607067e+01
7.450000000000000000e+02,9.999960762613876852e+01
7.460000000000000000e+02,9.999968265388736199e+01
7.470000000000000000e+02,9.999974390492485554e+01
7.480000000000000000e+02,9.999979379261466761e+01
7.490000000000000000e+02,9.999983433064862481e+01
7.500000000000000000e+02,9.999986719478434338e+01
7.510000000000000000e+02,9.999989377587837680e+01
7.520000000000000000e+02,9.999991522529104770e+01
7.530000000000000000e+02,9.999993249363278380e+01
7.540000000000000000e+02,9.999994636372125001e+01
7.550000000000000000e+02,9.999995747852489103e+01
7.560000000000000000e+02,9.999996636478044820e+01
7.570000000000000000e+02,9.999997345289190775e+01
7.580000000000000000e+02,9.999997909364439863e+01
7.590000000000000000e+02,9.999998357219978118e+01
7.600000000000000000e+02,9.999998711978057031e+01
7.610000000000000000e+02,9.999998992339448023e+01
7.620000000000000000e+02,9.999999213390417196e+01
7.630000000000000000e+02,9.999999387270374029e+01
7.640000000000000000e+02,9.999999523722642891e+01
7.650000000000000000e+02,9.999999630547479512e+01
7.660000000000000000e+02,9.999999713973595306e+01
7.670000000000000000e+02,9.999999778961971231e+01
7.680000000000000000e+02,9.999999829453578570e+01
7.690000000000000000e+02,9.999999868570787953e+01
7.700000000000000000e+02,9.999999898780633600e+01
7.710000000000000000e+02,9.999999922026789534e+01
7.720000000000000000e+02,9.999999939835923612e+01
7.730000000000000000e+02,9.999999953403155928e+01
7.740000000000000000e+02,9.999999963660494018e+01
7.750000000000000000e+02,9.999999971331484971e+01
7.760000000000000000e+02,9.999999976974670801e+01
7.770000000000000000e+02,9.999999981018034134e+01
7.780000000000000000e+02,9.999999983786157998e+01
7.790000000000000000e+02,9.999999985521542101e+01
7.800000000000000000e+02,9.999999986401205376e+01
7.810000000000000000e+02,9.999999986549501330e+01
7.820000000000000000e+02,9.999999986047903633e+01
7.830000000000000000e+02,9.999999984942321873e+01
7.840000000000000000e+02,9.999999983248424940e+01
7.850000000000000000e+02,9.999999980955348633e+01
7.860000000000000000e+02,9.999999978028037617e+01
7.870000000000000000e+02,9.999999974408460446e+01
7.880000000000000000e+02,9.999999970015838358e+01
7.890000000000000000e+02,9.999999964746008629e+01
7.900000000000000000e+02,9.999999958469987860e+01
7.910000000000000000e+02,9.999999951031774970e+01
7.920000000000000000e+02,9.999999942245406714e+01
7.930000000000000000e+02,9.999999931891248650e+01
7.940000000000000000e+02,9.999999919711495977e+01
7.950000000000000000e+02,9.999999905404807521e+01
7.960000000000000000e+02,9.999999888620014588e+01
7.970000000000000000e+02,9.999999868948798110e+01
7.980000000000000000e+02,9.999999845917226082e+01
7.990000000000000000e+02,9.999999818975989285e+01
8.000000000000000000e+02,9.999999787489221603e+01
8.010000000000000000e+02,9.999999750721669045e+01
8.020000000000000000e+02,9.999999707824039774e+01
8.030000000000000000e+02,9.999999657816285037e+01
8.040000000000000000e+02,9.999999599568539566e+01
8.050000000000000000e+02,9.999999531779434392e+01
8.060000000000000000e+02,9.999999452951442436e+01
8.070000000000000000e+02,9.999999361362877437e+01
8.080000000000000000e+02,9.999999255036139800e+01
8.090000000000000000e+02,9.999999131701731869e+01
8.100000000000000000e+02,9.999998988757526774e+01
8.110000000000000000e+02,9.999998823222711053e+01
8.120000000000000000e+02,9.999998631685764394e+01
8.130000000000000000e+02,9.999998410245756020e+01
8.140000000000000000e+02,9.999998154446177523e+01
8.150000000000000000e+02,9.999997859200436778e+01
8.160000000000000000e+02,9.999997518708043742e+01
8.170000000000000000e+02,9.999997126360435118e+01
8.180000000000000000e+02,9.999996674635264071e+01
8.190000000000000000e+02,9.999996154977861806e+01
8.200000000000000000e+02,9.999995557668465551e+01
8.210000000000000000e+02,9.999994871673652597e+01
8.220000000000000000e+02,9.999994084480285039e+01
8.230000000000000000e+02,9.999993181910114970e+01
8.240000000000000000e+02,9.999992147912995222e+01
8.250000000000000000e+02,9.999990964336510046e+01
8.260000000000000000e+02,9.999989610669597084e+01
8.270000000000000000e+02,9.999988063757538725e+01
8.280000000000000000e+02,9.999986297485492059e+01
8.290000000000000000e+02,9.999984282427456606e+01
8.300000000000000000e+02,9.999981985457350220e+01
8.310000000000000000e+02,9.999979369318587885e+01
8.320000000000000000e+02,9.999976392148280979e+01
8.330000000000000000e+02,9.999973006951857712e+01
8.340000000000000000e+02,9.999969161023625475e+01
8.350000000000000000e+02,9.999964795308440557e+01
8.360000000000000000e+02,9.999959843699316764e+01
8.370000000000000000e+02,9.999954232265467624e+01
8.380000000000000000e+02,9.999947878404873336e+01
8.390000000000000000e+02,9.999940689915138137e+01
8.400000000000000000e+02,9.999932563975944788e+01
8.410000000000000000e+02,9.999923386036086015e+01
8.420000000000000000e+02,9.999913028597592302e+01
8.430000000000000000e+02,9.999901349889097446e+01
8.440000000000000000e+02,9.999888192420156940e+01
8.450000000000000000e+02,9.999873381407810768e+01
8.460000000000000000e+02,9.999856723066315567e+01
8.470000000000000000e+02,9.999838002750504984e+01
8.480000000000000000e+02,9.999816982942905952e+01
8.490000000000000000e+02,9.999793401074322219e+01
8.500000000000000000e+02,9.999766967167265364e+01
8.510000000000000000e+02,9.999737361291273885e+01
8.520000000000000000e+02,9.999704230818865369e+01
8.530000000000000000e+02,9.999667187470603835e+01
8.540000000000000000e+02,9.999625804137572516e+01
8.550000000000000000e+02,9.999579611469339113e+01
8.560000000000000000e+02,9.999528094215446572e+01
8.570000000000000000e+02,9.999470687308398453e+01
8.580000000000000000e+02,9.999406771676159167e+01
8.590000000000000000e+02,9.999335669772338520e+01
8.600000000000000000e+02,9.999256640812431840e+01
8.610000000000000000e+02,9.999168875704842208e+01
8.620000000000000000e+02,9.999071491665866063e+01
8.630000000000000000e+02,9.998963526508367750e+01
8.640000000000000000e+02,9.998843932594644457e+01
8.650000000000000000e+02,9.998711570444787355e+01
8.660000000000000000e+02,9.998565201992927598e+01
8.670000000000000000e+02,9.998403483484905507e+01
8.680000000000000000e+02,9.998224958012313834e+01
8.690000000000000000e+02,9.998028047679423480e+01
8.700000000000000000e+02,9.997811045401269325e+01
8.710000000000000000e+02,9.997572106333183228e+01
8.720000000000000000e+02,9.997309238934215614e+01
8.730000000000000000e+02,9.997020295669381085e+01
8.740000000000000000e+02,9.996702963358282545e+01
8.750000000000000000e+02,9.996354753180597186e+01
8.760000000000000000e+02,9.995972990352051113e+01
8.770000000000000000e+02,9.995554803487914342e+01
8.780000000000000000e+02,9.995097113674674461e+01
8.790000000000000000e+02,9.994596623274470915e+01
8.800000000000000000e+02,9.994049804490948929e+01
8.810000000000000000e+02,9.993452887729621636e+01
8.820000000000000000e+02,9.992801849790389213e+01
8.830000000000000000e+02,9.992092401934655754e+01
8.840000000000000000e+02,9.991319977874569247e+01
8.850000000000000000e+02,9.990479721737008845e+01
8.860000000000000000e+02,9.989566476060406330e+01
8.870000000000000000e+02,9.988574769887881644e+01
8.880000000000000000e+02,9.987498807025906444e+01
8.890000000000000000e+02,9.986332454543257597e+01
8.900000000000000000e+02,9.985069231590894390e+01
8.910000000000000000e+02,9.983702298629042104e+01
8.920000000000000000e+02,9.982224447153485869e+01
8.930000000000000000e+02,9.980628090018745979e+01
8.940000000000000000e+02,9.978905252461223085e+01
8.950000000000000000e+02,9.977047563930746321e+01
8.960000000000000000e+02,9.975046250844008000e+01
8.970000000000000000e+02,9.972892130378107822e+01
8.980000000000000000e+02,9.970575605426815002e+01
8.990000000000000000e+02,9.968086660846134350e+01
9.000000000000000000e+02,9.965414861119182888e+01
9.010000000000000000e+02,9.962549349573289703e+01
9.020000000000000000e+02,9.959478849284489854e+01
9.030000000000000000e+02,9.956191665806076685e+01
9.040000000000000000e+02,9.952675691858689788e+01
9.050000000000000000e+02,9.948918414119268050e+01
9.060000000000000000e+02,9.944906922245225189e+01
9.070000000000000000e+02,9.940627920268141793e+01
9.080000000000000000e+02,9.936067740488270772e+01
9.090000000000000000e+02,9.931212359996936812e+01
9.100000000000000000e+02,9.926047419948568518e+01
9.110000000000000000e+02,9.920558247697530874e+01
9.120000000000000000e+02,9.914729881907118170e+01
9.130000000000000000e+02,9.908547100728871726e+01
9.140000000000000000e+02,9.901994453139924701e+01
9.150000000000000000e+02,9.895056293514267054e+01
9.160000000000000000e+02,9.887716819490549369e+01
9.170000000000000000e+02,9.879960113184502291e+01
9.180000000000000000e+02,9.871770185778103723e+01
9.190000000000000000e+02,9.863131025500291571e+01
9.200000000000000000e+02,9.854026648995488813e+01
9.210000000000000000e+02,9.844441156056289799e+01
9.220000000000000000e+02,9.834358787675664360e+01
9.230000000000000000e+02,9.823763987351806293e+01
9.240000000000000000e+02,9.812641465555584830e+01
9.250000000000000000e+02,9.800976267246417706e+01
9.260000000000000000e+02,9.788753842297396091e+01
9.270000000000000000e+02,9.775960118664950471e+01
9.280000000000000000e+02,9.762581578112094860e+01
9.290000000000000000e+02,9.748605334267850253e+01
9.300000000000000000e+02,9.734019212778676433e+01
9.310000000000000000e+02,9.718811833281029067e+01
9.320000000000000000e+02,9.702972692897625961e+01
9.330000000000000000e+02,9.686492250933855530e+01
9.340000000000000000e+02,9.669362014425220764e+01
9.350000000000000000e+02,9.651574624162023497e+01
9.360000000000000000e+02,9.633123940793853990e+01
9.370000000000000000e+02,9.614005130594141235e+01
9.380000000000000000e+02,9.594214750444183437e+01
9.390000000000000000e+02,9.573750831577089571e+01
9.400000000000000000e+02,9.552612961605058217e+01
9.410000000000000000e+02,9.530802364338586585e+01
9.420000000000000000e+02,9.508321976893971339e+01
9.430000000000000000e+02,9.485176523575783847e+01
9.440000000000000000e+02,9.461372586014245201e+01
9.450000000000000000e+02,9.436918669033806850e+01
9.460000000000000000e+02,9.411825261728790792e+01
9.470000000000000000e+02,9.386104893224919010e+01
9.480000000000000000e+02,9.359772182612158531e+01
9.490000000000000000e+02,9.332843882544432290e+01
9.500000000000000000e+02,9.305338916015766415e+01
9.510000000000000000e+02,9.277278405840147002e+01
9.520000000000000000e+02,9.248685696384008281e+01
9.530000000000000000e+02,9.219586367125710069e+01
9.540000000000000000e+02,9.190008237645682243e+01
9.550000000000000000e+02,9.159981363683914424e+01
9.560000000000000000e+02,9.129538023938266633e+01
9.570000000000000000e+02,9.098712697317286313e+01
9.580000000000000000e+02,9.067542030404959519e+01
9.590000000000000000e+02,9.036064794941600553e+01
9.600000000000000000e+02,9.004321835175026933e+01
9.610000000000000000e+02,8.972356004988627376e+01
9.620000000000000000e+02,8.940212094767952067e+01
9.630000000000000000e+02,8.907936748024536655e+01
9.640000000000000000e+02,8.875578367854470230e+01
9.650000000000000000e+02,8.843187013369490046e+01
9.660000000000000000e+02,8.810814286299547859e+01
9.670000000000000000e+02,8.778513208027592896e+01
9.680000000000000000e+02,8.746338087379257331e+01
9.690000000000000000e+02,8.714344379551687325e+01
9.700000000000000000e+02,8.682588536626649045e+01
9.710000000000000000e+02,8.651127850172653666e+01
9.720000000000000000e+02,8.620020286498690609e+01
9.730000000000000000e+02,8.589324315177989888e+01
9.740000000000000000e+02,8.559098731513299185e+01
9.750000000000000000e+02,8.529402473665197704e+01
9.760000000000000000e+02,8.500294435211561961e+01
9.770000000000000000e+02,8.471833273948800525e+01
9.780000000000000000e+02,8.444077217783865308e+01
9.790000000000000000e+02,8.417083868599515029e+01
9.800000000000000000e+02,8.390910005003964045e+01
9.810000000000000000e+02,8.365611384899142422e+01
9.820000000000000000e+02,8.341242548819525382e+01
9.830000000000000000e+02,8.317856625005138937e+01
9.840000000000000000e+02,8.295505137178210475e+01
9.850000000000000000e+02,8.274237815992445633e+01
9.860000000000000000e+02,8.254102415117337443e+01
9.870000000000000000e+02,8.235144532906925008e+01
9.880000000000000000e+02,8.217407440583232869e+01
9.890000000000000000e+02,8.200931917839164953e+01
9.900000000000000000e+02,8.185756096734095877e+01
9.910000000000000000e+02,8.171915314717847423e+01
9.920000000000000000e+02,8.159441977575532690e+01
9.930000000000000000e+02,8.148365433036983063e+01
9.940000000000000000e+02,8.138711855740523049e+01
9.950000000000000000e+02,8.130504144182121706e+01
9.960000000000000000e+02,8.123761830217738122e+01
9.970000000000000000e+02,8.118501001619382862e+01
9.980000000000000000e+02,8.114734238114701270e+01
9.990000000000000000e+02,8.112470561265968172e+01
1.000000000000000000e+03,8.111715398467977423e+01
1.001000000000000000e+03,8.112470561265952540e+01
1.002000000000000000e+03,8.114734238114667164e+01
1.003000000000000000e+03,8.118501001619323176e+01
1.004000000000000000e+03,8.123761830217642910e+01
1.005000000000000000e+03,8.130504144181971071e+01
1.006000000000000000e+03,8.138711855740288570e+01
1.007000000000000000e+03,8.148365433036624950e+01
1.008000000000000000e+03,8.159441977574984151e+01
1.009000000000000000e+03,8.171915314717010403e+01
1.010000000000000000e+03,8.185756096732825426e+01
1.011000000000000000e+03,8.200931917837242224e+01
1.012000000000000000e+03,8.217407440580332434e+01
1.013000000000000000e+03,8.235144532902563697e+01
1.014000000000000000e+03,8.254102415110799029e+01
1.015000000000000000e+03,8.274237815982675670e+01
1.016000000000000000e+03,8.295505137163658560e+01
1.017000000000000000e+03,8.317856624983534175e+01
1.018000000000000000e+03,8.341242548787550959e+01
1.019000000000000000e+03,8.365611384851975174e+01
1.020000000000000000e+03,8.390910004934605126e+01
1.021000000000000000e+03,8.417083868497849153e+01
1.022000000000000000e+03,8.444077217635317822e+01
1.023000000000000000e+03,8.471833273732450209e+01
1.024000000000000000e+03,8.500294434897463702e+01
1.025000000000000000e+03,8.529402473210650726e+01
1.026000000000000000e+03,8.559098730857598980e+01
1.027000000000000000e+03,8.589324314235143731e+01
1.028000000000000000e+03,8.620020285147280958e+01
1.029000000000000000e+03,8.651127848241827678e+01
1.030000000000000000e+03,8.682588533876794656e+01
1.031000000000000000e+03,8.714344375647895902e+01
1.032000000000000000e+03,8.746338081855004987e+01
1.033000000000000000e+03,8.778513200235200031e+01
1.034000000000000000e+03,8.810814275342882240e+01
1.035000000000000000e+03,8.843186998012849642e+01
1.036000000000000000e+03,8.875578346399679219e+01
1.037000000000000000e+03,8.907936718145772659e+01
1.038000000000000000e+03,8.940212053290582617e+01
1.039000000000000000e+03,8.972355947594155623e+01
1.040000000000000000e+03,9.004321756008941691e+01
1.041000000000000000e+03,9.036064686094081821e+01
1.042000000000000000e+03,9.067541881225801603e+01
1.043000000000000000e+03,9.098712493515481015e+01
1.044000000000000000e+03,9.129537746403008214e+01
1.045000000000000000e+03,9.159980986946669645e+01
1.046000000000000000e+03,9.190007727881626920e+01
1.047000000000000000e+03,9.219585679566478120e+01
1.048000000000000000e+03,9.248684771981137942e+01
1.049000000000000000e+03,9.277277166978782930e+01
1.050000000000000000e+03,9.305337261029511353e+01
1.051000000000000000e+03,9.332841678723363543e+01
1.052000000000000000e+03,9.359769257324843750e+01
1.053000000000000000e+03,9.386101022690063189e+01
1.054000000000000000e+03,9.411820156870444976e+01
1.055000000000000000e+03,9.436911957733605050e+01
1.056000000000000000e+03,9.461363790932232121e+01
1.057000000000000000e+03,9.485165034545369167e+01
1.058000000000000000e+03,9.508307016703521697e+01
1.059000000000000000e+03,9.530782946489421192e+01
1.060000000000000000e+03,9.552587838380409835e+01
1.061000000000000000e+03,9.573718430466388440e+01
1.062000000000000000e+03,9.594173096639927678e+01
1.063000000000000000e+03,9.613951752912964821e+01
1.064000000000000000e+03,9.633055757968661226e+01
1.065000000000000000e+03,9.651487808008650404e+01
1.066000000000000000e+03,9.669251825906759734e+01
1.067000000000000000e+03,9.686352844632166637e+01
1.068000000000000000e+03,9.702796884860242699e+01
1.069000000000000000e+03,9.718590826650577696e+01
1.070000000000000000e+03,9.733742275042131098e+01
1.071000000000000000e+03,9.748259419398272030e+01
1.072000000000000000e+03,9.762150886333628819e+01
1.073000000000000000e+03,9.775425586074079831e+01
1.074000000000000000e+03,9.788092552145121772e+01
1.075000000000000000e+03,9.800160774356695015e+01
1.076000000000000000e+03,9.811639025158528682e+01
1.077000000000000000e+03,9.822535679583323542e+01
1.078000000000000000e+03,9.832858529179370066e+01
1.079000000000000000e+03,9.842614590562541821e+01
1.080000000000000000e+03,9.851809909492116901e+01
1.081000000000000000e+03,9.860449361696711890e+01
1.082000000000000000e+03,9.868536452045100305e+01
1.083000000000000000e+03,9.876073114069751568e+01
1.084000000000000000e+03,9.883059512304122052e+01
1.085000000000000000e+03,9.889493850381464313e+01
1.086000000000000000e+03,9.895372188353968568e+01
1.087000000000000000e+03,9.900688273214424839e+01
1.088000000000000000e+03,9.905433387123514422e+01
1.089000000000000000e+03,9.909596218346734986e+01
1.090000000000000000e+03,9.913162760365517556e+01
1.091000000000000000e+03,9.916116245024493026e+01
1.092000000000000000e+03,9.918437115886605682e+01
1.093000000000000000e+03,9.920103048163421988e+01
1.094000000000000000e+03,9.921089021642816874e+01
1.095000000000000000e+03,9.921367452923637131e+01
1.096000000000000000e+03,9.920908392961341349e+01
1.097000000000000000e+03,9.919679795407225242e+01
1.098000000000000000e+03,9.917647860467243959e+01
1.099000000000000000e+03,9.914777458000426691e+01
1.100000000000000000e+03,9.911032632313580848e+01
1.101000000000000000e+03,9.906377189588049248e+01
1.102000000000000000e+03,9.900775367104385793e+01
1.103000000000000000e+03,9.894192581430078803e+01
1.104000000000000000e+03,9.886596250532828378e+01
1.105000000000000000e+03,9.877956682416919421e+01
1.106000000000000000e+03,9.868248020403476062e+01
1.107000000000000000e+03,9.857449232647749682e+01
1.108000000000000000e+03,9.845545130978646853e+01
1.109000000000000000e+03,9.832527401735697481e+01
1.110000000000000000e+03,9.818395629051602214e+01
1.111000000000000000e+03,9.803158289072383980e+01
1.112000000000000000e+03,9.786833692011605024e+01
1.113000000000000000e+03,9.769450847786843894e+01
1.114000000000000000e+03,9.751050230366895732e+01
1.115000000000000000e+03,9.731684415938961763e+01
1.116000000000000000e+03,9.711418570645081161e+01
1.117000000000000000e+03,9.690330764979125888e+01
1.118000000000000000e+03,9.668512094002683455e+01
1.119000000000000000e+03,9.646066585331469412e+01
1.120000000000000000e+03,9.623110880340468043e+01
1.121000000000000000e+03,9.599773678188022075e+01
1.122000000000000000e+03,9.576194936993006479e+01
1.123000000000000000e+03,9.552524831717157383e+01
1.124000000000000000e+03,9.528922473885501176e+01
1.125000000000000000e+03,9.505554404080722009e+01
1.126000000000000000e+03,9.482592874014657980e+01
1.127000000000000000e+03,9.460213940742963246e+01
1.128000000000000000e+03,9.438595401071856372e+01
1.129000000000000000e+03,9.417914599233054673e+01
1.130000000000000000e+03,9.398346145304707022e+01
1.131000000000000000e+03,9.380059585474931794e+01
1.132000000000000000e+03,9.363217067941451432e+01
1.133000000000000000e+03,9.347971049901168783e+01
1.134000000000000000e+03,9.334462091621975333e+01
1.135000000000000000e+03,9.322816782953567838e+01
1.136000000000000000e+03,9.313145845809057732e+01
1.137000000000000000e+03,9.305542453156797933e+01
1.138000000000000000e+03,9.300080800962672356e+01
1.139000000000000000e+03,9.296814964414244287e+01
1.140000000000000000e+03,9.295778063771095390e+01
1.141000000000000000e+03,9.296981758481740599e+01
1.142000000000000000e+03,9.300416080972964039e+01
1.143000000000000000e+03,9.306049613956828637e+01
1.144000000000000000e+03,9.313830007429861269e+01
1.145000000000000000e+03,9.323684823978119596e+01
1.146000000000000000e+03,9.335522693766618829e+01
1.147000000000000000e+03,9.349234753886865690e+01
1.148000000000000000e+03,9.364696340748001546e+01
1.149000000000000000e+03,9.381768899086782199e+01
1.150000000000000000e+03,9.400302067070700218e+01
1.151000000000000000e+03,9.420135893974189401e+01
1.152000000000000000e+03,9.441103145080541026e+01
1.153000000000000000e+03,9.463031647824078618e+01
1.154000000000000000e+03,9.485746633722678212e+01
1.155000000000000000e+03,9.509073032307918538e+01
1.156000000000000000e+03,9.532837675953581424e+01
1.157000000000000000e+03,9.556871378118306382e+01
1.158000000000000000e+03,9.581010851915871740e+01
1.159000000000000000e+03,9.605100440949561857e+01
1.160000000000000000e+03,9.628993639825357320e+01
1.161000000000000000e+03,9.652554387516829593e+01
1.162000000000000000e+03,9.675658122616945889e+01
1.163000000000000000e+03,9.698192595309616593e+01
1.164000000000000000e+03,9.720058436469371088e+01
1.165000000000000000e+03,9.741169489509735513e+01
1.166000000000000000e+03,9.761452915329179802e+01
1.167000000000000000e+03,9.780849084849486985e+01
1.168000000000000000e+03,9.799311277132090936e+01
1.169000000000000000e+03,9.816805203845041206e+01
1.170000000000000000e+03,9.833308382914280799e+01
1.171000000000000000e+03,9.848809385528787175e+01
1.172000000000000000e+03,9.863306981303162502e+01
1.173000000000000000e+03,9.876809206376029238e+01
1.174000000000000000e+03,9.889332378597129036e+01
1.175000000000000000e+03,9.900900082802117197e+01
1.176000000000000000e+03,9.911542147573143779e+01
1.177000000000000000e+03,9.921293632922206029e+01
1.178000000000000000e+03,9.930193846102507393e+01
1.179000000000000000e+03,9.938285400338919828e+01
1.180000000000000000e+03,9.945613328756958538e+01
1.181000000000000000e+03,9.952224263258993631e+01
1.182000000000000000e+03,9.958165685617174745e+01
1.183000000000000000e+03,9.963485255685918673e+01
1.184000000000000000e+03,9.968230219433175421e+01
1.185000000000000000e+03,9.972446897488943307e+01
1.186000000000000000e+03,9.976180253140432796e+01
1.187000000000000000e+03,9.979473537184226473e+01
1.188000000000000000e+03,9.982368005785357923e+01
1.189000000000000000e+03,9.984902706491310198e+01
1.190000000000000000e+03,9.987114326797515673e+01
1.191000000000000000e+03,9.989037099145969023e+01
1.192000000000000000e+03,9.990702755940719726e+01
1.193000000000000000e+03,9.992140528060396321e+01
1.194000000000000000e+03,9.993377180413077099e+01
1.195000000000000000e+03,9.994437078286220810e+01
1.196000000000000000e+03,9.995342278567082417e+01
1.197000000000000000e+03,9.996112640320865239e+01
1.198000000000000000e+03,9.996765949690163211e+01
1.199000000000000000e+03,9.997318054597151615e+01
1.200000000000000000e+03,9.997783005269211287e+01
1.201000000000000000e+03,9.998173197151598401e+01
1.202000000000000000e+03,9.998499513302395769e+01
1.203000000000000000e+03,9.998771463873461585e+01
1.204000000000000000e+03,9.998997320756923557e+01
1.205000000000000000e+03,9.999184245913191660e+01
1.206000000000000000e+03,9.999338412289213807e+01
1.207000000000000000e+03,9.999465116582034341e+01
1.208000000000000000e+03,9.999568883402319841e+01
1.209000000000000000e+03,9.999653560645947437e+01
1.210000000000000000e+03,9.999722406091123617e+01
1.211000000000000000e+03,9.999778165406571873e+01
1.212000000000000000e+03,9.999823141886575684e+01
1.213000000000000000e+03,9.999859258324987366e+01
1.214000000000000000e+03,9.999888111506685107e+01
1.215000000000000000e+03,9.999911019835444392e+01
1.216000000000000000e+03,9.999929064635831821e+01
1.217000000000000000e+03,9.999943125667124377e+01
1.218000000000000000e+03,9.999953911372936943e+01
1.219000000000000000e+03,9.999961984364321665e+01
1.220000000000000000e+03,9.999967782599270549e+01
1.221000000000000000e+03,9.999971636680173503e+01
1.222000000000000000e+03,9.999973783644956882e+01
1.223000000000000000e+03,9.999974377578868712e+01
1.224000000000000000e+03,9.999973497323611582e+01
1.225000000000000000e+03,9.999971151509767253e+01
1.226000000000000000e+03,9.999967281088063942e+01
1.227000000000000000e+03,9.999961759485475454e+01
1.228000000000000000e+03,9.999954390464026233e+01
1.229000000000000000e+03,9.999944903713677036e+01
1.230000000000000000e+03,9.999932948166022584e+01
1.231000000000000000e+03,9.999918082972982347e+01
1.232000000000000000e+03,9.999899766054271311e+01
1.233000000000000000e+03,9.999877340079426347e+01
1.234000000000000000e+03,9.999850015714660856e+01
1.235000000000000000e+03,9.999816851932155259e+01
1.236000000000000000e+03,9.999776733149840879e+01
1.237000000000000000e+03,9.999728342943778614e+01
1.238000000000000000e+03,9.999670134053310733e+01
1.239000000000000000e+03,9.999600294382115351e+01
1.240000000000000000e+03,9.999516708686626032e+01
1.241000000000000000e+03,9.999416915638158798e+01
1.242000000000000000e+03,9.999298059947308559e+01
1.243000000000000000e+03,9.999156839249977224e+01
1.244000000000000000e+03,9.998989445474904869e+01
1.245000000000000000e+03,9.998791500444153257e+01
1.246000000000000000e+03,9.998557985501807366e+01
1.247000000000000000e+03,9.998283165023735819e+01
1.248000000000000000e+03,9.997960503733689563e+01
1.249000000000000000e+03,9.997582577839706630e+01
1.250000000000000000e+03,9.997140980110664543e+01
1.251000000000000000e+03,9.996626219136989278e+01
1.252000000000000000e+03,9.996027613162397074e+01
1.253000000000000000e+03,9.995333179035714011e+01
1.254000000000000000e+03,9.994529517013079101e+01
1.255000000000000000e+03,9.993601692340713782e+01
1.256000000000000000e+03,9.992533114765967639e+01
1.257000000000000000e+03,9.991305417357806107e+01
1.258000000000000000e+03,9.989898336265092382e+01
1.259000000000000000e+03,9.988289593298759428e+01
1.260000000000000000e+03,9.986454783488727571e+01
1.261000000000000000e+03,9.984367270033364150e+01
1.262000000000000000e+03,9.981998089323228385e+01
1.263000000000000000e+03,9.979315868975569970e+01
1.264000000000000000e+03,9.976286762054529333e+01
1.265000000000000000e+03,9.972874400866827216e+01
1.266000000000000000e+03,9.969039873905406068e+01
1.267000000000000000e+03,9.964741729655571589e+01
1.268000000000000000e+03,9.959936011070406892e+01
1.269000000000000000e+03,9.954576324555597466e+01
1.270000000000000000e+03,9.948613947269038249e+01
1.271000000000000000e+03,9.941997976429082939e+01
1.272000000000000000e+03,9.934675524128715551e+01
1.273000000000000000e+03,9.926591960864136865e+01
1.274000000000000000e+03,9.917691210599019769e+01
1.275000000000000000e+03,9.907916099695594880e+01
1.276000000000000000e+03,9.897208761447986092e+01
1.277000000000000000e+03,9.885511097251210799e+01
1.278000000000000000e+03,9.872765294632918653e+01
1.279000000000000000e+03,9.858914401468689448e+01
1.280000000000000000e+03,9.843902954703010266e+01
1.281000000000000000e+03,9.827677660817232663e+01
1.282000000000000000e+03,9.810188124136409726e+01
1.283000000000000000e+03,9.791387617865601101e+01
1.284000000000000000e+03,9.771233891512504499e+01
1.285000000000000000e+03,9.749690007109671797e+01
1.286000000000000000e+03,9.726725195421180103e+01
1.287000000000000000e+03,9.702315722132426856e+01
1.288000000000000000e+03,9.676445752906933251e+01
1.289000000000000000e+03,9.649108205180419873e+01
1.290000000000000000e+03,9.620305573680700206e+01
1.291000000000000000e+03,9.590050715942226134e+01
1.292000000000000000e+03,9.558367583555812530e+01
1.293000000000000000e+03,9.525291884584331115e+01
1.294000000000000000e+03,9.490871662508693873e+01
1.295000000000000000e+03,9.455167777266281348e+01
1.296000000000000000e+03,9.418254274422656636e+01
1.297000000000000000e+03,9.380218629288391696e+01
1.298000000000000000e+03,9.341161853861747488e+01
1.299000000000000000e+03,9.301198455843865531e+01
1.300000000000000000e+03,9.260456240628380442e+01
1.301000000000000000e+03,9.219075949097057787e+01
1.302000000000000000e+03,9.177210726235075811e+01
1.303000000000000000e+03,9.135025417984560647e+01
1.304000000000000000e+03,9.092695696346839895e+01
1.305000000000000000e+03,9.050407015479760275e+01
1.306000000000000000e+03,9.008353404368135386e+01
1.307000000000000000e+03,8.966736104519307560e+01
1.308000000000000000e+03,8.925762063994773143e+01
1.309000000000000000e+03,8.885642301872360349e+01
1.310000000000000000e+03,8.846590159879667681e+01
1.311000000000000000e+03,8.808819460385537070e+01
1.312000000000000000e+03,8.772542592120038307e+01
1.313000000000000000e+03,8.737968546853889507e+01
1.314000000000000000e+03,8.705300931746421611e+01
1.315000000000000000e+03,8.674735983110862492e+01
1.316000000000000000e+03,8.646460607892643679e+01
1.317000000000000000e+03,8.620650479158901192e+01
1.318000000000000000e+03,8.597468211304368424e+01
1.319000000000000000e+03,8.577061639439926921e+01
1.320000000000000000e+03,8.559562225493021970e+01
1.321000000000000000e+03,8.545083610859327905e+01
1.322000000000000000e+03,8.533720331944668658e+01
1.323000000000000000e+03,8.525546710564617570e+01
1.324000000000000000e+03,8.520615925866297857e+01
1.325000000000000000e+03,8.518959268148307729e+01
1.326000000000000000e+03,8.520585567643429670e+01
1.327000000000000000e+03,8.525480782990439366e+01
1.328000000000000000e+03,8.533607724808479134e+01
1.329000000000000000e+03,8.544905879639706825e+01
1.330000000000000000e+03,8.559291288808634590e+01
1.331000000000000000e+03,8.576656425895018288e+01
1.332000000000000000e+03,8.596870006183620205e+01
1.333000000000000000e+03,8.619776652552413054e+01
1.334000000000000000e+03,8.645196336000469728e+01
1.335000000000000000e+03,8.672923506916077940e+01
1.336000000000000000e+03,8.702725837052130942e+01
1.337000000000000000e+03,8.734342504038929178e+01
1.338000000000000000e+03,8.767481972248609168e+01
1.339000000000000000e+03,8.801819257952632825e+01
1.340000000000000000e+03,8.836992714630905255e+01
1.341000000000000000e+03,8.872600436926860823e+01
1.342000000000000000e+03,8.908196458910003912e+01
1.343000000000000000e+03,8.943287012283104787e+01
1.344000000000000000e+03,8.977327209302040956e+01
1.345000000000000000e+03,9.009718617570335653e+01
1.346000000000000000e+03,9.039808291251451067e+01
1.347000000000000000e+03,9.066889905040626729e+01
1.348000000000000000e+03,9.090207690995421785e+01
1.349000000000000000e+03,9.108963890453932777e+01
1.350000000000000000e+03,9.122330390203029538e+01
1.351000000000000000e+03,9.129465101736629151e+01
1.352000000000000000e+03,9.129533456072803688e+01
1.353000000000000000e+03,9.121735120518162887e+01
1.354000000000000000e+03,9.105335701222817590e+01
1.355000000000000000e+03,9.079702787931314845e+01
1.356000000000000000e+03,9.044345245706996650e+01
1.357000000000000000e+03,8.998954192353778581e+01
1.358000000000000000e+03,8.943443657466877994e+01
1.359000000000000000e+03,8.877988542814921402e+01
1.360000000000000000e+03,8.803057239574494020e+01
1.361000000000000000e+03,8.719436149107008305e+01
1.362000000000000000e+03,8.628243436676206102e+01
1.363000000000000000e+03,8.530929645834054043e+01
1.364000000000000000e+03,8.429263322670583136e+01
1.365000000000000000e+03,8.325300531397610371e+01
1.366000000000000000e+03,8.221338052097540583e+01
1.367000000000000000e+03,8.119851083450704721e+01
1.368000000000000000e+03,8.023417355675786666e+01
1.369000000000000000e+03,7.934630607223677146e+01
1.370000000000000000e+03,7.856007303307353595e+01
1.371000000000000000e+03,7.789891188929351529e+01
1.372000000000000000e+03,7.738360699843823909e+01
1.373000000000000000e+03,7.703144348642683781e+01
1.374000000000000000e+03,7.685548933877811351e+01
1.375000000000000000e+03,7.686404793077781505e+01
1.376000000000000000e+03,7.706031373097354731e+01
1.377000000000000000e+03,7.744225190511021140e+01
1.378000000000000000e+03,7.800270891703026166e+01
1.379000000000000000e+03,7.872974703407854236e+01
1.380000000000000000e+03,7.960718201583155462e+01
1.381000000000000000e+03,8.061529126137551771e+01
1.382000000000000000e+03,8.173165022150723757e+01
1.383000000000000000e+03,8.293204861853783427e+01
1.384000000000000000e+03,8.419143533169076932e+01
1.385000000000000000e+03,8.548484175263783413e+01
1.386000000000000000e+03,8.678823773309302680e+01
1.387000000000000000e+03,8.807928140199150846e+01
1.388000000000000000e+03,8.933793338478480450e+01
1.389000000000000000e+03,9.054691644932213990e+01
1.390000000000000000e+03,9.169201243468810958e+01
1.391000000000000000e+03,9.276219864518537861e+01
1.392000000000000000e+03,9.374963498905376014e+01
1.393000000000000000e+03,9.464952046534011743e+01
1.394000000000000000e+03,9.545984281488817658e+01
1.395000000000000000e+03,9.618104812892330813e+01
1.396000000000000000e+03,9.681565802591883596e+01
1.397000000000000000e+03,9.736786090480057965e+01
1.398000000000000000e+03,9.784310112168883222e+01
1.399000000000000000e+03,9.824768615113760006e+01
1.400000000000000000e+03,9.858842733600023678e+01
1.401000000000000000e+03,9.887232513575914084e+01
1.402000000000000000e+03,9.910630522856631330e+01
1.403000000000000000e+03,9.929700770551878009e+01
1.404000000000000000e+03,9.945062812465930335e+01
1.405000000000000000e+03,9.957280648366636910e+01
1.406000000000000000e+03,9.966855825806881342e+01
1.407000000000000000e+03,9.974224050132107777e+01
1.408000000000000000e+03,9.979754552851359506e+01
1.409000000000000000e+03,9.983751478894961906e+01
1.410000000000000000e+03,9.986456604169663365e+01
1.411000000000000000e+03,9.988052775014313056e+01
1.412000000000000000e+03,9.988667558578258365e+01
1.413000000000000000e+03,9.988376697625687939e+01
1.414000000000000000e+03,9.987207066947729572e+01
1.415000000000000000e+03,9.985138925948193389e+01
1.416000000000000000e+03,9.982107349766775428e+01
1.417000000000000000e+03,9.978002798086049552e+01
1.418000000000000000e+03,9.972670846538068190e+01
1.419000000000000000e+03,9.965911161357689707e+01
1.420000000000000000e+03,9.957475845132216818e+01
1.421000000000000000e+03,9.947067321829544539e+01
1.422000000000000000e+03,9.934335964248961659e+01
1.423000000000000000e+03,9.918877697741322663e+01
1.424000000000000000e+03,9.900231841065074434e+01
1.425000000000000000e+03,9.877879468552798414e+01
1.426000000000000000e+03,9.851242596719934852e+01
1.427000000000000000e+03,9.819684511854944731e+01
1.428000000000000000e+03,9.782511561329936001e+01
1.429000000000000000e+03,9.738976728380600889e+01
1.430000000000000000e+03,9.688285295786167239e+01
1.431000000000000000e+03,9.629602876128811317e+01
1.432000000000000000e+03,9.562066043260560377e+01
1.433000000000000000e+03,9.484795739835367101e+01
1.434000000000000000e+03,9.396913558511026565e+01
1.435000000000000000e+03,9.297560899772719267e+01
1.436000000000000000e+03,9.185920898369631971e+01
1.437000000000000000e+03,9.061242885312417172e+01
1.438000000000000000e+03,8.922869016673863030e+01
1.439000000000000000e+03,8.770262558686587795e+01
1.440000000000000000e+03,8.603037176575232081e+01
1.441000000000000000e+03,8.420986438885432790e+01
1.442000000000000000e+03,8.224112627169706968e+01
1.443000000000000000e+03,8.012653840523961435e+01
1.444000000000000000e+03,7.787108313367491519e+01
1.445000000000000000e+03,7.548254830263371673e+01
1.446000000000000000e+03,7.297168129746187049e+01
1.447000000000000000e+03,7.035228244854722846e+01
1.448000000000000000e+03,6.764122834230406056e+01
1.449000000000000000e+03,6.485841714798303315e+01
1.450000000000000000e+03,6.202663013157305016e+01
1.451000000000000000e+03,5.917130603076191164e+01
1.452000000000000000e+03,5.632022783373739827e+01
1.453000000000000000e+03,5.350312463822528031e+01
1.454000000000000000e+03,5.075119454191250412e+01
1.455000000000000000e+03,4.809655779042919477e+01
1.456000000000000000e+03,4.557165253294860463e+01
1.457000000000000000e+03,4.320858835401061526e+01
1.458000000000000000e+03,4.103847511490032929e+01
1.459000000000000000e+03,3.909074641473634415e+01
1.460000000000000000e+03,3.739249805897778600e+01
1.461000000000000000e+03,3.596786222008154255e+01
1.462000000000000000e+03,3.483743744626784178e+01
1.463000000000000000e+03,3.401779331450551069e+01
1.464000000000000000e+03,3.352106636932265360e+01
1.465000000000000000e+03,3.335466111724051075e+01
1.466000000000000000e+03,3.352106637258131627e+01
1.467000000000000000e+03,3.401779332131799549e+01
1.468000000000000000e+03,3.483743745724859764e+01
1.469000000000000000e+03,3.596786223621379008e+01
1.470000000000000000e+03,3.739249808169245171e+01
1.471000000000000000e+03,3.909074644602564774e+01
1.472000000000000000e+03,4.103847515747405339e+01
1.473000000000000000e+03,4.320858841150576524e+01
1.474000000000000000e+03,4.557165261020684000e+01
1.475000000000000000e+03,4.809655789386015101e+01
1.476000000000000000e+03,5.075119467996751155e+01
1.477000000000000000e+03,5.350312482201191244e+01
1.478000000000000000e+03,5.632022807781417839e+01
1.479000000000000000e+03,5.917130635416404516e+01
1.480000000000000000e+03,6.202663055913357937e+01
1.481000000000000000e+03,6.485841771203301676e+01
1.482000000000000000e+03,6.764122908485964558e+01
1.483000000000000000e+03,7.035228342412486313e+01
1.484000000000000000e+03,7.297168257670821845e+01
1.485000000000000000e+03,7.548254997702046865e+01
1.486000000000000000e+03,7.787108532160064556e+01
1.487000000000000000e+03,8.012654126001351074e+01
1.488000000000000000e+03,8.224112999207815733e+01
1.489000000000000000e+03,8.420986923311815531e+01
1.490000000000000000e+03,8.603037807071015663e+01
1.491000000000000000e+03,8.770263379395299808e+01
1.492000000000000000e+03,8.922870085834510689e+01
1.493000000000000000e+03,9.061244280395294481e+01
1.494000000000000000e+03,9.185922723438136472e+01
1.495000000000000000e+03,9.297563296163809810e+01
1.496000000000000000e+03,9.396916720480028573e+01
1.497000000000000000e+03,9.484799937631129296e+01
1.498000000000000000e+03,9.562071657301331129e+01
1.499000000000000000e+03,9.629610447697412212e+01
1.500000000000000000e+03,9.688295602170475718e+01
1.501000000000000000e+03,9.738990893936120585e+01
1.502000000000000000e+03,9.782531220902114910e+01
1.503000000000000000e+03,9.819712049832712353e+01
1.504000000000000000e+03,9.851281494266430627e+01
1.505000000000000000e+03,9.877934803950056164e+01
1.506000000000000000e+03,9.900311004390322012e+01
1.507000000000000000e+03,9.918991402108515842e+01
1.508000000000000000e+03,9.934499662464104119e+01
1.509000000000000000e+03,9.947303170320805066e+01
1.510000000000000000e+03,9.957815397033644444e+01
1.511000000000000000e+03,9.966399017895327006e+01
1.512000000000000000e+03,9.973369550055136301e+01
1.513000000000000000e+03,9.978999309968052955e+01
1.514000000000000000e+03,9.983521519857794146e+01
1.515000000000000000e+03,9.987134422990344262e+01
1.516000000000000000e+03,9.990005296568286042e+01
1.517000000000000000e+03,9.992274277886832579e+01
1.518000000000000000e+03,9.994057943438977532e+01
1.519000000000000000e+03,9.995452601569836304e+01
1.520000000000000000e+03,9.996537276923557158e+01
1.521000000000000000e+03,9.997376379337991636e+01
1.522000000000000000e+03,9.998022061193137233e+01
1.523000000000000000e+03,9.998516275774136375e+01
1.524000000000000000e+03,9.998892555292870554e+01
1.525000000000000000e+03,9.999177531178582967e+01
1.526000000000000000e+03,9.999392221458397501e+01
1.527000000000000000e+03,9.999553110851095994e+01
1.528000000000000000e+03,9.999673048914254991e+01
1.529000000000000000e+03,9.999761990503334630e+01
1.530000000000000000e+03,9.999827601169454283e+01
1.531000000000000000e+03,9.999875748147437093e+01
1.532000000000000000e+03,9.999910895434366864e+01
1.533000000000000000e+03,9.999936419261237575e+01
1.534000000000000000e+03,9.999954858112953104e+01
1.535000000000000000e+03,9.999968109422982820e+01
1.536000000000000000e+03,9.999977583202307585e+01
1.537000000000000000e+03,9.999984321182856206e+01
1.538000000000000000e+03,9.999989088573151719e+01
1.539000000000000000e+03,9.999992444237064149e+01
1.540000000000000000e+03,9.999994794006411780e+01
1.541000000000000000e+03,9.999996430910309186e+01
1.542000000000000000e+03,9.999997565331580063e+01
1.543000000000000000e+03,9.999998347464830317e+01
1.544000000000000000e+03,9.999998883933361071e+01
1.545000000000000000e+03,9.999999250005514284e+01
1.546000000000000000e+03,9.999999498518933194e+01
1.547000000000000000e+03,9.999999666358903028e+01
1.548000000000000000e+03,9.999999779131863420e+01
1.549000000000000000e+03,9.999999854516038056e+01
1.550000000000000000e+03,9.999999904648900895e+01
1.551000000000000000e+03,9.999999937817982243e+01
1.552000000000000000e+03,9.999999959651030679e+01
1.553000000000000000e+03,9.999999973948747822e+01
1.554000000000000000e+03,9.999999983263937509e+01
1.555000000000000000e+03,9.999999989301903724e+01
1.556000000000000000e+03,9.999999993195623915e+01
1.557000000000000000e+03,9.999999995693757171e+01
1.558000000000000000e+03,9.999999997288327336e+01
1.559000000000000000e+03,9.999999998300955895e+01
1.560000000000000000e+03,9.999999998940745627e+01
1.561000000000000000e+03,9.999999999342909973e+01
1.562000000000000000e+03,9.999999999594419364e+01
1.563000000000000000e+03,9.999999999750907875e+01
1.564000000000000000e+03,9.999999999847780430e+01
1.565000000000000000e+03,9.999999999907443282e+01
1.566000000000000000e+03,9.999999999944002127e+01
1.567000000000000000e+03,9.999999999966289010e+01
1.568000000000000000e+03,9.999999999979807797e+01
1.569000000000000000e+03,9.999999999987964827e+01
1.570000000000000000e+03,9.999999999992863309e+01
1.571000000000000000e+03,9.999999999995787903e+01
1.572000000000000000e+03,9.999999999997527311e+01
1.573000000000000000e+03,9.999999999998554756e+01
1.574000000000000000e+03,9.999999999999160138e+01
1.575000000000000000e+03,9.999999999999513989e+01
1.576000000000000000e+03,9.999999999999720046e+01
1.577000000000000000e+03,9.999999999999839417e+01
1.578000000000000000e+03,9.999999999999909051e+01
1.579000000000000000e+03,9.999999999999948841e+01
1.580000000000000000e+03,9.999999999999970157e+01
1.581000000000000000e+03,9.999999999999982947e+01
1.582000000000000000e+03,9.999999999999991473e+01
1.583000000000000000e+03,9.999999999999994316e+01
1.584000000000000000e+03,9.999999999999997158e+01
1.585000000000000000e+03,9.999999999999998579e+01
1.586000000000000000e+03,9.999999999999998579e+01
1.587000000000000000e+03,1.000000000000000000e+02
1.588000000000000000e+03,1.000000000000000000e+02
1.589000000000000000e+03,1.000000000000000000e+02
1.590000000000000000e+03,1.000000000000000000e+02
1.591000000000000000e+03,1.000000000000000000e+02
1.592000000000000000e+03,1.000000000000000000e+02
1.593000000000000000e+03,1.000000000000000000e+02
1.594000000000000000e+03,1.000000000000000000e+02
1.595000000000000000e+03,1.000000000000000000e+02
1.596000000000000000e+03,1.000000000000000000e+02
1.597000000000000000e+03,1.000000000000000000e+02
1.598000000000000000e+03,1.000000000000000000e+02
1.599000000000000000e+03,1.000000000000000000e+02
1.600000000000000000e+03,1.000000000000000000e+02
1.601000000000000000e+03,1.000000000000000000e+02
1.602000000000000000e+03,1.000000000000000000e+02
1.603000000000000000e+03,1.000000000000000000e+02
1.604000000000000000e+03,1.000000000000000000e+02
1.605000000000000000e+03,1.000000000000000000e+02
1.606000000000000000e+03,1.000000000000000000e+02
1.607000000000000000e+03,1.000000000000000000e+02
1.608000000000000000e+03,1.000000000000000000e+02
1.609000000000000000e+03,1.000000000000000000e+02
1.610000000000000000e+03,1.000000000000000000e+02
1.611000000000000000e+03,1.000000000000000000e+02
1.612000000000000000e+03,1.000000000000000000e+02
1.613000000000000000e+03,1.000000000000000000e+02
1.614000000000000000e+03,1.000000000000000000e+02
1.615000000000000000e+03,1.000000000000000000e+02
1.616000000000000000e+03,1.000000000000000000e+02
1.617000000000000000e+03,1.000000000000000000e+02
1.618000000000000000e+03,1.000000000000000000e+02
1.619000000000000000e+03,1.000000000000000000e+02
1.620000000000000000e+03,1.000000000000000000e+02
1.621000000000000000e+03,1.000000000000000000e+02
1.622000000000000000e+03,1.000000000000000000e+02
1.623000000000000000e+03,1.000000000000000000e+02
1.624000000000000000e+03,1.000000000000000000e+02
1.625000000000000000e+03,1.000000000000000000e+02
1.626000000000000000e+03,1.000000000000000000e+02
1.627000000000000000e+03,1.000000000000000000e+02
1.628000000000000000e+03,1.000000000000000000e+02
1.629000000000000000e+03,1.000000000000000000e+02
1.630000000000000000e+03,1.000000000000000000e+02
1.631000000000000000e+03,1.000000000000000000e+02
1.632000000000000000e+03,1.000000000000000000e+02
1.633000000000000000e+03,1.000000000000000000e+02
1.634000000000000000e+03,1.000000000000000000e+02
1.635000000000000000e+03,1.000000000000000000e+02
1.636000000000000000e+03,1.000000000000000000e+02
1.637000000000000000e+03,1.000000000000000000e+02
1.638000000000000000e+03,1.000000000000000000e+02
1.639000000000000000e+03,1.000000000000000000e+02
1.640000000000000000e+03,1.000000000000000000e+02
1.641000000000000000e+03,1.000000000000000000e+02
1.642000000000000000e+03,1.000000000000000000e+02
1.643000000000000000e+03,1.000000000000000000e+02
1.644000000000000000e+03,1.000000000000000000e+02
1.645000000000000000e+03,1.000000000000000000e+02
1.646000000000000000e+03,1.000000000000000000e+02
1.647000000000000000e+03,1.000000000000000000e+02
1.648000000000000000e+03,1.000000000000000000e+02
1.649000000000000000e+03,1.000000000000000000e+02
1.650000000000000000e+03,1.000000000000000000e+02
1.651000000000000000e+03,1.000000000000000000e+02
1.652000000000000000e+03,1.000000000000000000e+02
1.653000000000000000e+03,1.000000000000000000e+02
1.654000000000000000e+03,1.000000000000000000e+02
1.655000000000000000e+03,1.000000000000000000e+02
1.656000000000000000e+03,1.000000000000000000e+02
1.657000000000000000e+03,1.000000000000000000e+02
1.658000000000000000e+03,1.000000000000000000e+02
1.659000000000000000e+03,1.000000000000000000e+02
1.660000000000000000e+03,1.000000000000000000e+02
1.661000000000000000e+03,1.000000000000000000e+02
1.662000000000000000e+03,1.000000000000000000e+02
1.663000000000000000e+03,1.000000000000000000e+02
1.664000000000000000e+03,1.000000000000000000e+02
1.665000000000000000e+03,1.000000000000000000e+02
1.666000000000000000e+03,1.000000000000000000e+02
1.667000000000000000e+03,1.000000000000000000e+02
1.668000000000000000e+03,1.000000000000000000e+02
1.669000000000000000e+03,1.000000000000000000e+02
1.670000000000000000e+03,1.000000000000000000e+02
1.671000000000000000e+03,1.000000000000000000e+02
1.672000000000000000e+03,1.000000000000000000e+02
1.673000000000000000e+03,1.000000000000000000e+02
1.674000000000000000e+03,1.000000000000000000e+02
1.675000000000000000e+03,1.000000000000000000e+02
1.676000000000000000e+03,1.000000000000000000e+02
1.677000000000000000e+03,1.000000000000000000e+02
1.678000000000000000e+03,1.000000000000000000e+02
1.679000000000000000e+03,1.000000000000000000e+02
1.680000000000000000e+03,1.000000000000000000e+02
1.681000000000000000e+03,1.000000000000000000e+02
1.682000000000000000e+03,1.000000000000000000e+02
1.683000000000000000e+03,1.000000000000000000e+02
1.684000000000000000e+03,1.000000000000000000e+02
1.685000000000000000e+03,1.000000000000000000e+02
1.686000000000000000e+03,1.000000000000000000e+02
1.687000000000000000e+03,1.000000000000000000e+02
1.688000000000000000e+03,1.000000000000000000e+02
1.689000000000000000e+03,1.000000000000000000e+02
1.690000000000000000e+03,1.000000000000000000e+02
1.691000000000000000e+03,1.000000000000000000e+02
1.692000000000000000e+03,1.000000000000000000e+02
1.693000000000000000e+03,1.000000000000000000e+02
1.694000000000000000e+03,1.000000000000000000e+02
1.695000000000000000e+03,1.000000000000000000e+02
1.696000000000000000e+03,1.000000000000000000e+02
1.697000000000000000e+03,1.000000000000000000e+02
1.698000000000000000e+03,1.000000000000000000e+02
1.699000000000000000e+03,1.000000000000000000e+02
1.700000000000000000e+03,1.000000000000000000e+02
1.701000000000000000e+03,1.000000000000000000e+02
1.702000000000000000e+03,1.000000000000000000e+02
1.703000000000000000e+03,1.000000000000000000e+02
1.704000000000000000e+03,1.000000000000000000e+02
1.705000000000000000e+03,1.000000000000000000e+02
1.706000000000000000e+03,1.000000000000000000e+02
1.707000000000000000e+03,1.000000000000000000e+02
1.708000000000000000e+03,1.000000000000000000e+02
1.709000000000000000e+03,1.000000000000000000e+02
1.710000000000000000e+03,1.000000000000000000e+02
1.711000000000000000e+03,1.000000000000000000e+02
1.712000000000000000e+03,1.000000000000000000e+02
1.713000000000000000e+03,1.000000000000000000e+02
1.714000000000000000e+03,1.000000000000000000e+02
1.715000000000000000e+03,1.000000000000000000e+02
1.716000000000000000e+03,1.000000000000000000e+02
1.717000000000000000e+03,1.000000000000000000e+02
1.718000000000000000e+03,1.000000000000000000e+02
1.719000000000000000e+03,1.000000000000000000e+02
1.720000000000000000e+03,1.000000000000000000e+02
1.721000000000000000e+03,1.000000000000000000e+02
1.722000000000000000e+03,1.000000000000000000e+02
1.723000000000000000e+03,1.000000000000000000e+02
1.724000000000000000e+03,1.000000000000000000e+02
1.725000000000000000e+03,1.000000000000000000e+02
1.726000000000000000e+03,1.000000000000000000e+02
1.727000000000000000e+03,1.000000000000000000e+02
1.728000000000000000e+03,1.000000000000000000e+02
1.729000000000000000e+03,1.000000000000000000e+02
1.730000000000000000e+03,1.000000000000000000e+02
1.731000000000000000e+03,1.000000000000000000e+02
1.732000000000000000e+03,1.000000000000000000e+02
1.733000000000000000e+03,1.000000000000000000e+02
1.734000000000000000e+03,1.000000000000000000e+02
1.735000000000000000e+03,1.000000000000000000e+02
1.736000000000000000e+03,1.000000000000000000e+02
1.737000000000000000e+03,1.000000000000000000e+02
1.738000000000000000e+03,1.000000000000000000e+02
1.739000000000000000e+03,1.000000000000000000e+02
1.740000000000000000e+03,1.000000000000000000e+02
1.741000000000000000e+03,1.000000000000000000e+02
1.742000000000000000e+03,1.000000000000000000e+02
1.743000000000000000e+03,1.000000000000000000e+02
1.744000000000000000e+03,1.000000000000000000e+02
1.745000000000000000e+03,1.000000000000000000e+02
1.746000000000000000e+03,1.000000000000000000e+02
1.747000000000000000e+03,1.000000000000000000e+02
1.748000000000000000e+03,1.000000000000000000e+02
1.749000000000000000e+03,1.000000000000000000e+02
1.750000000000000000e+03,1.000000000000000000e+02
1.751000000000000000e+03,1.000000000000000000e+02
1.752000000000000000e+03,1.000000000000000000e+02
1.753000000000000000e+03,1.000000000000000000e+02
1.754000000000000000e+03,1.000000000000000000e+02
1.755000000000000000e+03,1.000000000000000000e+02
1.756000000000000000e+03,1.000000000000000000e+02
1.757000000000000000e+03,1.000000000000000000e+02
1.758000000000000000e+03,1.000000000000000000e+02
1.759000000000000000e+03,1.000000000000000000e+02
1.760000000000000000e+03,1.000000000000000000e+02
1.761000000000000000e+03,1.000000000000000000e+02
1.762000000000000000e+03,1.000000000000000000e+02
1.763000000000000000e+03,1.000000000000000000e+02
1.764000000000000000e+03,1.000000000000000000e+02
1.765000000000000000e+03,1.000000000000000000e+02
1.766000000000000000e+03,1.000000000000000000e+02
1.767000000000000000e+03,1.000000000000000000e+02
1.768000000000000000e+03,1.000000000000000000e+02
1.769000000000000000e+03,1.000000000000000000e+02
1.770000000000000000e+03,1.000000000000000000e+02
1.771000000000000000e+03,1.000000000000000000e+02
1.772000000000000000e+03,1.000000000000000000e+02
1.773000000000000000e+03,1.000000000000000000e+02
1.774000000000000000e+03,1.000000000000000000e+02
1.775000000000000000e+03,1.000000000000000000e+02
1.776000000000000000e+03,1.000000000000000000e+02
1.777000000000000000e+03,1.000000000000000000e+02
1.778000000000000000e+03,1.000000000000000000e+02
1.779000000000000000e+03,1.000000000000000000e+02
1.780000000000000000e+03,1.000000000000000000e+02
1.781000000000000000e+03,1.000000000000000000e+02
1.782000000000000000e+03,1.000000000000000000e+02
1.783000000000000000e+03,1.000000000000000000e+02
1.784000000000000000e+03,1.000000000000000000e+02
1.785000000000000000e+03,1.000000000000000000e+02
1.786000000000000000e+03,1.000000000000000000e+02
1.787000000000000000e+03,1.000000000000000000e+02
1.788000000000000000e+03,1.000000000000000000e+02
1.789000000000000000e+03,1.000000000000000000e+02
1.790000000000000000e+03,1.000000000000000000e+02
1.791000000000000000e+03,1.000000000000000000e+02
1.792000000000000000e+03,1.000000000000000000e+02
1.793000000000000000e+03,1.000000000000000000e+02
1.794000000000000000e+03,1.000000000000000000e+02
1.795000000000000000e+03,1.000000000000000000e+02
1.796000000000000000e+03,1.000000000000000000e+02
1.797000000000000000e+03,1.000000000000000000e+02
1.798000000000000000e+03,1.000000000000000000e+02
1.799000000000000000e+03,1.000000000000000000e+02
1.800000000000000000e+03,1.000000000000000000e+02
1.801000000000000000e+03,1.000000000000000000e+02
1.802000000000000000e+03,1.000000000000000000e+02
1.803000000000000000e+03,1.000000000000000000e+02
1.804000000000000000e+03,1.000000000000000000e+02
1.805000000000000000e+03,1.000000000000000000e+02
1.806000000000000000e+03,1.000000000000000000e+02
1.807000000000000000e+03,1.000000000000000000e+02
1.808000000000000000e+03,1.000000000000000000e+02
1.809000000000000000e+03,1.000000000000000000e+02
1.810000000000000000e+03,1.000000000000000000e+02
1.811000000000000000e+03,1.000000000000000000e+02
1.812000000000000000e+03,1.000000000000000000e+02
1.813000000000000000e+03,1.000000000000000000e+02
1.814000000000000000e+03,1.000000000000000000e+02
1.815000000000000000e+03,1.000000000000000000e+02
1.816000000000000000e+03,1.000000000000000000e+02
1.817000000000000000e+03,1.000000000000000000e+02
1.818000000000000000e+03,1.000000000000000000e+02
1.819000000000000000e+03,1.000000000000000000e+02
1.820000000000000000e+03,1.000000000000000000e+02
1.821000000000000000e+03,1.000000000000000000e+02
1.822000000000000000e+03,1.000000000000000000e+02
1.823000000000000000e+03,1.000000000000000000e+02
1.824000000000000000e+03,1.000000000000000000e+02
1.825000000000000000e+03,1.000000000000000000e+02
1.826000000000000000e+03,1.000000000000000000e+02
1.827000000000000000e+03,1.000000000000000000e+02
1.828000000000000000e+03,1.000000000000000000e+02
1.829000000000000000e+03,1.000000000000000000e+02
1.830000000000000000e+03,1.000000000000000000e+02
1.831000000000000000e+03,1.000000000000000000e+02
1.832000000000000000e+03,1.000000000000000000e+02
1.833000000000000000e+03,1.000000000000000000e+02
1.834000000000000000e+03,1.000000000000000000e+02
1.835000000000000000e+03,1.000000000000000000e+02
1.836000000000000000e+03,1.000000000000000000e+02
1.837000000000000000e+03,1.000000000000000000e+02
1.838000000000000000e+03,1.000000000000000000e+02
1.839000000000000000e+03,1.000000000000000000e+02
1.840000000000000000e+03,1.000000000000000000e+02
1.841000000000000000e+03,1.000000000000000000e+02
1.842000000000000000e+03,1.000000000000000000e+02
1.843000000000000000e+03,1.000000000000000000e+02
1.844000000000000000e+03,1.000000000000000000e+02
1.845000000000000000e+03,1.000000000000000000e+02
1.846000000000000000e+03,1.000000000000000000e+02
1.847000000000000000e+03,1.000000000000000000e+02
1.848000000000000000e+03,1.000000000000000000e+02
1.849000000000000000e+03,1.000000000000000000e+02
1.850000000000000000e+03,1.000000000000000000e+02
1.851000000000000000e+03,1.000000000000000000e+02
1.852000000000000000e+03,1.000000000000000000e+02
1.853000000000000000e+03,1.000000000000000000e+02
1.854000000000000000e+03,1.000000000000000000e+02
1.855000000000000000e+03,1.000000000000000000e+02
1.856000000000000000e+03,1.000000000000000000e+02
1.857000000000000000e+03,1.000000000000000000e+02
1.858000000000000000e+03,1.000000000000000000e+02
1.859000000000000000e+03,1.000000000000000000e+02
1.860000000000000000e+03,1.000000000000000000e+02
1.861000000000000000e+03,1.000000000000000000e+02
1.862000000000000000e+03,1.000000000000000000e+02
1.863000000000000000e+03,1.000000000000000000e+02
1.864000000000000000e+03,1.000000000000000000e+02
1.865000000000000000e+03,1.000000000000000000e+02
1.866000000000000000e+03,1.000000000000000000e+02
1.867000000000000000e+03,1.000000000000000000e+02
1.868000000000000000e+03,1.000000000000000000e+02
1.869000000000000000e+03,1.000000000000000000e+02
1.870000000000000000e+03,1.000000000000000000e+02
1.871000000000000000e+03,1.000000000000000000e+02
1.872000000000000000e+03,1.000000000000000000e+02
1.873000000000000000e+03,1.000000000000000000e+02
1.874000000000000000e+03,1.000000000000000000e+02
1.875000000000000000e+03,1.000000000000000000e+02
1.876000000000000000e+03,1.000000000000000000e+02
1.877000000000000000e+03,1.000000000000000000e+02
1.878000000000000000e+03,1.000000000000000000e+02
1.879000000000000000e+03,1.000000000000000000e+02
1.880000000000000000e+03,1.000000000000000000e+02
1.881000000000000000e+03,1.000000000000000000e+02
1.882000000000000000e+03,1.000000000000000000e+02
1.883000000000000000e+03,1.000000000000000000e+02
1.884000000000000000e+03,1.000000000000000000e+02
1.885000000000000000e+03,1.000000000000000000e+02
1.886000000000000000e+03,1.000000000000000000e+02
1.887000000000000000e+03,1.000000000000000000e+02
1.888000000000000000e+03,1.000000000000000000e+02
1.889000000000000000e+03,1.000000000000000000e+02
1.890000000000000000e+03,1.000000000000000000e+02
1.891000000000000000e+03,1.000000000000000000e+02
1.892000000000000000e+03,1.000000000000000000e+02
1.893000000000000000e+03,1.000000000000000000e+02
1.894000000000000000e+03,1.000000000000000000e+02
1.895000000000000000e+03,1.000000000000000000e+02
1.896000000000000000e+03,1.000000000000000000e+02
1.897000000000000000e+03,1.000000000000000000e+02
1.898000000000000000e+03,1.000000000000000000e+02
1.899000000000000000e+03,1.000000000000000000e+02
1.900000000000000000e+03,1.000000000000000000e+02
1.901000000000000000e+03,1.000000000000000000e+02
1.902000000000000000e+03,1.000000000000000000e+02
1.903000000000000000e+03,1.000000000000000000e+02
1.904000000000000000e+03,1.000000000000000000e+02
1.905000000000000000e+03,1.000000000000000000e+02
1.906000000000000000e+03,1.000000000000000000e+02
1.907000000000000000e+03,1.000000000000000000e+02
1.908000000000000000e+03,1.000000000000000000e+02
1.909000000000000000e+03,1.000000000000000000e+02
1.910000000000000000e+03,1.000000000000000000e+02
1.911000000000000000e+03,1.000000000000000000e+02
1.912000000000000000e+03,1.000000000000000000e+02
1.913000000000000000e+03,1.000000000000000000e+02
1.914000000000000000e+03,1.000000000000000000e+02
1.915000000000000000e+03,1.000000000000000000e+02
1.916000000000000000e+03,1.000000000000000000e+02
1.917000000000000000e+03,1.000000000000000000e+02
1.918000000000000000e+03,1.000000000000000000e+02
1.919000000000000000e+03,1.000000000000000000e+02
1.920000000000000000e+03,1.000000000000000000e+02
1.921000000000000000e+03,1.000000000000000000e+02
1.922000000000000000e+03,1.000000000000000000e+02
1.923000000000000000e+03,1.000000000000000000e+02
1.924000000000000000e+03,1.000000000000000000e+02
1.925000000000000000e+03,1.000000000000000000e+02
1.926000000000000000e+03,1.000000000000000000e+02
1.927000000000000000e+03,1.000000000000000000e+02
1.928000000000000000e+03,1.000000000000000000e+02
1.929000000000000000e+03,1.000000000000000000e+02
1.930000000000000000e+03,1.000000000000000000e+02
1.931000000000000000e+03,1.000000000000000000e+02
1.932000000000000000e+03,1.000000000000000000e+02
1.933000000000000000e+03,1.000000000000000000e+02
1.934000000000000000e+03,1.000000000000000000e+02
1.935000000000000000e+03,1.000000000000000000e+02
1.936000000000000000e+03,1.000000000000000000e+02
1.937000000000000000e+03,1.000000000000000000e+02
1.938000000000000000e+03,1.000000000000000000e+02
1.939000000000000000e+03,1.000000000000000000e+02
1.940000000000000000e+03,1.000000000000000000e+02
1.941000000000000000e+03,1.000000000000000000e+02
1.942000000000000000e+03,1.000000000000000000e+02
1.943000000000000000e+03,1.000000000000000000e+02
1.944000000000000000e+03,1.000000000000000000e+02
1.945000000000000000e+03,1.000000000000000000e+02
1.946000000000000000e+03,1.000000000000000000e+02
1.947000000000000000e+03,1.000000000000000000e+02
1.948000000000000000e+03,1.000000000000000000e+02
1.949000000000000000e+03,1.000000000000000000e+02
1.950000000000000000e+03,1.000000000000000000e+02
1.951000000000000000e+03,1.000000000000000000e+02
1.952000000000000000e+03,1.000000000000000000e+02
1.953000000000000000e+03,1.000000000000000000e+02
1.954000000000000000e+03,1.000000000000000000e+02
1.955000000000000000e+03,1.000000000000000000e+02
1.956000000000000000e+03,1.000000000000000000e+02
1.957000000000000000e+03,1.000000000000000000e+02
1.958000000000000000e+03,1.000000000000000000e+02
1.959000000000000000e+03,1.000000000000000000e+02
1.960000000000000000e+03,1.000000000000000000e+02
1.961000000000000000e+03,1.000000000000000000e+02
1.962000000000000000e+03,1.000000000000000000e+02
1.963000000000000000e+03,1.000000000000000000e+02
1.964000000000000000e+03,1.000000000000000000e+02
1.965000000000000000e+03,1.000000000000000000e+02
1.966000000000000000e+03,1.000000000000000000e+02
1.967000000000000000e+03,1.000000000000000000e+02
1.968000000000000000e+03,1.000000000000000000e+02
1.969000000000000000e+03,1.000000000000000000e+02
1.970000000000000000e+03,1.000000000000000000e+02
1.971000000000000000e+03,1.000000000000000000e+02
1.972000000000000000e+03,1.000000000000000000e+02
1.973000000000000000e+03,1.000000000000000000e+02
1.974000000000000000e+03,1.000000000000000000e+02
1.975000000000000000e+03,1.000000000000000000e+02
1.976000000000000000e+03,1.000000000000000000e+02
1.977000000000000000e+03,1.000000000000000000e+02
1.978000000000000000e+03,1.000000000000000000e+02
1.979000000000000000e+03,1.000000000000000000e+02
1.980000000000000000e+03,1.000000000000000000e+02
1.981000000000000000e+03,1.000000000000000000e+02
1.982000000000000000e+03,1.000000000000000000e+02
1.983000000000000000e+03,1.000000000000000000e+02
1.984000000000000000e+03,1.000000000000000000e+02
1.985000000000000000e+03,1.000000000000000000e+02
1.986000000000000000e+03,1.000000000000000000e+02
1.987000000000000000e+03,1.000000000000000000e+02
1.988000000000000000e+03,1.000000000000000000e+02
1.989000000000000000e+03,1.000000000000000000e+02
1.990000000000000000e+03,1.000000000000000000e+02
1.991000000000000000e+03,1.000000000000000000e+02
1.992000000000000000e+03,1.000000000000000000e+02
1.993000000000000000e+03,1.000000000000000000e+02
1.994000000000000000e+03,1.000000000000000000e+02
1.995000000000000000e+03,1.000000000000000000e+02
1.996000000000000000e+03,1.000000000000000000e+02
1.997000000000000000e+03,1.000000000000000000e+02
1.998000000000000000e+03,1.000000000000000000e+02
1.999000000000000000e+03,1.000000000000000000e+02
2.000000000000000000e+03,1.000000000000000000e+02
2.001000000000000000e+03,1.000000000000000000e+02
2.002000000000000000e+03,1.000000000000000000e+02
2.003000000000000000e+03,1.000000000000000000e+02
2.004000000000000000e+03,1.000000000000000000e+02
2.005000000000000000e+03,1.000000000000000000e+02
2.006000000000000000e+03,1.000000000000000000e+02
2.007000000000000000e+03,1.000000000000000000e+02
2.008000000000000000e+03,1.000000000000000000e+02
2.009000000000000000e+03,1.000000000000000000e+02
2.010000000000000000e+03,1.000000000000000000e+02
2.011000000000000000e+03,1.000000000000000000e+02
2.012000000000000000e+03,1.000000000000000000e+02
2.013000000000000000e+03,1.000000000000000000e+02
2.014000000000000000e+03,1.000000000000000000e+02
2.015000000000000000e+03,1.000000000000000000e+02
2.016000000000000000e+03,1.000000000000000000e+02
2.017000000000000000e+03,1.000000000000000000e+02
2.018000000000000000e+03,1.000000000000000000e+02
2.019000000000000000e+03,1.000000000000000000e+02
2.020000000000000000e+03,1.000000000000000000e+02
2.021000000000000000e+03,1.000000000000000000e+02
2.022000000000000000e+03,1.000000000000000000e+02
2.023000000000000000e+03,1.000000000000000000e+02
2.024000000000000000e+03,1.000000000000000000e+02
2.025000000000000000e+03,1.000000000000000000e+02
2.026000000000000000e+03,1.000000000000000000e+02
2.027000000000000000e+03,1.000000000000000000e+02
2.028000000000000000e+03,1.000000000000000000e+02
2.029000000000000000e+03,1.000000000000000000e+02
2.030000000000000000e+03,1.000000000000000000e+02
2.031000000000000000e+03,1.000000000000000000e+02
2.032000000000000000e+03,1.000000000000000000e+02
2.033000000000000000e+03,1.000000000000000000e+02
2.034000000000000000e+03,1.000000000000000000e+02
2.035000000000000000e+03,1.000000000000000000e+02
2.036000000000000000e+03,1.000000000000000000e+02
2.037000000000000000e+03,1.000000000000000000e+02
2.038000000000000000e+03,1.000000000000000000e+02
2.039000000000000000e+03,1.000000000000000000e+02
2.040000000000000000e+03,1.000000000000000000e+02
2.041000000000000000e+03,1.000000000000000000e+02
2.042000000000000000e+03,1.000000000000000000e+02
2.043000000000000000e+03,1.000000000000000000e+02
2.044000000000000000e+03,1.000000000000000000e+02
2.045000000000000000e+03,1.000000000000000000e+02
2.046000000000000000e+03,1.000000000000000000e+02
2.047000000000000000e+03,1.000000000000000000e+02
2.048000000000000000e+03,1.000000000000000000e+02
2.049000000000000000e+03,1.000000000000000000e+02
2.050000000000000000e+03,1.000000000000000000e+02
2.051000000000000000e+03,1.000000000000000000e+02
2.052000000000000000e+03,1.000000000000000000e+02
2.053000000000000000e+03,1.000000000000000000e+02
2.054000000000000000e+03,1.000000000000000000e+02
2.055000000000000000e+03,1.000000000000000000e+02
2.056000000000000000e+03,1.000000000000000000e+02
2.057000000000000000e+03,1.000000000000000000e+02
2.058000000000000000e+03,1.000000000000000000e+02
2.059000000000000000e+03,1.000000000000000000e+02
2.060000000000000000e+03,1.000000000000000000e+02
2.061000000000000000e+03,1.000000000000000000e+02
2.062000000000000000e+03,1.000000000000000000e+02
2.063000000000000000e+03,1.000000000000000000e+02
2.064000000000000000e+03,1.000000000000000000e+02
2.065000000000000000e+03,1.000000000000000000e+02
2.066000000000000000e+03,1.000000000000000000e+02
2.067000000000000000e+03,1.000000000000000000e+02
2.068000000000000000e+03,1.000000000000000000e+02
2.069000000000000000e+03,1.000000000000000000e+02
2.070000000000000000e+03,1.000000000000000000e+02
2.071000000000000000e+03,1.000000000000000000e+02
2.072000000000000000e+03,1.000000000000000000e+02
2.073000000000000000e+03,1.000000000000000000e+02
2.074000000000000000e+03,1.000000000000000000e+02
2.075000000000000000e+03,1.000000000000000000e+02
2.076000000000000000e+03,1.000000000000000000e+02
2.077000000000000000e+03,1.000000000000000000e+02
2.078000000000000000e+03,1.000000000000000000e+02
2.079000000000000000e+03,1.000000000000000000e+02
2.080000000000000000e+03,1.000000000000000000e+02
2.081000000000000000e+03,1.000000000000000000e+02
2.082000000000000000e+03,1.000000000000000000e+02
2.083000000000000000e+03,1.000000000000000000e+02
2.084000000000000000e+03,1.000000000000000000e+02
2.085000000000000000e+03,1.000000000000000000e+02
2.086000000000000000e+03,1.000000000000000000e+02
2.087000000000000000e+03,1.000000000000000000e+02
2.088000000000000000e+03,1.000000000000000000e+02
2.089000000000000000e+03,1.000000000000000000e+02
2.090000000000000000e+03,1.000000000000000000e+02
2.091000000000000000e+03,1.000000000000000000e+02
2.092000000000000000e+03,1.000000000000000000e+02
2.093000000000000000e+03,1.000000000000000000e+02
2.094000000000000000e+03,1.000000000000000000e+02
2.095000000000000000e+03,1.000000000000000000e+02
2.096000000000000000e+03,1.000000000000000000e+02
2.097000000000000000e+03,1.000000000000000000e+02
2.098000000000000000e+03,1.000000000000000000e+02
2.099000000000000000e+03,1.000000000000000000e+02
2.100000000000000000e+03,1.000000000000000000e+02
2.101000000000000000e+03,1.000000000000000000e+02
2.102000000000000000e+03,1.000000000000000000e+02
2.103000000000000000e+03,1.000000000000000000e+02
2.104000000000000000e+03,1.000000000000000000e+02
2.105000000000000000e+03,1.000000000000000000e+02
2.106000000000000000e+03,1.000000000000000000e+02
2.107000000000000000e+03,1.000000000000000000e+02
2.108000000000000000e+03,1.000000000000000000e+02
2.109000000000000000e+03,1.000000000000000000e+02
2.110000000000000000e+03,1.000000000000000000e+02
2.111000000000000000e+03,1.000000000000000000e+02
2.112000000000000000e+03,1.000000000000000000e+02
2.113000000000000000e+03,1.000000000000000000e+02
2.114000000000000000e+03,1.000000000000000000e+02
2.115000000000000000e+03,1.000000000000000000e+02
2.116000000000000000e+03,1.000000000000000000e+02
2.117000000000000000e+03,1.000000000000000000e+02
2.118000000000000000e+03,1.000000000000000000e+02
2.119000000000000000e+03,1.000000000000000000e+02
2.120000000000000000e+03,1.000000000000000000e+02
2.121000000000000000e+03,1.000000000000000000e+02
2.122000000000000000e+03,1.000000000000000000e+02
2.123000000000000000e+03,1.000000000000000000e+02
2.124000000000000000e+03,1.000000000000000000e+02
2.125000000000000000e+03,1.000000000000000000e+02
2.126000000000000000e+03,1.000000000000000000e+02
2.127000000000000000e+03,1.000000000000000000e+02
2.128000000000000000e+03,1.000000000000000000e+02
2.129000000000000000e+03,1.000000000000000000e+02
2.130000000000000000e+03,1.000000000000000000e+02
2.131000000000000000e+03,1.000000000000000000e+02
2.132000000000000000e+03,1.000000000000000000e+02
2.133000000000000000e+03,1.000000000000000000e+02
2.134000000000000000e+03,1.000000000000000000e+02
2.135000000000000000e+03,1.000000000000000000e+02
2.136000000000000000e+03,1.000000000000000000e+02
2.137000000000000000e+03,1.000000000000000000e+02
2.138000000000000000e+03,1.000000000000000000e+02
2.139000000000000000e+03,1.000000000000000000e+02
2.140000000000000000e+03,1.000000000000000000e+02
2.141000000000000000e+03,1.000000000000000000e+02
2.142000000000000000e+03,1.000000000000000000e+02
2.143000000000000000e+03,1.000000000000000000e+02
2.144000000000000000e+03,1.000000000000000000e+02
2.145000000000000000e+03,1.000000000000000000e+02
2.146000000000000000e+03,1.000000000000000000e+02
2.147000000000000000e+03,1.000000000000000000e+02
2.148000000000000000e+03,1.000000000000000000e+02
2.149000000000000000e+03,1.000000000000000000e+02
2.150000000000000000e+03,1.000000000000000000e+02
2.151000000000000000e+03,1.000000000000000000e+02
2.152000000000000000e+03,1.000000000000000000e+02
2.153000000000000000e+03,1.000000000000000000e+02
2.154000000000000000e+03,1.000000000000000000e+02
2.155000000000000000e+03,1.000000000000000000e+02
2.156000000000000000e+03,1.000000000000000000e+02
2.157000000000000000e+03,1.000000000000000000e+02
2.158000000000000000e+03,1.000000000000000000e+02
2.159000000000000000e+03,1.000000000000000000e+02
2.160000000000000000e+03,1.000000000000000000e+02
2.161000000000000000e+03,1.000000000000000000e+02
2.162000000000000000e+03,1.000000000000000000e+02
2.163000000000000000e+03,1.000000000000000000e+02
2.164000000000000000e+03,1.000000000000000000e+02
2.165000000000000000e+03,1.000000000000000000e+02
2.166000000000000000e+03,1.000000000000000000e+02
2.167000000000000000e+03,1.000000000000000000e+02
2.168000000000000000e+03,1.000000000000000000e+02
2.169000000000000000e+03,1.000000000000000000e+02
2.170000000000000000e+03,1.000000000000000000e+02
2.171000000000000000e+03,1.000000000000000000e+02
2.172000000000000000e+03,1.000000000000000000e+02
2.173000000000000000e+03,1.000000000000000000e+02
2.174000000000000000e+03,1.000000000000000000e+02
2.175000000000000000e+03,1.000000000000000000e+02
2.176000000000000000e+03,1.000000000000000000e+02
2.177000000000000000e+03,1.000000000000000000e+02
2.178000000000000000e+03,1.000000000000000000e+02
2.179000000000000000e+03,1.000000000000000000e+02
2.180000000000000000e+03,1.000000000000000000e+02
2.181000000000000000e+03,1.000000000000000000e+02
2.182000000000000000e+03,1.000000000000000000e+02
2.183000000000000000e+03,1.000000000000000000e+02
2.184000000000000000e+03,1.000000000000000000e+02
2.185000000000000000e+03,1.000000000000000000e+02
2.186000000000000000e+03,1.000000000000000000e+02
2.187000000000000000e+03,1.000000000000000000e+02
2.188000000000000000e+03,1.000000000000000000e+02
2.189000000000000000e+03,1.000000000000000000e+02
2.190000000000000000e+03,1.000000000000000000e+02
2.191000000000000000e+03,1.000000000000000000e+02
2.192000000000000000e+03,1.000000000000000000e+02
2.193000000000000000e+03,1.000000000000000000e+02
2.194000000000000000e+03,1.000000000000000000e+02
2.195000000000000000e+03,1.000000000000000000e+02
2.196000000000000000e+03,1.000000000000000000e+02
2.197000000000000000e+03,1.000000000000000000e+02
2.198000000000000000e+03,1.000000000000000000e+02
2.199000000000000000e+03,1.000000000000000000e+02
2.200000000000000000e+03,1.000000000000000000e+02
2.201000000000000000e+03,1.000000000000000000e+02
2.202000000000000000e+03,1.000000000000000000e+02
2.203000000000000000e+03,1.000000000000000000e+02
2.204000000000000000e+03,1.000000000000000000e+02
2.205000000000000000e+03,1.000000000000000000e+02
2.206000000000000000e+03,1.000000000000000000e+02
2.207000000000000000e+03,1.000000000000000000e+02
2.208000000000000000e+03,1.000000000000000000e+02
2.209000000000000000e+03,1.000000000000000000e+02
2.210000000000000000e+03,1.000000000000000000e+02
2.211000000000000000e+03,1.000000000000000000e+02
2.212000000000000000e+03,1.000000000000000000e+02
2.213000000000000000e+03,1.000000000000000000e+02
2.214000000000000000e+03,1.000000000000000000e+02
2.215000000000000000e+03,1.000000000000000000e+02
2.216000000000000000e+03,1.000000000000000000e+02
2.217000000000000000e+03,1.000000000000000000e+02
2.218000000000000000e+03,1.000000000000000000e+02
2.219000000000000000e+03,1.000000000000000000e+02
2.220000000000000000e+03,1.000000000000000000e+02
2.221000000000000000e+03,1.000000000000000000e+02
2.222000000000000000e+03,1.000000000000000000e+02
2.223000000000000000e+03,1.000000000000000000e+02
2.224000000000000000e+03,1.000000000000000000e+02
2.225000000000000000e+03,1.000000000000000000e+02
2.226000000000000000e+03,1.000000000000000000e+02
2.227000000000000000e+03,1.000000000000000000e+02
2.228000000000000000e+03,1.000000000000000000e+02
2.229000000000000000e+03,1.000000000000000000e+02
2.230000000000000000e+03,1.000000000000000000e+02
2.231000000000000000e+03,1.000000000000000000e+02
2.232000000000000000e+03,1.000000000000000000e+02
2.233000000000000000e+03,1.000000000000000000e+02
2.234000000000000000e+03,1.000000000000000000e+02
2.235000000000000000e+03,1.000000000000000000e+02
2.236000000000000000e+03,1.000000000000000000e+02
2.237000000000000000e+03,1.000000000000000000e+02
2.238000000000000000e+03,1.000000000000000000e+02
2.239000000000000000e+03,1.000000000000000000e+02
2.240000000000000000e+03,1.000000000000000000e+02
2.241000000000000000e+03,1.000000000000000000e+02
2.242000000000000000e+03,1.000000000000000000e+02
2.243000000000000000e+03,1.000000000000000000e+02
2.244000000000000000e+03,1.000000000000000000e+02
2.245000000000000000e+03,1.000000000000000000e+02
2.246000000000000000e+03,1.000000000000000000e+02
2.247000000000000000e+03,1.000000000000000000e+02
2.248000000000000000e+03,1.000000000000000000e+02
2.249000000000000000e+03,1.000000000000000000e+02
2.250000000000000000e+03,1.000000000000000000e+02
2.251000000000000000e+03,1.000000000000000000e+02
2.252000000000000000e+03,1.000000000000000000e+02
2.253000000000000000e+03,1.000000000000000000e+02
2.254000000000000000e+03,1.000000000000000000e+02
2.255000000000000000e+03,1.000000000000000000e+02
2.256000000000000000e+03,1.000000000000000000e+02
2.257000000000000000e+03,1.000000000000000000e+02
2.258000000000000000e+03,1.000000000000000000e+02
2.259000000000000000e+03,1.000000000000000000e+02
2.260000000000000000e+03,1.000000000000000000e+02
2.261000000000000000e+03,1.000000000000000000e+02
2.262000000000000000e+03,1.000000000000000000e+02
2.263000000000000000e+03,1.000000000000000000e+02
2.264000000000000000e+03,1.000000000000000000e+02
2.265000000000000000e+03,1.000000000000000000e+02
2.266000000000000000e+03,1.000000000000000000e+02
2.267000000000000000e+03,1.000000000000000000e+02
2.268000000000000000e+03,1.000000000000000000e+02
2.269000000000000000e+03,1.000000000000000000e+02
2.270000000000000000e+03,1.000000000000000000e+02
2.271000000000000000e+03,1.000000000000000000e+02
2.272000000000000000e+03,1.000000000000000000e+02
2.273000000000000000e+03,1.000000000000000000e+02
2.274000000000000000e+03,1.000000000000000000e+02
2.275000000000000000e+03,1.000000000000000000e+02
2.276000000000000000e+03,1.000000000000000000e+02
2.277000000000000000e+03,1.000000000000000000e+02
2.278000000000000000e+03,1.000000000000000000e+02
2.279000000000000000e+03,1.000000000000000000e+02
2.280000000000000000e+03,1.000000000000000000e+02
2.281000000000000000e+03,1.000000000000000000e+02
2.282000000000000000e+03,1.000000000000000000e+02
2.283000000000000000e+03,1.000000000000000000e+02
2.284000000000000000e+03,1.000000000000000000e+02
2.285000000000000000e+03,1.000000000000000000e+02
2.286000000000000000e+03,1.000000000000000000e+02
2.287000000000000000e+03,1.000000000000000000e+02
2.288000000000000000e+03,1.000000000000000000e+02
2.289000000000000000e+03,1.000000000000000000e+02
2.290000000000000000e+03,1.000000000000000000e+02
2.291000000000000000e+03,1.000000000000000000e+02
2.292000000000000000e+03,1.000000000000000000e+02
2.293000000000000000e+03,1.000000000000000000e+02
2.294000000000000000e+03,1.000000000000000000e+02
2.295000000000000000e+03,1.000000000000000000e+02
2.296000000000000000e+03,1.000000000000000000e+02
2.297000000000000000e+03,1.000000000000000000e+02
2.298000000000000000e+03,1.000000000000000000e+02
2.299000000000000000e+03,1.000000000000000000e+02
2.300000000000000000e+03,1.000000000000000000e+02
2.301000000000000000e+03,1.000000000000000000e+02
2.302000000000000000e+03,1.000000000000000000e+02
2.303000000000000000e+03,1.000000000000000000e+02
2.304000000000000000e+03,1.000000000000000000e+02
2.305000000000000000e+03,1.000000000000000000e+02
2.306000000000000000e+03,1.000000000000000000e+02
2.307000000000000000e+03,1.000000000000000000e+02
2.308000000000000000e+03,1.000000000000000000e+02
2.309000000000000000e+03,1.000000000000000000e+02
2.310000000000000000e+03,1.000000000000000000e+02
2.311000000000000000e+03,1.000000000000000000e+02
2.312000000000000000e+03,1.000000000000000000e+02
2.313000000000000000e+03,1.000000000000000000e+02
2.314000000000000000e+03,1.000000000000000000e+02
2.315000000000000000e+03,1.000000000000000000e+02
2.316000000000000000e+03,1.000000000000000000e+02
2.317000000000000000e+03,1.000000000000000000e+02
2.318000000000000000e+03,1.000000000000000000e+02
2.319000000000000000e+03,1.000000000000000000e+02
2.320000000000000000e+03,1.000000000000000000e+02
2.321000000000000000e+03,1.000000000000000000e+02
2.322000000000000000e+03,1.000000000000000000e+02
2.323000000000000000e+03,1.000000000000000000e+02
2.324000000000000000e+03,1.000000000000000000e+02
2.325000000000000000e+03,1.000000000000000000e+02
2.326000000000000000e+03,1.000000000000000000e+02
2.327000000000000000e+03,1.000000000000000000e+02
2.328000000000000000e+03,1.000000000000000000e+02
2.329000000000000000e+03,1.000000000000000000e+02
2.330000000000000000e+03,1.000000000000000000e+02
2.331000000000000000e+03,1.000000000000000000e+02
2.332000000000000000e+03,1.000000000000000000e+02
2.333000000000000000e+03,1.000000000000000000e+02
2.334000000000000000e+03,1.000000000000000000e+02
2.335000000000000000e+03,1.000000000000000000e+02
2.336000000000000000e+03,1.000000000000000000e+02
2.337000000000000000e+03,1.000000000000000000e+02
2.338000000000000000e+03,1.000000000000000000e+02
2.339000000000000000e+03,1.000000000000000000e+02
2.340000000000000000e+03,1.000000000000000000e+02
2.341000000000000000e+03,1.000000000000000000e+02
2.342000000000000000e+03,1.000000000000000000e+02
2.343000000000000000e+03,1.000000000000000000e+02
2.344000000000000000e+03,1.000000000000000000e+02
2.345000000000000000e+03,1.000000000000000000e+02
2.346000000000000000e+03,1.000000000000000000e+02
2.347000000000000000e+03,1.000000000000000000e+02
2.348000000000000000e+03,1.000000000000000000e+02
2.349000000000000000e+03,1.000000000000000000e+02
2.350000000000000000e+03,1.000000000000000000e+02
2.351000000000000000e+03,1.000000000000000000e+02
2.352000000000000000e+03,1.000000000000000000e+02
2.353000000000000000e+03,1.000000000000000000e+02
2.354000000000000000e+03,1.000000000000000000e+02
2.355000000000000000e+03,1.000000000000000000e+02
2.356000000000000000e+03,1.000000000000000000e+02
2.357000000000000000e+03,1.000000000000000000e+02
2.358000000000000000e+03,1.000000000000000000e+02
2.359000000000000000e+03,1.000000000000000000e+02
2.360000000000000000e+03,1.000000000000000000e+02
2.361000000000000000e+03,1.000000000000000000e+02
2.362000000000000000e+03,1.000000000000000000e+02
2.363000000000000000e+03,1.000000000000000000e+02
2.364000000000000000e+03,1.000000000000000000e+02
2.365000000000000000e+03,1.000000000000000000e+02
2.366000000000000000e+03,1.000000000000000000e+02
2.367000000000000000e+03,1.000000000000000000e+02
2.368000000000000000e+03,1.000000000000000000e+02
2.369000000000000000e+03,1.000000000000000000e+02
2.370000000000000000e+03,1.000000000000000000e+02
2.371000000000000000e+03,1.000000000000000000e+02
2.372000000000000000e+03,1.000000000000000000e+02
2.373000000000000000e+03,1.000000000000000000e+02
2.374000000000000000e+03,1.000000000000000000e+02
2.375000000000000000e+03,1.000000000000000000e+02
2.376000000000000000e+03,1.000000000000000000e+02
2.377000000000000000e+03,1.000000000000000000e+02
2.378000000000000000e+03,1.000000000000000000e+02
2.379000000000000000e+03,1.000000000000000000e+02
2.380000000000000000e+03,1.000000000000000000e+02
2.381000000000000000e+03,1.000000000000000000e+02
2.382000000000000000e+03,1.000000000000000000e+02
2.383000000000000000e+03,1.000000000000000000e+02
2.384000000000000000e+03,1.000000000000000000e+02
2.385000000000000000e+03,1.000000000000000000e+02
2.386000000000000000e+03,1.000000000000000000e+02
2.387000000000000000e+03,1.000000000000000000e+02
2.388000000000000000e+03,1.000000000000000000e+02
2.389000000000000000e+03,1.000000000000000000e+02
2.390000000000000000e+03,1.000000000000000000e+02
2.391000000000000000e+03,1.000000000000000000e+02
2.392000000000000000e+03,1.000000000000000000e+02
2.393000000000000000e+03,1.000000000000000000e+02
2.394000000000000000e+03,1.000000000000000000e+02
2.395000000000000000e+03,1.000000000000000000e+02
2.396000000000000000e+03,1.000000000000000000e+02
2.397000000000000000e+03,1.000000000000000000e+02
2.398000000000000000e+03,1.000000000000000000e+02
2.399000000000000000e+03,1.000000000000000000e+02
2.400000000000000000e+03,1.000000000000000000e+02
2.401000000000000000e+03,1.000000000000000000e+02
2.402000000000000000e+03,1.000000000000000000e+02
2.403000000000000000e+03,1.000000000000000000e+02
2.404000000000000000e+03,1.000000000000000000e+02
2.405000000000000000e+03,1.000000000000000000e+02
2.406000000000000000e+03,1.000000000000000000e+02
2.407000000000000000e+03,1.000000000000000000e+02
2.408000000000000000e+03,1.000000000000000000e+02
2.409000000000000000e+03,1.000000000000000000e+02
2.410000000000000000e+03,1.000000000000000000e+02
2.411000000000000000e+03,1.000000000000000000e+02
2.412000000000000000e+03,1.000000000000000000e+02
2.413000000000000000e+03,1.000000000000000000e+02
2.414000000000000000e+03,1.000000000000000000e+02
2.415000000000000000e+03,1.000000000000000000e+02
2.416000000000000000e+03,1.000000000000000000e+02
2.417000000000000000e+03,1.000000000000000000e+02
2.418000000000000000e+03,1.000000000000000000e+02
2.419000000000000000e+03,1.000000000000000000e+02
2.420000000000000000e+03,1.000000000000000000e+02
2.421000000000000000e+03,1.000000000000000000e+02
2.422000000000000000e+03,1.000000000000000000e+02
2.423000000000000000e+03,1.000000000000000000e+02
2.424000000000000000e+03,1.000000000000000000e+02
2.425000000000000000e+03,1.000000000000000000e+02
2.426000000000000000e+03,1.000000000000000000e+02
2.427000000000000000e+03,1.000000000000000000e+02
2.428000000000000000e+03,1.000000000000000000e+02
2.429000000000000000e+03,1.000000000000000000e+02
2.430000000000000000e+03,1.000000000000000000e+02
2.431000000000000000e+03,1.000000000000000000e+02
2.432000000000000000e+03,1.000000000000000000e+02
2.433000000000000000e+03,1.000000000000000000e+02
2.434000000000000000e+03,1.000000000000000000e+02
2.435000000000000000e+03,1.000000000000000000e+02
2.436000000000000000e+03,1.000000000000000000e+02
2.437000000000000000e+03,1.000000000000000000e+02
2.438000000000000000e+03,1.000000000000000000e+02
2.439000000000000000e+03,1.000000000000000000e+02
2.440000000000000000e+03,1.000000000000000000e+02
2.441000000000000000e+03,1.000000000000000000e+02
2.442000000000000000e+03,1.000000000000000000e+02
2.443000000000000000e+03,1.000000000000000000e+02
2.444000000000000000e+03,1.000000000000000000e+02
2.445000000000000000e+03,1.000000000000000000e+02
2.446000000000000000e+03,1.000000000000000000e+02
2.447000000000000000e+03,1.000000000000000000e+02
2.448000000000000000e+03,1.000000000000000000e+02
2.449000000000000000e+03,1.000000000000000000e+02
2.450000000000000000e+03,1.000000000000000000e+02
2.451000000000000000e+03,1.000000000000000000e+02
2.452000000000000000e+03,1.000000000000000000e+02
2.453000000000000000e+03,1.000000000000000000e+02
2.454000000000000000e+03,1.000000000000000000e+02
2.455000000000000000e+03,1.000000000000000000e+02
2.456000000000000000e+03,1.000000000000000000e+02
2.457000000000000000e+03,1.000000000000000000e+02
2.458000000000000000e+03,1.000000000000000000e+02
2.459000000000000000e+03,1.000000000000000000e+02
2.460000000000000000e+03,1.000000000000000000e+02
2.461000000000000000e+03,1.000000000000000000e+02
2.462000000000000000e+03,1.000000000000000000e+02
2.463000000000000000e+03,1.000000000000000000e+02
2.464000000000000000e+03,1.000000000000000000e+02
2.465000000000000000e+03,1.000000000000000000e+02
2.466000000000000000e+03,1.000000000000000000e+02
2.467000000000000000e+03,1.000000000000000000e+02
2.468000000000000000e+03,1.000000000000000000e+02
2.469000000000000000e+03,1.000000000000000000e+02
2.470000000000000000e+03,1.000000000000000000e+02
2.471000000000000000e+03,1.000000000000000000e+02
2.472000000000000000e+03,1.000000000000000000e+02
2.473000000000000000e+03,1.000000000000000000e+02
2.474000000000000000e+03,1.000000000000000000e+02
2.475000000000000000e+03,1.000000000000000000e+02
2.476000000000000000e+03,1.000000000000000000e+02
2.477000000000000000e+03,1.000000000000000000e+02
2.478000000000000000e+03,1.000000000000000000e+02
2.479000000000000000e+03,1.000000000000000000e+02
2.480000000000000000e+03,1.000000000000000000e+02
2.481000000000000000e+03,1.000000000000000000e+02
2.482000000000000000e+03,1.000000000000000000e+02
2.483000000000000000e+03,1.000000000000000000e+02
2.484000000000000000e+03,1.000000000000000000e+02
2.485000000000000000e+03,1.000000000000000000e+02
2.486000000000000000e+03,1.000000000000000000e+02
2.487000000000000000e+03,1.000000000000000000e+02
2.488000000000000000e+03,1.000000000000000000e+02
2.489000000000000000e+03,1.000000000000000000e+02
2.490000000000000000e+03,1.000000000000000000e+02
2.491000000000000000e+03,1.000000000000000000e+02
2.492000000000000000e+03,1.000000000000000000e+02
2.493000000000000000e+03,1.000000000000000000e+02
2.494000000000000000e+03,1.000000000000000000e+02
2.495000000000000000e+03,1.000000000000000000e+02
2.496000000000000000e+03,1.000000000000000000e+02
2.497000000000000000e+03,1.000000000000000000e+02
2.498000000000000000e+03,1.000000000000000000e+02
2.499000000000000000e+03,1.000000000000000000e+02
2.500000000000000000e+03,1.000000000000000000e+02
2.501000000000000000e+03,1.000000000000000000e+02
2.502000000000000000e+03,1.000000000000000000e+02
2.503000000000000000e+03,1.000000000000000000e+02
2.504000000000000000e+03,1.000000000000000000e+02
2.505000000000000000e+03,1.000000000000000000e+02
2.506000000000000000e+03,1.000000000000000000e+02
2.507000000000000000e+03,1.000000000000000000e+02
2.508000000000000000e+03,1.000000000000000000e+02
2.509000000000000000e+03,1.000000000000000000e+02
2.510000000000000000e+03,1.000000000000000000e+02
2.511000000000000000e+03,1.000000000000000000e+02
2.512000000000000000e+03,1.000000000000000000e+02
2.513000000000000000e+03,1.000000000000000000e+02
2.514000000000000000e+03,1.000000000000000000e+02
2.515000000000000000e+03,1.000000000000000000e+02
2.516000000000000000e+03,1.000000000000000000e+02
2.517000000000000000e+03,1.000000000000000000e+02
2.518000000000000000e+03,1.000000000000000000e+02
2.519000000000000000e+03,1.000000000000000000e+02
2.520000000000000000e+03,1.000000000000000000e+02
2.521000000000000000e+03,1.000000000000000000e+02
2.522000000000000000e+03,1.000000000000000000e+02
2.523000000000000000e+03,1.000000000000000000e+02
2.524000000000000000e+03,1.000000000000000000e+02
2.525000000000000000e+03,1.000000000000000000e+02
2.526000000000000000e+03,1.000000000000000000e+02
2.527000000000000000e+03,1.000000000000000000e+02
2.528000000000000000e+03,1.000000000000000000e+02
2.529000000000000000e+03,1.000000000000000000e+02
2.530000000000000000e+03,1.000000000000000000e+02
2.531000000000000000e+03,1.000000000000000000e+02
2.532000000000000000e+03,1.000000000000000000e+02
2.533000000000000000e+03,1.000000000000000000e+02
2.534000000000000000e+03,1.000000000000000000e+02
2.535000000000000000e+03,1.000000000000000000e+02
2.536000000000000000e+03,1.000000000000000000e+02
2.537000000000000000e+03,1.000000000000000000e+02
2.538000000000000000e+03,1.000000000000000000e+02
2.539000000000000000e+03,1.000000000000000000e+02
2.540000000000000000e+03,1.000000000000000000e+02
2.541000000000000000e+03,1.000000000000000000e+02
2.542000000000000000e+03,1.000000000000000000e+02
2.543000000000000000e+03,1.000000000000000000e+02
2.544000000000000000e+03,1.000000000000000000e+02
2.545000000000000000e+03,1.000000000000000000e+02
2.546000000000000000e+03,1.000000000000000000e+02
2.547000000000000000e+03,1.000000000000000000e+02
2.548000000000000000e+03,1.000000000000000000e+02
2.549000000000000000e+03,1.000000000000000000e+02
2.550000000000000000e+03,1.000000000000000000e+02
2.551000000000000000e+03,1.000000000000000000e+02
2.552000000000000000e+03,1.000000000000000000e+02
2.553000000000000000e+03,1.000000000000000000e+02
2.554000000000000000e+03,1.000000000000000000e+02
2.555000000000000000e+03,1.000000000000000000e+02
2.556000000000000000e+03,1.000000000000000000e+02
2.557000000000000000e+03,1.000000000000000000e+02
2.558000000000000000e+03,1.000000000000000000e+02
2.559000000000000000e+03,1.000000000000000000e+02
2.560000000000000000e+03,1.000000000000000000e+02
2.561000000000000000e+03,1.000000000000000000e+02
2.562000000000000000e+03,1.000000000000000000e+02
2.563000000000000000e+03,1.000000000000000000e+02
2.564000000000000000e+03,1.000000000000000000e+02
2.565000000000000000e+03,1.000000000000000000e+02
2.566000000000000000e+03,1.000000000000000000e+02
2.567000000000000000e+03,1.000000000000000000e+02
2.568000000000000000e+03,1.000000000000000000e+02
2.569000000000000000e+03,1.000000000000000000e+02
2.570000000000000000e+03,1.000000000000000000e+02
2.571000000000000000e+03,1.000000000000000000e+02
2.572000000000000000e+03,1.000000000000000000e+02
2.573000000000000000e+03,1.000000000000000000e+02
2.574000000000000000e+03,1.000000000000000000e+02
2.575000000000000000e+03,1.000000000000000000e+02
2.576000000000000000e+03,1.000000000000000000e+02
2.577000000000000000e+03,1.000000000000000000e+02
2.578000000000000000e+03,1.000000000000000000e+02
2.579000000000000000e+03,1.000000000000000000e+02
2.580000000000000000e+03,1.000000000000000000e+02
2.581000000000000000e+03,1.000000000000000000e+02
2.582000000000000000e+03,1.000000000000000000e+02
2.583000000000000000e+03,1.000000000000000000e+02
2.584000000000000000e+03,1.000000000000000000e+02
2.585000000000000000e+03,1.000000000000000000e+02
2.586000000000000000e+03,1.000000000000000000e+02
2.587000000000000000e+03,1.000000000000000000e+02
2.588000000000000000e+03,1.000000000000000000e+02
2.589000000000000000e+03,1.000000000000000000e+02
2.590000000000000000e+03,1.000000000000000000e+02
2.591000000000000000e+03,1.000000000000000000e+02
2.592000000000000000e+03,1.000000000000000000e+02
2.593000000000000000e+03,1.000000000000000000e+02
2.594000000000000000e+03,1.000000000000000000e+02
2.595000000000000000e+03,1.000000000000000000e+02
2.596000000000000000e+03,1.000000000000000000e+02
2.597000000000000000e+03,1.000000000000000000e+02
2.598000000000000000e+03,1.000000000000000000e+02
2.599000000000000000e+03,1.000000000000000000e+02
2.600000000000000000e+03,1.000000000000000000e+02
2.601000000000000000e+03,1.000000000000000000e+02
2.602000000000000000e+03,1.000000000000000000e+02
2.603000000000000000e+03,1.000000000000000000e+02
2.604000000000000000e+03,1.000000000000000000e+02
2.605000000000000000e+03,1.000000000000000000e+02
2.606000000000000000e+03,1.000000000000000000e+02
2.607000000000000000e+03,1.000000000000000000e+02
2.608000000000000000e+03,1.000000000000000000e+02
2.609000000000000000e+03,1.000000000000000000e+02
2.610000000000000000e+03,1.000000000000000000e+02
2.611000000000000000e+03,1.000000000000000000e+02
2.612000000000000000e+03,1.000000000000000000e+02
2.613000000000000000e+03,1.000000000000000000e+02
2.614000000000000000e+03,1.000000000000000000e+02
2.615000000000000000e+03,1.000000000000000000e+02
2.616000000000000000e+03,1.000000000000000000e+02
2.617000000000000000e+03,1.000000000000000000e+02
2.618000000000000000e+03,1.000000000000000000e+02
2.619000000000000000e+03,1.000000000000000000e+02
2.620000000000000000e+03,1.000000000000000000e+02
2.621000000000000000e+03,1.000000000000000000e+02
2.622000000000000000e+03,1.000000000000000000e+02
2.623000000000000000e+03,1.000000000000000000e+02
2.624000000000000000e+03,1.000000000000000000e+02
2.625000000000000000e+03,1.000000000000000000e+02
2.626000000000000000e+03,1.000000000000000000e+02
2.627000000000000000e+03,1.000000000000000000e+02
2.628000000000000000e+03,1.000000000000000000e+02
2.629000000000000000e+03,1.000000000000000000e+02
2.630000000000000000e+03,1.000000000000000000e+02
2.631000000000000000e+03,1.000000000000000000e+02
2.632000000000000000e+03,1.000000000000000000e+02
2.633000000000000000e+03,1.000000000000000000e+02
2.634000000000000000e+03,1.000000000000000000e+02
2.635000000000000000e+03,1.000000000000000000e+02
2.636000000000000000e+03,1.000000000000000000e+02
2.637000000000000000e+03,1.000000000000000000e+02
2.638000000000000000e+03,1.000000000000000000e+02
2.639000000000000000e+03,1.000000000000000000e+02
2.640000000000000000e+03,1.000000000000000000e+02
2.641000000000000000e+03,1.000000000000000000e+02
2.642000000000000000e+03,1.000000000000000000e+02
2.643000000000000000e+03,1.000000000000000000e+02
2.644000000000000000e+03,1.000000000000000000e+02
2.645000000000000000e+03,1.000000000000000000e+02
2.646000000000000000e+03,1.000000000000000000e+02
2.647000000000000000e+03,1.000000000000000000e+02
2.648000000000000000e+03,1.000000000000000000e+02
2.649000000000000000e+03,1.000000000000000000e+02
2.650000000000000000e+03,1.000000000000000000e+02
2.651000000000000000e+03,1.000000000000000000e+02
2.652000000000000000e+03,1.000000000000000000e+02
2.653000000000000000e+03,1.000000000000000000e+02
2.654000000000000000e+03,1.000000000000000000e+02
2.655000000000000000e+03,1.000000000000000000e+02
2.656000000000000000e+03,1.000000000000000000e+02
2.657000000000000000e+03,1.000000000000000000e+02
2.658000000000000000e+03,1.000000000000000000e+02
2.659000000000000000e+03,1.000000000000000000e+02
2.660000000000000000e+03,1.000000000000000000e+02
2.661000000000000000e+03,1.000000000000000000e+02
2.662000000000000000e+03,1.000000000000000000e+02
2.663000000000000000e+03,1.000000000000000000e+02
2.664000000000000000e+03,1.000000000000000000e+02
2.665000000000000000e+03,1.000000000000000000e+02
2.666000000000000000e+03,1.000000000000000000e+02
2.667000000000000000e+03,1.000000000000000000e+02
2.668000000000000000e+03,1.000000000000000000e+02
2.669000000000000000e+03,1.000000000000000000e+02
2.670000000000000000e+03,1.000000000000000000e+02
2.671000000000000000e+03,1.000000000000000000e+02
2.672000000000000000e+03,1.000000000000000000e+02
2.673000000000000000e+03,1.000000000000000000e+02
2.674000000000000000e+03,1.000000000000000000e+02
2.675000000000000000e+03,1.000000000000000000e+02
2.676000000000000000e+03,1.000000000000000000e+02
2.677000000000000000e+03,1.000000000000000000e+02
2.678000000000000000e+03,1.000000000000000000e+02
2.679000000000000000e+03,1.000000000000000000e+02
2.680000000000000000e+03,1.000000000000000000e+02
2.681000000000000000e+03,1.000000000000000000e+02
2.682000000000000000e+03,1.000000000000000000e+02
2.683000000000000000e+03,1.000000000000000000e+02
2.684000000000000000e+03,1.000000000000000000e+02
2.685000000000000000e+03,1.000000000000000000e+02
2.686000000000000000e+03,1.000000000000000000e+02
2.687000000000000000e+03,1.000000000000000000e+02
2.688000000000000000e+03,1.000000000000000000e+02
2.689000000000000000e+03,1.000000000000000000e+02
2.690000000000000000e+03,1.000000000000000000e+02
2.691000000000000000e+03,1.000000000000000000e+02
2.692000000000000000e+03,1.000000000000000000e+02
2.693000000000000000e+03,1.000000000000000000e+02
2.694000000000000000e+03,1.000000000000000000e+02
2.695000000000000000e+03,1.000000000000000000e+02
2.696000000000000000e+03,1.000000000000000000e+02
2.697000000000000000e+03,1.000000000000000000e+02
2.698000000000000000e+03,9.999999999999998579e+01
2.699000000000000000e+03,9.999999999999998579e+01
2.700000000000000000e+03,9.999999999999997158e+01
2.701000000000000000e+03,9.999999999999995737e+01
2.702000000000000000e+03,9.999999999999994316e+01
2.703000000000000000e+03,9.999999999999990052e+01
2.704000000000000000e+03,9.999999999999984368e+01
2.705000000000000000e+03,9.999999999999975842e+01
2.706000000000000000e+03,9.999999999999961631e+01
2.707000000000000000e+03,9.999999999999938893e+01
2.708000000000000000e+03,9.999999999999901945e+01
2.709000000000000000e+03,9.999999999999846523e+01
2.710000000000000000e+03,9.999999999999759837e+01
2.711000000000000000e+03,9.999999999999624833e+01
2.712000000000000000e+03,9.999999999999415934e+01
2.713000000000000000e+03,9.999999999999091926e+01
2.714000000000000000e+03,9.999999999998595968e+01
2.715000000000000000e+03,9.999999999997832845e+01
2.716000000000000000e+03,9.999999999996667555e+01
2.717000000000000000e+03,9.999999999994891198e+01
2.718000000000000000e+03,9.999999999992193978e+01
2.719000000000000000e+03,9.999999999988109778e+01
2.720000000000000000e+03,9.999999999981947951e+01
2.721000000000000000e+03,9.999999999972678211e+01
2.722000000000000000e+03,9.999999999958781416e+01
2.723000000000000000e+03,9.999999999938015094e+01
2.724000000000000000e+03,9.999999999907085169e+01
2.725000000000000000e+03,9.999999999861165634e+01
2.726000000000000000e+03,9.999999999793213590e+01
2.727000000000000000e+03,9.999999999692988695e+01
2.728000000000000000e+03,9.999999999545642027e+01
2.729000000000000000e+03,9.999999999329726563e+01
2.730000000000000000e+03,9.999999999014364960e+01
2.731000000000000000e+03,9.999999998555257719e+01
2.732000000000000000e+03,9.999999997889065639e+01
2.733000000000000000e+03,9.999999996925534163e+01
2.734000000000000000e+03,9.999999995536509800e+01
2.735000000000000000e+03,9.999999993540635046e+01
2.736000000000000000e+03,9.999999990682158568e+01
2.737000000000000000e+03,9.999999986601658009e+01
2.738000000000000000e+03,9.999999980795762156e+01
2.739000000000000000e+03,9.999999972561943196e+01
2.740000000000000000e+03,9.999999960923121023e+01
2.741000000000000000e+03,9.999999944525083606e+01
2.742000000000000000e+03,9.999999921497460775e+01
2.743000000000000000e+03,9.999999889265995989e+01
2.744000000000000000e+03,9.999999844300018026e+01
2.745000000000000000e+03,9.999999781774056373e+01
2.746000000000000000e+03,9.999999695116125054e+01
2.747000000000000000e+03,9.999999575407039742e+01
2.748000000000000000e+03,9.999999410584734960e+01
2.749000000000000000e+03,9.999999184394347651e+01
2.750000000000000000e+03,9.999998875008263610e+01
2.751000000000000000e+03,9.999998453219474470e+01
2.752000000000000000e+03,9.999997880085641100e+01
2.753000000000000000e+03,9.999997103869047521e+01
2.754000000000000000e+03,9.999996056077870321e+01
2.755000000000000000e+03,9.999994646365409778e+01
2.756000000000000000e+03,9.999992755984398229e+01
2.757000000000000000e+03,9.999990229421321430e+01
2.758000000000000000e+03,9.999986863748542021e+01
2.759000000000000000e+03,9.999982395127752000e+01
2.760000000000000000e+03,9.999976481773956039e+01
2.761000000000000000e+03,9.999968682542242959e+01
2.762000000000000000e+03,9.999958430126967812e+01
2.763000000000000000e+03,9.999944997661631874e+01
2.764000000000000000e+03,9.999927457274800702e+01
2.765000000000000000e+03,9.999904628889967739e+01
2.766000000000000000e+03,9.999875017252941234e+01
2.767000000000000000e+03,9.999836734827211160e+01
2.768000000000000000e+03,9.999787407814659446e+01
2.769000000000000000e+03,9.999724062136088776e+01
2.770000000000000000e+03,9.999642985744718260e+01
2.771000000000000000e+03,9.999539563149386368e+01
2.772000000000000000e+03,9.999408077498534908e+01
2.773000000000000000e+03,9.999241475029285198e+01
2.774000000000000000e+03,9.999031086129997448e+01
2.775000000000000000e+03,9.998766296714916280e+01
2.776000000000000000e+03,9.998434163085687487e+01
2.777000000000000000e+03,9.998018962980833635e+01
2.778000000000000000e+03,9.997501675120398090e+01
2.779000000000000000e+03,9.996859379273236357e+01
2.780000000000000000e+03,9.996064568749024204e+01
2.781000000000000000e+03,9.995084367291106275e+01
2.782000000000000000e+03,9.993879642669642749e+01
2.783000000000000000e+03,9.992404009901325423e+01
2.784000000000000000e+03,9.990602718009105843e+01
2.785000000000000000e+03,9.988411415641571978e+01
2.786000000000000000e+03,9.985754792754845255e+01
2.787000000000000000e+03,9.982545097975778958e+01
2.788000000000000000e+03,9.978680534263335744e+01
2.789000000000000000e+03,9.974043539106565959e+01
2.790000000000000000e+03,9.968498959770741408e+01
2.791000000000000000e+03,9.961892139040004679e+01
2.792000000000000000e+03,9.954046932496311229e+01
2.793000000000000000e+03,9.944763684586793318e+01
2.794000000000000000e+03,9.933817197501679175e+01
2.795000000000000000e+03,9.920954734116719465e+01
2.796000000000000000e+03,9.905894103815118967e+01
2.797000000000000000e+03,9.888321887723478198e+01
2.798000000000000000e+03,9.867891867562951802e+01
2.799000000000000000e+03,9.844223729680065560e+01
2.800000000000000000e+03,9.816902122592362900e+01
2.801000000000000000e+03,9.785476152239080250e+01
2.802000000000000000e+03,9.749459403714806172e+01
2.803000000000000000e+03,9.708330581212646848e+01
2.804000000000000000e+03,9.661534858831213057e+01
2.805000000000000000e+03,9.608486033428245321e+01
2.806000000000000000e+03,9.548569566472166059e+01
2.807000000000000000e+03,9.481146594525402804e+01
2.808000000000000000e+03,9.405558977316452740e+01
2.809000000000000000e+03,9.321135438119569017e+01
2.810000000000000000e+03,9.227198833250230336e+01
2.811000000000000000e+03,9.123074565898156152e+01
2.812000000000000000e+03,9.008100134379951385e+01
2.813000000000000000e+03,8.881635776461166643e+01
2.814000000000000000e+03,8.743076140082935410e+01
2.815000000000000000e+03,8.591862877195539738e+01
2.816000000000000000e+03,8.427498022169375247e+01
2.817000000000000000e+03,8.249557980289634429e+01
2.818000000000000000e+03,8.057707916146776483e+01
2.819000000000000000e+03,7.851716297426867186e+01
2.820000000000000000e+03,7.631469317888414139e+01
2.821000000000000000e+03,7.396984895441840990e+01
2.822000000000000000e+03,7.148425918493981612e+01
2.823000000000000000e+03,6.886112397319530487e+01
2.824000000000000000e+03,6.610532168328910529e+01
2.825000000000000000e+03,6.322349798739426774e+01
2.826000000000000000e+03,6.022413348162099567e+01
2.827000000000000000e+03,5.711758662595921976e+01
2.828000000000000000e+03,5.391610905604262882e+01
2.829000000000000000e+03,5.063383071051486439e+01
2.830000000000000000e+03,4.728671271377542240e+01
2.831000000000000000e+03,4.389246654303106254e+01
2.832000000000000000e+03,4.047043868045884096e+01
2.833000000000000000e+03,3.704146069197457081e+01
2.834000000000000000e+03,3.362766546641474008e+01
2.835000000000000000e+03,3.025227117284549649e+01
2.836000000000000000e+03,2.693933532684530974e+01
2.837000000000000000e+03,2.371348217494769983e+01
2.838000000000000000e+03,2.059960738506073596e+01
2.839000000000000000e+03,1.762256474463241318e+01
2.840000000000000000e+03,1.480684019349024538e+01
2.841000000000000000e+03,1.217621903227573910e+01
2.842000000000000000e+03,9.753452530484580052e+00
2.843000000000000000e+03,7.559930394023524514e+00
2.844000000000000000e+03,5.615365628774853235e+00
2.845000000000000000e+03,3.937498246542645575e+00
2.846000000000000000e+03,2.541824000715038778e+00
2.847000000000000000e+03,1.441353914186166207e+00
2.848000000000000000e+03,6.464097801190860082e-01
2.849000000000000000e+03,1.644600908203699419e-01
2.850000000000000000e+03,0.000000000000000000e+00
2.851000000000000000e+03,1.544779719401674356e-01
2.852000000000000000e+03,6.262707440412924598e-01
2.853000000000000000e+03,1.410707155910898791e+00
2.854000000000000000e+03,2.500140309292589791e+00
2.855000000000000000e+03,3.884066449909340690e+00
2.856000000000000000e+03,5.549287935392328563e+00
2.857000000000000000e+03,7.480116701922554512e+00
2.858000000000000000e+03,9.658613792455611247e+00
2.859000000000000000e+03,1.206485978432721140e+01
2.860000000000000000e+03,1.467725037227711482e+01
2.861000000000000000e+03,1.747281093825844778e+01
2.862000000000000000e+03,2.042752368035036170e+01
2.863000000000000000e+03,2.351666078278172733e+01
2.864000000000000000e+03,2.671511718522428680e+01
2.865000000000000000e+03,2.999773674468755758e+01
2.866000000000000000e+03,3.333962596536051137e+01
2.867000000000000000e+03,3.671644998425499296e+01
2.868000000000000000e+03,4.010470612372195376e+01
2.869000000000000000e+03,4.348197103341795611e+01
2.870000000000000000e+03,4.682711821993857626e+01
2.871000000000000000e+03,5.012050357710930371e+01
2.872000000000000000e+03,5.334411735889555928e+01
2.873000000000000000e+03,5.648170185603441240e+01
2.874000000000000000e+03,5.951883482444235796e+01
2.875000000000000000e+03,6.244297944820293367e+01
2.876000000000000000e+03,6.524350228534272844e+01
2.877000000000000000e+03,6.791166122679658201e+01
2.878000000000000000e+03,7.044056598759803478e+01
2.879000000000000000e+03,7.282511403769389347e+01
2.880000000000000000e+03,7.506190516474690355e+01
2.881000000000000000e+03,7.714913804316159940e+01
2.882000000000000000e+03,7.908649226579875346e+01
2.883000000000000000e+03,8.087499928366685253e+01
2.884000000000000000e+03,8.251690560286989751e+01
2.885000000000000000e+03,8.401553141767891475e+01
2.886000000000000000e+03,8.537512762555256529e+01
2.887000000000000000e+03,8.660073388686384988e+01
2.888000000000000000e+03,8.769804007193923212e+01
2.889000000000000000e+03,8.867325309360424512e+01
2.890000000000000000e+03,8.953297076705200652e+01
2.891000000000000000e+03,9.028406398192845472e+01
2.892000000000000000e+03,9.093356812432514857e+01
2.893000000000000000e+03,9.148858435779149545e+01
2.894000000000000000e+03,9.195619106992133140e+01
2.895000000000000000e+03,9.234336552036337764e+01
2.896000000000000000e+03,9.265691549149480011e+01
2.897000000000000000e+03,9.290342054719258158e+01
2.898000000000000000e+03,9.308918234940135505e+01
2.899000000000000000e+03,9.322018336647431624e+01
2.900000000000000000e+03,9.330205323033806053e+01
2.901000000000000000e+03,9.334004195918630842e+01
2.902000000000000000e+03,9.333899925561199495e+01
2.903000000000000000e+03,9.330335911317055775e+01
2.904000000000000000e+03,9.323712901318910440e+01
2.905000000000000000e+03,9.314388306374840454e+01
2.906000000000000000e+03,9.302675851955176256e+01
2.907000000000000000e+03,9.288845522020174883e+01
2.908000000000000000e+03,9.273123759064738181e+01
2.909000000000000000e+03,9.255693895681007177e+01
2.910000000000000000e+03,9.236696803744956696e+01
2.911000000000000000e+03,9.216231757628021626e+01
2.912000000000000000e+03,9.194357517261839519e+01
2.913000000000000000e+03,9.171093645123002602e+01
2.914000000000000000e+03,9.146422077974972353e+01
2.915000000000000000e+03,9.120288979268605090e+01
2.916000000000000000e+03,9.092606901268814568e+01
2.917000000000000000e+03,9.063257287098142001e+01
2.918000000000000000e+03,9.032093341873877534e+01
2.919000000000000000e+03,8.998943298921972200e+01
2.920000000000000000e+03,8.963614101691297265e+01
2.921000000000000000e+03,8.925895514536291842e+01
2.922000000000000000e+03,8.885564666114080978e+01
2.923000000000000000e+03,8.842391017943558040e+01
2.924000000000000000e+03,8.796141737948741479e+01
2.925000000000000000e+03,8.746587444866447925e+01
2.926000000000000000e+03,8.693508274604397457e+01
2.927000000000000000e+03,8.636700204407870274e+01
2.928000000000000000e+03,8.575981555492724340e+01
2.929000000000000000e+03,8.511199580127556885e+01
2.930000000000000000e+03,8.442237025519631288e+01
2.931000000000000000e+03,8.369018554809653665e+01
2.932000000000000000e+03,8.291516895536233278e+01
2.933000000000000000e+03,8.209758578595884160e+01
2.934000000000000000e+03,8.123829126461561145e+01
2.935000000000000000e+03,8.033877548635231847e+01
2.936000000000000000e+03,7.940120005322209806e+01
2.937000000000000000e+03,7.842842507355476300e+01
2.938000000000000000e+03,7.742402531583243785e+01
2.939000000000000000e+03,7.639229446254404365e+01
2.940000000000000000e+03,7.533823660251164256e+01
2.941000000000000000e+03,7.426754433044078496e+01
2.942000000000000000e+03,7.318656308559437207e+01
2.943000000000000000e+03,7.210224165195558044e+01
2.944000000000000000e+03,7.102206905321433794e+01
2.945000000000000000e+03,6.995399839948377974e+01
2.946000000000000000e+03,6.890635857005108278e+01
2.947000000000000000e+03,6.788775493830539176e+01
2.948000000000000000e+03,6.690696065154983785e+01
2.949000000000000000e+03,6.597280025999542374e+01
2.950000000000000000e+03,6.509402773649833307e+01
2.951000000000000000e+03,6.427920113287991910e+01
2.952000000000000000e+03,6.353655627233442260e+01
2.953000000000000000e+03,6.287388197419681291e+01
2.954000000000000000e+03,6.229839934253732281e+01
2.955000000000000000e+03,6.181664762082614573e+01
2.956000000000000000e+03,6.143437902041303289e+01
2.957000000000000000e+03,6.115646477200516529e+01
2.958000000000000000e+03,6.098681442999163238e+01
2.959000000000000000e+03,6.092831018465098225e+01
2.960000000000000000e+03,6.098275761413953688e+01
2.961000000000000000e+03,6.115085394547624276e+01
2.962000000000000000e+03,6.143217450164058846e+01
2.963000000000000000e+03,6.182517760150928154e+01
2.964000000000000000e+03,6.232722776241864437e+01
2.965000000000000000e+03,6.293463664360363907e+01
2.966000000000000000e+03,6.364272077437360764e+01
2.967000000000000000e+03,6.444587474476723798e+01
2.968000000000000000e+03,6.533765820871167307e+01
2.969000000000000000e+03,6.631089476918404557e+01
2.970000000000000000e+03,6.735778058870235441e+01
2.971000000000000000e+03,6.847000040197167436e+01
2.972000000000000000e+03,6.963884850401120730e+01
2.973000000000000000e+03,7.085535224784351271e+01
2.974000000000000000e+03,7.211039561005719634e+01
2.975000000000000000e+03,7.339484046749822710e+01
2.976000000000000000e+03,7.469964336944613592e+01
2.977000000000000000e+03,7.601596578074079957e+01
2.978000000000000000e+03,7.733527600498078414e+01
2.979000000000000000e+03,7.864944126465037755e+01
2.980000000000000000e+03,7.995080870770895842e+01
2.981000000000000000e+03,8.123227441833304852e+01
2.982000000000000000e+03,8.248733982368223394e+01
2.983000000000000000e+03,8.371015519964980456e+01
2.984000000000000000e+03,8.489555027806332532e+01
2.985000000000000000e+03,8.603905223810113512e+01
2.986000000000000000e+03,8.713689161925222493e+01
2.987000000000000000e+03,8.818599691666074136e+01
2.988000000000000000e+03,8.918397880818154988e+01
2.989000000000000000e+03,9.012910511331493524e+01
2.990000000000000000e+03,9.102026769612284340e+01
2.991000000000000000e+03,9.185694259728455791e+01
2.992000000000000000e+03,9.263914471584060095e+01
2.993000000000000000e+03,9.336737836116058986e+01
2.994000000000000000e+03,9.404258496339851092e+01
2.995000000000000000e+03,9.466608917000701240e+01
2.996000000000000000e+03,9.523954447111931643e+01
2.997000000000000000e+03,9.576487939243284586e+01
2.998000000000000000e+03,9.624424517543035051e+01
2.999000000000000000e+03,9.667996573609556776e+01
3.000000000000000000e+03,9.707449055926659298e+01
3.001000000000000000e+03,9.743035105063965773e+01
3.002000000000000000e+03,9.775012073597608264e+01
3.003000000000000000e+03,9.803637957055492791e+01
3.004000000000000000e+03,9.829168250407347784e+01
3.005000000000000000e+03,9.851853233916578745e+01
3.006000000000000000e+03,9.871935682704103954e+01
3.007000000000000000e+03,9.889648986243132356e+01
3.008000000000000000e+03,9.905215657255170925e+01
3.009000000000000000e+03,9.918846204110896281e+01
3.010000000000000000e+03,9.930738336813763567e+01
3.011000000000000000e+03,9.941076473883353515e+01
3.012000000000000000e+03,9.950031515857348552e+01
3.013000000000000000e+03,9.957760850572567790e+01
3.014000000000000000e+03,9.964408555731465356e+01
3.015000000000000000e+03,9.970105765367979700e+01
3.016000000000000000e+03,9.974971168552183087e+01
3.017000000000000000e+03,9.979111610876499583e+01
3.018000000000000000e+03,9.982622771814985185e+01
3.019000000000000000e+03,9.985589893819381757e+01
3.020000000000000000e+03,9.988088541902445172e+01
3.021000000000000000e+03,9.990185375365895482e+01
3.022000000000000000e+03,9.991938916177574015e+01
3.023000000000000000e+03,9.993400301225641158e+01
3.024000000000000000e+03,9.994614008226859880e+01
3.025000000000000000e+03,9.995618547405092613e+01
3.026000000000000000e+03,9.996447113161184461e+01
3.027000000000000000e+03,9.997128191813749254e+01
3.028000000000000000e+03,9.997686123098493738e+01
3.029000000000000000e+03,9.998141614476372752e+01
3.030000000000000000e+03,9.998512208428388703e+01
3.031000000000000000e+03,9.998812703823102765e+01
3.032000000000000000e+03,9.999055533150320230e+01
3.033000000000000000e+03,9.999251097942121191e+01
3.034000000000000000e+03,9.999408065072208274e+01
3.035000000000000000e+03,9.999533626858593038e+01
3.036000000000000000e+03,9.999633728014417500e+01
3.037000000000000000e+03,9.999713262517612122e+01
3.038000000000000000e+03,9.999776243420882338e+01
3.039000000000000000e+03,9.999825948516374297e+01
3.040000000000000000e+03,9.999865044619168941e+01
3.041000000000000000e+03,9.999895693053734647e+01
3.042000000000000000e+03,9.999919638728601967e+01
3.043000000000000000e+03,9.999938284976018110e+01
3.044000000000000000e+03,9.999952756122638675e+01
3.045000000000000000e+03,9.999963949550212305e+01
3.046000000000000000e+03,9.999972578806101353e+01
3.047000000000000000e+03,9.999979209135605629e+01
3.048000000000000000e+03,9.999984286633413433e+01
3.049000000000000000e+03,9.999988162051467100e+01
3.050000000000000000e+03,9.999991110155612262e+01
3.051000000000000000e+03,9.999993345393563970e+01
3.052000000000000000e+03,9.999995034521593595e+01
3.053000000000000000e+03,9.999996306736235852e+01
3.054000000000000000e+03,9.999997261769148338e+01
3.055000000000000000e+03,9.999997976327163940e+01
3.056000000000000000e+03,9.999998509194260521e+01
3.057000000000000000e+03,9.999998905256627779e+01
3.058000000000000000e+03,9.999999198665000222e+01
3.059000000000000000e+03,9.999999415308980133e+01
3.060000000000000000e+03,9.999999574745160658e+01
3.061000000000000000e+03,9.999999691693528803e+01
3.062000000000000000e+03,9.999999777194165063e+01
3.063000000000000000e+03,9.999999839497783682e+01
3.064000000000000000e+03,9.999999884748638124e+01
3.065000000000000000e+03,9.999999917506130487e+01
3.066000000000000000e+03,9.999999941141679471e+01
3.067000000000000000e+03,9.999999958139477485e+01
3.068000000000000000e+03,9.999999970323543153e+01
3.069000000000000000e+03,9.999999979028473263e+01
3.070000000000000000e+03,9.999999985227339039e+01
3.071000000000000000e+03,9.999999989627151820e+01
3.072000000000000000e+03,9.999999992739809329e+01
3.073000000000000000e+03,9.999999994934658787e+01
3.074000000000000000e+03,9.999999996477264119e+01
3.075000000000000000e+03,9.999999997557905829e+01
3.076000000000000000e+03,9.999999998312455318e+01
3.077000000000000000e+03,9.999999998837590454e+01
3.078000000000000000e+03,9.999999999201870082e+01
3.079000000000000000e+03,9.999999999453740429e+01
3.080000000000000000e+03,9.999999999627320335e+01
3.081000000000000000e+03,9.999999999746555090e+01
3.082000000000000000e+03,9.999999999828193609e+01
3.083000000000000000e+03,9.999999999883905843e+01
3.084000000000000000e+03,9.999999999921803351e+01
3.085000000000000000e+03,9.999999999947496576e+01
3.086000000000000000e+03,9.999999999964860820e+01
3.087000000000000000e+03,9.999999999976557774e+01
3.088000000000000000e+03,9.999999999984410692e+01
3.089000000000000000e+03,9.999999999989665866e+01
3.090000000000000000e+03,9.999999999993171684e+01
3.091000000000000000e+03,9.999999999995502264e+01
3.092000000000000000e+03,9.999999999997046984e+01
3.093000000000000000e+03,9.999999999998067324e+01
3.094000000000000000e+03,9.999999999998739497e+01
3.095000000000000000e+03,9.999999999999180034e+01
3.096000000000000000e+03,9.999999999999468514e+01
3.097000000000000000e+03,9.999999999999656097e+01
3.098000000000000000e+03,9.999999999999778311e+01
3.099000000000000000e+03,9.999999999999857891e+01
3.100000000000000000e+03,9.999999999999909051e+01
3.101000000000000000e+03,9.999999999999941735e+01
3.102000000000000000e+03,9.999999999999963052e+01
3.103000000000000000e+03,9.999999999999977263e+01
3.104000000000000000e+03,9.999999999999985789e+01
3.105000000000000000e+03,9.999999999999990052e+01
3.106000000000000000e+03,9.999999999999994316e+01
3.107000000000000000e+03,9.999999999999995737e+01
3.108000000000000000e+03,9.999999999999997158e+01
3.109000000000000000e+03,9.999999999999998579e+01
3.110000000000000000e+03,9.999999999999998579e+01
3.111000000000000000e+03,1.000000000000000000e+02
3.112000000000000000e+03,1.000000000000000000e+02
3.113000000000000000e+03,1.000000000000000000e+02
3.114000000000000000e+03,1.000000000000000000e+02
3.115000000000000000e+03,1.000000000000000000e+02
3.116000000000000000e+03,1.000000000000000000e+02
3.117000000000000000e+03,1.000000000000000000e+02
3.118000000000000000e+03,1.000000000000000000e+02
3.119000000000000000e+03,1.000000000000000000e+02
3.120000000000000000e+03,1.000000000000000000e+02
3.121000000000000000e+03,1.000000000000000000e+02
3.122000000000000000e+03,1.000000000000000000e+02
3.123000000000000000e+03,1.000000000000000000e+02
3.124000000000000000e+03,1.000000000000000000e+02
3.125000000000000000e+03,1.000000000000000000e+02
3.126000000000000000e+03,1.000000000000000000e+02
3.127000000000000000e+03,1.000000000000000000e+02
3.128000000000000000e+03,1.000000000000000000e+02
3.129000000000000000e+03,1.000000000000000000e+02
3.130000000000000000e+03,1.000000000000000000e+02
3.131000000000000000e+03,1.000000000000000000e+02
3.132000000000000000e+03,1.000000000000000000e+02
3.133000000000000000e+03,1.000000000000000000e+02
3.134000000000000000e+03,1.000000000000000000e+02
3.135000000000000000e+03,1.000000000000000000e+02
3.136000000000000000e+03,1.000000000000000000e+02
3.137000000000000000e+03,1.000000000000000000e+02
3.138000000000000000e+03,1.000000000000000000e+02
3.139000000000000000e+03,1.000000000000000000e+02
3.140000000000000000e+03,1.000000000000000000e+02
3.141000000000000000e+03,1.000000000000000000e+02
3.142000000000000000e+03,1.000000000000000000e+02
3.143000000000000000e+03,1.000000000000000000e+02
3.144000000000000000e+03,1.000000000000000000e+02
3.145000000000000000e+03,1.000000000000000000e+02
3.146000000000000000e+03,1.000000000000000000e+02
3.147000000000000000e+03,1.000000000000000000e+02
3.148000000000000000e+03,1.000000000000000000e+02
3.149000000000000000e+03,1.000000000000000000e+02
3.150000000000000000e+03,1.000000000000000000e+02
3.151000000000000000e+03,1.000000000000000000e+02
3.152000000000000000e+03,1.000000000000000000e+02
3.153000000000000000e+03,1.000000000000000000e+02
3.154000000000000000e+03,1.000000000000000000e+02
3.155000000000000000e+03,1.000000000000000000e+02
3.156000000000000000e+03,1.000000000000000000e+02
3.157000000000000000e+03,1.000000000000000000e+02
3.158000000000000000e+03,1.000000000000000000e+02
3.159000000000000000e+03,1.000000000000000000e+02
3.160000000000000000e+03,1.000000000000000000e+02
3.161000000000000000e+03,1.000000000000000000e+02
3.162000000000000000e+03,1.000000000000000000e+02
3.163000000000000000e+03,1.000000000000000000e+02
3.164000000000000000e+03,1.000000000000000000e+02
3.165000000000000000e+03,1.000000000000000000e+02
3.166000000000000000e+03,1.000000000000000000e+02
3.167000000000000000e+03,1.000000000000000000e+02
3.168000000000000000e+03,1.000000000000000000e+02
3.169000000000000000e+03,1.000000000000000000e+02
3.170000000000000000e+03,1.000000000000000000e+02
3.171000000000000000e+03,1.000000000000000000e+02
3.172000000000000000e+03,1.000000000000000000e+02
3.173000000000000000e+03,1.000000000000000000e+02
3.174000000000000000e+03,1.000000000000000000e+02
3.175000000000000000e+03,1.000000000000000000e+02
3.176000000000000000e+03,1.000000000000000000e+02
3.177000000000000000e+03,1.000000000000000000e+02
3.178000000000000000e+03,1.000000000000000000e+02
3.179000000000000000e+03,1.000000000000000000e+02
3.180000000000000000e+03,1.000000000000000000e+02
3.181000000000000000e+03,1.000000000000000000e+02
3.182000000000000000e+03,1.000000000000000000e+02
3.183000000000000000e+03,1.000000000000000000e+02
3.184000000000000000e+03,1.000000000000000000e+02
3.185000000000000000e+03,1.000000000000000000e+02
3.186000000000000000e+03,1.000000000000000000e+02
3.187000000000000000e+03,1.000000000000000000e+02
3.188000000000000000e+03,1.000000000000000000e+02
3.189000000000000000e+03,1.000000000000000000e+02
3.190000000000000000e+03,1.000000000000000000e+02
3.191000000000000000e+03,1.000000000000000000e+02
3.192000000000000000e+03,1.000000000000000000e+02
3.193000000000000000e+03,1.000000000000000000e+02
3.194000000000000000e+03,1.000000000000000000e+02
3.195000000000000000e+03,1.000000000000000000e+02
3.196000000000000000e+03,1.000000000000000000e+02
3.197000000000000000e+03,1.000000000000000000e+02
3.198000000000000000e+03,1.000000000000000000e+02
3.199000000000000000e+03,1.000000000000000000e+02
3.200000000000000000e+03,1.000000000000000000e+02
3.201000000000000000e+03,1.000000000000000000e+02
3.202000000000000000e+03,1.000000000000000000e+02
3.203000000000000000e+03,1.000000000000000000e+02
3.204000000000000000e+03,1.000000000000000000e+02
3.205000000000000000e+03,1.000000000000000000e+02
3.206000000000000000e+03,1.000000000000000000e+02
3.207000000000000000e+03,1.000000000000000000e+02
3.208000000000000000e+03,1.000000000000000000e+02
3.209000000000000000e+03,1.000000000000000000e+02
3.210000000000000000e+03,1.000000000000000000e+02
3.211000000000000000e+03,1.000000000000000000e+02
3.212000000000000000e+03,1.000000000000000000e+02
3.213000000000000000e+03,1.000000000000000000e+02
3.214000000000000000e+03,1.000000000000000000e+02
3.215000000000000000e+03,1.000000000000000000e+02
3.216000000000000000e+03,1.000000000000000000e+02
3.217000000000000000e+03,1.000000000000000000e+02
3.218000000000000000e+03,1.000000000000000000e+02
3.219000000000000000e+03,1.000000000000000000e+02
3.220000000000000000e+03,1.000000000000000000e+02
3.221000000000000000e+03,1.000000000000000000e+02
3.222000000000000000e+03,1.000000000000000000e+02
3.223000000000000000e+03,1.000000000000000000e+02
3.224000000000000000e+03,1.000000000000000000e+02
3.225000000000000000e+03,1.000000000000000000e+02
3.226000000000000000e+03,1.000000000000000000e+02
3.227000000000000000e+03,1.000000000000000000e+02
3.228000000000000000e+03,1.000000000000000000e+02
3.229000000000000000e+03,1.000000000000000000e+02
3.230000000000000000e+03,1.000000000000000000e+02
3.231000000000000000e+03,1.000000000000000000e+02
3.232000000000000000e+03,1.000000000000000000e+02
3.233000000000000000e+03,1.000000000000000000e+02
3.234000000000000000e+03,1.000000000000000000e+02
3.235000000000000000e+03,1.000000000000000000e+02
3.236000000000000000e+03,1.000000000000000000e+02
3.237000000000000000e+03,1.000000000000000000e+02
3.238000000000000000e+03,1.000000000000000000e+02
3.239000000000000000e+03,1.000000000000000000e+02
3.240000000000000000e+03,1.000000000000000000e+02
3.241000000000000000e+03,1.000000000000000000e+02
3.242000000000000000e+03,1.000000000000000000e+02
3.243000000000000000e+03,1.000000000000000000e+02
3.244000000000000000e+03,1.000000000000000000e+02
3.245000000000000000e+03,1.000000000000000000e+02
3.246000000000000000e+03,1.000000000000000000e+02
3.247000000000000000e+03,1.000000000000000000e+02
3.248000000000000000e+03,1.000000000000000000e+02
3.249000000000000000e+03,1.000000000000000000e+02
3.250000000000000000e+03,1.000000000000000000e+02
3.251000000000000000e+03,1.000000000000000000e+02
3.252000000000000000e+03,1.000000000000000000e+02
3.253000000000000000e+03,1.000000000000000000e+02
3.254000000000000000e+03,1.000000000000000000e+02
3.255000000000000000e+03,1.000000000000000000e+02
3.256000000000000000e+03,1.000000000000000000e+02
3.257000000000000000e+03,1.000000000000000000e+02
3.258000000000000000e+03,1.000000000000000000e+02
3.259000000000000000e+03,1.000000000000000000e+02
3.260000000000000000e+03,1.000000000000000000e+02
3.261000000000000000e+03,1.000000000000000000e+02
3.262000000000000000e+03,1.000000000000000000e+02
3.263000000000000000e+03,1.000000000000000000e+02
3.264000000000000000e+03,1.000000000000000000e+02
3.265000000000000000e+03,1.000000000000000000e+02
3.266000000000000000e+03,1.000000000000000000e+02
3.267000000000000000e+03,1.000000000000000000e+02
3.268000000000000000e+03,1.000000000000000000e+02
3.269000000000000000e+03,1.000000000000000000e+02
3.270000000000000000e+03,1.000000000000000000e+02
3.271000000000000000e+03,1.000000000000000000e+02
3.272000000000000000e+03,1.000000000000000000e+02
3.273000000000000000e+03,1.000000000000000000e+02
3.274000000000000000e+03,1.000000000000000000e+02
3.275000000000000000e+03,1.000000000000000000e+02
3.276000000000000000e+03,1.000000000000000000e+02
3.277000000000000000e+03,1.000000000000000000e+02
3.278000000000000000e+03,1.000000000000000000e+02
3.279000000000000000e+03,1.000000000000000000e+02
3.280000000000000000e+03,1.000000000000000000e+02
3.281000000000000000e+03,1.000000000000000000e+02
3.282000000000000000e+03,1.000000000000000000e+02
3.283000000000000000e+03,1.000000000000000000e+02
3.284000000000000000e+03,1.000000000000000000e+02
3.285000000000000000e+03,1.000000000000000000e+02
3.286000000000000000e+03,1.000000000000000000e+02
3.287000000000000000e+03,1.000000000000000000e+02
3.288000000000000000e+03,1.000000000000000000e+02
3.289000000000000000e+03,1.000000000000000000e+02
3.290000000000000000e+03,1.000000000000000000e+02
3.291000000000000000e+03,1.000000000000000000e+02
3.292000000000000000e+03,1.000000000000000000e+02
3.293000000000000000e+03,1.000000000000000000e+02
3.294000000000000000e+03,1.000000000000000000e+02
3.295000000000000000e+03,1.000000000000000000e+02
3.296000000000000000e+03,1.000000000000000000e+02
3.297000000000000000e+03,1.000000000000000000e+02
3.298000000000000000e+03,1.000000000000000000e+02
3.299000000000000000e+03,1.000000000000000000e+02
3.300000000000000000e+03,1.000000000000000000e+02
3.301000000000000000e+03,1.000000000000000000e+02
3.302000000000000000e+03,1.000000000000000000e+02
3.303000000000000000e+03,1.000000000000000000e+02
3.304000000000000000e+03,1.000000000000000000e+02
3.305000000000000000e+03,1.000000000000000000e+02
3.306000000000000000e+03,1.000000000000000000e+02
3.307000000000000000e+03,1.000000000000000000e+02
3.308000000000000000e+03,1.000000000000000000e+02
3.309000000000000000e+03,1.000000000000000000e+02
3.310000000000000000e+03,1.000000000000000000e+02
3.311000000000000000e+03,1.000000000000000000e+02
3.312000000000000000e+03,1.000000000000000000e+02
3.313000000000000000e+03,1.000000000000000000e+02
3.314000000000000000e+03,1.000000000000000000e+02
3.315000000000000000e+03,1.000000000000000000e+02
3.316000000000000000e+03,1.000000000000000000e+02
3.317000000000000000e+03,1.000000000000000000e+02
3.318000000000000000e+03,1.000000000000000000e+02
3.319000000000000000e+03,1.000000000000000000e+02
3.320000000000000000e+03,1.000000000000000000e+02
3.321000000000000000e+03,1.000000000000000000e+02
3.322000000000000000e+03,1.000000000000000000e+02
3.323000000000000000e+03,1.000000000000000000e+02
3.324000000000000000e+03,1.000000000000000000e+02
3.325000000000000000e+03,1.000000000000000000e+02
3.326000000000000000e+03,1.000000000000000000e+02
3.327000000000000000e+03,1.000000000000000000e+02
3.328000000000000000e+03,1.000000000000000000e+02
3.329000000000000000e+03,1.000000000000000000e+02
3.330000000000000000e+03,1.000000000000000000e+02
3.331000000000000000e+03,1.000000000000000000e+02
3.332000000000000000e+03,1.000000000000000000e+02
3.333000000000000000e+03,1.000000000000000000e+02
3.334000000000000000e+03,1.000000000000000000e+02
3.335000000000000000e+03,1.000000000000000000e+02
3.336000000000000000e+03,1.000000000000000000e+02
3.337000000000000000e+03,1.000000000000000000e+02
3.338000000000000000e+03,1.000000000000000000e+02
3.339000000000000000e+03,1.000000000000000000e+02
3.340000000000000000e+03,1.000000000000000000e+02
3.341000000000000000e+03,1.000000000000000000e+02
3.342000000000000000e+03,1.000000000000000000e+02
3.343000000000000000e+03,1.000000000000000000e+02
3.344000000000000000e+03,1.000000000000000000e+02
3.345000000000000000e+03,1.000000000000000000e+02
3.346000000000000000e+03,1.000000000000000000e+02
3.347000000000000000e+03,1.000000000000000000e+02
3.348000000000000000e+03,1.000000000000000000e+02
3.349000000000000000e+03,1.000000000000000000e+02
3.350000000000000000e+03,1.000000000000000000e+02
3.351000000000000000e+03,1.000000000000000000e+02
3.352000000000000000e+03,1.000000000000000000e+02
3.353000000000000000e+03,1.000000000000000000e+02
3.354000000000000000e+03,1.000000000000000000e+02
3.355000000000000000e+03,1.000000000000000000e+02
3.356000000000000000e+03,1.000000000000000000e+02
3.357000000000000000e+03,1.000000000000000000e+02
3.358000000000000000e+03,1.000000000000000000e+02
3.359000000000000000e+03,1.000000000000000000e+02
3.360000000000000000e+03,1.000000000000000000e+02
3.361000000000000000e+03,1.000000000000000000e+02
3.362000000000000000e+03,1.000000000000000000e+02
3.363000000000000000e+03,1.000000000000000000e+02
3.364000000000000000e+03,1.000000000000000000e+02
3.365000000000000000e+03,1.000000000000000000e+02
3.366000000000000000e+03,1.000000000000000000e+02
3.367000000000000000e+03,1.000000000000000000e+02
3.368000000000000000e+03,1.000000000000000000e+02
3.369000000000000000e+03,1.000000000000000000e+02
3.370000000000000000e+03,1.000000000000000000e+02
3.371000000000000000e+03,1.000000000000000000e+02
3.372000000000000000e+03,1.000000000000000000e+02
3.373000000000000000e+03,1.000000000000000000e+02
3.374000000000000000e+03,1.000000000000000000e+02
3.375000000000000000e+03,1.000000000000000000e+02
3.376000000000000000e+03,1.000000000000000000e+02
3.377000000000000000e+03,1.000000000000000000e+02
3.378000000000000000e+03,1.000000000000000000e+02
3.379000000000000000e+03,1.000000000000000000e+02
3.380000000000000000e+03,1.000000000000000000e+02
3.381000000000000000e+03,1.000000000000000000e+02
3.382000000000000000e+03,1.000000000000000000e+02
3.383000000000000000e+03,1.000000000000000000e+02
3.384000000000000000e+03,1.000000000000000000e+02
3.385000000000000000e+03,1.000000000000000000e+02
3.386000000000000000e+03,1.000000000000000000e+02
3.387000000000000000e+03,1.000000000000000000e+02
3.388000000000000000e+03,1.000000000000000000e+02
3.389000000000000000e+03,1.000000000000000000e+02
3.390000000000000000e+03,1.000000000000000000e+02
3.391000000000000000e+03,1.000000000000000000e+02
3.392000000000000000e+03,1.000000000000000000e+02
3.393000000000000000e+03,1.000000000000000000e+02
3.394000000000000000e+03,1.000000000000000000e+02
3.395000000000000000e+03,1.000000000000000000e+02
3.396000000000000000e+03,1.000000000000000000e+02
3.397000000000000000e+03,1.000000000000000000e+02
3.398000000000000000e+03,1.000000000000000000e+02
3.399000000000000000e+03,1.000000000000000000e+02
3.400000000000000000e+03,1.000000000000000000e+02
3.401000000000000000e+03,1.000000000000000000e+02
3.402000000000000000e+03,1.000000000000000000e+02
3.403000000000000000e+03,1.000000000000000000e+02
3.404000000000000000e+03,1.000000000000000000e+02
3.405000000000000000e+03,1.000000000000000000e+02
3.406000000000000000e+03,1.000000000000000000e+02
3.407000000000000000e+03,1.000000000000000000e+02
3.408000000000000000e+03,1.000000000000000000e+02
3.409000000000000000e+03,1.000000000000000000e+02
3.410000000000000000e+03,1.000000000000000000e+02
3.411000000000000000e+03,1.000000000000000000e+02
3.412000000000000000e+03,1.000000000000000000e+02
3.413000000000000000e+03,1.000000000000000000e+02
3.414000000000000000e+03,1.000000000000000000e+02
3.415000000000000000e+03,1.000000000000000000e+02
3.416000000000000000e+03,1.000000000000000000e+02
3.417000000000000000e+03,1.000000000000000000e+02
3.418000000000000000e+03,1.000000000000000000e+02
3.419000000000000000e+03,1.000000000000000000e+02
3.420000000000000000e+03,1.000000000000000000e+02
3.421000000000000000e+03,1.000000000000000000e+02
3.422000000000000000e+03,1.000000000000000000e+02
3.423000000000000000e+03,1.000000000000000000e+02
3.424000000000000000e+03,1.000000000000000000e+02
3.425000000000000000e+03,1.000000000000000000e+02
3.426000000000000000e+03,1.000000000000000000e+02
3.427000000000000000e+03,1.000000000000000000e+02
3.428000000000000000e+03,1.000000000000000000e+02
3.429000000000000000e+03,1.000000000000000000e+02
3.430000000000000000e+03,1.000000000000000000e+02
3.431000000000000000e+03,1.000000000000000000e+02
3.432000000000000000e+03,1.000000000000000000e+02
3.433000000000000000e+03,1.000000000000000000e+02
3.434000000000000000e+03,1.000000000000000000e+02
3.435000000000000000e+03,1.000000000000000000e+02
3.436000000000000000e+03,1.000000000000000000e+02
3.437000000000000000e+03,1.000000000000000000e+02
3.438000000000000000e+03,1.000000000000000000e+02
3.439000000000000000e+03,1.000000000000000000e+02
3.440000000000000000e+03,1.000000000000000000e+02
3.441000000000000000e+03,1.000000000000000000e+02
3.442000000000000000e+03,1.000000000000000000e+02
3.443000000000000000e+03,1.000000000000000000e+02
3.444000000000000000e+03,1.000000000000000000e+02
3.445000000000000000e+03,1.000000000000000000e+02
3.446000000000000000e+03,1.000000000000000000e+02
3.447000000000000000e+03,1.000000000000000000e+02
3.448000000000000000e+03,1.000000000000000000e+02
3.449000000000000000e+03,1.000000000000000000e+02
3.450000000000000000e+03,1.000000000000000000e+02
3.451000000000000000e+03,1.000000000000000000e+02
3.452000000000000000e+03,1.000000000000000000e+02
3.453000000000000000e+03,1.000000000000000000e+02
3.454000000000000000e+03,1.000000000000000000e+02
3.455000000000000000e+03,1.000000000000000000e+02
3.456000000000000000e+03,1.000000000000000000e+02
3.457000000000000000e+03,1.000000000000000000e+02
3.458000000000000000e+03,1.000000000000000000e+02
3.459000000000000000e+03,1.000000000000000000e+02
3.460000000000000000e+03,1.000000000000000000e+02
3.461000000000000000e+03,1.000000000000000000e+02
3.462000000000000000e+03,1.000000000000000000e+02
3.463000000000000000e+03,1.000000000000000000e+02
3.464000000000000000e+03,1.000000000000000000e+02
3.465000000000000000e+03,1.000000000000000000e+02
3.466000000000000000e+03,1.000000000000000000e+02
3.467000000000000000e+03,1.000000000000000000e+02
3.468000000000000000e+03,1.000000000000000000e+02
3.469000000000000000e+03,1.000000000000000000e+02
3.470000000000000000e+03,1.000000000000000000e+02
3.471000000000000000e+03,1.000000000000000000e+02
3.472000000000000000e+03,1.000000000000000000e+02
3.473000000000000000e+03,1.000000000000000000e+02
3.474000000000000000e+03,1.000000000000000000e+02
3.475000000000000000e+03,1.000000000000000000e+02
3.476000000000000000e+03,1.000000000000000000e+02
3.477000000000000000e+03,1.000000000000000000e+02
3.478000000000000000e+03,1.000000000000000000e+02
3.479000000000000000e+03,1.000000000000000000e+02
3.480000000000000000e+03,1.000000000000000000e+02
3.481000000000000000e+03,1.000000000000000000e+02
3.482000000000000000e+03,1.000000000000000000e+02
3.483000000000000000e+03,1.000000000000000000e+02
3.484000000000000000e+03,1.000000000000000000e+02
3.485000000000000000e+03,1.000000000000000000e+02
3.486000000000000000e+03,1.000000000000000000e+02
3.487000000000000000e+03,1.000000000000000000e+02
3.488000000000000000e+03,1.000000000000000000e+02
3.489000000000000000e+03,1.000000000000000000e+02
3.490000000000000000e+03,1.000000000000000000e+02
3.491000000000000000e+03,1.000000000000000000e+02
3.492000000000000000e+03,1.000000000000000000e+02
3.493000000000000000e+03,1.000000000000000000e+02
3.494000000000000000e+03,1.000000000000000000e+02
3.495000000000000000e+03,1.000000000000000000e+02
3.496000000000000000e+03,1.000000000000000000e+02
3.497000000000000000e+03,1.000000000000000000e+02
3.498000000000000000e+03,1.000000000000000000e+02
3.499000000000000000e+03,1.000000000000000000e+02
3.500000000000000000e+03,1.000000000000000000e+02
3.501000000000000000e+03,1.000000000000000000e+02
3.502000000000000000e+03,1.000000000000000000e+02
3.503000000000000000e+03,1.000000000000000000e+02
3.504000000000000000e+03,1.000000000000000000e+02
3.505000000000000000e+03,1.000000000000000000e+02
3.506000000000000000e+03,1.000000000000000000e+02
3.507000000000000000e+03,1.000000000000000000e+02
3.508000000000000000e+03,1.000000000000000000e+02
3.509000000000000000e+03,1.000000000000000000e+02
3.510000000000000000e+03,1.000000000000000000e+02
3.511000000000000000e+03,1.000000000000000000e+02
3.512000000000000000e+03,1.000000000000000000e+02
3.513000000000000000e+03,1.000000000000000000e+02
3.514000000000000000e+03,1.000000000000000000e+02
3.515000000000000000e+03,1.000000000000000000e+02
3.516000000000000000e+03,1.000000000000000000e+02
3.517000000000000000e+03,1.000000000000000000e+02
3.518000000000000000e+03,1.000000000000000000e+02
3.519000000000000000e+03,1.000000000000000000e+02
3.520000000000000000e+03,1.000000000000000000e+02
3.521000000000000000e+03,1.000000000000000000e+02
3.522000000000000000e+03,1.000000000000000000e+02
3.523000000000000000e+03,1.000000000000000000e+02
3.524000000000000000e+03,1.000000000000000000e+02
3.525000000000000000e+03,1.000000000000000000e+02
3.526000000000000000e+03,1.000000000000000000e+02
3.527000000000000000e+03,1.000000000000000000e+02
3.528000000000000000e+03,1.000000000000000000e+02
3.529000000000000000e+03,1.000000000000000000e+02
3.530000000000000000e+03,1.000000000000000000e+02
3.531000000000000000e+03,1.000000000000000000e+02
3.532000000000000000e+03,1.000000000000000000e+02
3.533000000000000000e+03,1.000000000000000000e+02
3.534000000000000000e+03,1.000000000000000000e+02
3.535000000000000000e+03,1.000000000000000000e+02
3.536000000000000000e+03,1.000000000000000000e+02
3.537000000000000000e+03,1.000000000000000000e+02
3.538000000000000000e+03,1.000000000000000000e+02
3.539000000000000000e+03,1.000000000000000000e+02
3.540000000000000000e+03,1.000000000000000000e+02
3.541000000000000000e+03,1.000000000000000000e+02
3.542000000000000000e+03,1.000000000000000000e+02
3.543000000000000000e+03,1.000000000000000000e+02
3.544000000000000000e+03,1.000000000000000000e+02
3.545000000000000000e+03,1.000000000000000000e+02
3.546000000000000000e+03,1.000000000000000000e+02
3.547000000000000000e+03,1.000000000000000000e+02
3.548000000000000000e+03,1.000000000000000000e+02
3.549000000000000000e+03,1.000000000000000000e+02
3.550000000000000000e+03,1.000000000000000000e+02
3.551000000000000000e+03,1.000000000000000000e+02
3.552000000000000000e+03,1.000000000000000000e+02
3.553000000000000000e+03,1.000000000000000000e+02
3.554000000000000000e+03,1.000000000000000000e+02
3.555000000000000000e+03,1.000000000000000000e+02
3.556000000000000000e+03,1.000000000000000000e+02
3.557000000000000000e+03,1.000000000000000000e+02
3.558000000000000000e+03,1.000000000000000000e+02
3.559000000000000000e+03,1.000000000000000000e+02
3.560000000000000000e+03,1.000000000000000000e+02
3.561000000000000000e+03,1.000000000000000000e+02
3.562000000000000000e+03,1.000000000000000000e+02
3.563000000000000000e+03,1.000000000000000000e+02
3.564000000000000000e+03,1.000000000000000000e+02
3.565000000000000000e+03,1.000000000000000000e+02
3.566000000000000000e+03,1.000000000000000000e+02
3.567000000000000000e+03,1.000000000000000000e+02
3.568000000000000000e+03,1.000000000000000000e+02
3.569000000000000000e+03,1.000000000000000000e+02
3.570000000000000000e+03,1.000000000000000000e+02
3.571000000000000000e+03,1.000000000000000000e+02
3.572000000000000000e+03,1.000000000000000000e+02
3.573000000000000000e+03,1.000000000000000000e+02
3.574000000000000000e+03,1.000000000000000000e+02
3.575000000000000000e+03,1.000000000000000000e+02
3.576000000000000000e+03,1.000000000000000000e+02
3.577000000000000000e+03,1.000000000000000000e+02
3.578000000000000000e+03,1.000000000000000000e+02
3.579000000000000000e+03,1.000000000000000000e+02
3.580000000000000000e+03,1.000000000000000000e+02
3.581000000000000000e+03,1.000000000000000000e+02
3.582000000000000000e+03,1.000000000000000000e+02
3.583000000000000000e+03,1.000000000000000000e+02
3.584000000000000000e+03,1.000000000000000000e+02
3.585000000000000000e+03,1.000000000000000000e+02
3.586000000000000000e+03,1.000000000000000000e+02
3.587000000000000000e+03,1.000000000000000000e+02
3.588000000000000000e+03,1.000000000000000000e+02
3.589000000000000000e+03,1.000000000000000000e+02
3.590000000000000000e+03,1.000000000000000000e+02
3.591000000000000000e+03,1.000000000000000000e+02
3.592000000000000000e+03,1.000000000000000000e+02
3.593000000000000000e+03,1.000000000000000000e+02
3.594000000000000000e+03,1.000000000000000000e+02
3.595000000000000000e+03,1.000000000000000000e+02
3.596000000000000000e+03,1.000000000000000000e+02
3.597000000000000000e+03,1.000000000000000000e+02
3.598000000000000000e+03,1.000000000000000000e+02
3.599000000000000000e+03,1.000000000000000000e+02
3.600000000000000000e+03,1.000000000000000000e+02
3.601000000000000000e+03,1.000000000000000000e+02
3.602000000000000000e+03,1.000000000000000000e+02
3.603000000000000000e+03,1.000000000000000000e+02
3.604000000000000000e+03,1.000000000000000000e+02
3.605000000000000000e+03,1.000000000000000000e+02
3.606000000000000000e+03,1.000000000000000000e+02
3.607000000000000000e+03,1.000000000000000000e+02
3.608000000000000000e+03,1.000000000000000000e+02
3.609000000000000000e+03,1.000000000000000000e+02
3.610000000000000000e+03,1.000000000000000000e+02
3.611000000000000000e+03,1.000000000000000000e+02
3.612000000000000000e+03,1.000000000000000000e+02
3.613000000000000000e+03,1.000000000000000000e+02
3.614000000000000000e+03,1.000000000000000000e+02
3.615000000000000000e+03,1.000000000000000000e+02
3.616000000000000000e+03,1.000000000000000000e+02
3.617000000000000000e+03,1.000000000000000000e+02
3.618000000000000000e+03,1.000000000000000000e+02
3.619000000000000000e+03,1.000000000000000000e+02
3.620000000000000000e+03,1.000000000000000000e+02
3.621000000000000000e+03,1.000000000000000000e+02
3.622000000000000000e+03,1.000000000000000000e+02
3.623000000000000000e+03,1.000000000000000000e+02
3.624000000000000000e+03,1.000000000000000000e+02
3.625000000000000000e+03,1.000000000000000000e+02
3.626000000000000000e+03,1.000000000000000000e+02
3.627000000000000000e+03,1.000000000000000000e+02
3.628000000000000000e+03,1.000000000000000000e+02
3.629000000000000000e+03,1.000000000000000000e+02
3.630000000000000000e+03,1.000000000000000000e+02
3.631000000000000000e+03,1.000000000000000000e+02
3.632000000000000000e+03,1.000000000000000000e+02
3.633000000000000000e+03,1.000000000000000000e+02
3.634000000000000000e+03,1.000000000000000000e+02
3.635000000000000000e+03,1.000000000000000000e+02
3.636000000000000000e+03,1.000000000000000000e+02
3.637000000000000000e+03,1.000000000000000000e+02
3.638000000000000000e+03,1.000000000000000000e+02
3.639000000000000000e+03,1.000000000000000000e+02
3.640000000000000000e+03,1.000000000000000000e+02
3.641000000000000000e+03,1.000000000000000000e+02
3.642000000000000000e+03,1.000000000000000000e+02
3.643000000000000000e+03,1.000000000000000000e+02
3.644000000000000000e+03,1.000000000000000000e+02
3.645000000000000000e+03,1.000000000000000000e+02
3.646000000000000000e+03,1.000000000000000000e+02
3.647000000000000000e+03,1.000000000000000000e+02
3.648000000000000000e+03,1.000000000000000000e+02
3.649000000000000000e+03,1.000000000000000000e+02
3.650000000000000000e+03,1.000000000000000000e+02
3.651000000000000000e+03,1.000000000000000000e+02
3.652000000000000000e+03,1.000000000000000000e+02
3.653000000000000000e+03,1.000000000000000000e+02
3.654000000000000000e+03,1.000000000000000000e+02
3.655000000000000000e+03,1.000000000000000000e+02
3.656000000000000000e+03,1.000000000000000000e+02
3.657000000000000000e+03,1.000000000000000000e+02
3.658000000000000000e+03,1.000000000000000000e+02
3.659000000000000000e+03,1.000000000000000000e+02
3.660000000000000000e+03,1.000000000000000000e+02
3.661000000000000000e+03,1.000000000000000000e+02
3.662000000000000000e+03,1.000000000000000000e+02
3.663000000000000000e+03,1.000000000000000000e+02
3.664000000000000000e+03,1.000000000000000000e+02
3.665000000000000000e+03,1.000000000000000000e+02
3.666000000000000000e+03,1.000000000000000000e+02
3.667000000000000000e+03,1.000000000000000000e+02
3.668000000000000000e+03,1.000000000000000000e+02
3.669000000000000000e+03,1.000000000000000000e+02
3.670000000000000000e+03,1.000000000000000000e+02
3.671000000000000000e+03,1.000000000000000000e+02
3.672000000000000000e+03,1.000000000000000000e+02
3.673000000000000000e+03,1.000000000000000000e+02
3.674000000000000000e+03,1.000000000000000000e+02
3.675000000000000000e+03,1.000000000000000000e+02
3.676000000000000000e+03,1.000000000000000000e+02
3.677000000000000000e+03,1.000000000000000000e+02
3.678000000000000000e+03,1.000000000000000000e+02
3.679000000000000000e+03,1.000000000000000000e+02
3.680000000000000000e+03,1.000000000000000000e+02
3.681000000000000000e+03,1.000000000000000000e+02
3.682000000000000000e+03,1.000000000000000000e+02
3.683000000000000000e+03,1.000000000000000000e+02
3.684000000000000000e+03,1.000000000000000000e+02
3.685000000000000000e+03,1.000000000000000000e+02
3.686000000000000000e+03,1.000000000000000000e+02
3.687000000000000000e+03,1.000000000000000000e+02
3.688000000000000000e+03,1.000000000000000000e+02
3.689000000000000000e+03,1.000000000000000000e+02
3.690000000000000000e+03,1.000000000000000000e+02
3.691000000000000000e+03,1.000000000000000000e+02
3.692000000000000000e+03,1.000000000000000000e+02
3.693000000000000000e+03,1.000000000000000000e+02
3.694000000000000000e+03,1.000000000000000000e+02
3.695000000000000000e+03,1.000000000000000000e+02
3.696000000000000000e+03,1.000000000000000000e+02
3.697000000000000000e+03,1.000000000000000000e+02
3.698000000000000000e+03,1.000000000000000000e+02
3.699000000000000000e+03,1.000000000000000000e+02
3.700000000000000000e+03,1.000000000000000000e+02
3.701000000000000000e+03,1.000000000000000000e+02
3.702000000000000000e+03,1.000000000000000000e+02
3.703000000000000000e+03,1.000000000000000000e+02
3.704000000000000000e+03,1.000000000000000000e+02
3.705000000000000000e+03,1.000000000000000000e+02
3.706000000000000000e+03,1.000000000000000000e+02
3.707000000000000000e+03,1.000000000000000000e+02
3.708000000000000000e+03,1.000000000000000000e+02
3.709000000000000000e+03,1.000000000000000000e+02
3.710000000000000000e+03,1.000000000000000000e+02
3.711000000000000000e+03,1.000000000000000000e+02
3.712000000000000000e+03,1.000000000000000000e+02
3.713000000000000000e+03,1.000000000000000000e+02
3.714000000000000000e+03,1.000000000000000000e+02
3.715000000000000000e+03,1.000000000000000000e+02
3.716000000000000000e+03,1.000000000000000000e+02
3.717000000000000000e+03,1.000000000000000000e+02
3.718000000000000000e+03,1.000000000000000000e+02
3.719000000000000000e+03,1.000000000000000000e+02
3.720000000000000000e+03,1.000000000000000000e+02
3.721000000000000000e+03,1.000000000000000000e+02
3.722000000000000000e+03,1.000000000000000000e+02
3.723000000000000000e+03,1.000000000000000000e+02
3.724000000000000000e+03,1.000000000000000000e+02
3.725000000000000000e+03,1.000000000000000000e+02
3.726000000000000000e+03,1.000000000000000000e+02
3.727000000000000000e+03,1.000000000000000000e+02
3.728000000000000000e+03,1.000000000000000000e+02
3.729000000000000000e+03,1.000000000000000000e+02
3.730000000000000000e+03,1.000000000000000000e+02
3.731000000000000000e+03,1.000000000000000000e+02
3.732000000000000000e+03,1.000000000000000000e+02
3.733000000000000000e+03,1.000000000000000000e+02
3.734000000000000000e+03,1.000000000000000000e+02
3.735000000000000000e+03,1.000000000000000000e+02
3.736000000000000000e+03,1.000000000000000000e+02
3.737000000000000000e+03,1.000000000000000000e+02
3.738000000000000000e+03,1.000000000000000000e+02
3.739000000000000000e+03,1.000000000000000000e+02
3.740000000000000000e+03,1.000000000000000000e+02
3.741000000000000000e+03,1.000000000000000000e+02
3.742000000000000000e+03,1.000000000000000000e+02
3.743000000000000000e+03,1.000000000000000000e+02
3.744000000000000000e+03,1.000000000000000000e+02
3.745000000000000000e+03,1.000000000000000000e+02
3.746000000000000000e+03,1.000000000000000000e+02
3.747000000000000000e+03,1.000000000000000000e+02
3.748000000000000000e+03,1.000000000000000000e+02
3.749000000000000000e+03,1.000000000000000000e+02
3.750000000000000000e+03,1.000000000000000000e+02
3.751000000000000000e+03,1.000000000000000000e+02
3.752000000000000000e+03,1.000000000000000000e+02
3.753000000000000000e+03,1.000000000000000000e+02
3.754000000000000000e+03,1.000000000000000000e+02
3.755000000000000000e+03,1.000000000000000000e+02
3.756000000000000000e+03,1.000000000000000000e+02
3.757000000000000000e+03,1.000000000000000000e+02
3.758000000000000000e+03,1.000000000000000000e+02
3.759000000000000000e+03,1.000000000000000000e+02
3.760000000000000000e+03,1.000000000000000000e+02
3.761000000000000000e+03,1.000000000000000000e+02
3.762000000000000000e+03,1.000000000000000000e+02
3.763000000000000000e+03,1.000000000000000000e+02
3.764000000000000000e+03,1.000000000000000000e+02
3.765000000000000000e+03,1.000000000000000000e+02
3.766000000000000000e+03,1.000000000000000000e+02
3.767000000000000000e+03,1.000000000000000000e+02
3.768000000000000000e+03,1.000000000000000000e+02
3.769000000000000000e+03,1.000000000000000000e+02
3.770000000000000000e+03,1.000000000000000000e+02
3.771000000000000000e+03,1.000000000000000000e+02
3.772000000000000000e+03,1.000000000000000000e+02
3.773000000000000000e+03,1.000000000000000000e+02
3.774000000000000000e+03,1.000000000000000000e+02
3.775000000000000000e+03,1.000000000000000000e+02
3.776000000000000000e+03,1.000000000000000000e+02
3.777000000000000000e+03,1.000000000000000000e+02
3.778000000000000000e+03,1.000000000000000000e+02
3.779000000000000000e+03,1.000000000000000000e+02
3.780000000000000000e+03,1.000000000000000000e+02
3.781000000000000000e+03,1.000000000000000000e+02
3.782000000000000000e+03,1.000000000000000000e+02
3.783000000000000000e+03,1.000000000000000000e+02
3.784000000000000000e+03,1.000000000000000000e+02
3.785000000000000000e+03,1.000000000000000000e+02
3.786000000000000000e+03,1.000000000000000000e+02
3.787000000000000000e+03,1.000000000000000000e+02
3.788000000000000000e+03,1.000000000000000000e+02
3.789000000000000000e+03,1.000000000000000000e+02
3.790000000000000000e+03,1.000000000000000000e+02
3.791000000000000000e+03,1.000000000000000000e+02
3.792000000000000000e+03,1.000000000000000000e+02
3.793000000000000000e+03,1.000000000000000000e+02
3.794000000000000000e+03,1.000000000000000000e+02
3.795000000000000000e+03,1.000000000000000000e+02
3.796000000000000000e+03,1.000000000000000000e+02
3.797000000000000000e+03,1.000000000000000000e+02
3.798000000000000000e+03,1.000000000000000000e+02
3.799000000000000000e+03,1.000000000000000000e+02
3.800000000000000000e+03,1.000000000000000000e+02
3.801000000000000000e+03,1.000000000000000000e+02
3.802000000000000000e+03,1.000000000000000000e+02
3.803000000000000000e+03,1.000000000000000000e+02
3.804000000000000000e+03,1.000000000000000000e+02
3.805000000000000000e+03,1.000000000000000000e+02
3.806000000000000000e+03,1.000000000000000000e+02
3.807000000000000000e+03,1.000000000000000000e+02
3.808000000000000000e+03,1.000000000000000000e+02
3.809000000000000000e+03,1.000000000000000000e+02
3.810000000000000000e+03,1.000000000000000000e+02
3.811000000000000000e+03,1.000000000000000000e+02
3.812000000000000000e+03,1.000000000000000000e+02
3.813000000000000000e+03,1.000000000000000000e+02
3.814000000000000000e+03,1.000000000000000000e+02
3.815000000000000000e+03,1.000000000000000000e+02
3.816000000000000000e+03,1.000000000000000000e+02
3.817000000000000000e+03,1.000000000000000000e+02
3.818000000000000000e+03,1.000000000000000000e+02
3.819000000000000000e+03,1.000000000000000000e+02
3.820000000000000000e+03,1.000000000000000000e+02
3.821000000000000000e+03,1.000000000000000000e+02
3.822000000000000000e+03,1.000000000000000000e+02
3.823000000000000000e+03,1.000000000000000000e+02
3.824000000000000000e+03,1.000000000000000000e+02
3.825000000000000000e+03,1.000000000000000000e+02
3.826000000000000000e+03,1.000000000000000000e+02
3.827000000000000000e+03,1.000000000000000000e+02
3.828000000000000000e+03,1.000000000000000000e+02
3.829000000000000000e+03,1.000000000000000000e+02
3.830000000000000000e+03,1.000000000000000000e+02
3.831000000000000000e+03,1.000000000000000000e+02
3.832000000000000000e+03,1.000000000000000000e+02
3.833000000000000000e+03,1.000000000000000000e+02
3.834000000000000000e+03,1.000000000000000000e+02
3.835000000000000000e+03,1.000000000000000000e+02
3.836000000000000000e+03,1.000000000000000000e+02
3.837000000000000000e+03,1.000000000000000000e+02
3.838000000000000000e+03,1.000000000000000000e+02
3.839000000000000000e+03,1.000000000000000000e+02
3.840000000000000000e+03,1.000000000000000000e+02
3.841000000000000000e+03,1.000000000000000000e+02
3.842000000000000000e+03,1.000000000000000000e+02
3.843000000000000000e+03,1.000000000000000000e+02
3.844000000000000000e+03,1.000000000000000000e+02
3.845000000000000000e+03,1.000000000000000000e+02
3.846000000000000000e+03,1.000000000000000000e+02
3.847000000000000000e+03,1.000000000000000000e+02
3.848000000000000000e+03,1.000000000000000000e+02
3.849000000000000000e+03,1.000000000000000000e+02
3.850000000000000000e+03,1.000000000000000000e+02
3.851000000000000000e+03,1.000000000000000000e+02
3.852000000000000000e+03,1.000000000000000000e+02
3.853000000000000000e+03,1.000000000000000000e+02
3.854000000000000000e+03,1.000000000000000000e+02
3.855000000000000000e+03,1.000000000000000000e+02
3.856000000000000000e+03,1.000000000000000000e+02
3.857000000000000000e+03,1.000000000000000000e+02
3.858000000000000000e+03,1.000000000000000000e+02
3.859000000000000000e+03,1.000000000000000000e+02
3.860000000000000000e+03,1.000000000000000000e+02
3.861000000000000000e+03,1.000000000000000000e+02
3.862000000000000000e+03,1.000000000000000000e+02
3.863000000000000000e+03,1.000000000000000000e+02
3.864000000000000000e+03,1.000000000000000000e+02
3.865000000000000000e+03,1.000000000000000000e+02
3.866000000000000000e+03,1.000000000000000000e+02
3.867000000000000000e+03,1.000000000000000000e+02
3.868000000000000000e+03,1.000000000000000000e+02
3.869000000000000000e+03,1.000000000000000000e+02
3.870000000000000000e+03,1.000000000000000000e+02
3.871000000000000000e+03,1.000000000000000000e+02
3.872000000000000000e+03,1.000000000000000000e+02
3.873000000000000000e+03,1.000000000000000000e+02
3.874000000000000000e+03,1.000000000000000000e+02
3.875000000000000000e+03,1.000000000000000000e+02
3.876000000000000000e+03,1.000000000000000000e+02
3.877000000000000000e+03,1.000000000000000000e+02
3.878000000000000000e+03,1.000000000000000000e+02
3.879000000000000000e+03,1.000000000000000000e+02
3.880000000000000000e+03,1.000000000000000000e+02
3.881000000000000000e+03,1.000000000000000000e+02
3.882000000000000000e+03,1.000000000000000000e+02
3.883000000000000000e+03,1.000000000000000000e+02
3.884000000000000000e+03,1.000000000000000000e+02
3.885000000000000000e+03,1.000000000000000000e+02
3.886000000000000000e+03,1.000000000000000000e+02
3.887000000000000000e+03,1.000000000000000000e+02
3.888000000000000000e+03,1.000000000000000000e+02
3.889000000000000000e+03,1.000000000000000000e+02
3.890000000000000000e+03,1.000000000000000000e+02
3.891000000000000000e+03,1.000000000000000000e+02
3.892000000000000000e+03,1.000000000000000000e+02
3.893000000000000000e+03,1.000000000000000000e+02
3.894000000000000000e+03,1.000000000000000000e+02
3.895000000000000000e+03,1.000000000000000000e+02
3.896000000000000000e+03,1.000000000000000000e+02
3.897000000000000000e+03,1.000000000000000000e+02
3.898000000000000000e+03,1.000000000000000000e+02
3.899000000000000000e+03,1.000000000000000000e+02
3.900000000000000000e+03,1.000000000000000000e+02
3.901000000000000000e+03,1.000000000000000000e+02
3.902000000000000000e+03,1.000000000000000000e+02
3.903000000000000000e+03,1.000000000000000000e+02
3.904000000000000000e+03,1.000000000000000000e+02
3.905000000000000000e+03,1.000000000000000000e+02
3.906000000000000000e+03,1.000000000000000000e+02
3.907000000000000000e+03,1.000000000000000000e+02
3.908000000000000000e+03,1.000000000000000000e+02
3.909000000000000000e+03,1.000000000000000000e+02
3.910000000000000000e+03,1.000000000000000000e+02
3.911000000000000000e+03,1.000000000000000000e+02
3.912000000000000000e+03,1.000000000000000000e+02
3.913000000000000000e+03,1.000000000000000000e+02
3.914000000000000000e+03,1.000000000000000000e+02
3.915000000000000000e+03,1.000000000000000000e+02
3.916000000000000000e+03,1.000000000000000000e+02
3.917000000000000000e+03,1.000000000000000000e+02
3.918000000000000000e+03,1.000000000000000000e+02
3.919000000000000000e+03,1.000000000000000000e+02
3.920000000000000000e+03,1.000000000000000000e+02
3.921000000000000000e+03,1.000000000000000000e+02
3.922000000000000000e+03,1.000000000000000000e+02
3.923000000000000000e+03,1.000000000000000000e+02
3.924000000000000000e+03,1.000000000000000000e+02
3.925000000000000000e+03,1.000000000000000000e+02
3.926000000000000000e+03,1.000000000000000000e+02
3.927000000000000000e+03,1.000000000000000000e+02
3.928000000000000000e+03,1.000000000000000000e+02
3.929000000000000000e+03,1.000000000000000000e+02
3.930000000000000000e+03,1.000000000000000000e+02
3.931000000000000000e+03,1.000000000000000000e+02
3.932000000000000000e+03,1.000000000000000000e+02
3.933000000000000000e+03,1.000000000000000000e+02
3.934000000000000000e+03,1.000000000000000000e+02
3.935000000000000000e+03,1.000000000000000000e+02
3.936000000000000000e+03,1.000000000000000000e+02
3.937000000000000000e+03,1.000000000000000000e+02
3.938000000000000000e+03,1.000000000000000000e+02
3.939000000000000000e+03,1.000000000000000000e+02
3.940000000000000000e+03,1.000000000000000000e+02
3.941000000000000000e+03,1.000000000000000000e+02
3.942000000000000000e+03,1.000000000000000000e+02
3.943000000000000000e+03,1.000000000000000000e+02
3.944000000000000000e+03,1.000000000000000000e+02
3.945000000000000000e+03,1.000000000000000000e+02
3.946000000000000000e+03,1.000000000000000000e+02
3.947000000000000000e+03,1.000000000000000000e+02
3.948000000000000000e+03,1.000000000000000000e+02
3.949000000000000000e+03,1.000000000000000000e+02
3.950000000000000000e+03,1.000000000000000000e+02
3.951000000000000000e+03,1.000000000000000000e+02
3.952000000000000000e+03,1.000000000000000000e+02
3.953000000000000000e+03,1.000000000000000000e+02
3.954000000000000000e+03,1.000000000000000000e+02
3.955000000000000000e+03,1.000000000000000000e+02
3.956000000000000000e+03,1.000000000000000000e+02
3.957000000000000000e+03,1.000000000000000000e+02
3.958000000000000000e+03,1.000000000000000000e+02
3.959000000000000000e+03,1.000000000000000000e+02
3.960000000000000000e+03,1.000000000000000000e+02
3.961000000000000000e+03,1.000000000000000000e+02
3.962000000000000000e+03,1.000000000000000000e+02
3.963000000000000000e+03,1.000000000000000000e+02
3.964000000000000000e+03,1.000000000000000000e+02
3.965000000000000000e+03,1.000000000000000000e+02
3.966000000000000000e+03,1.000000000000000000e+02
3.967000000000000000e+03,1.000000000000000000e+02
3.968000000000000000e+03,1.000000000000000000e+02
3.969000000000000000e+03,1.000000000000000000e+02
3.970000000000000000e+03,1.000000000000000000e+02
3.971000000000000000e+03,1.000000000000000000e+02
3.972000000000000000e+03,1.000000000000000000e+02
3.973000000000000000e+03,1.000000000000000000e+02
3.974000000000000000e+03,1.000000000000000000e+02
3.975000000000000000e+03,1.000000000000000000e+02
3.976000000000000000e+03,1.000000000000000000e+02
3.977000000000000000e+03,1.000000000000000000e+02
3.978000000000000000e+03,1.000000000000000000e+02
3.979000000000000000e+03,1.000000000000000000e+02
3.980000000000000000e+03,1.000000000000000000e+02
3.981000000000000000e+03,1.000000000000000000e+02
3.982000000000000000e+03,1.000000000000000000e+02
3.983000000000000000e+03,1.000000000000000000e+02
3.984000000000000000e+03,1.000000000000000000e+02
3.985000000000000000e+03,1.000000000000000000e+02
3.986000000000000000e+03,1.000000000000000000e+02
3.987000000000000000e+03,1.000000000000000000e+02
3.988000000000000000e+03,1.000000000000000000e+02
3.989000000000000000e+03,1.000000000000000000e+02
3.990000000000000000e+03,1.000000000000000000e+02
3.991000000000000000e+03,1.000000000000000000e+02
3.992000000000000000e+03,1.000000000000000000e+02
3.993000000000000000e+03,1.000000000000000000e+02
3.994000000000000000e+03,1.000000000000000000e+02
3.995000000000000000e+03,1.000000000000000000e+02
3.996000000000000000e+03,1.000000000000000000e+02
3.997000000000000000e+03,1.000000000000000000e+02
3.998000000000000000e+03,1.000000000000000000e+02
3.999000000000000000e+03,1.000000000000000000e+02
